{"case_id": "RCA_8571", "artery_type": "RCA", "segments": [{"pos": [[0.0, 0.0, 0.0], [0.03660523935104796, -0.012862428861960174, 1.8321321172547522], [0.06914322988531281, -0.024295698961480323, 3.664264234509504], [0.09761397160279454, -0.034299810298560454, 5.496396351764256], [0.1220174645034932, -0.04287476287320057, 7.328528469019009], [0.14235370858740876, -0.050020556685400674, 9.16066058627376], [0.15862270385454116, -0.05573719173516074, 10.992792703528512], [0.17082445030489046, -0.0600246680224808, 12.824924820783263], [0.1789589479384567, -0.06288298554736084, 14.657056938038016], [0.18302619675523982, -0.06431214430980087, 16.48918905529277], [0.18302619675523982, -0.06431214430980087, 18.32132117254752], [0.1789589479384567, -0.06288298554736084, 20.153453289802272], [0.1708244503048905, -0.060024668022480805, 21.985585407057023], [0.1586227038545412, -0.05573719173516076, 23.817717524311774], [0.14235370858740876, -0.050020556685400674, 25.649849641566526], [0.1220174645034932, -0.04287476287320057, 27.481981758821284], [0.09761397160279459, -0.03429981029856047, 29.314113876076032], [0.06914322988531288, -0.024295698961480348, 31.14624599333078], [0.036605239351047994, -0.012862428861960184, 32.97837811058554], [0.0, 0.0, 34.81051022784029]], "radius": [2.415767992306539, 2.415767992306539, 2.415767992306539, 2.415767992306539, 2.415767992306539, 2.400875801455811, 2.274704112269323, 2.0393675620626976, 1.7336108627502453, 1.407772371124953, 1.1154966165960074, 0.9049025160882098, 0.8106613000069691, 0.8482884025860085, 1.0115890731658357, 1.2736782510473192, 1.591406796481614, 1.370178480189509, 1.132355743012939, 0.9422607129739315], "ref_radius": [2.415767992306539, 2.415767992306539, 2.415767992306539, 2.415767992306539, 2.415767992306539, 2.415767992306539, 2.415767992306539, 2.415767992306539, 2.415767992306539, 2.415767992306539, 2.415767992306539, 2.415767992306539, 2.415767992306539, 2.415767992306539, 2.415767992306539, 2.415767992306539, 2.415767992306539, 2.415767992306539, 2.415767992306539, 2.415767992306539], "length": 34.81051022784029, "seg_id": 0, "type": "Root", "parent": null, "children": [1, 2]}, {"pos": [[0.0, 0.0, 34.81051022784029], [1.0110470608542175, -0.23586148351267722, 36.322569416650296], [2.0638438502179297, -0.4508389937002268, 37.83462860546031], [3.1583903680911365, -0.6449325305626485, 39.34668779427032], [4.294686614473839, -0.8181420940999429, 40.85874698308034], [5.472732589366036, -0.9704676843121096, 42.37080617189035], [6.692528292767727, -1.1019093011991485, 43.882865360700364], [7.954073724678914, -1.2124669447610597, 45.39492454951038], [9.257368885099595, -1.3021406149978434, 46.906983738320385], [10.602413774029774, -1.3709303119094995, 48.419042927130405], [11.989208391469445, -1.4188360354960279, 49.931102115940405], [13.41775273741861, -1.4458577857574284, 51.44316130475042]], "radius": [1.4418937771046028, 1.4418937771046028, 1.4418937771046028, 1.4418937771046028, 1.4418937771046028, 1.4418937771046028, 1.4418937771046028, 1.4418937771046028, 1.4418937771046028, 1.4418937771046028, 1.4418937771046028, 1.4418937771046028], "ref_radius": [1.4418937771046028, 1.4418937771046028, 1.4418937771046028, 1.4418937771046028, 1.4418937771046028, 1.4418937771046028, 1.4418937771046028, 1.4418937771046028, 1.4418937771046028, 1.4418937771046028, 1.4418937771046028, 1.4418937771046028], "length": 21.418955976082955, "seg_id": 1, "type": "Side", "parent": 0, "children": []}, {"pos": [[0.0, 0.0, 34.81051022784029], [-0.32231489435272453, -0.22413989059837838, 36.569288902585825], [-0.6274585044069304, -0.45549847320623293, 38.32806757733135], [-0.9154308301626176, -0.6940757478235637, 40.0868462520769], [-1.1862318716197862, -0.9398717144503705, 41.84562492682242], [-1.439861628778436, -1.1928863730866537, 43.60440360156796], [-1.6763201016385676, -1.4531197237324127, 45.363182276313495], [-1.89560729020018, -1.7205717663876479, 47.12196095105902], [-2.0977231944632737, -1.9952425010523593, 48.88073962580456], [-2.282667814427849, -2.277131927726547, 50.639518300550094], [-2.450441150093906, -2.566240046410211, 52.39829697529562], [-2.6010432014614437, -2.8625668571033507, 54.157075650041165], [-2.7344739685304633, -3.166112359805967, 55.91585432478669], [-2.8507334513009637, -3.476876554518059, 57.67463299953223], [-2.9498216497729453, -3.794859441239627, 59.43341167427775], [-3.0317385639464085, -4.120061019970672, 61.19219034902329], [-3.096484193821354, -4.4524812907111935, 62.95096902376883], [-3.1440585393977796, -4.79212025346119, 64.70974769851435], [-3.174461600675687, -5.138977908220663, 66.46852637325989]], "radius": [0.8194546766877362, 0.7711218618292224, 0.8065453583556055, 0.9197722488231901, 1.0969612062076897, 1.3179134794729925, 1.3504579882555139, 1.1420711834458444, 0.9655345348336781, 0.8329337482203887, 0.7528349919836934, 0.7296841492595154, 0.7635291755228266, 0.8500820470230079, 0.9811105673216967, 1.1451252055651011, 1.3283040800523538, 1.515581822918263, 1.6918166317657066], "ref_radius": [2.415767992306539, 2.3988052966659326, 2.381842601025326, 2.3648799053847203, 2.347917209744114, 2.3309545141035075, 2.313991818462901, 2.297029122822295, 2.280066427181689, 2.2631037315410825, 2.246141035900476, 2.22917834025987, 2.212215644619264, 2.1952529489786574, 2.178290253338051, 2.161327557697445, 2.1443648620568387, 2.1274021664162324, 2.110439470775626], "length": 32.229121717151905, "seg_id": 2, "type": "Main", "parent": 0, "children": [3, 4]}, {"pos": [[-3.174461600675687, -5.138977908220663, 66.46852637325989], [-1.8192972224548385, -5.408000306955202, 67.92067057074082], [-0.5276658453952768, -5.691122017844425, 69.37281476822174], [0.7004325305029989, -5.988343040888326, 70.82495896570268], [1.8649979052399865, -6.299663376086912, 72.27710316318358], [2.966030278815688, -6.62508302344018, 73.72924736066452], [4.003529651230103, -6.96460198294813, 75.18139155814544], [4.97749602248323, -7.318220254610761, 76.63353575562637], [5.887929392575071, -7.685937838428076, 78.0856799531073], [6.734829761505624, -8.067754734400072, 79.53782415058822], [7.518197129274891, -8.46367094252675, 80.98996834806914]], "radius": [1.2510388717628083, 1.2510388717628083, 1.2510388717628083, 1.2510388717628083, 1.2510388717628083, 1.2510388717628083, 1.2510388717628083, 1.2510388717628083, 1.2510388717628083, 1.2510388717628083, 1.2510388717628083], "ref_radius": [1.2510388717628083, 1.2510388717628083, 1.2510388717628083, 1.2510388717628083, 1.2510388717628083, 1.2510388717628083, 1.2510388717628083, 1.2510388717628083, 1.2510388717628083, 1.2510388717628083, 1.2510388717628083], "length": 18.337361083735672, "seg_id": 3, "type": "Side", "parent": 2, "children": []}, {"pos": [[-3.174461600675687, -5.138977908220663, 66.46852637325989], [-3.2163455528050777, -5.491519835258754, 68.27347414269025], [-3.2621162937489703, -5.878906797477352, 70.07842191212063], [-3.311773823507363, -6.301138794876453, 71.88336968155097], [-3.365318142080257, -6.758215827456061, 73.68831745098133], [-3.4227492494676532, -7.250137895216174, 75.49326522041169], [-3.4840671456695507, -7.776904998156793, 77.29821298984204], [-3.549271830685949, -8.338517136277916, 79.1031607592724], [-3.6183633045168495, -8.934974309579548, 80.90810852870277], [-3.69134156716225, -9.566276518061681, 82.71305629813313], [-3.768206618622153, -10.232423761724322, 84.51800406756348]], "radius": [1.8429451220060744, 1.9569470982833512, 2.0249824164659542, 2.0417759206811525, 2.025244854746187, 2.008186874648979, 1.9911288945517704, 1.974070914454562, 1.9570129343573537, 1.9399549542601455, 1.9228969741629371], "ref_radius": [2.09347677513502, 2.076418795037812, 2.0593608149406033, 2.042302834843395, 2.025244854746187, 2.008186874648979, 1.9911288945517704, 1.974070914454562, 1.9570129343573537, 1.9399549542601455, 1.9228969741629371], "length": 18.763778106929117, "seg_id": 4, "type": "Main", "parent": 2,