{"case_id": "RCA_3805", "artery_type": "RCA", "segments": [{"pos": [[0.0, 0.0, 0.0], [0.14773312917894557, -0.05943225958408557, 1.852076154278458], [0.2757685078006984, -0.11094021789029307, 3.704152308556916], [0.3841061358652585, -0.1545238749186225, 5.556228462835374], [0.47274601337262584, -0.19018323066907383, 7.408304617113832], [0.5416881403228004, -0.2179182851416471, 9.26038077139229], [0.5909325167157823, -0.2377290383363423, 11.112456925670749], [0.6204791425515714, -0.2496154902531594, 12.964533079949206], [0.6303280178301678, -0.25357764089209844, 14.816609234227665], [0.6204791425515714, -0.2496154902531594, 16.66868538850612], [0.5909325167157823, -0.2377290383363423, 18.52076154278458], [0.5416881403228004, -0.2179182851416471, 20.37283769706304], [0.47274601337262584, -0.19018323066907383, 22.224913851341498], [0.3841061358652585, -0.1545238749186225, 24.076990005619955], [0.2757685078006984, -0.11094021789029307, 25.92906615989841], [0.14773312917894557, -0.05943225958408557, 27.781142314176872], [0.0, 0.0, 29.63321846845533]], "radius": [2.378547657476401, 2.378547657476401, 2.378547657476401, 2.2140764666129042, 1.7510140816163773, 1.215056326617942, 0.8686382022442054, 0.8813854669420362, 1.247056344400216, 1.7865978475877986, 2.235820171605837, 2.378547657476401, 2.378547657476401, 2.378547657476401, 2.378547657476401, 2.378547657476401, 2.378547657476401], "ref_radius": [2.378547657476401, 2.378547657476401, 2.378547657476401, 2.378547657476401, 2.378547657476401, 2.378547657476401, 2.378547657476401, 2.378547657476401, 2.378547657476401, 2.378547657476401, 2.378547657476401, 2.378547657476401, 2.378547657476401, 2.378547657476401, 2.378547657476401, 2.378547657476401, 2.378547657476401], "length": 29.63321846845533, "seg_id": 0, "type": "Root", "parent": null, "children": [1, 2]}, {"pos": [[0.0, 0.0, 29.63321846845533], [1.273118774205985, -0.08911575922746781, 31.032182144775827], [2.5368215267843954, -0.16434394178569564, 32.43114582109633], [3.791108257735231, -0.22568454767468352, 33.83010949741683], [5.035978967058491, -0.27313757689443136, 35.22907317373732], [6.271433654754178, -0.3067030294449393, 36.628036850057825], [7.497472320822288, -0.3263809053262072, 38.02700052637832], [8.714094965262822, -0.3321712045382352, 39.42596420269882], [9.921301588075785, -0.3240739270810232, 40.82492787901932], [11.119092189261172, -0.3020890729545712, 42.22389155533982]], "radius": [1.2013242265540687, 1.2013242265540687, 1.2013242265540687, 1.2013242265540687, 1.2013242265540687, 1.2013242265540687, 1.2013242265540687, 1.2013242265540687, 1.2013242265540687, 1.2013242265540687], "ref_radius": [1.2013242265540687, 1.2013242265540687, 1.2013242265540687, 1.2013242265540687, 1.2013242265540687, 1.2013242265540687, 1.2013242265540687, 1.2013242265540687, 1.2013242265540687, 1.2013242265540687], "length": 16.80031302393157, "seg_id": 1, "type": "Side", "parent": 0, "children": []}, {"pos": [[0.0, 0.0, 29.63321846845533], [-0.14233286695476216, -0.10655213059436196, 31.499885556353963], [-0.26214804529248514, -0.21954912646292168, 33.36655264425259], [-0.35944553501316895, -0.33899098760567914, 35.233219732151234], [-0.43422533611681347, -0.4648777140226342, 37.09988682004986], [-0.48648744860341886, -0.5972093057137872, 38.96655390794849], [-0.5162318724729849, -0.7359857626791378, 40.83322099584712], [-0.5234586077255118, -0.8812070849186862, 42.69988808374575], [-0.5081676543609996, -1.032873272432432, 44.56655517164438], [-0.4703590123794481, -1.190984325220376, 46.433222259543015], [-0.4100326817808576, -1.3555402432825177, 48.29988934744164], [-0.3271886625652278, -1.5265410266188568, 50.16655643534027], [-0.22182695473255848, -1.7039866752293942, 52.03322352323891], [-0.09394755828285023, -1.8878771891141288, 53.89989061113754], [0.0564495267838972, -2.0782125682730612, 55.76655769903618], [0.2293643004676838, -2.2749928127061914, 57.633224786934804]], "radius": [2.378547657476401, 2.317197706938311, 2.029239271609826, 1.5892954249727858, 1.1511029988461166, 0.8654770710077893, 0.8269581084844864, 1.0411922248943557, 1.4242874439279603, 1.8338878545268011, 2.1204722157791314, 2.1854068257548414, 2.167848568325609, 2.1502903108963762, 2.1327320534671435, 2.1151737960379107], "ref_radius": [2.378547657476401, 2.3609894000471683, 2.3434311426179355, 2.325872885188703, 2.3083146277594704, 2.2907563703302376, 2.273198112901005, 2.255639855471772, 2.2380815980425397, 2.220523340613307, 2.202965083184074, 2.1854068257548414, 2.167848568325609, 2.1502903108963762, 2.1327320534671435, 2.1151737960379107], "length": 28.093211886772302, "seg_id": 2, "type": "Main", "parent": 0, "children": [3, 4]}, {"pos": [[0.2293643004676838, -2.2749928127061914, 57.633224786934804], [1.6634473204487086, -2.300922705445763, 58.929290869081555], [3.0634387047454026, -2.3572902382825127, 60.22535695122831], [4.429338453357766, -2.4440954112164412, 61.52142303337507], [5.7611465662858, -2.561338224247548, 62.81748911552183], [7.058863043529502, -2.7090186773758327, 64.11355519766859], [8.322487885088874, -2.8871367706012956, 65.40962127981534], [9.552021090963915, -3.095692503923937, 66.7056873619621], [10.747462661154628, -3.334685877343756, 68.00175344410886], [11.908812595661011, -3.604116890860755, 69.29781952625561], [13.03607089448306, -3.9039855444749305, 70.59388560840237], [14.12923755762078, -4.234291838186285, 71.88995169054913]], "radius": [1.076400909863157, 1.076400909863157, 1.076400909863157, 1.076400909863157, 1.076400909863157, 1.076400909863157, 1.076400909863157, 1.076400909863157, 1.076400909863157, 1.076400909863157, 1.076400909863157, 1.076400909863157], "ref_radius": [1.076400909863157, 1.076400909863157, 1.076400909863157, 1.076400909863157, 1.076400909863157, 1.076400909863157, 1.076400909863157, 1.076400909863157, 1.076400909863157, 1.076400909863157, 1.076400909863157, 1.076400909863157], "length": 20.007488379114644, "seg_id": 3, "type": "Side", "parent": 2, "children": []}, {"pos": [[0.2293643004676838, -2.2749928127061914, 57.633224786934804], [0.3164143649737889, -2.374590241304209, 59.407940275901474], [0.39599237382756974, -2.4914787660531577, 61.18265576486814], [0.4680983270290265, -2.625658386953037, 62.95737125383479], [0.532732224578159, -2.777129104003848, 64.73208674280147], [0.5898940664749674, -2.945890917205591, 66.50680223176813], [0.6395838527194515, -3.1319438265582633, 68.2815177207348], [0.6818015833116113, -3.335287832061867, 70.05623320970146], [0.7165472582514473, -3.5559229337164027, 71.83094869866812], [0.7438208775389589, -3.7938491315218696, 73.6056641876348], [0.7636224411741462, -4.049066425478267, 75.38037967660145], [0.7759519491570094, -4.3215748155855955, 77.15509516556813], [0.7808094014875484, -4.611374301843855, 78.92981065453478], [0.7781947981657633, -4.918464884253046, 80.70452614350145], [0.7681081391916539, -5.242846562813168, 82.4792416324681], [0.7505494245652203, -5.584519337524222, 84.25395712143478], [0.7255186542864626, -5.943483208386205, 86.02867261040143], [0.6930158283553807, -6.31973817539912, 87.8033880993681], [0.6530409467719746, -6.7132842385629665, 89.57810358833477], [0.6055940095362442, -7.124121397877745, 91.35281907730143]], "radius": [2.097615538608678, 2.0805812596693123, 2.063546980729947, 2.0465127017905815, 2.029478422851216, 2.0124441439118503, 1.9954098649724852, 1.9783755860331196, 1.9613413070937542, 1.9443070281543886, 1.9272727492150232, 1.9102384702756576, 1.8932041913362923, 1.8761699123969269, 1.8591356334575613, 1.842101354518196, 1.8250670755788305, 1.808032796639465, 1.7909985177000993, 1.773964238760734],