{"case_id": "RCA_7858", "artery_type": "RCA", "segments": [{"pos": [[0.0, 0.0, 0.0], [0.09633233469028413, 0.03063132188655374, 1.8583465319478552], [0.17982035808853036, 0.05717846752156698, 3.7166930638957103], [0.25046407019473876, 0.07964143690503972, 5.575039595843565], [0.3082634710089092, 0.09802023003697197, 7.433386127791421], [0.35321856053104184, 0.11231484691736371, 9.291732659739276], [0.3853293387611365, 0.12252528754621496, 11.15007919168713], [0.40459580569919334, 0.1286515519235257, 13.008425723634986], [0.4110179613452123, 0.13069364004929596, 14.866772255582841], [0.40459580569919334, 0.1286515519235257, 16.725118787530697], [0.3853293387611365, 0.12252528754621496, 18.583465319478552], [0.35321856053104184, 0.11231484691736371, 20.441811851426408], [0.3082634710089092, 0.09802023003697197, 22.30015838337426], [0.25046407019473876, 0.07964143690503972, 24.158504915322116], [0.17982035808853036, 0.05717846752156698, 26.01685144726997], [0.09633233469028413, 0.03063132188655374, 27.875197979217827], [0.0, 0.0, 29.733544511165682]], "radius": [2.3713504254845335, 2.3713504254845335, 2.369408846785783, 2.142830506960268, 1.63379922592455, 1.062622765121698, 0.676505200522086, 0.6425574730048496, 0.9754720938832113, 1.5311642542076136, 2.0691314535355714, 2.356542520524152, 2.3713504254845335, 2.3713504254845335, 2.3713504254845335, 2.3713504254845335, 2.3713504254845335], "ref_radius": [2.3713504254845335, 2.3713504254845335, 2.3713504254845335, 2.3713504254845335, 2.3713504254845335, 2.3713504254845335, 2.3713504254845335, 2.3713504254845335, 2.3713504254845335, 2.3713504254845335, 2.3713504254845335, 2.3713504254845335, 2.3713504254845335, 2.3713504254845335, 2.3713504254845335, 2.3713504254845335, 2.3713504254845335], "length": 29.733544511165682, "seg_id": 0, "type": "Root", "parent": null, "children": [1, 2]}, {"pos": [[0.0, 0.0, 29.733544511165682], [1.2386460773291106, 0.1300206104526355, 31.36695178093008], [2.4824351428003864, 0.19715706126776084, 33.000359050694485], [3.731367196413827, 0.20140935244537606, 34.63376632045888], [4.9854422381694325, 0.14277748398548107, 36.26717359022328], [6.244660268067204, 0.021261455888075986, 37.90058085998768], [7.509021286107139, -0.1631387318468393, 39.533988129752075], [8.778525292289238, -0.4104230792192647, 41.16739539951647], [10.053172286613504, -0.7205915862292003, 42.80080266928087]], "radius": [1.6570261513582563, 1.6570261513582563, 1.6570261513582563, 1.6570261513582563, 1.6570261513582563, 1.6570261513582563, 1.6570261513582563, 1.6570261513582563, 1.6570261513582563], "ref_radius": [1.6570261513582563, 1.6570261513582563, 1.6570261513582563, 1.6570261513582563, 1.6570261513582563, 1.6570261513582563, 1.6570261513582563, 1.6570261513582563, 1.6570261513582563], "length": 16.502689508965076, "seg_id": 1, "type": "Side", "parent": 0, "children": []}, {"pos": [[0.0, 0.0, 29.733544511165682], [0.1439088455529615, 0.01879117716306597, 31.550246891314927], [0.2633556873295727, 0.031407591714677406, 33.36694927146417], [0.35834052532983374, 0.03784924365483431, 35.18365165161341], [0.42886335955374466, 0.03811613298353668, 37.000354031762654], [0.4749241900013053, 0.032208259700784524, 38.817056411911906], [0.4965230166725157, 0.020125623806577807, 40.633758792061144], [0.4936598395673759, 0.0018682253009165706, 42.45046117221039], [0.46633465868588597, -0.022563935816199185, 44.267163552359634], [0.4145474740280458, -0.05317085954476945, 46.08386593250887], [0.3382982855938554, -0.0899525458847943, 47.900568312658116], [0.23758709338331466, -0.13290899483627372, 49.71727069280736], [0.11241389739642399, -0.1820402063992076, 51.533973072956606], [-0.037221302366816936, -0.23734618057359597, 53.35067545310584]], "radius": [2.3713504254845335, 2.3544801734304253, 2.3376099213763166, 2.3207396693222084, 2.3038694172681, 2.2869991652139916, 2.1383629587649597, 1.7546159267481312, 1.2914974704022169, 0.9354606860353132, 0.8262217256823954, 1.000107715460416, 1.3767085413342341, 1.7936611642389217], "ref_radius": [2.3713504254845335, 2.3544801734304253, 2.3376099213763166, 2.3207396693222084, 2.3038694172681, 2.2869991652139916, 2.270128913159883, 2.2532586611057748, 2.2363884090516666, 2.219518156997558, 2.2026479049434498, 2.185777652889341, 2.168907400835233, 2.1520371487811243], "length": 23.618352875751732, "seg_id": 2, "type": "Main", "parent": 0, "children": [3, 4]}, {"pos": [[-0.037221302366816936, -0.23734618057359597, 53.35067545310584], [1.27908867568994, 0.11960853817409925, 54.900169060754735], [2.5676179026800354, 0.42075960163543213, 56.449662668403626], [3.8283663786034685, 0.6661070098104028, 57.999156276052496], [5.06133410346024, 0.8556507626990111, 59.54864988370138], [6.26652107725035, 0.9893908603012571, 61.09814349135026], [7.4439272999738, 1.067327302617141, 62.64763709899914], [8.593552771630588, 1.0894600896466624, 64.19713070664803], [9.715397492220712, 1.0557892213898217, 65.74662431429691], [10.809461461744176, 0.9663146978466186, 67.2961179219458], [11.875744680200977, 0.8210365190170534, 68.84561152959468]], "radius": [1.5933069506889042, 1.5933069506889042, 1.5933069506889042, 1.5933069506889042, 1.5933069506889042, 1.5933069506889042, 1.5933069506889042, 1.5933069506889042, 1.5933069506889042, 1.5933069506889042, 1.5933069506889042], "ref_radius": [1.5933069506889042, 1.5933069506889042, 1.5933069506889042, 1.5933069506889042, 1.5933069506889042, 1.5933069506889042, 1.5933069506889042, 1.5933069506889042, 1.5933069506889042, 1.5933069506889042, 1.5933069506889042], "length": 19.57375734127419, "seg_id": 3, "type": "Side", "parent": 2, "children": []}, {"pos": [[-0.037221302366816936, -0.23734618057359597, 53.35067545310584], [0.27325714075159774, -0.25180318313742234, 55.15027893045396], [0.5588950209489985, -0.22457675562220236, 56.94988240780204], [0.8196923382253851, -0.15566689802793607, 58.749485885150136], [1.0556490925807578, -0.04507361035462343, 60.54908936249824], [1.2667652840151167, 0.10720310739773553, 62.34869283984635], [1.4530409125284613, 0.30116325522914106, 64.14829631719445], [1.6144759781207922, 0.5368068331395928, 65.94789979454254], [1.751070480792109, 0.8141338411290909, 67.74750327189065], [1.8628244205424118, 1.133144279197635, 69.54710674923875], [1.9497377973717007, 1.4938381473452258, 71.34671022658685], [2.0118106112799756, 1.8962154455718636, 73.14631370393495], [2.0490428622672368, 2.340276173877547, 74.94591718128306], [2.0614345503334834, 2.826020332262276, 76.74552065863115]], "radius": [2.0745494493447416, 2.1182471076704217, 2.101327318613827, 2.0844075295572324, 2.067487740500638, 2.050567951444043, 2.0336481623874487, 2.0167283733308543, 1.9998085842742597, 1.982888795217665, 1.9659690061610704, 1.9490492171044758, 1.9321294280478813, 1.9152096389912867], "ref_radius": [2.135166896727016, 2.1182471076704217, 2.101327318613827, 2.0844075295572324, 2.067487740500638, 2.050567951444043, 2.0336481623874487, 2.0167283733308543, 1.9998085842742597, 1.982888795217665, 1.9659690061610704, 1.9490492171044758, 1.9321294280478813, 1.9152096389912867], "length": 23.68770467923239, "seg_id": 4, "type": "Main", "parent": 2,