{"case_id": "RCA_6440", "artery_type": "RCA", "segments": [{"pos": [[0.0, 0.0, 0.0], [0.18827098845006993, 0.01187369468561763, 1.8701467301754655], [0.35143917844013056, 0.022164230079819575, 3.740293460350931], [0.4895045699701818, 0.030871606182605836, 5.610440190526397], [0.6024671630402239, 0.037995822993976414, 7.480586920701862], [0.6903269576502564, 0.04353688051393131, 9.350733650877327], [0.7530839538002797, 0.04749477874247052, 11.220880381052794], [0.7907381514902937, 0.04986951767959404, 13.091027111228259], [0.8032895507202984, 0.050661097325301885, 14.961173841403724], [0.7907381514902937, 0.04986951767959404, 16.83132057157919], [0.7530839538002797, 0.04749477874247052, 18.701467301754654], [0.6903269576502564, 0.04353688051393131, 20.57161403193012], [0.6024671630402239, 0.037995822993976414, 22.441760762105588], [0.4895045699701818, 0.030871606182605836, 24.31190749228105], [0.35143917844013056, 0.022164230079819575, 26.182054222456518], [0.18827098845006993, 0.01187369468561763, 28.052200952631985], [0.0, 0.0, 29.922347682807448]], "radius": [1.8569450069162223, 1.8569450069162223, 1.8569450069162223, 1.8569450069162223, 1.8569450069162223, 1.8569450069162223, 1.829745828315575, 1.6004971846004006, 1.2283629337562445, 0.8707881605313941, 0.6790580270589459, 0.7342910195972683, 1.013118788763387, 1.397572989405111, 1.724996128790816, 1.8568598026895216, 1.8569450069162223], "ref_radius": [1.8569450069162223, 1.8569450069162223, 1.8569450069162223, 1.8569450069162223, 1.8569450069162223, 1.8569450069162223, 1.8569450069162223, 1.8569450069162223, 1.8569450069162223, 1.8569450069162223, 1.8569450069162223, 1.8569450069162223, 1.8569450069162223, 1.8569450069162223, 1.8569450069162223, 1.8569450069162223, 1.8569450069162223], "length": 29.922347682807448, "seg_id": 0, "type": "Root", "parent": null, "children": [1, 2]}, {"pos": [[0.0, 0.0, 29.922347682807448], [1.3490234604714881, -0.048191929809548624, 31.458581088043292], [2.663935388334164, -0.08613692729873565, 32.99481449327913], [3.944735783588027, -0.11383499246756106, 34.53104789851496], [5.191424646233078, -0.13128612531602485, 36.067281303750796], [6.404001976269317, -0.13849032584412707, 37.60351470898664], [7.582467773696743, -0.13544759405186765, 39.13974811422247], [8.726822038515358, -0.12215792993924665, 40.67598151945831], [9.83706477072516, -0.09862133350626406, 42.21221492469415], [10.91319597032615, -0.06483780475291986, 43.748448329929985], [11.955215637318327, -0.020807343679214056, 45.28468173516582]], "radius": [1.4039617198061327, 1.4039617198061327, 1.4039617198061327, 1.4039617198061327, 1.4039617198061327, 1.4039617198061327, 1.4039617198061327, 1.4039617198061327, 1.4039617198061327, 1.4039617198061327, 1.4039617198061327], "ref_radius": [1.4039617198061327, 1.4039617198061327, 1.4039617198061327, 1.4039617198061327, 1.4039617198061327, 1.4039617198061327, 1.4039617198061327, 1.4039617198061327, 1.4039617198061327, 1.4039617198061327, 1.4039617198061327], "length": 19.466096717538964, "seg_id": 1, "type": "Side", "parent": 0, "children": []}, {"pos": [[0.0, 0.0, 29.922347682807448], [-0.09673153652917466, -0.21654650924748578, 31.725974141869948], [-0.19232166416268412, -0.4260377414290036, 33.529600600932454], [-0.2867703829005284, -0.6284736965445533, 35.33322705999495], [-0.38007769274270753, -0.8238543745941351, 37.13685351905744], [-0.4722435936892215, -1.0121797755777486, 38.94047997811994], [-0.5632680857400703, -1.1934498994953944, 40.74410643718244], [-0.6531511688952538, -1.3676647463470721, 42.54773289624494], [-0.7418928431547722, -1.5348243161327817, 44.35135935530744], [-0.8294931085186255, -1.6949286088525235, 46.15498581436994], [-0.9159519649868135, -1.8479776245062969, 47.958612273432436], [-1.0012694125593364, -1.9939713630941025, 49.762238732494936], [-1.0854454512361942, -2.13290982461594, 51.565865191557435], [-1.1684800810173865, -2.2647930090718096, 53.369491650619935], [-1.250373301902914, -2.3896209164617113, 55.173118109682434], [-1.331125113892776, -2.5073935467856447, 56.976744568744934], [-1.410735516986973, -2.61811090004361, 58.78037102780743]], "radius": [1.8569450069162223, 1.839879793196622, 1.8228145794770219, 1.8057493657574215, 1.7886841520378212, 1.771618938318221, 1.7545537245986207, 1.7374885108790206, 1.7204232971594202, 1.7033580834398199, 1.6862928697202197, 1.6692276560006194, 1.652162442281019, 1.635097228561419, 1.6180320148418186, 1.6009668011222185, 1.583901587402618], "ref_radius": [1.8569450069162223, 1.839879793196622, 1.8228145794770219, 1.8057493657574215, 1.7886841520378212, 1.771618938318221, 1.7545537245986207, 1.7374885108790206, 1.7204232971594202, 1.7033580834398199, 1.6862928697202197, 1.6692276560006194, 1.652162442281019, 1.635097228561419, 1.6180320148418186, 1.6009668011222185, 1.583901587402618], "length": 29.01086332332045, "seg_id": 2, "type": "Main", "parent": 0, "children": [3, 4]}, {"pos": [[-1.410735516986973, -2.61811090004361, 58.78037102780743], [-0.10038429268046467, -2.8904491483177974, 60.254328264494866], [1.201541431757065, -3.1232244227926063, 61.72828550118232], [2.4950416563256157, -3.3164367234680348, 63.20224273786976], [3.7801163810251883, -3.470086050344084, 64.6761999745572], [5.056765605855782, -3.584172403420753, 66.15015721124465], [6.324989330817398, -3.658695782698043, 67.62411444793209], [7.584787555910033, -3.693656188175953, 69.09807168461953], [8.836160281133694, -3.6890536198544837, 70.57202892130698], [10.079107506488374, -3.6448880777336345, 72.0459861579944], [11.313629231974073, -3.5611595618134055, 73.51994339468185], [12.539725457590796, -3.437868072093797, 74.9939006313693], [13.75739618333854, -3.275013608574809, 76.46785786805674]], "radius": [1.0146031410247256, 1.0146031410247256, 1.0146031410247256, 1.0146031410247256, 1.0146031410247256, 1.0146031410247256, 1.0146031410247256, 1.0146031410247256, 1.0146031410247256, 1.0146031410247256, 1.0146031410247256, 1.0146031410247256, 1.0146031410247256], "ref_radius": [1.0146031410247256, 1.0146031410247256, 1.0146031410247256, 1.0146031410247256, 1.0146031410247256, 1.0146031410247256, 1.0146031410247256, 1.0146031410247256, 1.0146031410247256, 1.0146031410247256, 1.0146031410247256, 1.0146031410247256, 1.0146031410247256], "length": 23.309889128240993, "seg_id": 3, "type": "Side", "parent": 2, "children": []}, {"pos": [[-1.410735516986973, -2.61811090004361, 58.78037102780743], [-1.865176074026252, -2.590356616876672, 60.525956180762265], [-2.3083145976018447, -2.583340778716995, 62.27154133371709], [-2.740151087713751, -2.5970633855645797, 64.01712648667193], [-3.1606855443619697, -2.6315244374194253, 65.76271163962674], [-3.569917967546503, -2.6867239342815328, 67.50829679258158], [-3.96784835726735, -2.7626618761509016, 69.25388194553642], [-4.35447671352451, -2.859338263027531, 70.99946709849124], [-4.729803036317984, -2.976753094911423, 72.74505225144605], [-5.09382732564777, -3.114906371802576, 74.49063740440089], [-5.446549581513871, -3.2737980937009903, 76.23622255735572], [-5.787969803916285, -3.4534282606066657, 77.98180771031053], [-6.1180879928550125, -3.653796872519603, 79.72739286326538], [-6.436904148330054, -3.8749039294398018, 81.4729780162202], [-6.7444182703414075, -4.116749431367261, 83.21856316917501], [-7.040630358889076, -4.3793333783019825, 84.96414832212986], [-7.325540413973059, -4.6626557702439655, 86.70973347508468], [-7.599148435593354, -4.96671660719321, 88.4553186280395], [-7.861454423749962, -5.291515889149715, 90.20090378099434]], "radius": [1.5668363736830178, 1.549895800125731, 1.5329552265684443, 1.5160146530111573, 1.4990740794538706, 1.4821335058965839, 1.465192932339297, 1.4482523587820102, 1.4313117852247235, 1.4143712116674367, 1.3974306381101498, 1.380490064552863, 1.3635494909955763, 1.3466089174382896, 1.3296683438810026, 1.312727770323716, 1.2957871967664292, 1.2788466232091422, 1.2619060496518557],