{"case_id": "RCA_7975", "artery_type": "RCA", "segments": [{"pos": [[0.0, 0.0, 0.0], [-0.14698903582780998, 0.1959957161572342, 1.7955669702537134], [-0.2766852439111717, 0.36893311276655855, 3.5911339405074263], [-0.3890886242500852, 0.518812189827973, 5.38670091076114], [-0.4841991768445505, 0.6456329473414774, 7.1822678810148535], [-0.5620169016945675, 0.7493953853070721, 8.977834851268566], [-0.6225417988001364, 0.8300995037247568, 10.77340182152228], [-0.6657738681612569, 0.8877453025945314, 12.56896879177599], [-0.6917131097779292, 0.9223327819163963, 14.364535762029707], [-0.7003595236501534, 0.9338619416903513, 16.16010273228342], [-0.6917131097779292, 0.9223327819163963, 17.955669702537133], [-0.6657738681612569, 0.8877453025945314, 19.751236672790846], [-0.6225417988001364, 0.8300995037247568, 21.54680364304456], [-0.5620169016945675, 0.7493953853070721, 23.34237061329827], [-0.48419917684455066, 0.6456329473414776, 25.13793758355198], [-0.3890886242500854, 0.5188121898279732, 26.933504553805697], [-0.27668524391117183, 0.36893311276655866, 28.729071524059414], [-0.14698903582781003, 0.19599571615723432, 30.524638494313127], [0.0, 0.0, 32.32020546456684]], "radius": [2.49300189064211, 2.49300189064211, 2.49300189064211, 2.49300189064211, 2.4599775921626845, 2.3604546435189118, 2.2035305210565346, 2.0035862133140347, 1.7789452052525503, 1.5501942601530394, 1.33829678802553, 1.1626716970033417, 1.0394137874360208, 0.9798187770051476, 0.9893481279034613, 1.067128542361967, 1.206031994228317, 1.393328962267022, 1.611855000958863], "ref_radius": [2.49300189064211, 2.49300189064211, 2.49300189064211, 2.49300189064211, 2.49300189064211, 2.49300189064211, 2.49300189064211, 2.49300189064211, 2.49300189064211, 2.49300189064211, 2.49300189064211, 2.49300189064211, 2.49300189064211, 2.49300189064211, 2.49300189064211, 2.49300189064211, 2.49300189064211, 2.49300189064211, 2.49300189064211], "length": 32.32020546456684, "seg_id": 0, "type": "Root", "parent": null, "children": [1, 2]}, {"pos": [[0.0, 0.0, 32.32020546456684], [1.6063178860411709, 0.06877999618974294, 34.11580896918114], [3.123221080730012, 0.060113406470966135, 35.911412473795416], [4.550709584066524, -0.025999769156330343, 37.7070159784097], [5.888783396050707, -0.18955953069214654, 39.50261948302399], [7.13744251668256, -0.4305658781364823, 41.29822298763828]], "radius": [1.6780801224448834, 1.6780801224448834, 1.6780801224448834, 1.6780801224448834, 1.6780801224448834, 1.6780801224448834], "ref_radius": [1.6780801224448834, 1.6780801224448834, 1.6780801224448834, 1.6780801224448834, 1.6780801224448834, 1.6780801224448834], "length": 11.477511546452098, "seg_id": 1, "type": "Side", "parent": 0, "children": []}, {"pos": [[0.0, 0.0, 32.32020546456684], [0.14442654550552195, 0.0018808200420851627, 34.117356365733635], [0.2621455328115784, 0.011910270572368554, 35.91450726690043], [0.3531569619181693, 0.030088351590850167, 37.711658168067224], [0.4174608328252948, 0.05641506309753002, 39.50880906923402], [0.4550571455329547, 0.0908904050924081, 41.30595997040082], [0.4659459000411493, 0.13351437757548437, 43.10311087156762], [0.4501270963498782, 0.18428698054675888, 44.90026177273442], [0.4076007344591417, 0.2432082140062317, 46.69741267390121], [0.3383668143689396, 0.31027807795390266, 48.494563575068014], [0.24242533607927208, 0.3854965723897719, 50.29171447623481], [0.11977629959013908, 0.4688636973138393, 52.0888653774016], [-0.029580295098459275, 0.5603794527261049, 53.8860162785684], [-0.20564444798652326, 0.6600438386265687, 55.68316717973521], [-0.40841615907405276, 0.7678568550152308, 57.480318080901995], [-0.6378954283610477, 0.8838185018920912, 59.2774689820688], [-0.8940822558475083, 1.0079287792571499, 61.07461988323559], [-1.1769766415334344, 1.1401876871104066, 62.871770784402386]], "radius": [1.6259176927728323, 1.3871028574904303, 1.1854373525394195, 1.0395451538004061, 0.9621687867717348, 0.9589632525518792, 1.0280227979486665, 1.1601783762850248, 1.3400250896555148, 1.224649331163512, 1.0092556409580924, 0.8479321550159209, 0.7544783451737476, 0.7358890030897307, 0.7917722401431446, 0.9144962409611981, 1.090039836586581, 1.2994535441108905], "ref_radius": [2.49300189064211, 2.476004401308, 2.4590069119738893, 2.4420094226397793, 2.425011933305669, 2.408014443971559, 2.3910169546374487, 2.3740194653033386, 2.3570219759692286, 2.3400244866351185, 2.323026997301008, 2.306029507966898, 2.289032018632788, 2.272034529298678, 2.2550370399645674, 2.2380395506304573, 2.2210420612963473, 2.2040445719622372], "length": 30.595480801398296, "seg_id": 2, "type": "Main", "parent": 0, "children": [3, 4]}, {"pos": [[-1.1769766415334344, 1.1401876871104066, 62.871770784402386], [-0.013323565588986647, 0.8441451231381146, 64.34768773897686], [1.218456487702591, 0.6533919532917308, 65.82360469355132], [2.518363518341298, 0.5679281775712557, 67.29952164812578], [3.8863975263271344, 0.5877537959766893, 68.77543860270025], [5.3225585116601, 0.7128688085080312, 70.2513555572747], [6.826846474340196, 0.9432732151652821, 71.72727251184918], [8.399261414367421, 1.2789670159484414, 73.20318946642364]], "radius": [1.4882810887510824, 1.4882810887510824, 1.4882810887510824, 1.4882810887510824, 1.4882810887510824, 1.4882810887510824, 1.4882810887510824, 1.4882810887510824], "ref_radius": [1.4882810887510824, 1.4882810887510824, 1.4882810887510824, 1.4882810887510824, 1.4882810887510824, 1.4882810887510824, 1.4882810887510824, 1.4882810887510824], "length": 14.087647319145034, "seg_id": 3, "type": "Side", "parent": 2, "children": []}, {"pos": [[-1.1769766415334344, 1.1401876871104066, 62.871770784402386], [-1.02463987278792, 0.795182178559586, 64.80552618624331], [-0.9039868585497263, 0.4851646228102824, 66.73928158808428], [-0.8150175988188529, 0.21013501986249547, 68.67303698992521], [-0.7577320935953002, -0.02990663028377455, 70.60679239176615], [-0.7321303428790681, -0.23496032762852764, 72.54054779360708], [-0.7382123466701564, -0.4050260721717642, 74.47430319544802], [-0.7759781049685652, -0.5401038639134836, 76.40805859728894], [-0.8454276177742948, -0.6401937028536864, 78.3418139991299], [-0.9465608850873448, -0.7052955889923722, 80.27556940097082], [-1.0793779069077152, -0.7354095223295413, 82.20932480281176], [-1.2438786832354063, -0.7305355028651935, 84.1430802046527], [-1.4400632140704182, -0.6906735305993288, 86.07683560649365]], "radius": [1.5207794225624767, 1.730510155330379, 1.9078348036670745, 2.034907338046627, 2.099064183298585, 2.0975137510326967, 2.0796070847136106, 2.061700418394525, 2.043793752075439, 2.0258870857563527, 2.0079804194372666, 1.990073753118181, 1.9721670867990948], "ref_radius": [2.1870470826281267, 2.1691404163090406, 2.1512337499899545, 2.133327083670869, 2.1154204173517828, 2.0975137510326967, 2.0796070847136106, 2.061700418394525, 2.043793752075439, 2.0258870857563527, 2.0079804194372666, 1.990073753118181, 1.9721670867990948], "length": 23.278666214811796, "seg_id": 4, "type": "Main", "parent": 2, "children": [5, 6]}, {"pos": [[-1.4400632140704182, -0.6906735305993288, 86.07683560649365], [-0.8257530784607984, -0.5398877194352958, 87.70549145752611], [-0.15614774494179334, -0.44884375909656654, 89.33414730855857], [0.5687527864865961, -0.4175416495831412, 90.96280315959105], [1.3489485158243713, -0.4459813908950196, 92.59145901062354], [2.1844394430715313, -0.5341629830322018, 94.22011486165599], [3.075225568228076, -0.6820864259946876, 95.84877071268846], [4.021306891294006, -0.8897517197824775, 97.47742656372094], [5.022683412269322, -1.157158864395571, 99.1060824147534], [6.0793551311540215, -1.4843078598339685, 100.73473826578588], [7.191322047948107, -1.8711987060976696, 102.36339411681834], [8.358584162651576, -2.3178314031866742, 103.99204996785082]],