{"case_id": "RCA_4823", "artery_type": "RCA", "segments": [{"pos": [[0.0, 0.0, 0.0], [-0.1544217864556678, 0.028097522991028336, 1.8328143938510146], [-0.28678331770338306, 0.052181114126195485, 3.6656287877020297], [-0.3970845937431458, 0.07225077340550144, 5.4984431815530455], [-0.4853256145749559, 0.0883065008289462, 7.331257575404059], [-0.5515063801988135, 0.10034829639652977, 9.164071969255074], [-0.5956268906147185, 0.10837616010825214, 10.99688636310609], [-0.6176871458226711, 0.11239009196411334, 12.829700756957102], [-0.6176871458226711, 0.11239009196411334, 14.662515150808119], [-0.5956268906147185, 0.10837616010825214, 16.495329544659132], [-0.5515063801988135, 0.10034829639652977, 18.32814393851015], [-0.485325614574956, 0.08830650082894621, 20.16095833236116], [-0.39708459374314564, 0.07225077340550143, 21.99377272621218], [-0.28678331770338295, 0.05218111412619547, 23.82658712006319], [-0.15442178645566773, 0.02809752299102833, 25.659401513914208], [0.0, 0.0, 27.49221590776522]], "radius": [1.9589635222873656, 1.9589635222873656, 1.9589635222873656, 1.9589635222873656, 1.9589635222873656, 1.9589635222873656, 1.9589635222873656, 1.9589635222873656, 1.9589635222873656, 1.8383921888583465, 1.4317972100332763, 0.9137572987837881, 0.5131369111740838, 0.4069258217514169, 0.6420469464549767, 1.114626303481519], "ref_radius": [1.9589635222873656, 1.9589635222873656, 1.9589635222873656, 1.9589635222873656, 1.9589635222873656, 1.9589635222873656, 1.9589635222873656, 1.9589635222873656, 1.9589635222873656, 1.9589635222873656, 1.9589635222873656, 1.9589635222873656, 1.9589635222873656, 1.9589635222873656, 1.9589635222873656, 1.9589635222873656], "length": 27.49221590776522, "seg_id": 0, "type": "Root", "parent": null, "children": [1, 2]}, {"pos": [[0.0, 0.0, 27.49221590776522], [1.0663453915095846, 0.09970983932273937, 29.005292461125805], [2.26137970884112, 0.1908130298441644, 30.518369014486385], [3.585102951994605, 0.2733095715642751, 32.03144556784697], [5.037515120970041, 0.3471994644830715, 33.54452212120755], [6.618616215767426, 0.4124827086005536, 35.05759867456814], [8.328406236386764, 0.46915930391672134, 36.570675227928724], [10.166885182828052, 0.5172292504315747, 38.08375178128931]], "radius": [1.4232570209888695, 1.4232570209888695, 1.4232570209888695, 1.4232570209888695, 1.4232570209888695, 1.4232570209888695, 1.4232570209888695, 1.4232570209888695], "ref_radius": [1.4232570209888695, 1.4232570209888695, 1.4232570209888695, 1.4232570209888695, 1.4232570209888695, 1.4232570209888695, 1.4232570209888695, 1.4232570209888695], "length": 14.690599462869386, "seg_id": 1, "type": "Side", "parent": 0, "children": []}, {"pos": [[0.0, 0.0, 27.49221590776522], [-0.05958525462576533, 0.46811989755134653, 29.41308222036174], [-0.11968245058918588, 0.8854748274509303, 31.333948532958264], [-0.18029158789026165, 1.2520647896987513, 33.25481484555479], [-0.24141266652899257, 1.5678897842948096, 35.175681158151306], [-0.3030456865053788, 1.832949811239105, 37.09654747074783], [-0.3651906478194201, 2.0472448705316375, 39.01741378334435], [-0.42784755047111667, 2.210774962172407, 40.93828009594087], [-0.4910163944604686, 2.323540086161414, 42.85914640853739], [-0.5546971797874756, 2.3855402424986583, 44.780012721133915]], "radius": [1.6158834202373735, 1.9072162249415103, 1.92404267408059, 1.9065822499772023, 1.8891218258738145, 1.8716614017704267, 1.8542009776670387, 1.836740553563651, 1.8192801294602632, 1.8018197053568754], "ref_radius": [1.9589635222873656, 1.9415030981839778, 1.92404267408059, 1.9065822499772023, 1.8891218258738145, 1.8716614017704267, 1.8542009776670387, 1.836740553563651, 1.8192801294602632, 1.8018197053568754], "length": 17.460424103387794, "seg_id": 2, "type": "Main", "parent": 0, "children": [3, 4]}, {"pos": [[-0.5546971797874756, 2.3855402424986583, 44.780012721133915], [0.9253207161064899, 2.9823366470214845, 46.4660756470251], [2.273459671901409, 3.4328713420997863, 48.15213857291627], [3.4897196875972805, 3.7371443277335645, 49.83820149880745], [4.574100763194107, 3.89515560392282, 51.52426442469863], [5.526602898691886, 3.9069051706675526, 53.21032735058981], [6.347226094090618, 3.7723930279677615, 54.896390276480986], [7.035970349390304, 3.4916191758234465, 56.582453202372164]], "radius": [0.9636895044584356, 0.9636895044584356, 0.9636895044584356, 0.9636895044584356, 0.9636895044584356, 0.9636895044584356, 0.9636895044584356, 0.9636895044584356], "ref_radius": [0.9636895044584356, 0.9636895044584356, 0.9636895044584356, 0.9636895044584356, 0.9636895044584356, 0.9636895044584356, 0.9636895044584356, 0.9636895044584356], "length": 14.076194281780506, "seg_id": 3, "type": "Side", "parent": 2, "children": []}, {"pos": [[-0.5546971797874756, 2.3855402424986583, 44.780012721133915], [-0.5501251541982629, 2.608905211795804, 46.55149768415871], [-0.5408663295421775, 2.8279404139024953, 48.32298264718349], [-0.5269207058192196, 3.042645848818732, 50.094467610208284], [-0.5082882830293889, 3.253021516544514, 51.86595257323307], [-0.4849690611726858, 3.459067417079843, 53.63743753625786], [-0.4569630402491101, 3.660783550424717, 55.40892249928265], [-0.4242702202586618, 3.8581699165791368, 57.18040746230745], [-0.3868906012013407, 4.051226515543101, 58.95189242533224], [-0.34482418307714696, 4.239953347316612, 60.72337738835702], [-0.29807096588608084, 4.424350411899669, 62.49486235138181], [-0.24663094962814203, 4.604417709292271, 64.2663473144066], [-0.19050413430333063, 4.780155239494418, 66.03783227743139], [-0.12969051991164648, 4.951563002506111, 67.80931724045618], [-0.06419010645308987, 5.118640998327351, 69.58080220348097], [0.005997106072339553, 5.281389226958135, 71.35228716650576], [0.08087111766464139, 5.4398076883984645, 73.12377212953055], [0.16043192832381584, 5.5938963826483405, 74.89525709255534], [0.2446795380498631, 5.743655309707762, 76.66674205558013], [0.3336139468427827, 5.889084469576728, 78.43822701860492], [0.42723515470257517, 6.0301838622552415, 80.20971198162971], [0.5255431616292401, 6.1669534877433, 81.98119694465451], [0.6285379676227776, 6.299393346040903, 83.75268190767929]], "radius": [1.7843592812534876, 1.767321642307848, 1.7502840033622082, 1.7332463644165683, 1.7162087254709286, 1.699171086525289, 1.6821334475796492, 1.6650958086340093, 1.6480581696883696, 1.63102053074273, 1.6139828917970902, 1.5969452528514503, 1.5799076139058106, 1.5628699749601709, 1.5458323360145312, 1.5287946970688913, 1.5117570581232516, 1.4947194191776119, 1.4776817802319722, 1.4606441412863322, 1.4436065023406925, 1.4265688633950528, 1.4095312244494131], "ref_radius": [1.7843592812534876, 1.767321642307848, 1.7502840033622082, 1.7332463644165683, 1.7162087254709286, 1.699171086525289, 1.6821334475796492, 1.6650958086340093, 1.6480581696883696, 1.63102053074273, 1.6139828917970902, 1.5969452528514503, 1.5799076139058106, 1.5628699749601709, 1.5458323360145312, 1.5287946970688913, 1.5117570581232516, 1.4947194191776119, 1.4776817802319722, 1.4606441412863322, 1.4436065023406925, 1.4265688633950528, 1.4095312244494131], "length": 39.18656957497143, "seg_id": 4, "type": "Main", "parent": 2, "children": [5, 6]}, {"pos": [[0.6285379676227776, 6.299393346040903, 83.75268190767929], [1.8282770752713053, 6.630022564351983, 85.05113970392698], [3.041927321877711, 6.913086531815818, 86.34959750017471], [4.269488707441995, 7.148585248432398, 87.6480552964224], [5.510961231964155, 7.336518714201732, 88.94651309267012], [6.766344895444193, 7.476886929123816, 90.2449708889178], [8.03563969788211, 7.56968989319865, 91.54342868516551], [9.318845639277901, 7.6149276064262335, 92.84188648141321], [10.615962719631574, 7.61260006880657, 94.14034427766092], [11.926990938943122, 7.562707280339655, 95.43880207390862], [13.251930297212546, 7.465249241025492, 96.73725987015632], [14.590780794439851, 7.320225950864078, 98.03571766640403], [15.943542430625033, 7.127637409855415, 99.33417546265173]],