{"case_id": "RCA_5327", "artery_type": "RCA", "segments": [{"pos": [[0.0, 0.0, 0.0], [0.018305825650094514, -0.11508008587607307, 1.7618693033188382], [0.03486823933351336, -0.21920016357347252, 3.523738606637676], [0.049687241050256535, -0.31236023309219835, 5.285607909956514], [0.06276283080032405, -0.39456029443225055, 7.047477213275352], [0.07409500858371589, -0.4658003475936291, 8.80934651659419], [0.08368377440043205, -0.526080392576334, 10.571215819913027], [0.09152912825047257, -0.5754004293803655, 12.333085123231866], [0.0976310701338374, -0.6137604580057231, 14.094954426550704], [0.10198960005052655, -0.6411604784524071, 15.856823729869543], [0.10460471800054008, -0.6576004907204176, 17.618693033188382], [0.10547642398387791, -0.6630804948097544, 19.380562336507218], [0.10460471800054008, -0.6576004907204176, 21.142431639826057], [0.10198960005052657, -0.6411604784524071, 22.904300943144897], [0.0976310701338374, -0.6137604580057231, 24.66617024646373], [0.09152912825047256, -0.5754004293803653, 26.42803954978257], [0.08368377440043205, -0.526080392576334, 28.189908853101407], [0.07409500858371589, -0.4658003475936291, 29.951778156420243], [0.06276283080032403, -0.3945602944322505, 31.71364745973909], [0.049687241050256535, -0.31236023309219835, 33.475516763057925], [0.03486823933351333, -0.21920016357347236, 35.237386066376764], [0.0183058256500945, -0.11508008587607299, 36.999255369695604], [0.0, 0.0, 38.761124673014436]], "radius": [2.0416339714563163, 1.9964724512008118, 1.7270408297787911, 1.3194922671001512, 0.9420936461760103, 0.7506636728268916, 0.8242391242129117, 1.1324424870642629, 1.5480240936120644, 1.8994004125319977, 2.041496713195705, 2.0416339714563163, 2.0416339714563163, 2.0416339714563163, 2.0416339714563163, 2.0416339714563163, 2.0416339714563163, 2.0416339714563163, 2.0416339714563163, 2.0416339714563163, 2.0416339714563163, 2.0416339714563163, 2.0416339714563163], "ref_radius": [2.0416339714563163, 2.0416339714563163, 2.0416339714563163, 2.0416339714563163, 2.0416339714563163, 2.0416339714563163, 2.0416339714563163, 2.0416339714563163, 2.0416339714563163, 2.0416339714563163, 2.0416339714563163, 2.0416339714563163, 2.0416339714563163, 2.0416339714563163, 2.0416339714563163, 2.0416339714563163, 2.0416339714563163, 2.0416339714563163, 2.0416339714563163, 2.0416339714563163, 2.0416339714563163, 2.0416339714563163, 2.0416339714563163], "length": 38.761124673014436, "seg_id": 0, "type": "Root", "parent": null, "children": [1, 2]}, {"pos": [[0.0, 0.0, 38.761124673014436], [1.1609287561869386, -0.1272108726500322, 40.50309983517554], [2.275711212098451, -0.2552505197136941, 42.24507499733664], [3.3443473677345366, -0.3841189411909858, 43.98705015949774], [4.366837223095196, -0.5138161370819071, 45.72902532165884], [5.343180778180429, -0.6443421073864581, 47.47100048381994], [6.273378032990234, -0.775696852104639, 49.21297564598105], [7.157428987524614, -0.9078803712364495, 50.954950808142144], [7.995333641783567, -1.0408926647818897, 52.69692597030325]], "radius": [1.1740082161681678, 1.1740082161681678, 1.1740082161681678, 1.1740082161681678, 1.1740082161681678, 1.1740082161681678, 1.1740082161681678, 1.1740082161681678, 1.1740082161681678], "ref_radius": [1.1740082161681678, 1.1740082161681678, 1.1740082161681678, 1.1740082161681678, 1.1740082161681678, 1.1740082161681678, 1.1740082161681678, 1.1740082161681678, 1.1740082161681678], "length": 16.10016693641868, "seg_id": 1, "type": "Side", "parent": 0, "children": []}, {"pos": [[0.0, 0.0, 38.761124673014436], [0.19326004009183953, -0.4239467912586507, 40.593017389320686], [0.3518399627949178, -0.8018337004619347, 42.424910105626935], [0.4757397681092348, -1.133660727609852, 44.25680282193319], [0.5649594560347907, -1.419427872702403, 46.08869553823945], [0.6194990265715853, -1.6591351357395872, 47.920588254545706], [0.6393584797196186, -1.8527825167214043, 49.752480970851956], [0.6245378154788905, -2.0003700156478557, 51.584373687158205], [0.5750370338494012, -2.1018976325189396, 53.41626640346446], [0.49085613483115076, -2.1573653673346573, 55.24815911977072], [0.371995118424139, -2.166773220095008, 57.08005183607697], [0.21845398462836618, -2.1301211907999926, 58.91194455238322]], "radius": [1.9430808259320247, 1.5750459074255185, 1.0867592328799112, 0.6591066066845304, 0.44725863664225884, 0.5229873449438893, 0.8491938861353321, 1.2956520569359342, 1.6893692291748594, 1.8801010646038385, 1.8727650462342056, 1.8558781537119946], "ref_radius": [2.0416339714563163, 2.024747078934105, 2.0078601864118943, 1.9909732938896831, 1.9740864013674722, 1.957199508845261, 1.94031261632305, 1.9234257238008388, 1.9065388312786278, 1.8896519387564168, 1.8727650462342056, 1.8558781537119946], "length": 20.264271026653276, "seg_id": 2, "type": "Main", "parent": 0, "children": [3, 4]}, {"pos": [[0.21845398462836618, -2.1301211907999926, 58.91194455238322], [1.5467852805754685, -2.337232076020041, 60.36200532042037], [2.852547712992448, -2.5334580032725396, 61.812066088457556], [4.135741281879305, -2.7187989725574866, 63.26212685649471], [5.39636598723604, -2.8932549838748836, 64.71218762453186], [6.634421829062651, -3.0568260372247305, 66.16224839256903], [7.849908807359139, -3.2095121326070264, 67.61230916060619], [9.042826922125505, -3.351313270021772, 69.06236992864335], [10.213176173361749, -3.4822294494689667, 70.51243069668052], [11.36095656106787, -3.6022606709486116, 71.96249146471767], [12.486168085243868, -3.7114069344607055, 73.41255223275483], [13.588810745889742, -3.809668240005249, 74.862613000792], [14.668884543005495, -3.897044587582242, 76.31267376882916]], "radius": [1.4226640077213282, 1.4226640077213282, 1.4226640077213282, 1.4226640077213282, 1.4226640077213282, 1.4226640077213282, 1.4226640077213282, 1.4226640077213282, 1.4226640077213282, 1.4226640077213282, 1.4226640077213282, 1.4226640077213282, 1.4226640077213282], "ref_radius": [1.4226640077213282, 1.4226640077213282, 1.4226640077213282, 1.4226640077213282, 1.4226640077213282, 1.4226640077213282, 1.4226640077213282, 1.4226640077213282, 1.4226640077213282, 1.4226640077213282, 1.4226640077213282, 1.4226640077213282, 1.4226640077213282], "length": 22.687493005544958, "seg_id": 3, "type": "Side", "parent": 2, "children": []}, {"pos": [[0.21845398462836618, -2.1301211907999926, 58.91194455238322], [0.291532917396492, -2.5353045283245716, 60.793535860724965], [0.3237115521826444, -2.9259562202418983, 62.67512716906672], [0.31498988898682345, -3.3020762665519734, 64.55671847740847], [0.26536792780902885, -3.663664667254796, 66.43830978575022], [0.17484566864926082, -4.010721422350367, 68.31990109409196], [0.043423111507519485, -4.343246531838686, 70.20149240243371], [-0.1288997436161955, -4.661239995719752, 72.08308371077547], [-0.34212289672188395, -4.9647018139935675, 73.96467501911721], [-0.5962463478095459, -5.253631986660131, 75.84626632745898], [-0.8912700968791814, -5.528030513719441, 77.72785763580072], [-1.2271941439307898, -5.7878973951715, 79.60944894414247]], "radius": [1.8389912611897836, 1.8214346876875673, 1.8038781141853508, 1.7863215406831345, 1.768764967180918, 1.7512083936787017, 1.7336518201764852, 1.716095246674269, 1.6985386731720524, 1.6809820996698361, 1.6634255261676196, 1.6458689526654033], "ref_radius": [1.8389912611897836, 1.8214346876875673, 1.8038781141853508, 1.7863215406831345, 1.768764967180918, 1.7512083936787017, 1.7336518201764852, 1.716095246674269, 1.6985386731720524, 1.6809820996698361, 1.6634255261676196, 1.6458689526654033], "length": 21.067888202659674, "seg_id": 4, "type": "Main", "parent": 2,