{"case_id": "RCA_3945", "artery_type": "RCA", "segments": [{"pos": [[0.0, 0.0, 0.0], [0.009294517274935521, -0.15727428180480194, 1.8716007671190371], [0.017159108815265573, -0.29035252025501895, 3.7432015342380742], [0.023593774620990163, -0.399234715350651, 5.614802301357111], [0.028598514692109292, -0.4839208670916983, 7.4864030684761484], [0.03217332902862295, -0.5444109754781605, 9.358003835595184], [0.034318217630531146, -0.5807050405100378, 11.229604602714222], [0.03503318049783388, -0.5928030621873304, 13.10120536983326], [0.034318217630531146, -0.5807050405100379, 14.972806136952297], [0.03217332902862295, -0.5444109754781605, 16.84440690407133], [0.028598514692109295, -0.48392086709169835, 18.71600767119037], [0.023593774620990167, -0.39923471535065114, 20.58760843830941], [0.01715910881526558, -0.29035252025501906, 22.459209205428444], [0.00929451727493553, -0.1572742818048021, 24.33080997254748], [0.0, 0.0, 26.20241073966652]], "radius": [2.0506013545137716, 2.0506013545137716, 2.0506013545137716, 2.0506013545137716, 2.0506013545137716, 2.0506013545137716, 2.0506013545137716, 2.0506013545137716, 2.0506013545137716, 2.0506013545137716, 2.0506013545137716, 2.0506013545137716, 2.0506013545137716, 2.0506013545137716, 2.0506013545137716], "ref_radius": [2.0506013545137716, 2.0506013545137716, 2.0506013545137716, 2.0506013545137716, 2.0506013545137716, 2.0506013545137716, 2.0506013545137716, 2.0506013545137716, 2.0506013545137716, 2.0506013545137716, 2.0506013545137716, 2.0506013545137716, 2.0506013545137716, 2.0506013545137716, 2.0506013545137716], "length": 26.20241073966652, "seg_id": 0, "type": "Root", "parent": null, "children": [1, 2]}, {"pos": [[0.0, 0.0, 26.20241073966652], [1.3214599097142843, 0.17389998184911748, 27.62320896689672], [2.622691881761159, 0.3177761771413963, 29.044007194126927], [3.9036959161406237, 0.43162858587683645, 30.46480542135713], [5.164472012852677, 0.5154572080554378, 31.885603648587328], [6.405020171897322, 0.5692620436772006, 33.30640187581753], [7.625340393274556, 0.5930430927421245, 34.72720010304773], [8.82543267698438, 0.5868003552502098, 36.14799833027793], [10.005297023026793, 0.5505338312014565, 37.56879655750813], [11.164933431401797, 0.48424352059586445, 38.98959478473834], [12.304341902109392, 0.3879294234334338, 40.41039301196854], [13.423522435149575, 0.26159153971416443, 41.831191239198745], [14.522475030522351, 0.10522986943805596, 43.251989466428945], [15.601199688227712, -0.08115558739489076, 44.672787693659146], [16.659696408265667, -0.29756483078467627, 46.093585920889346], [17.69796519063621, -0.5439978607313004, 47.51438414811955]], "radius": [1.223269853526073, 1.223269853526073, 1.223269853526073, 1.223269853526073, 1.223269853526073, 1.223269853526073, 1.223269853526073, 1.223269853526073, 1.223269853526073, 1.223269853526073, 1.223269853526073, 1.223269853526073, 1.223269853526073, 1.223269853526073, 1.223269853526073, 1.223269853526073], "ref_radius": [1.223269853526073, 1.223269853526073, 1.223269853526073, 1.223269853526073, 1.223269853526073, 1.223269853526073, 1.223269853526073, 1.223269853526073, 1.223269853526073, 1.223269853526073, 1.223269853526073, 1.223269853526073, 1.223269853526073, 1.223269853526073, 1.223269853526073, 1.223269853526073], "length": 27.707654468107908, "seg_id": 1, "type": "Side", "parent": 0, "children": []}, {"pos": [[0.0, 0.0, 26.20241073966652], [0.27859713689538007, -0.1913219294300223, 28.000903258455015], [0.5330602703874981, -0.3480300894024788, 29.79939577724351], [0.7633894004763543, -0.4701244799173697, 31.597888296032], [0.9695845271619485, -0.557605100974695, 33.39638081482049], [1.1516456504442805, -0.6104719525744543, 35.19487333360899], [1.3095727703233506, -0.628725034716648, 36.993365852397474], [1.4433658867991592, -0.6123643474012761, 38.791858371185974], [1.5530249998717054, -0.5613898906283383, 40.59035088997446], [1.6385501095409896, -0.475801664397835, 42.38884340876296], [1.6999412158070122, -0.355599668709766, 44.18733592755146], [1.7371983186697726, -0.20078390356413112, 45.985828446339944], [1.7503214181292712, -0.011354368960930672, 47.78432096512844], [1.7393105141855076, 0.2126889350998355, 49.58281348391694], [1.704165606838482, 0.4713460086181677, 51.38130600270543]], "radius": [2.0506013545137716, 2.033774086773022, 1.9049785419044576, 1.4623292134230328, 0.8938044296443466, 0.45181770572667324, 0.3278358414740028, 0.5675864107959452, 1.0530419477583952, 1.558127218297327, 1.8519058718484296, 1.865501409365527, 1.8486741416247776, 1.8318468738840281, 1.8150196061432786], "ref_radius": [2.0506013545137716, 2.033774086773022, 2.0169468190322726, 2.0001195512915233, 1.9832922835507736, 1.966465015810024, 1.9496377480692746, 1.932810480328525, 1.9159832125877756, 1.899155944847026, 1.8823286771062766, 1.865501409365527, 1.8486741416247776, 1.8318468738840281, 1.8150196061432786], "length": 25.240901611124244, "seg_id": 2, "type": "Main", "parent": 0, "children": [3, 4]}, {"pos": [[1.704165606838482, 0.4713460086181677, 51.38130600270543], [3.0132836157055127, 0.2524230573843753, 52.72800807669852], [4.316488818355855, 0.0671852012877685, 54.074710150691644], [5.613781214789506, -0.084367559671653, 55.42141222468473], [6.905160805006469, -0.2022352254938889, 56.768114298677844], [8.19062758900674, -0.2864177961789394, 58.114816372670944], [9.470181566790323, -0.33691527172680447, 59.461518446664044], [10.743822738357215, -0.3537276521374841, 60.808220520657144], [12.011551103707419, -0.33685493741097816, 62.154922594650245], [13.273366662840933, -0.2862971275472868, 63.501624668643345], [14.529269415757756, -0.2020542225464101, 64.84832674263646], [15.779259362457891, -0.08412622240834772, 66.19502881662956], [17.023336502941337, 0.06748687286690008, 67.54173089062266]], "radius": [1.1613110152796495, 1.1613110152796495, 1.1613110152796495, 1.1613110152796495, 1.1613110152796495, 1.1613110152796495, 1.1613110152796495, 1.1613110152796495, 1.1613110152796495, 1.1613110152796495, 1.1613110152796495, 1.1613110152796495, 1.1613110152796495], "ref_radius": [1.1613110152796495, 1.1613110152796495, 1.1613110152796495, 1.1613110152796495, 1.1613110152796495, 1.1613110152796495, 1.1613110152796495, 1.1613110152796495, 1.1613110152796495, 1.1613110152796495, 1.1613110152796495, 1.1613110152796495, 1.1613110152796495], "length": 22.271044692684466, "seg_id": 3, "type": "Side", "parent": 2, "children": []}, {"pos": [[1.704165606838482, 0.4713460086181677, 51.38130600270543], [1.974336065793231, 0.8542927645585011, 53.20799808090535], [2.220722802530114, 1.196646097104343, 55.03469015910528], [2.4433258170491303, 1.4984060062556928, 56.86138223730519], [2.642145109350281, 1.759572492012552, 58.688074315505126], [2.8171806794335654, 1.9801455543749187, 60.51476639370505], [2.968432527298984, 2.160125193342794, 62.341458471904964], [3.095900652946537, 2.2995114089161786, 64.1681505501049], [3.1995850563762236, 2.398304201095071, 65.99484262830482], [3.2794857375880433, 2.4565035698794717, 67.82153470650475], [3.335602696581998, 2.4741095152693813, 69.64822678470466], [3.3679359333580865, 2.4511220372647986, 71.47491886290459], [3.3764854479163087, 2.387541135865725, 73.30161094110451], [3.361251240256665, 2.2833668110721597, 75.12830301930444], [3.322233310379155, 2.1385990628841025, 76.95499509750437]], "radius": [1.7981923384025291, 1.7810729997632055, 1.7639536611238817, 1.7468343224845582, 1.7297149838452346, 1.712595645205911, 1.6954763065665872, 1.6783569679272636, 1.659046776249544, 1.3004715120729204, 0.6706097149075855, 0.33620570731384225, 0.5845627852681348, 1.1690918336867826, 1.54398080682811], "ref_radius": [1.7981923384025291, 1.7810729997632055, 1.7639536611238817, 1.7468343224845582, 1.7297149838452346, 1.712595645205911, 1.6954763065665872, 1.6783569679272636, 1.66123762928794, 1.6441182906486163, 1.6269989520092927, 1.609879613369969, 1.5927602747306455, 1.5756409360913217, 1.5585215974519981],