{"case_id": "RCA_4320", "artery_type": "RCA", "segments": [{"pos": [[0.0, 0.0, 0.0], [0.04202782930392088, 0.18103724943898064, 1.8403654640301865], [0.07880217994485163, 0.33944484269808867, 3.680730928060373], [0.11032305192279228, 0.47522277977732413, 5.521096392090558], [0.13659044523774283, 0.588371060676687, 7.361461856120745], [0.15760435988970325, 0.6788896853961773, 9.201827320150933], [0.1733647958786736, 0.7467786539357951, 11.042192784181118], [0.18387175320465382, 0.7920379662955402, 12.882558248211303], [0.18912523186764393, 0.8146676224754128, 14.722923712241492], [0.18912523186764393, 0.8146676224754128, 16.563289176271677], [0.18387175320465382, 0.7920379662955402, 18.403654640301866], [0.1733647958786736, 0.7467786539357951, 20.24402010433205], [0.15760435988970328, 0.6788896853961774, 22.084385568362237], [0.13659044523774286, 0.5883710606766872, 23.92475103239242], [0.11032305192279232, 0.4752227797773243, 25.76511649642261], [0.07880217994485166, 0.3394448426980888, 27.605481960452796], [0.04202782930392088, 0.18103724943898067, 29.445847424482984], [0.0, 0.0, 31.28621288851317]], "radius": [2.3924739841362053, 2.3924739841362053, 2.3924739841362053, 2.3924739841362053, 2.3924739841362053, 2.3924739841362053, 2.3924739841362053, 2.3924739841362053, 2.3924739841362053, 2.3924739841362053, 2.351515461091467, 2.072677468387804, 1.6082437043379985, 1.0969810122785515, 0.6916481177469229, 0.5133532833813363, 0.6153687156044583, 0.96721351359252], "ref_radius": [2.3924739841362053, 2.3924739841362053, 2.3924739841362053, 2.3924739841362053, 2.3924739841362053, 2.3924739841362053, 2.3924739841362053, 2.3924739841362053, 2.3924739841362053, 2.3924739841362053, 2.3924739841362053, 2.3924739841362053, 2.3924739841362053, 2.3924739841362053, 2.3924739841362053, 2.3924739841362053, 2.3924739841362053, 2.3924739841362053], "length": 31.28621288851317, "seg_id": 0, "type": "Root", "parent": null, "children": [1, 2]}, {"pos": [[0.0, 0.0, 31.28621288851317], [1.0956519360420862, 0.12179657495437865, 32.63416254661279], [2.2174493896002807, 0.21367985198749623, 33.98211220471242], [3.3653923606745835, 0.27564983109935276, 35.33006186281204], [4.5394808492649945, 0.3077065122899483, 36.67801152091167], [5.739714855371513, 0.3098498955592827, 38.02596117901129], [6.96609437899414, 0.2820799809073562, 39.37391083711091], [8.218619420132876, 0.2243967683341685, 40.721860495210535], [9.49728997878772, 0.13680025783971977, 42.06981015331016], [10.802106054958672, 0.01929044942401001, 43.417759811409795], [12.133067648645733, -0.12813265691296088, 44.76570946950942], [13.4901747598489, -0.30546906117119255, 46.11365912760904]], "radius": [1.912727461767086, 1.912727461767086, 1.912727461767086, 1.912727461767086, 1.912727461767086, 1.912727461767086, 1.912727461767086, 1.912727461767086, 1.912727461767086, 1.912727461767086, 1.912727461767086, 1.912727461767086], "ref_radius": [1.912727461767086, 1.912727461767086, 1.912727461767086, 1.912727461767086, 1.912727461767086, 1.912727461767086, 1.912727461767086, 1.912727461767086, 1.912727461767086, 1.912727461767086, 1.912727461767086, 1.912727461767086], "length": 20.04822407027304, "seg_id": 1, "type": "Side", "parent": 0, "children": []}, {"pos": [[0.0, 0.0, 31.28621288851317], [-0.1889516519319631, -0.32476823345262584, 33.07062672228273], [-0.3747139967362694, -0.6281595212710502, 34.855040556052295], [-0.5572870344129188, -0.9101738634552731, 36.63945438982187], [-0.7366707649619114, -1.1708112600052942, 38.42386822359143], [-0.9128651883832474, -1.410071710921114, 40.208282057361], [-1.0858703046769262, -1.6279552162027322, 41.99269589113056], [-1.2556861138429485, -1.8244617758501485, 43.77710972490013], [-1.4223126158813137, -1.9995913898633637, 45.561523558669684], [-1.5857498107920225, -2.1533440582423773, 47.345937392439254], [-1.7459976985750743, -2.2857197809871894, 49.130351226208816], [-1.9030562792304688, -2.3967185580977994, 50.91476505997838], [-2.0569255527582073, -2.4863403895742087, 52.69917889374794], [-2.207605519158289, -2.554585275416416, 54.48359272751751], [-2.3550961784307125, -2.6014532156244217, 56.268006561287066], [-2.4993975305754805, -2.626944210198226, 58.052420395056636], [-2.6405095755925916, -2.631058259137829, 59.836834228826206], [-2.7784323134820457, -2.6137953624432297, 61.62124806259577], [-2.913165744243843, -2.5751555201144294, 63.40566189636533]], "radius": [1.4637609709333286, 1.9427226745402166, 2.2658886085781336, 2.341388827143422, 2.324360441479161, 2.3073320558149, 2.290303670150639, 2.273275284486378, 2.256246898822117, 2.239218513157856, 2.222190127493595, 2.205161741829334, 2.1881333561650727, 2.1174281867155123, 1.7545398553534537, 1.237090907655841, 0.8166951442706709, 0.6932014721203124, 0.9170881649433056], "ref_radius": [2.3924739841362053, 2.375445598471944, 2.3584172128076832, 2.341388827143422, 2.324360441479161, 2.3073320558149, 2.290303670150639, 2.273275284486378, 2.256246898822117, 2.239218513157856, 2.222190127493595, 2.205161741829334, 2.1881333561650727, 2.171104970500812, 2.1540765848365506, 2.13704819917229, 2.1200198135080286, 2.102991427843768, 2.0859630421795066], "length": 32.353932762095965, "seg_id": 2, "type": "Main", "parent": 0, "children": [3, 4]}, {"pos": [[-2.913165744243843, -2.5751555201144294, 63.40566189636533], [-2.1161785181306714, -2.5796889872900537, 64.9683024437564], [-1.2245284418633622, -2.6178106154767953, 66.53094299114747], [-0.23821551544191588, -2.689520404674655, 68.09358353853852], [0.8427602611336673, -2.794818354883633, 69.6562240859296], [2.018398887863388, -2.9337044661037277, 71.21886463332066], [3.2887003647472453, -3.1061787383349406, 72.78150518071173], [4.65366469178524, -3.3122411715772713, 74.34414572810279], [6.113291868977372, -3.5518917658307196, 75.90678627549386]], "radius": [1.447299824407047, 1.447299824407047, 1.447299824407047, 1.447299824407047, 1.447299824407047, 1.447299824407047, 1.447299824407047, 1.447299824407047, 1.447299824407047], "ref_radius": [1.447299824407047, 1.447299824407047, 1.447299824407047, 1.447299824407047, 1.447299824407047, 1.447299824407047, 1.447299824407047, 1.447299824407047, 1.447299824407047], "length": 15.450212344152964, "seg_id": 3, "type": "Side", "parent": 2, "children": []}, {"pos": [[-2.913165744243843, -2.5751555201144294, 63.40566189636533], [-3.0537434364903384, -2.578152489450506, 65.19093332752105], [-3.1688375494063368, -2.60986455928661, 66.97620475867676], [-3.2584480829918387, -2.6702917296227415, 68.76147618983248], [-3.3225750372468417, -2.7594340004588997, 70.5467476209882], [-3.361218412171348, -2.8772913717950845, 72.33201905214389], [-3.374378207765356, -3.0238638436312972, 74.11729048329961], [-3.3620544240288677, -3.1991514159675365, 75.90256191445532], [-3.324247060961882, -3.403154088803803, 77.68783334561103], [-3.2609561185643985, -3.635871862140097, 79.47310477676675], [-3.1721815968364178, -3.8973047359764177, 81.25837620792245], [-3.0579234957779398, -4.1874527103127654, 83.04364763907816], [-2.918181815388964, -4.506315785149141, 84.82891907023388], [-2.752956555669491, -4.853893960485544, 86.61419050138959], [-2.562247716619521, -5.2301872363219735, 88.39946193254531], [-2.3460552982390532, -5.635195612658429, 90.18473336370101]], "radius": [1.3669901549724042, 1.8123917184242806, 2.0285587337662374, 2.018385959563895, 2.0015363939134447, 1.9846868282629941, 1.967837262612544, 1.9509876969620936, 1.9341381313116432, 1.917288565661193, 1.9004390000107427, 1.8835894343602924, 1.8667398687098422, 1.8498903030593918, 1.8330407374089415, 1.8161911717584913], "ref_radius": [2.0689346565152458, 2.0520850908647956, 2.035235525214345, 2.018385959563895, 2.0015363939134447, 1.9846868282629941, 1.967837262612544, 1.9509876969620936, 1.9341381313116432, 1.917288565661193, 1.9004390000107427, 1.8835894343602924, 1.8667398687098422, 1.8498903030593918, 1.8330407374089415, 1.8161911717584913], "length": 26.959305040720484,