{"case_id": "RCA_5748", "artery_type": "RCA", "segments": [{"pos": [[0.0, 0.0, 0.0], [-0.01165671674007722, 0.13866456331111987, 1.8857011345050527], [-0.02152009244321948, 0.2559961168820674, 3.7714022690101054], [-0.029590127109426784, 0.3519946607128427, 5.6571034035151575], [-0.03586682073869914, 0.4266601948034457, 7.54280453802021], [-0.04035017333103652, 0.47999271915387637, 9.428505672525262], [-0.04304018488643895, 0.5119922337641347, 11.314206807030315], [-0.04393685540490644, 0.522658738634221, 13.199907941535368], [-0.04304018488643896, 0.5119922337641348, 15.08560907604042], [-0.04035017333103653, 0.4799927191538764, 16.97131021054547], [-0.03586682073869914, 0.42666019480344575, 18.857011345050523], [-0.029590127109426788, 0.35199466071284274, 20.74271247955558], [-0.021520092443219486, 0.25599611688206747, 22.628413614060634], [-0.011656716740077231, 0.13866456331112, 24.514114748565685], [0.0, 0.0, 26.399815883070737]], "radius": [2.434164559108678, 2.434164559108678, 2.434164559108678, 2.434164559108678, 2.434164559108678, 2.434164559108678, 2.3554746024507636, 1.5919158100813493, 0.800274547106018, 0.8633929034148082, 1.7108809887881993, 2.3976160722105053, 2.434164559108678, 2.434164559108678, 2.434164559108678], "ref_radius": [2.434164559108678, 2.434164559108678, 2.434164559108678, 2.434164559108678, 2.434164559108678, 2.434164559108678, 2.434164559108678, 2.434164559108678, 2.434164559108678, 2.434164559108678, 2.434164559108678, 2.434164559108678, 2.434164559108678, 2.434164559108678, 2.434164559108678], "length": 26.399815883070737, "seg_id": 0, "type": "Root", "parent": null, "children": [1, 2]}, {"pos": [[0.0, 0.0, 26.399815883070737], [1.524525874961485, -0.28152467290876615, 27.88350759673536], [2.9977472542569914, -0.511055340867834, 29.367199310399986], [4.419664137886519, -0.6885920038772035, 30.850891024064605], [5.790276525850068, -0.8141346619368748, 32.33458273772923], [7.109584418147639, -0.8876833150468477, 33.81827445139385], [8.377587814779233, -0.9092379632071224, 35.301966165058474], [9.594286715744847, -0.8787986064176987, 36.7856578787231], [10.759681121044483, -0.7963652446785767, 38.26934959238773], [11.873771030678139, -0.6619378779897565, 39.753041306052346], [12.936556444645817, -0.47551650635123793, 41.236733019716965]], "radius": [1.5285733005246227, 1.5285733005246227, 1.5285733005246227, 1.5285733005246227, 1.5285733005246227, 1.5285733005246227, 1.5285733005246227, 1.5285733005246227, 1.5285733005246227, 1.5285733005246227, 1.5285733005246227], "ref_radius": [1.5285733005246227, 1.5285733005246227, 1.5285733005246227, 1.5285733005246227, 1.5285733005246227, 1.5285733005246227, 1.5285733005246227, 1.5285733005246227, 1.5285733005246227, 1.5285733005246227, 1.5285733005246227], "length": 19.690472790489977, "seg_id": 1, "type": "Side", "parent": 0, "children": []}, {"pos": [[0.0, 0.0, 26.399815883070737], [-0.2571713739799963, -0.043474407124139317, 28.176063091571756], [-0.4835765509466998, -0.09790156589656954, 29.952310300072767], [-0.6792155309001108, -0.1632814763172907, 31.728557508573786], [-0.8440883138402289, -0.23961413838630272, 33.5048047170748], [-0.9781948997670543, -0.32689955210360566, 35.28105192557582], [-1.081535288680587, -0.42513771746919954, 37.05729913407682], [-1.154109480580827, -0.5343286344830843, 38.83354634257784], [-1.1959174754677742, -0.65447230314526, 40.60979355107885], [-1.2069592733414287, -0.7855687234557265, 42.38604075957986], [-1.1872348742017906, -0.9276178954144839, 44.16228796808088], [-1.1367442780488597, -1.0806198190215321, 45.938535176581894], [-1.0554874848826359, -1.2445744942768717, 47.71478238508291], [-0.9434644947031197, -1.4194819211805019, 49.491029593583924], [-0.8006753075103106, -1.605342099732423, 51.26727680208494], [-0.6271199233042088, -1.802155029932635, 53.043524010585955]], "radius": [2.434164559108678, 2.417469590918682, 2.400774622728686, 2.38407965453869, 2.3673846863486943, 2.3506897181586983, 2.3339947499687024, 2.3172997817787064, 2.3006048135887105, 2.283909845398715, 2.267214877208719, 2.250519909018723, 2.233824940828727, 2.2171299726387312, 2.2004350044487353, 2.1837400362587394], "ref_radius": [2.434164559108678, 2.417469590918682, 2.400774622728686, 2.38407965453869, 2.3673846863486943, 2.3506897181586983, 2.3339947499687024, 2.3172997817787064, 2.3006048135887105, 2.283909845398715, 2.267214877208719, 2.250519909018723, 2.233824940828727, 2.2171299726387312, 2.2004350044487353, 2.1837400362587394], "length": 26.711949103993465, "seg_id": 2, "type": "Main", "parent": 0, "children": [3, 4]}, {"pos": [[-0.6271199233042088, -1.802155029932635, 53.043524010585955], [0.31263489629332636, -1.7432245889279956, 54.41878024814768], [1.2840067182391, -1.7217497283378385, 55.79403648570939], [2.2869955425331123, -1.7377304481621623, 57.169292723271084], [3.3216013691753625, -1.7911667484009688, 58.5445489608328], [4.387824198165852, -1.882058629054257, 59.91980519839452], [5.485664029504579, -2.0104060901220264, 61.295061435956214], [6.615120863191546, -2.1762091316042786, 62.67031767351794], [7.77619469922675, -2.3794677535010123, 64.04557391107966], [8.968885537610193, -2.6201819558122277, 65.42083014864136], [10.193193378341874, -2.898351738537925, 66.79608638620309], [11.449118221421795, -3.2139771016781045, 68.17134262376479], [12.736660066849954, -3.567058045232766, 69.5465988613265], [14.05581891462635, -3.957594569201909, 70.92185509888822], [15.406594764750986, -4.385586673585534, 72.29711133644993]], "radius": [1.2365849553627426, 1.2365849553627426, 1.2365849553627426, 1.2365849553627426, 1.2365849553627426, 1.2365849553627426, 1.2365849553627426, 1.2365849553627426, 1.2365849553627426, 1.2365849553627426, 1.2365849553627426, 1.2365849553627426, 1.2365849553627426, 1.2365849553627426, 1.2365849553627426], "ref_radius": [1.2365849553627426, 1.2365849553627426, 1.2365849553627426, 1.2365849553627426, 1.2365849553627426, 1.2365849553627426, 1.2365849553627426, 1.2365849553627426, 1.2365849553627426, 1.2365849553627426, 1.2365849553627426, 1.2365849553627426, 1.2365849553627426, 1.2365849553627426, 1.2365849553627426], "length": 25.18838523347723, "seg_id": 3, "type": "Side", "parent": 2, "children": []}, {"pos": [[-0.6271199233042088, -1.802155029932635, 53.043524010585955], [-0.8045915967159227, -1.9356697108637029, 54.83105884543125], [-0.9766578516607842, -2.0941281125799565, 56.61859368027654], [-1.1433186881387936, -2.2775302350813966, 58.40612851512183], [-1.3045741061499503, -2.485876078368022, 60.19366334996712], [-1.4604241056942544, -2.7191656424398336, 61.98119818481241], [-1.6108686867717066, -2.9773989272968313, 63.76873301965769], [-1.7559078493823062, -3.2605759329390143, 65.55626785450298], [-1.8955415935260536, -3.568696659366384, 67.34380268934828], [-2.0297699192029484, -3.901761106578939, 69.13133752419355], [-2.158592826412991, -4.25976927457668, 70.91887235903886], [-2.2820103151561812, -4.6427211633596075, 72.70640719388413], [-2.4000223854325196, -5.050616772927722, 74.49394202872944], [-2.512629037242005, -5.48345610328102, 76.28147686357471], [-2.6198302705846377, -5.941239154419505, 78.06901169842], [-2.721626085460419, -6.423965926343176, 79.85654653326529]], "radius": [2.1670450680687434, 2.149989480311043, 2.1329338925533423, 2.115878304795642, 2.098822717037941, 2.081767129280241, 2.06471154152254, 2.0476559537648398, 2.030600366007139, 2.0135447782494387, 1.9964891904917381, 1.9794336027340376, 1.962378014976337, 1.9453224272186365, 1.928266839460936, 1.9112112517032354], "ref_radius": [2.1670450680687434, 2.149989480311043, 2.1329338925533423, 2.115878304795642, 2.098822717037941, 2.081767129280241, 2.06471154152254, 2.0476559537648398, 2.030600366007139, 2.0135447782494387, 1.9964891904917381, 1.9794336027340376, 1.962378014976337, 1.9453224272186365, 1.928266839460936, 1.9112112517032354], "length": 27.288940412320855, "seg_id": 4, "type": "Main", "parent": 2,