{"case_id": "RCA_387", "artery_type": "RCA", "segments": [{"pos": [[0.0, 0.0, 0.0], [-0.11643597165581042, 0.09175209983546866, 1.8194326117355806], [-0.2162382330750765, 0.17039675683729893, 3.6388652234711616], [-0.29940678425779826, 0.23593397100549088, 5.458297835206744], [-0.3659416252039756, 0.28836374234004436, 7.277730446942323], [-0.4158427559136087, 0.3276860708409595, 9.097163058677904], [-0.4491101763866973, 0.3539009565082362, 10.916595670413486], [-0.4657438866232417, 0.3670083993418746, 12.736028282149064], [-0.4657438866232417, 0.3670083993418746, 14.555460893884646], [-0.4491101763866973, 0.3539009565082362, 16.374893505620225], [-0.4158427559136087, 0.3276860708409595, 18.194326117355807], [-0.36594162520397566, 0.2883637423400444, 20.013758729091386], [-0.29940678425779815, 0.2359339710054908, 21.83319134082697], [-0.21623823307507645, 0.1703967568372989, 23.65262395256255], [-0.11643597165581039, 0.09175209983546863, 25.472056564298132], [0.0, 0.0, 27.29148917603371]], "radius": [2.1046784739230002, 2.1046784739230002, 2.1046784739230002, 2.0862142179386254, 2.0162638721050756, 1.9000749432448867, 1.7477165541791049, 1.5723923323735294, 1.3892961619631026, 1.2142954568745359, 1.0625560647543542, 0.9472279697795145, 0.8783056934970424, 0.8617621532218864, 0.8990310392424379, 0.9868825688726368], "ref_radius": [2.1046784739230002, 2.1046784739230002, 2.1046784739230002, 2.1046784739230002, 2.1046784739230002, 2.1046784739230002, 2.1046784739230002, 2.1046784739230002, 2.1046784739230002, 2.1046784739230002, 2.1046784739230002, 2.1046784739230002, 2.1046784739230002, 2.1046784739230002, 2.1046784739230002, 2.1046784739230002], "length": 27.29148917603371, "seg_id": 0, "type": "Root", "parent": null, "children": [1, 2]}, {"pos": [[0.0, 0.0, 27.29148917603371], [1.2669547092024502, -0.05167916928615311, 28.639537145693353], [2.5356133526966933, -0.08840028779283386, 29.987585115352985], [3.8059759304827288, -0.11016335552004224, 31.335633085012628], [5.078042442560557, -0.11696837246777826, 32.68368105467226], [6.351812888930178, -0.1088153386360419, 34.0317290243319], [7.6272872695915925, -0.08570425402483314, 35.37977699399154], [8.904465584544798, -0.04763511863415207, 36.72782496365119], [10.183347833789798, 0.00539206753600141, 38.07587293331082], [11.46393401732659, 0.07337730448562726, 39.42392090297046], [12.746224135155174, 0.15632059221472547, 40.7719688726301], [14.030218187275551, 0.254221930723296, 42.120016842289736], [15.315916173687722, 0.367081320011339, 43.468064811949375], [16.603318094391685, 0.49489876007885425, 44.81611278160901], [17.89242394938744, 0.637674250925842, 46.16416075126865], [19.18323373867499, 0.795407792552302, 47.51220872092829], [20.47574746225433, 0.9680993849582344, 48.86025669058793]], "radius": [1.6660595046740923, 1.6660595046740923, 1.6660595046740923, 1.6660595046740923, 1.6660595046740923, 1.6660595046740923, 1.6660595046740923, 1.6660595046740923, 1.6660595046740923, 1.6660595046740923, 1.6660595046740923, 1.6660595046740923, 1.6660595046740923, 1.6660595046740923, 1.6660595046740923, 1.6660595046740923, 1.6660595046740923], "ref_radius": [1.6660595046740923, 1.6660595046740923, 1.6660595046740923, 1.6660595046740923, 1.6660595046740923, 1.6660595046740923, 1.6660595046740923, 1.6660595046740923, 1.6660595046740923, 1.6660595046740923, 1.6660595046740923, 1.6660595046740923, 1.6660595046740923, 1.6660595046740923, 1.6660595046740923, 1.6660595046740923, 1.6660595046740923], "length": 29.755758814959847, "seg_id": 1, "type": "Side", "parent": 0, "children": []}, {"pos": [[0.0, 0.0, 27.29148917603371], [-0.03652966643387835, 0.1677668646607768, 29.117520263928192], [-0.05857615442793632, 0.31637520253838425, 30.943551351822673], [-0.06613946398217391, 0.4458250136328224, 32.76958243971716], [-0.05921959509659108, 0.5561162979440911, 34.59561352761164], [-0.03781654777118788, 0.6472490554721906, 36.421644615506125], [-0.0019303220059643245, 0.7192232862171207, 38.24767570340061], [0.04843908219907961, 0.7720389901788814, 40.07370679129509], [0.11329166484394404, 0.8056961673574727, 41.899737879189566], [0.1926274259286288, 0.8201948177528948, 43.72576896708405], [0.286446365453134, 0.8155349413651475, 45.55180005497853], [0.3947484834174594, 0.7917165381942308, 47.37783114287301], [0.5175337798216053, 0.7487396082401448, 49.2038622307675], [0.6548022546655716, 0.6866041515028894, 51.029893318661976], [0.8065539079493581, 0.6053101679824648, 52.855924406556454], [0.9727887396729652, 0.5048576576788709, 54.681955494450946], [1.153506749836393, 0.38524662059210746, 56.507986582345424], [1.3487079384396408, 0.24647705672217468, 58.334017670239916], [1.5583923054827091, 0.08854896606907252, 60.160048758134394]], "radius": [1.117703384707943, 1.2696223363596433, 1.436132552514898, 1.330783580361781, 1.0731914497302806, 0.8573893879182568, 0.7104083125231264, 0.6494673392088008, 0.6797977981457843, 0.7941368656058512, 0.9739315159928796, 1.1920593751403772, 1.4166693109685038, 1.17548177911792, 0.9304799644903956, 0.7260826309375223, 0.5872684332689526, 0.5298083566570286, 0.5583309092495505], "ref_radius": [2.1046784739230002, 2.0873597360801113, 2.0700409982372223, 2.0527222603943334, 2.0354035225514444, 2.0180847847085555, 2.000766046865666, 1.9834473090227773, 1.9661285711798882, 1.9488098333369992, 1.9314910954941102, 1.9141723576512213, 1.8968536198083323, 1.8795348819654434, 1.8622161441225542, 1.8448974062796653, 1.8275786684367763, 1.8102599305938871, 1.7929411927509984], "length": 32.90560190148909, "seg_id": 2, "type": "Main", "parent": 0, "children": [3, 4]}, {"pos": [[1.5583923054827091, 0.08854896606907252, 60.160048758134394], [2.6868717863327234, 0.04393094269763741, 61.597412300502846], [3.8134473687225463, -0.009155169982790003, 63.0347758428713], [4.938119052652178, -0.0707093719722098, 64.47213938523973], [6.060886838121618, -0.14073166327062192, 65.90950292760819], [7.181750725130865, -0.21922204387802632, 67.34686646997665], [8.300710713679923, -0.3061805137944231, 68.78423001234508], [9.417766803768789, -0.40160707301981224, 70.22159355471354], [10.532918995397461, -0.5055017215541937, 71.65895709708198], [11.646167288565941, -0.6178644593975673, 73.09632063945044], [12.757511683274233, -0.7386952865499335, 74.5336841818189], [13.866952179522333, -0.867994203011292, 75.97104772418734], [14.974488777310242, -1.0057612087816428, 77.40841126655579], [16.080121476637956, -1.1519963038609857, 78.84577480892425], [17.18385027750548, -1.3066994882493215, 80.28313835129269]], "radius": [1.0549926318916347, 1.0549926318916347, 1.0549926318916347, 1.0549926318916347, 1.0549926318916347, 1.0549926318916347, 1.0549926318916347, 1.0549926318916347, 1.0549926318916347, 1.0549926318916347, 1.0549926318916347, 1.0549926318916347, 1.0549926318916347, 1.0549926318916347, 1.0549926318916347], "ref_radius": [1.0549926318916347, 1.0549926318916347, 1.0549926318916347, 1.0549926318916347, 1.0549926318916347, 1.0549926318916347, 1.0549926318916347, 1.0549926318916347, 1.0549926318916347, 1.0549926318916347, 1.0549926318916347, 1.0549926318916347, 1.0549926318916347, 1.0549926318916347, 1.0549926318916347], "length": 25.515493133760973, "seg_id": 3, "type": "Side", "parent": 2, "children": []}, {"pos": [[1.5583923054827091, 0.08854896606907252, 60.160048758134394], [1.4240266368653407, -0.26866983537000455, 62.09762258074022], [1.3777540373247463, -0.5947275929263492, 64.03519640334605], [1.419574506860927, -0.8896243065999617, 65.97277022595188], [1.5494880454738822, -1.1533599763908418, 67.9103440485577], [1.767494653163612, -1.3859346022989896, 69.84791787116353], [2.073594329930116, -1.587348184324405, 71.78549169376936], [2.467787075773395, -1.757600722467088, 73.7230655163752], [2.950072890693449, -1.8966922167270388, 75.66063933898103]],