{"case_id": "LAD_4452_bc7", "artery_type": "LAD", "segments": [{"pos": [[0.0, 0.0, 0.0], [0.16209412879842797, -0.0026924969402624876, 1.803011443020566], [0.3039264914970524, -0.005048431762992163, 3.6060228860411314], [0.42549708809587333, -0.007067804468189029, 5.409034329061696], [0.5268059185948908, -0.008750615055853084, 7.212045772082263], [0.6078529829941048, -0.010096863525984327, 9.015057215102829], [0.6686382812935153, -0.01110654987858276, 10.818068658123394], [0.7091618134931224, -0.011779674113648383, 12.62108010114396], [0.7294235795929258, -0.012116236231181193, 14.424091544164526], [0.7294235795929258, -0.012116236231181193, 16.22710298718509], [0.7091618134931224, -0.011779674113648383, 18.030114430205657], [0.6686382812935153, -0.01110654987858276, 19.833125873226223], [0.607852982994105, -0.010096863525984328, 21.636137316246785], [0.526805918594891, -0.008750615055853086, 23.439148759267354], [0.4254970880958735, -0.007067804468189031, 25.24216020228792], [0.3039264914970525, -0.005048431762992165, 27.045171645308486], [0.162094128798428, -0.002692496940262488, 28.848183088329055], [0.0, 0.0, 30.651194531349617]], "radius": [1.6271034221331733, 1.6271034221331733, 1.6271034221331733, 1.6271034221331733, 1.6271034221331733, 1.6271034221331733, 1.6271034221331733, 1.6271034221331733, 1.6271034221331733, 1.6271034221331733, 1.6271034221331733, 1.6271034221331733, 1.6271034221331733, 1.6271034221331733, 1.6271034221331733, 1.6271034221331733, 1.576474529976758, 1.2763280597095752], "ref_radius": [1.6271034221331733, 1.6271034221331733, 1.6271034221331733, 1.6271034221331733, 1.6271034221331733, 1.6271034221331733, 1.6271034221331733, 1.6271034221331733, 1.6271034221331733, 1.6271034221331733, 1.6271034221331733, 1.6271034221331733, 1.6271034221331733, 1.6271034221331733, 1.6271034221331733, 1.6271034221331733, 1.6271034221331733, 1.6271034221331733], "length": 30.651194531349617, "seg_id": 0, "type": "Root", "parent": null, "children": [1, 2]}, {"pos": [[0.0, 0.0, 30.651194531349617], [1.0913978669032174, 0.008789805661138534, 32.021867807074976], [2.2221254159861212, -0.004327851028971111, 33.39254108280035], [3.3921826472487115, -0.03935297007032895, 34.763214358525715], [4.601569560690988, -0.09628555146293497, 36.13388763425108], [5.85028615631295, -0.17512559520678914, 37.50456090997645], [7.1383324341145995, -0.2758731013018916, 38.875234185701814], [8.465708394095934, -0.39852806974824206, 40.24590746142718], [9.832414036256957, -0.5430905005458408, 41.616580737152546], [11.238449360597665, -0.7095603936946879, 42.98725401287791], [12.683814367118057, -0.8979377491947829, 44.35792728860327], [14.168509055818138, -1.1082225670461263, 45.72860056432864], [15.692533426697906, -1.3404148472487178, 47.099273840054]], "radius": [1.0282790840397575, 1.0282790840397575, 1.0282790840397575, 1.0282790840397575, 1.0282790840397575, 1.0282790840397575, 1.0282790840397575, 1.0282790840397575, 1.0282790840397575, 1.0282790840397575, 1.0282790840397575, 1.0282790840397575, 1.0282790840397575], "ref_radius": [1.0282790840397575, 1.0282790840397575, 1.0282790840397575, 1.0282790840397575, 1.0282790840397575, 1.0282790840397575, 1.0282790840397575, 1.0282790840397575, 1.0282790840397575, 1.0282790840397575, 1.0282790840397575, 1.0282790840397575, 1.0282790840397575], "length": 22.77260701492443, "seg_id": 1, "type": "Side", "parent": 0, "children": []}, {"pos": [[0.0, 0.0, 30.651194531349617], [0.3886354774806648, -0.40698714509206135, 32.40557078851638], [0.7516497217207738, -0.7989586449095095, 34.15994704568312], [1.0890427327203267, -1.1759144994523447, 35.91432330284987], [1.400814510479324, -1.537854708720567, 37.66869956001663], [1.6869650549977655, -1.8847792727141761, 39.423075817183374], [1.947494366275651, -2.216688191433172, 41.177452074350136], [2.182402444312981, -2.533581464877555, 42.93182833151689], [2.3916892891097543, -2.835459093047325, 44.686204588683644], [2.5753549006659724, -3.122321075942482, 46.4405808458504], [2.7333992789816346, -3.394167413563026, 48.19495710301715], [2.8658224240567414, -3.6509981059089567, 49.9493333601839], [2.9726243358912914, -3.892813152980274, 51.703709617350654], [3.053805014485286, -4.119612554776979, 53.458085874517415], [3.1093644598387247, -4.331396311299071, 55.21246213168417], [3.139302671951607, -4.528164422546549, 56.96683838885092], [3.1436196508239345, -4.709916888519415, 58.72121464601767], [3.1223153964557055, -4.876653709217668, 60.475590903184425]], "radius": [0.8374327373610244, 0.45880364128729045, 0.3216567954376359, 0.4793714676388372, 0.8485424471784635, 1.2502459395863075, 1.4944188824390112, 1.5089538047490532, 1.492075287979893, 1.475196771210733, 1.458318254441573, 1.441439737672413, 1.424561220903253, 1.407682704134093, 1.390804187364933, 1.373925670595773, 1.357047153826613, 1.3401686370574528], "ref_radius": [1.6271034221331733, 1.6102249053640132, 1.5933463885948533, 1.5764678718256933, 1.5595893550565332, 1.542710838287373, 1.5258323215182132, 1.5089538047490532, 1.492075287979893, 1.475196771210733, 1.458318254441573, 1.441439737672413, 1.424561220903253, 1.407682704134093, 1.390804187364933, 1.373925670595773, 1.357047153826613, 1.3401686370574528], "length": 30.38133018448804, "seg_id": 2, "type": "Main", "parent": 0, "children": [3, 4]}, {"pos": [[3.1223153964557055, -4.876653709217668, 60.475590903184425], [4.11329526655483, -4.934391759087283, 61.798047005906426], [5.146136504322268, -5.036458308225571, 63.12050310862845], [6.220839109758019, -5.1828533566325286, 64.44295921135043], [7.337403082862083, -5.373576904308157, 65.76541531407244], [8.495828423634459, -5.608628951252454, 67.08787141679444], [9.696115132075146, -5.888009497465424, 68.41032751951644], [10.938263208184148, -6.211718542947063, 69.73278362223844], [12.222272651961465, -6.5797560876973735, 71.05523972496046], [13.54814346340709, -6.992122131716354, 72.37769582768246], [14.91587564252103, -7.4488166750040055, 73.70015193040446], [16.325469189303284, -7.949839717560327, 75.02260803312645], [17.77692410375385, -8.49519125938532, 76.34506413584846]], "radius": [0.9739256664348136, 0.9739256664348136, 0.9739256664348136, 0.9739256664348136, 0.9739256664348136, 0.9739256664348136, 0.9739256664348136, 0.9739256664348136, 0.9739256664348136, 0.9739256664348136, 0.9739256664348136, 0.9739256664348136, 0.9739256664348136], "ref_radius": [0.9739256664348136, 0.9739256664348136, 0.9739256664348136, 0.9739256664348136, 0.9739256664348136, 0.9739256664348136, 0.9739256664348136, 0.9739256664348136, 0.9739256664348136, 0.9739256664348136, 0.9739256664348136, 0.9739256664348136, 0.9739256664348136], "length": 21.90186181693767, "seg_id": 3, "type": "Side", "parent": 2, "children": []}, {"pos": [[3.1223153964557055, -4.876653709217668, 60.475590903184425], [3.39610563803715, -5.699284410471334, 62.26018483407996], [3.608197338043982, -6.457524127657212, 64.04477876497549], [3.758590496476199, -7.151372860775302, 65.829372695871], [3.8472851133338044, -7.780830609825604, 67.61396662676653], [3.8742811886167967, -8.345897374808118, 69.39856055766205], [3.839578722325176, -8.846573155722846, 71.18315448855758], [3.7431777144589424, -9.282857952569785, 72.9677484194531], [3.5850781650180963, -9.654751765348937, 74.75234235034861], [3.365280074002637, -9.9622545940603, 76.53693628124414], [3.0837834414125647, -10.205366438703875, 78.32153021213966]], "radius": [1.3232901202882927, 1.281321696504797, 1.1108594282942108, 0.8449547360695797, 0.5561623408992864, 0.3214071286059832, 0.2007742678063631, 0.22148071523914803, 0.3712981304399873, 0.6029833862344507, 0.8482013276549728], "ref_radius": [1.3232901202882927, 1.3063587026265537, 1.2894272849648147, 1.2724958673030755, 1.2555644496413365, 1.2386330319795975, 1.2217016143178583, 1.2047701966561193, 1.1878387789943803, 1.1709073613326413, 1.1539759436709023], "length": 18.624559427912963, "seg_id": 4, "type": "Main", "parent": 2,