{"case_id": "LAD_546_bc2", "artery_type": "LAD", "segments": [{"pos": [[0.0, 0.0, 0.0], [0.1739327283930046, -0.047329054724186324, 1.7829613031128067], [0.3261238657368836, -0.08874197760784935, 3.5659226062256124], [0.45657341203163704, -0.12423876865098908, 5.348883909338419], [0.5652813672772649, -0.15381942785360556, 7.131845212451225], [0.6522477314737672, -0.1774839552156987, 8.914806515564031], [0.717472504621144, -0.1952323507372686, 10.697767818676837], [0.7609556867193952, -0.20706461441831517, 12.480729121789643], [0.7826972777685207, -0.21298074625883845, 14.263690424902451], [0.7826972777685207, -0.21298074625883845, 16.046651728015256], [0.7609556867193952, -0.20706461441831517, 17.829613031128062], [0.717472504621144, -0.1952323507372686, 19.612574334240872], [0.6522477314737674, -0.17748395521569874, 21.395535637353674], [0.5652813672772651, -0.15381942785360558, 23.178496940466484], [0.4565734120316372, -0.12423876865098914, 24.96145824357929], [0.3261238657368837, -0.08874197760784938, 26.744419546692093], [0.17393272839300464, -0.04732905472418633, 28.527380849804906], [0.0, 0.0, 30.31034215291771]], "radius": [1.7421749469591452, 1.7421749469591452, 1.7421749469591452, 1.7421749469591452, 1.7421749469591452, 1.7421749469591452, 1.7421749469591452, 1.7421749469591452, 1.7421749469591452, 1.7421749469591452, 1.7421749469591452, 1.7421749469591452, 1.7421749469591452, 1.7421749469591452, 1.7421749469591452, 1.7421749469591452, 1.7421749469591452, 1.7421749469591452], "ref_radius": [1.7421749469591452, 1.7421749469591452, 1.7421749469591452, 1.7421749469591452, 1.7421749469591452, 1.7421749469591452, 1.7421749469591452, 1.7421749469591452, 1.7421749469591452, 1.7421749469591452, 1.7421749469591452, 1.7421749469591452, 1.7421749469591452, 1.7421749469591452, 1.7421749469591452, 1.7421749469591452, 1.7421749469591452, 1.7421749469591452], "length": 30.31034215291771, "seg_id": 0, "type": "Root", "parent": null, "children": [1, 2]}, {"pos": [[0.0, 0.0, 30.31034215291771], [1.4697088106245295, -0.15745492542636266, 31.819787944553738], [2.9000828568715233, -0.26251941963115827, 33.32923373618976], [4.29112213874098, -0.31519348261438673, 34.83867952782578], [5.642826656232902, -0.3154771143760481, 36.3481253194618], [6.955196409347286, -0.2633703149161424, 37.857571111097826], [8.228231398084136, -0.15887308423466956, 39.36701690273385], [9.46193162244345, -0.0019854223316295586, 40.87646269436988]], "radius": [1.0551054326953642, 1.0551054326953642, 1.0551054326953642, 1.0551054326953642, 1.0551054326953642, 1.0551054326953642, 1.0551054326953642, 1.0551054326953642], "ref_radius": [1.0551054326953642, 1.0551054326953642, 1.0551054326953642, 1.0551054326953642, 1.0551054326953642, 1.0551054326953642, 1.0551054326953642, 1.0551054326953642], "length": 14.18347832043306, "seg_id": 1, "type": "Side", "parent": 0, "children": []}, {"pos": [[0.0, 0.0, 30.31034215291771], [0.023551845930423795, 0.13824086195566745, 32.18783394253131], [0.013444051545317415, 0.2652181206891071, 34.065325732144906], [-0.030323383155319142, 0.38093177620031893, 35.9428175217585], [-0.10775045817148585, 0.485381828489303, 37.8203093113721], [-0.21883717350318266, 0.5785682775560592, 39.6978011009857], [-0.3635835291504098, 0.6604911234005876, 41.5752928905993], [-0.5419895251131672, 0.7311503660228882, 43.4527846802129], [-0.7540551613914545, 0.790546005422961, 45.33027646982649], [-0.9997804379852718, 0.838678041600806, 47.20776825944009], [-1.2791653548946194, 0.8755464745564232, 49.08526004905369], [-1.592209912119498, 0.9011513042898126, 50.96275183866729], [-1.9389141096599058, 0.9154925308009741, 52.84024362828089], [-2.3192779475158436, 0.9185701540899079, 54.71773541789448]], "radius": [1.6228670521316202, 1.2812611534980225, 0.8651940706949579, 0.5309793273922634, 0.4004722733168571, 0.5151738250606654, 0.8220147597339497, 1.1956130796549018, 1.4877303183668582, 1.584452902227836, 1.566928230591024, 1.5494035589542117, 1.5318788873173996, 1.5143542156805876], "ref_radius": [1.7421749469591452, 1.7246502753223332, 1.707125603685521, 1.6896009320487089, 1.6720762604118966, 1.6545515887750846, 1.6370269171382725, 1.6195022455014603, 1.6019775738646482, 1.584452902227836, 1.566928230591024, 1.5494035589542117, 1.5318788873173996, 1.5143542156805876], "length": 24.53454029153698, "seg_id": 2, "type": "Main", "parent": 0, "children": [3, 4]}, {"pos": [[-2.3192779475158436, 0.9185701540899079, 54.71773541789448], [-1.399151293257586, 1.108445864772836, 56.16336409126458], [-0.4044250838436762, 1.2989081871358155, 57.6089927646347], [0.6649006807258865, 1.4899571211788456, 59.05462143800481], [1.808826000451102, 1.6815926669019263, 60.5002501113749], [3.027350875331971, 1.8738148243050587, 61.94587878474501], [4.3204753053684914, 2.0666235933882415, 63.391507458115115], [5.688199290560664, 2.2600189741514756, 64.83713613148521], [7.130522830908492, 2.454000966594761, 66.28276480485532], [8.647445926411972, 2.6485695707180965, 67.72839347822543]], "radius": [0.7776359654286593, 0.7776359654286593, 0.7776359654286593, 0.7776359654286593, 0.7776359654286593, 0.7776359654286593, 0.7776359654286593, 0.7776359654286593, 0.7776359654286593, 0.7776359654286593], "ref_radius": [0.7776359654286593, 0.7776359654286593, 0.7776359654286593, 0.7776359654286593, 0.7776359654286593, 0.7776359654286593, 0.7776359654286593, 0.7776359654286593, 0.7776359654286593, 0.7776359654286593], "length": 17.10377600623228, "seg_id": 3, "type": "Side", "parent": 2, "children": []}, {"pos": [[-2.3192779475158436, 0.9185701540899079, 54.71773541789448], [-2.3962291977399497, 1.1313002697927028, 56.472698863551415], [-2.4923116327098276, 1.374360186762304, 58.22766230920835], [-2.607525252425476, 1.6477499049987119, 59.98262575486526], [-2.7418700568868974, 1.9514694245019262, 61.7375892005222], [-2.89534604609409, 2.285518745271947, 63.49255264617912], [-3.0679532200470536, 2.6498978673087734, 65.24751609183606], [-3.25969157874579, 3.0446067906124075, 67.00247953749299], [-3.470561122190298, 3.4696455151828474, 68.75744298314991], [-3.700561850380577, 3.925014041020094, 70.51240642880686], [-3.949693763316628, 4.410712368124147, 72.26736987446378], [-4.217956860998451, 4.9267404964950074, 74.02233332012071], [-4.505351143426045, 5.473098426132673, 75.77729676577763], [-4.811876610599412, 6.049786157037145, 77.53226021143458], [-5.1375332625185495, 6.656803689208425, 79.2872236570915]], "radius": [1.4968295440437753, 1.4799044851801306, 1.4629794263164857, 1.446054367452841, 1.4291293085891963, 1.4122042497255516, 1.3952791908619067, 1.378354131998262, 1.3614290731346173, 1.3445040142709725, 1.3275789554073276, 1.310653896543683, 1.2937288376800382, 1.2768037788163933, 1.2598787199527486], "ref_radius": [1.4968295440437753, 1.4799044851801306, 1.4629794263164857, 1.446054367452841, 1.4291293085891963, 1.4122042497255516, 1.3952791908619067, 1.378354131998262, 1.3614290731346173, 1.3445040142709725, 1.3275789554073276, 1.310653896543683, 1.2937288376800382, 1.2768037788163933, 1.2598787199527486], "length": 25.38758829546715, "seg_id": 4, "type": "Main", "parent": 2, "children": [5, 6]}, {"pos": [[-5.1375332625185495, 6.656803689208425, 79.2872236570915], [-3.7024121059538357, 7.540637258427129, 80.92082055558832], [-2.312793267964164, 8.270663884654317, 82.55441745408511], [-0.9686767485495354, 8.846883567889991, 84.1880143525819], [0.3299374522900492, 9.269296308134152, 85.8216112510787], [1.5830493345545908, 9.537902105386797, 87.45520814957551], [2.7906588982440903, 9.652700959647927, 89.08880504807232], [3.952766143358546, 9.613692870917545, 90.72240194656912]], "radius": [0.8524019172434184, 0.8524019172434184, 0.8524019172434184, 0.8524019172434184, 0.8524019172434184, 0.8524019172434184, 0.8524019172434184, 0.8524019172434184],