{"case_id": "LAD_191_bc3", "artery_type": "LAD", "segments": [{"pos": [[0.0, 0.0, 0.0], [0.08690761930414698, -0.08849333965441532, 1.9267727537213162], [0.15801385328026724, -0.16089698118984605, 3.8535455074426324], [0.21331870192836078, -0.21721092460629216, 5.7803182611639485], [0.2528221652484276, -0.2574351699037537, 7.707091014885265], [0.27652424324046765, -0.28156971708223055, 9.633863768606581], [0.28442493590448104, -0.2896145661417229, 11.560636522327897], [0.2765242432404677, -0.2815697170822306, 13.487409276049211], [0.2528221652484276, -0.2574351699037537, 15.41418202977053], [0.21331870192836078, -0.21721092460629216, 17.340954783491846], [0.15801385328026732, -0.1608969811898461, 19.267727537213162], [0.08690761930414702, -0.08849333965441536, 21.194500290934478], [0.0, 0.0, 23.121273044655794]], "radius": [1.7456943772198927, 1.7456943772198927, 1.7456943772198927, 1.7456943772198927, 1.7456943772198927, 1.7456943772198927, 1.7456943772198927, 1.725013032219002, 1.6535537358785322, 1.5385779475327623, 1.3924001255424747, 1.2306766157181075, 1.0707287815949345], "ref_radius": [1.7456943772198927, 1.7456943772198927, 1.7456943772198927, 1.7456943772198927, 1.7456943772198927, 1.7456943772198927, 1.7456943772198927, 1.7456943772198927, 1.7456943772198927, 1.7456943772198927, 1.7456943772198927, 1.7456943772198927, 1.7456943772198927], "length": 23.121273044655794, "seg_id": 0, "type": "Root", "parent": null, "children": [1, 2]}, {"pos": [[0.0, 0.0, 23.121273044655794], [1.4457274845073957, 0.15482291846673554, 25.08921165696638], [2.737093622094044, 0.3313459620788475, 27.057150269276953], [3.8740984127599463, 0.5295691308363358, 29.02508888158753], [4.856741856505101, 0.7494924247392005, 30.99302749389811], [5.685023953329509, 0.9911158437874414, 32.96096610620869]], "radius": [1.1605667666060313, 1.1605667666060313, 1.1605667666060313, 1.1605667666060313, 1.1605667666060313, 1.1605667666060313], "ref_radius": [1.1605667666060313, 1.1605667666060313, 1.1605667666060313, 1.1605667666060313, 1.1605667666060313, 1.1605667666060313], "length": 11.407075326800856, "seg_id": 1, "type": "Side", "parent": 0, "children": []}, {"pos": [[0.0, 0.0, 23.121273044655794], [0.3606922616681712, 0.4730384213228853, 24.88504285825435], [0.6923021151280424, 0.9315945686853557, 26.648812671852905], [0.9948295603796136, 1.3756684420874115, 28.412582485451463], [1.2682745974228842, 1.8052600415290518, 30.17635229905002], [1.512637226257855, 2.2203693670102775, 31.940122112648574], [1.7279174468845255, 2.620996418531088, 33.70389192624713], [1.914115259302896, 3.0071411960914842, 35.46766173984568], [2.0712306635129663, 3.378803699691465, 37.23143155344424], [2.1992636595147363, 3.735983929331031, 38.995201367042796], [2.2982142473082066, 4.078681885010182, 40.75897118064135], [2.368082426893377, 4.406897566728918, 42.5227409942399], [2.408868198270247, 4.72063097448724, 44.28651080783846], [2.420571561438816, 5.019882108285146, 46.05028062143701], [2.403192516399086, 5.304650968122638, 47.81405043503557], [2.3567310631510554, 5.574937553999714, 49.577820248634126]], "radius": [0.929687803324411, 0.8146662362239421, 0.7463170676977143, 0.7297149613919521, 0.7643182955268303, 0.8441366075376746, 0.9584778326767803, 1.0931839901156792, 1.2322132740826872, 1.3080628233942093, 1.1657925866409147, 1.0209666587051514, 0.8839397425571053, 0.7642399127823186, 0.6698440113554132, 0.6065895426480252], "ref_radius": [1.7456943772198927, 1.7287318380711798, 1.7117692989224667, 1.6948067597737537, 1.6778442206250408, 1.6608816814763276, 1.6439191423276147, 1.6269566031789016, 1.6099940640301886, 1.5930315248814757, 1.5760689857327626, 1.5591064465840496, 1.5421439074353367, 1.5251813682866235, 1.5082188291379106, 1.4912562899891977], "length": 27.140062637940815, "seg_id": 2, "type": "Main", "parent": 0, "children": [3, 4]}, {"pos": [[2.3567310631510554, 5.574937553999714, 49.577820248634126], [3.7559059314975367, 5.914694031620992, 50.83044339230133], [5.1501690517697405, 6.250392286271544, 52.083066535968555], [6.539520423967668, 6.582032317951371, 53.335689679635756], [7.923960048091317, 6.909614126660473, 54.588312823302964], [9.303487924140686, 7.2331377123988485, 55.84093596697018], [10.678104052115781, 7.5526030751665, 57.093559110637386], [12.047808432016598, 7.8680102149634275, 58.3461822543046], [13.412601063843137, 8.179359131789628, 59.59880539797181], [14.772481947595395, 8.486649825645104, 60.851428541639024], [16.127451083273378, 8.789882296529855, 62.10405168530623], [17.477508470877087, 9.089056544443881, 63.35667482897344], [18.822654110406518, 9.384172569387182, 64.60929797264065], [20.16288800186167, 9.675230371359758, 65.86192111630787], [21.498210145242542, 9.962229950361607, 67.11454425997508]], "radius": [0.8467633016985486, 0.8467633016985486, 0.8467633016985486, 0.8467633016985486, 0.8467633016985486, 0.8467633016985486, 0.8467633016985486, 0.8467633016985486, 0.8467633016985486, 0.8467633016985486, 0.8467633016985486, 0.8467633016985486, 0.8467633016985486, 0.8467633016985486, 0.8467633016985486], "ref_radius": [0.8467633016985486, 0.8467633016985486, 0.8467633016985486, 0.8467633016985486, 0.8467633016985486, 0.8467633016985486, 0.8467633016985486, 0.8467633016985486, 0.8467633016985486, 0.8467633016985486, 0.8467633016985486, 0.8467633016985486, 0.8467633016985486, 0.8467633016985486, 0.8467633016985486], "length": 26.328335402589786, "seg_id": 3, "type": "Side", "parent": 2, "children": []}, {"pos": [[2.3567310631510554, 5.574937553999714, 49.577820248634126], [2.5077575100274014, 6.162815981656893, 51.20563212760393], [2.677904046325322, 6.750650816707706, 52.83344400657372], [2.8671706720448165, 7.33844205915215, 54.461255885543515], [3.075557387185886, 7.926189708990232, 56.08906776451333], [3.303064191748528, 8.513893766221944, 57.71687964348312], [3.5496910857327455, 9.101554230847292, 59.34469152245292], [3.8154380691385357, 9.68917110286627, 60.97250340142271], [4.100305141965902, 10.276744382278883, 62.600315280392515], [4.404292304214842, 10.864274069085132, 64.22812715936232], [4.727399555885355, 11.45176016328501, 65.85593903833211], [5.069626896977443, 12.039202664878525, 67.48375091730192], [5.430974327491105, 12.626601573865672, 69.11156279627171], [5.811441847426341, 13.213956890246454, 70.7393746752415], [6.211029456783152, 13.801268614020866, 72.36718655421132], [6.629737155561536, 14.388536745188915, 73.99499843318111], [7.067564943761496, 14.975761283750597, 75.62281031215092], [7.524512821383029, 15.56294222970591, 77.25062219112071], [8.000580788426134, 16.15007958305486, 78.8784340700905], [8.495768844890817, 16.73717334379744, 80.50624594906031], [9.01007699077707, 17.324223511933656, 82.13405782803011]], "radius": [0.577766293374573, 0.5839876593192903, 0.6230054655725076, 0.69014532399855, 0.7786542667234594, 0.8802744487785816, 0.985921661681746, 1.0864130636783598, 0.9607893415467463, 0.8084730234598552, 0.6739692791360917, 0.5720685839404083, 0.5131324773803627, 0.5019123976741, 0.5370997516153366, 0.6116454418710041, 0.7137893959167637, 0.8286528368143558, 0.9401789630583062, 1.03316933773338, 1.0951577733919122], "ref_radius": [1.4742937508404845, 1.4575103410839214, 1.4407269313273583, 1.4239435215707952, 1.407160111814232, 1.390376702057669, 1.3735932923011058, 1.3568098825445427, 1.3400264727879798, 1.3232430630314167, 1.3064596532748536, 1.2896762435182905, 1.2728928337617273, 1.2561094240051642, 1.2393260142486011, 1.222542604492038, 1.2057591947354749, 1.1889757849789118, 1.1721923752223486, 1.1554089654657855, 1.1386255557092224], "length": 35.24516048878252, "seg_id": 4, "type": "Main", "parent": 2,