{"case_id": "LAD_3730_bc9", "artery_type": "LAD", "segments": [{"pos": [[0.0, 0.0, 0.0], [0.2824046744160162, 0.24354699334694563, 1.8817451923875903], [0.5134630443927568, 0.44281271517626486, 3.763490384775181], [0.6931751099302217, 0.5977971654879575, 5.645235577162771], [0.821540871028411, 0.7085003442820238, 7.526980769550363], [0.8985603276873244, 0.7749222515584635, 9.408725961937952], [0.9242334799069623, 0.7970628873172767, 11.290471154325543], [0.8985603276873245, 0.7749222515584635, 13.172216346713132], [0.821540871028411, 0.7085003442820238, 15.053961539100724], [0.6931751099302217, 0.5977971654879575, 16.935706731488313], [0.513463044392757, 0.442812715176265, 18.817451923875904], [0.28240467441601635, 0.24354699334694577, 20.699197116263495], [0.0, 0.0, 22.580942308651085]], "radius": [2.001554112174674, 2.001554112174674, 2.001554112174674, 2.001554112174674, 2.001554112174674, 2.001554112174674, 2.001554112174674, 2.001554112174674, 2.001554112174674, 2.001554112174674, 2.001554112174674, 1.999226978951887, 1.7695161777022415], "ref_radius": [2.001554112174674, 2.001554112174674, 2.001554112174674, 2.001554112174674, 2.001554112174674, 2.001554112174674, 2.001554112174674, 2.001554112174674, 2.001554112174674, 2.001554112174674, 2.001554112174674, 2.001554112174674, 2.001554112174674], "length": 22.580942308651085, "seg_id": 0, "type": "Root", "parent": null, "children": [1, 2]}, {"pos": [[0.0, 0.0, 22.580942308651085], [0.9832057506591526, -0.21700574206859724, 24.218144037945248], [2.0548480564585967, -0.3855915534253086, 25.855345767239406], [3.214926917398331, -0.505757434070134, 27.492547496533568], [4.463442333478357, -0.5775033840030735, 29.12974922582773], [5.800394304698674, -0.6008294032241271, 30.76695095512189], [7.225782831059282, -0.5757354917332949, 32.40415268441605], [8.739607912560182, -0.5022216495305767, 34.04135441371021]], "radius": [1.3483293198269344, 1.3483293198269344, 1.3483293198269344, 1.3483293198269344, 1.3483293198269344, 1.3483293198269344, 1.3483293198269344, 1.3483293198269344], "ref_radius": [1.3483293198269344, 1.3483293198269344, 1.3483293198269344, 1.3483293198269344, 1.3483293198269344, 1.3483293198269344, 1.3483293198269344, 1.3483293198269344], "length": 14.42130433311521, "seg_id": 1, "type": "Side", "parent": 0, "children": []}, {"pos": [[0.0, 0.0, 22.580942308651085], [-0.18081448737451938, -0.2883204387211644, 24.3581620104554], [-0.33713328310002755, -0.5517218695606667, 26.13538171225971], [-0.46895638717652455, -0.790204292518507, 27.91260141406402], [-0.5762837996040103, -1.0037677075946851, 29.689821115868334], [-0.659115520382485, -1.1924121147892013, 31.467040817672643], [-0.7174515495119482, -1.3561375141020555, 33.24426051947695], [-0.7512918869924005, -1.4949439055332472, 35.021480221281266], [-0.7606365328238414, -1.6088312890827772, 36.79869992308558], [-0.7454854870062712, -1.697799664750645, 38.57591962488989], [-0.7058387495396897, -1.761849032536851, 40.353139326694205], [-0.6416963204240971, -1.8009793924413948, 42.13035902849852], [-0.5530581996594932, -1.8151907444642763, 43.90757873030283], [-0.4399243872458781, -1.8044830886054959, 45.68479843210714], [-0.3022948831832518, -1.7688564248650533, 47.46201813391146], [-0.1401696874716144, -1.7083107532429487, 49.23923783571576], [0.046451199889034275, -1.622846073739182, 51.016457537520076]], "radius": [1.257939739428271, 0.6770749755657846, 0.28464105615065316, 0.23968182402774785, 0.5514110562598102, 1.0778452610296165, 1.5885249127321337, 1.8636491433341427, 1.8675219979895847, 1.8507679837164486, 1.8340139694433124, 1.8172599551701762, 1.80050594089704, 1.783751926623904, 1.7669979123507678, 1.7502438980776316, 1.7334898838044954], "ref_radius": [2.001554112174674, 1.9848000979015379, 1.9680460836284017, 1.9512920693552656, 1.9345380550821294, 1.9177840408089932, 1.901030026535857, 1.884276012262721, 1.8675219979895847, 1.8507679837164486, 1.8340139694433124, 1.8172599551701762, 1.80050594089704, 1.783751926623904, 1.7669979123507678, 1.7502438980776316, 1.7334898838044954], "length": 28.48182426433149, "seg_id": 2, "type": "Main", "parent": 0, "children": [3, 4]}, {"pos": [[0.046451199889034275, -1.622846073739182, 51.016457537520076], [1.0035830631870022, -1.9734607701785993, 52.47071251111485], [1.981089391417726, -2.2726584356908273, 53.924967484709626], [2.9789701845812058, -2.520439070275864, 55.3792224583044], [3.9972254426774416, -2.716802673933711, 56.833477431899176], [5.035855165706431, -2.8617492466643677, 58.287732405493955], [6.094859353668179, -2.955278788467834, 59.74198737908873], [7.17423800656268, -2.99739129934411, 61.196242352683505], [8.27399112438994, -2.9880867792931958, 62.65049732627828], [9.394118707149953, -2.9273652283150913, 64.10475229987306], [10.534620754842724, -2.815226646409797, 65.55900727346783], [11.69549726746825, -2.651671033577312, 67.01326224706261], [12.876748245026532, -2.4366983898176366, 68.46751722065738]], "radius": [0.9242273600948573, 0.9242273600948573, 0.9242273600948573, 0.9242273600948573, 0.9242273600948573, 0.9242273600948573, 0.9242273600948573, 0.9242273600948573, 0.9242273600948573, 0.9242273600948573, 0.9242273600948573, 0.9242273600948573, 0.9242273600948573], "ref_radius": [0.9242273600948573, 0.9242273600948573, 0.9242273600948573, 0.9242273600948573, 0.9242273600948573, 0.9242273600948573, 0.9242273600948573, 0.9242273600948573, 0.9242273600948573, 0.9242273600948573, 0.9242273600948573, 0.9242273600948573, 0.9242273600948573], "length": 21.67529381400102, "seg_id": 3, "type": "Side", "parent": 2, "children": []}, {"pos": [[0.046451199889034275, -1.622846073739182, 51.016457537520076], [-0.043775930295589724, -1.6739179022855433, 52.78733588442451], [-0.11977934871115778, -1.738425903497308, 54.558214231328925], [-0.18155905535766992, -1.8163700773744764, 56.32909257823334], [-0.22911505023512618, -1.907750423917049, 58.09997092513778], [-0.26244733334352655, -2.0125669431250257, 59.870849272042214], [-0.2815559046828709, -2.130819634998406, 61.64172761894663], [-0.28644076425315934, -2.2625084995371902, 63.41260596585104], [-0.27710191205439205, -2.4076335367413786, 65.18348431275548], [-0.2535393480865687, -2.5661947466109707, 66.9543626596599], [-0.21575307234968935, -2.738192129145967, 68.72524100656433], [-0.16374308484375416, -2.923625684346367, 70.49611935346876], [-0.09750938556876304, -3.1224954122121704, 72.26699770037318], [-0.01705197452471624, -3.3348013127433784, 74.0378760472776], [0.07762914828838685, -3.5605433859399898, 75.80875439418203], [0.1865339828705458, -3.7997216318020057, 77.57963274108647], [0.3096625292217604, -4.052336050329425, 79.35051108799088], [0.44701478734203093, -4.318386641522248, 81.1213894348953], [0.5985907572313577, -4.597873405380476, 82.89226778179975], [0.7643904388897405, -4.890796341904107, 84.66314612870417]], "radius": [1.6880762237895084, 1.4178006849491367, 0.9936769274630854, 0.5967400450176548, 0.39272686238529086, 0.46101903014767376, 0.7622051573258276, 1.1574652003013117, 1.4703738846404426, 1.5645789918544732, 1.547672672112597, 1.530766352370721, 1.5138600326288447, 1.4969537128869683, 1.4800473931450921, 1.463141073403216, 1.4462347536613398, 1.4293284339194636, 1.4124221141775872, 1.395515794435711], "ref_radius": [1.7167358695313593, 1.699829549789483, 1.682923230047607, 1.6660169103057305, 1.6491105905638543, 1.6322042708219782, 1.615297951080102, 1.5983916313382258, 1.5814853115963494, 1.5645789918544732, 1.547672672112597, 1.530766352370721, 1.5138600326288447, 1.4969537128869683, 1.4800473931450921, 1.463141073403216, 1.4462347536613398, 1.4293284339194636, 1.4124221141775872, 1.395515794435711], "length": 33.812639483752434, "seg_id": 4, "type": "Main", "parent": 2,