{"case_id": "LAD_1808_bc5", "artery_type": "LAD", "segments": [{"pos": [[0.0, 0.0, 0.0], [-0.017081650833001977, -0.009808541771132795, 1.8353985599521172], [-0.03215369568565078, -0.018463137451544084, 3.6707971199042344], [-0.045216134557946416, -0.025963787041233873, 5.5061956798563525], [-0.056268967449888865, -0.03231049054020215, 7.341594239808469], [-0.06531219436147816, -0.03750324794844893, 9.176992799760587], [-0.07234581529271426, -0.0415420592659742, 11.012391359712705], [-0.0773698302435972, -0.04442692449277796, 12.84778991966482], [-0.08038423921412695, -0.04615784362886021, 14.683188479616938], [-0.08138904220430354, -0.04673481667422097, 16.518587039569056], [-0.08038423921412695, -0.04615784362886021, 18.353985599521174], [-0.0773698302435972, -0.04442692449277796, 20.18938415947329], [-0.07234581529271426, -0.0415420592659742, 22.024782719425406], [-0.06531219436147816, -0.03750324794844893, 23.860181279377525], [-0.056268967449888886, -0.03231049054020216, 25.69557983932964], [-0.04521613455794643, -0.025963787041233883, 27.530978399281757], [-0.032153695685650796, -0.018463137451544095, 29.36637695923388], [-0.017081650833001987, -0.0098085417711328, 31.201775519185993], [0.0, 0.0, 33.03717407913811]], "radius": [2.929661357600378, 2.929661357600378, 2.929661357600378, 2.929661357600378, 2.9293787008926917, 2.880780761499752, 2.752989318188074, 2.557597457345006, 2.312330894115764, 2.039439916796331, 1.763680867379626, 1.5100702759175404, 1.3016153909344974, 1.1572269894500464, 1.090003813980601, 1.1060442703368567, 1.203893187566742, 1.3746738293179797, 1.6028931807078743], "ref_radius": [2.929661357600378, 2.929661357600378, 2.929661357600378, 2.929661357600378, 2.929661357600378, 2.929661357600378, 2.929661357600378, 2.929661357600378, 2.929661357600378, 2.929661357600378, 2.929661357600378, 2.929661357600378, 2.929661357600378, 2.929661357600378, 2.929661357600378, 2.929661357600378, 2.929661357600378, 2.929661357600378, 2.929661357600378], "length": 33.03717407913811, "seg_id": 0, "type": "Root", "parent": null, "children": [1, 2]}, {"pos": [[0.0, 0.0, 33.03717407913811], [1.102115461277497, -0.3297015403677499, 34.28762155935318], [2.2238237196276147, -0.6316252880497882, 35.53806903956824], [3.3651247750503535, -0.9057712430461147, 36.78851651978331], [4.526018627545712, -1.1521394053567298, 38.03896399999838], [5.706505277113692, -1.3707297749816327, 39.289411480213445], [6.9065847237542926, -1.5615423519208242, 40.53985896042852], [8.126256967467514, -1.7245771361743039, 41.790306440643576], [9.365522008253356, -1.859834127742072, 43.04075392085864], [10.624379846111818, -1.9673133266241285, 44.29120140107371], [11.902830481042901, -2.047014732820473, 45.54164888128878], [13.200873913046605, -2.098938346331106, 46.79209636150384], [14.51851014212293, -2.123084167156027, 48.04254384171891], [15.855739168271874, -2.1194521952952368, 49.292991321933975], [17.21256099149344, -2.088042430748735, 50.54343880214904], [18.588975611787628, -2.0288548735165213, 51.793886282364106], [19.984983029154435, -1.9418895235985956, 53.04433376257917]], "radius": [1.9589006990474254, 1.9589006990474254, 1.9589006990474254, 1.9589006990474254, 1.9589006990474254, 1.9589006990474254, 1.9589006990474254, 1.9589006990474254, 1.9589006990474254, 1.9589006990474254, 1.9589006990474254, 1.9589006990474254, 1.9589006990474254, 1.9589006990474254, 1.9589006990474254, 1.9589006990474254, 1.9589006990474254], "ref_radius": [1.9589006990474254, 1.9589006990474254, 1.9589006990474254, 1.9589006990474254, 1.9589006990474254, 1.9589006990474254, 1.9589006990474254, 1.9589006990474254, 1.9589006990474254, 1.9589006990474254, 1.9589006990474254, 1.9589006990474254, 1.9589006990474254, 1.9589006990474254, 1.9589006990474254, 1.9589006990474254, 1.9589006990474254], "length": 28.345315665840843, "seg_id": 1, "type": "Side", "parent": 0, "children": []}, {"pos": [[0.0, 0.0, 33.03717407913811], [-0.13907231023020408, -0.3218423977808471, 34.79329631964558], [-0.28024317694932804, -0.6215668198810376, 36.54941856015304], [-0.4235126001573719, -0.8991732663005714, 38.3055408006605], [-0.5688805798543357, -1.1546617370394485, 40.061663041167975], [-0.7163471160402195, -1.388032232097669, 41.81778528167544], [-0.8659122087150231, -1.5992847514752329, 43.57390752218291], [-1.0175758578787466, -1.78841929517214, 45.33002976269037], [-1.17133806353139, -1.9554358631883906, 47.08615200319784], [-1.3271988256729534, -2.1003344555239845, 48.842274243705305], [-1.4851581443034365, -2.223115072178922, 50.59839648421277], [-1.6452160194228398, -2.3237777131532025, 52.354518724720236], [-1.8073724510311626, -2.402322378446826, 54.110640965227695], [-1.9716274391284059, -2.458749068059794, 55.86676320573517], [-2.1379809837145687, -2.4930577819921043, 57.622885446242634], [-2.3064330847896515, -2.505248520243758, 59.37900768675009], [-2.476983742353654, -2.4953212828147557, 61.13512992725757], [-2.6496329564065766, -2.4632760697050964, 62.89125216776503]], "radius": [1.8678474560418301, 1.6893560429227943, 1.4633877413231462, 1.2772578488650335, 1.1429954776035205, 1.0687799664259507, 1.058399366944998, 1.1110299577874427, 1.2213489235667303, 1.3799682672920945, 1.574155089658427, 1.777860709031372, 1.5517245363817858, 1.3459296650852544, 1.1721408884743825, 1.039918223670381, 0.9561556783048846, 0.9246907163201565], "ref_radius": [2.929661357600378, 2.9129544223367945, 2.896247487073211, 2.8795405518096273, 2.8628336165460437, 2.84612668128246, 2.8294197460188766, 2.812712810755293, 2.79600587549171, 2.7792989402281263, 2.7625920049645427, 2.745885069700959, 2.7291781344373756, 2.712471199173792, 2.6957642639102084, 2.679057328646625, 2.6623503933830412, 2.6456434581194577], "length": 30.072483474450387, "seg_id": 2, "type": "Main", "parent": 0, "children": [3, 4]}, {"pos": [[-2.6496329564065766, -2.4632760697050964, 62.89125216776503], [-1.0744955726386713, -2.490062128126384, 64.33677162532912], [0.44636329987954526, -2.5314550442028927, 65.78229108289324], [1.9129436611480743, -2.5874548179346206, 67.22781054045733], [3.3252455111669157, -2.6580614493215693, 68.67332999802143], [4.683268849936068, -2.7432749383637374, 70.11884945558552], [5.987013677455534, -2.8430952850611257, 71.56436891314962], [7.236479993725309, -2.957522489413734, 73.00988837071371], [8.4316677987454, -3.0865565514215625, 74.45540782827783], [9.5725770925158, -3.230197471084611, 75.90092728584192], [10.659207875036513, -3.3884452484028795, 77.34644674340602], [11.69156014630754, -3.5612998833763685, 78.79196620097011], [12.669633906328876, -3.7487613760050773, 80.23748565853421]], "radius": [1.4495205628056522, 1.4495205628056522, 1.4495205628056522, 1.4495205628056522, 1.4495205628056522, 1.4495205628056522, 1.4495205628056522, 1.4495205628056522, 1.4495205628056522, 1.4495205628056522, 1.4495205628056522, 1.4495205628056522, 1.4495205628056522], "ref_radius": [1.4495205628056522, 1.4495205628056522, 1.4495205628056522, 1.4495205628056522, 1.4495205628056522, 1.4495205628056522, 1.4495205628056522, 1.4495205628056522, 1.4495205628056522, 1.4495205628056522, 1.4495205628056522, 1.4495205628056522, 1.4495205628056522], "length": 23.178097980651902, "seg_id": 3, "type": "Side", "parent": 2, "children": []}, {"pos": [[-2.6496329564065766, -2.4632760697050964, 62.89125216776503], [-2.996231964860739, -2.1852789115889744, 64.84728179778939], [-3.278528056475936, -2.0110140376163175, 66.80331142781375], [-3.496521231252166, -1.9404814477871264, 68.75934105783811], [-3.65021148918943, -1.9736811421014, 70.71537068786247], [-3.7395988302877265, -2.110613120559139, 72.67140031788684], [-3.764683254547057, -2.351277383160343, 74.6274299479112], [-3.7254647619674213, -2.695673929905012, 76.58345957793556], [-3.6219433525488185, -3.1438027607931467, 78.53948920795992]],