{"case_id": "LAD_1050_bc8", "artery_type": "LAD", "segments": [{"pos": [[0.0, 0.0, 0.0], [0.09924990356674013, 0.16730268411028548, 1.7832041106857281], [0.1880524488632971, 0.3169945593668567, 3.5664082213714567], [0.26640763588967087, 0.44907562576971366, 5.349612332057185], [0.33431546464586154, 0.5635458833188565, 7.132816442742914], [0.3917759351318689, 0.6604053320142849, 8.916020553428641], [0.43878904734769325, 0.739653971855999, 10.699224664114372], [0.47535480129333424, 0.8012918028439988, 12.482428774800098], [0.5014731969687922, 0.8453188249782845, 14.265632885485825], [0.517144234374067, 0.871735038258856, 16.048836996171556], [0.5223679135091586, 0.8805404426857131, 17.832041106857282], [0.517144234374067, 0.8717350382588559, 19.615245217543013], [0.5014731969687922, 0.8453188249782845, 21.398449328228743], [0.47535480129333424, 0.8012918028439988, 23.181653438914466], [0.43878904734769314, 0.7396539718559989, 24.964857549600197], [0.3917759351318689, 0.6604053320142849, 26.748061660285924], [0.3343154646458614, 0.5635458833188562, 28.531265770971654], [0.26640763588967076, 0.4490756257697135, 30.31446988165738], [0.18805244886329706, 0.31699455936685667, 32.09767399234311], [0.09924990356674, 0.16730268411028526, 33.880878103028834], [0.0, 0.0, 35.664082213714565]], "radius": [2.02200130239521, 2.02200130239521, 2.02200130239521, 2.02200130239521, 2.012926529650145, 1.9274526153495366, 1.7618005532173755, 1.5365279107646668, 1.2795912222838073, 1.022876558201647, 0.7982424355206714, 0.6335661476645198, 0.5492841676929945, 0.5558559639092635, 0.6524659705869147, 0.8271248003983696, 1.058157137992726, 1.316891665813236, 1.4185213446295508, 1.2058443990022905, 1.0090022215223218], "ref_radius": [2.02200130239521, 2.02200130239521, 2.02200130239521, 2.02200130239521, 2.02200130239521, 2.02200130239521, 2.02200130239521, 2.02200130239521, 2.02200130239521, 2.02200130239521, 2.02200130239521, 2.02200130239521, 2.02200130239521, 2.02200130239521, 2.02200130239521, 2.02200130239521, 2.02200130239521, 2.02200130239521, 2.02200130239521, 2.02200130239521, 2.02200130239521], "length": 35.664082213714565, "seg_id": 0, "type": "Root", "parent": null, "children": [1, 2]}, {"pos": [[0.0, 0.0, 35.664082213714565], [1.0711492650955854, -0.12055864294176921, 37.03143585700178], [2.196155250076002, -0.20996139507508715, 38.398789500289], [3.37501795494125, -0.26820825639995377, 39.766143143576215], [4.607737379691329, -0.2952992269163691, 41.13349678686345], [5.894313524326238, -0.2912343066243332, 42.500850430150656], [7.234746388845981, -0.2560134955238459, 43.86820407343787], [8.629035973250552, -0.18963679361490743, 45.23555771672509], [10.077182277539956, -0.09210420089751753, 46.602911360012314], [11.579185301714192, 0.03658428262832364, 47.97026500329953], [13.135045045773255, 0.1964286569626159, 49.33761864658675], [14.744761509717152, 0.3874289221053597, 50.70497228987396], [16.408334693545882, 0.6095850780565548, 52.07232593316118]], "radius": [1.3297772069356335, 1.3297772069356335, 1.3297772069356335, 1.3297772069356335, 1.3297772069356335, 1.3297772069356335, 1.3297772069356335, 1.3297772069356335, 1.3297772069356335, 1.3297772069356335, 1.3297772069356335, 1.3297772069356335, 1.3297772069356335], "ref_radius": [1.3297772069356335, 1.3297772069356335, 1.3297772069356335, 1.3297772069356335, 1.3297772069356335, 1.3297772069356335, 1.3297772069356335, 1.3297772069356335, 1.3297772069356335, 1.3297772069356335, 1.3297772069356335, 1.3297772069356335, 1.3297772069356335], "length": 23.21283057577361, "seg_id": 1, "type": "Side", "parent": 0, "children": []}, {"pos": [[0.0, 0.0, 35.664082213714565], [0.15105800480600817, -0.01797402902144229, 37.44704365309377], [0.28074043325389036, -0.04414369301088304, 39.23000509247297], [0.3890472853436467, -0.07850899196832223, 41.01296653185218], [0.4759785610752771, -0.1210699258937599, 42.795927971231386], [0.5415342604487816, -0.17182649478719603, 44.57888941061059], [0.5857143834641602, -0.23077869864863057, 46.36185084998979], [0.6085189301214129, -0.2979265374780636, 48.144812289369], [0.6099479004205396, -0.3732700112754951, 49.92777372874821], [0.5900012943615404, -0.45680912004092505, 51.710735168127414], [0.5486791119444154, -0.5485438637743535, 53.49369660750662], [0.48598135316916435, -0.6484742424757802, 55.27665804688583], [0.4019080180357876, -0.7566002561452054, 57.059619486265035], [0.29645910654428476, -0.8729219047826293, 58.84258092564424], [0.16963461869465604, -0.9974391883880515, 60.625542365023435], [0.021434554486901347, -1.1301521069614722, 62.40850380440264], [-0.14814108607897927, -1.2710606605028913, 64.19146524378185], [-0.33909230300298576, -1.4201648490123089, 65.97442668316106]], "radius": [0.8483514057229511, 0.7343317567234646, 0.6850020773179815, 0.703187733519903, 0.7847153157513342, 0.9189601620819661, 1.090050773327297, 1.1948555719257028, 0.9448456594933733, 0.7269878193054602, 0.5651511172437993, 0.4761663010406816, 0.46796152704748617, 0.5387850747020708, 0.677587888205982, 0.8654998295723358, 1.0782048756842229, 1.2889172762488612], "ref_radius": [2.02200130239521, 2.005142696196096, 1.9882840899969825, 1.9714254837978686, 1.9545668775987548, 1.937708271399641, 1.9208496652005271, 1.9039910590014133, 1.8871324528022995, 1.8702738466031856, 1.8534152404040718, 1.8365566342049577, 1.8196980280058441, 1.80283942180673, 1.7859808156076162, 1.7691222094085024, 1.7522636032093886, 1.7354049970102747], "length": 30.34549115840492, "seg_id": 2, "type": "Main", "parent": 0, "children": [3, 4]}, {"pos": [[-0.33909230300298576, -1.4201648490123089, 65.97442668316106], [1.1526138285730807, -1.3742425765813122, 67.40959723471504], [2.6123727428612993, -1.3258944194837905, 68.84476778626903], [4.040184439861669, -1.2751203777197437, 70.27993833782304], [5.4360489195741915, -1.2219204512891715, 71.71510888937703], [6.799966181998865, -1.166294640192074, 73.15027944093103], [8.13193622713569, -1.1082429444284514, 74.58544999248502], [9.431959054984668, -1.0477653639983036, 76.02062054403902], [10.700034665545797, -0.9848618989016302, 77.45579109559301], [11.936163058819078, -0.9195325491384319, 78.89096164714701], [13.140344234804513, -0.8517773147087081, 80.326132198701], [14.312578193502096, -0.7815961956124593, 81.761302750255]], "radius": [1.081199987140288, 1.081199987140288, 1.081199987140288, 1.081199987140288, 1.081199987140288, 1.081199987140288, 1.081199987140288, 1.081199987140288, 1.081199987140288, 1.081199987140288, 1.081199987140288, 1.081199987140288], "ref_radius": [1.081199987140288, 1.081199987140288, 1.081199987140288, 1.081199987140288, 1.081199987140288, 1.081199987140288, 1.081199987140288, 1.081199987140288, 1.081199987140288, 1.081199987140288, 1.081199987140288, 1.081199987140288], "length": 21.547730140807072, "seg_id": 3, "type": "Side", "parent": 2, "children": []}, {"pos": [[-0.33909230300298576, -1.4201648490123089, 65.97442668316106], [-0.47135148107820046, -1.1602095377420065, 67.8106257153192], [-0.5697722116388426, -0.9307842213178311, 69.64682474747734], [-0.6343544946849121, -0.7318888997397828, 71.4830237796355], [-0.665098330216409, -0.5635235730078614, 73.31922281179364], [-0.6620037182333331, -0.42568824112206693, 75.15542184395177], [-0.6250706587356846, -0.31838290408239944, 76.9916208761099], [-0.5542991517234637, -0.24160756188885896, 78.82781990826805], [-0.4496891971966701, -0.1953622145414455, 80.66401894042619], [-0.31124079515530373, -0.17964686204015906, 82.50021797258432], [-0.13895394559936503, -0.1944615043849995, 84.33641700474249], [0.06717135147114639, -0.2398061415759669, 86.17261603690062], [0.3071350960562308, -0.31568077361306157, 88.00881506905877], [0.5809372881558874, -0.42208540049628307, 89.8450141012169], [0.8885779277701167, -0.5590200222256315, 91.68121313337505], [1.2300570148989185, -0.7264846388011069, 93.51741216553319]],