{"case_id": "LAD_2579_bc7", "artery_type": "LAD", "segments": [{"pos": [[0.0, 0.0, 0.0], [-0.19510083864912217, 0.13174833887514048, 1.8305127447191476], [-0.3685238063372307, 0.2488579734308209, 3.6610254894382948], [-0.5202689030643257, 0.3513289036670412, 5.491538234157442], [-0.6503361288304071, 0.4391611295838016, 7.3220509788765895], [-0.7587254836354751, 0.5123546511811019, 9.152563723595737], [-0.8454369674795293, 0.5709094684589421, 10.983076468314884], [-0.91047058036257, 0.6148255814173222, 12.813589213034032], [-0.9538263222845973, 0.6441029900562424, 14.644101957753179], [-0.975504193245611, 0.6587416943757025, 16.47461470247233], [-0.9755041932456109, 0.6587416943757024, 18.305127447191474], [-0.9538263222845973, 0.6441029900562424, 20.135640191910625], [-0.9104705803625701, 0.6148255814173222, 21.96615293662977], [-0.8454369674795296, 0.5709094684589422, 23.796665681348916], [-0.7587254836354751, 0.5123546511811019, 25.627178426068063], [-0.6503361288304071, 0.4391611295838016, 27.457691170787214], [-0.5202689030643259, 0.3513289036670414, 29.288203915506358], [-0.3685238063372311, 0.24885797343082114, 31.118716660225505], [-0.19510083864912234, 0.1317483388751406, 32.94922940494465], [0.0, 0.0, 34.779742149663804]], "radius": [2.5228409804767598, 2.5228409804767598, 2.5228409804767598, 2.5228409804767598, 2.5228409804767598, 2.522720958365205, 2.363807732938792, 1.954011632778752, 1.4238685490069485, 0.9422495368511361, 0.6625688599132324, 0.6739156197717964, 0.9726754350090814, 1.4636817613408162, 1.9905301129040214, 2.385398933977378, 2.5228409804767598, 2.5228409804767598, 2.5228409804767598, 2.5228409804767598], "ref_radius": [2.5228409804767598, 2.5228409804767598, 2.5228409804767598, 2.5228409804767598, 2.5228409804767598, 2.5228409804767598, 2.5228409804767598, 2.5228409804767598, 2.5228409804767598, 2.5228409804767598, 2.5228409804767598, 2.5228409804767598, 2.5228409804767598, 2.5228409804767598, 2.5228409804767598, 2.5228409804767598, 2.5228409804767598, 2.5228409804767598, 2.5228409804767598, 2.5228409804767598], "length": 34.779742149663804, "seg_id": 0, "type": "Root", "parent": null, "children": [1, 2]}, {"pos": [[0.0, 0.0, 34.779742149663804], [1.0903304927584714, -0.1927824259946696, 36.16321591913385], [2.2125014746117504, -0.36458476876202345, 37.54668968860389], [3.3665129455598373, -0.5154070283020616, 38.93016345807392], [4.552364905602731, -0.6452492046147841, 40.313637227543964], [5.770057354740434, -0.7541112977001906, 41.69711099701401], [7.019590292972943, -0.8419933075582816, 43.080584766484044], [8.300963720300262, -0.908895234189057, 44.46405853595409], [9.614177636722387, -0.9548170775925165, 45.847532305424124], [10.959232042239318, -0.9797588377686604, 47.23100607489417], [12.336126936851059, -0.9837205147174886, 48.61447984436421], [13.744862320557608, -0.966702108439001, 49.99795361383425], [15.185438193358964, -0.9287036189331976, 51.38142738330429], [16.657854555255128, -0.8697250462000786, 52.764901152774335], [18.1621114062461, -0.7897663902396438, 54.14837492224437]], "radius": [1.4695695605791934, 1.4695695605791934, 1.4695695605791934, 1.4695695605791934, 1.4695695605791934, 1.4695695605791934, 1.4695695605791934, 1.4695695605791934, 1.4695695605791934, 1.4695695605791934, 1.4695695605791934, 1.4695695605791934, 1.4695695605791934, 1.4695695605791934, 1.4695695605791934], "ref_radius": [1.4695695605791934, 1.4695695605791934, 1.4695695605791934, 1.4695695605791934, 1.4695695605791934, 1.4695695605791934, 1.4695695605791934, 1.4695695605791934, 1.4695695605791934, 1.4695695605791934, 1.4695695605791934, 1.4695695605791934, 1.4695695605791934, 1.4695695605791934, 1.4695695605791934], "length": 26.563696225546792, "seg_id": 1, "type": "Side", "parent": 0, "children": []}, {"pos": [[0.0, 0.0, 34.779742149663804], [0.2794548650559745, -0.38067177391014456, 36.606622127422405], [0.5158288015326967, -0.7232993131829638, 38.433502105181006], [0.7091218094301666, -1.027882617818458, 40.26038208293961], [0.8593338887483845, -1.2944216878166268, 42.08726206069821], [0.9664650394873499, -1.5229165231774708, 43.914142038456816], [1.030515261647063, -1.7133671239009893, 45.74102201621541], [1.051484555227524, -1.8657734899871825, 47.56790199397402], [1.0293729202287327, -1.9801356214360508, 49.39478197173261], [0.964180356650689, -2.0564535182475936, 51.22166194949122], [0.8559068644933931, -2.0947271804218115, 53.04854192724982], [0.7045524437568452, -2.094956607958704, 54.87542190500842]], "radius": [2.5228409804767598, 2.505993593971466, 2.4891462074661725, 2.4722988209608787, 2.4554514344555853, 2.4386040479502915, 2.4217566614449977, 2.4049092749397043, 2.3880618884344105, 2.371214501929117, 2.3543671154238233, 2.3375197289185294], "ref_radius": [2.5228409804767598, 2.505993593971466, 2.4891462074661725, 2.4722988209608787, 2.4554514344555853, 2.4386040479502915, 2.4217566614449977, 2.4049092749397043, 2.3880618884344105, 2.371214501929117, 2.3543671154238233, 2.3375197289185294], "length": 20.216863806352386, "seg_id": 2, "type": "Main", "parent": 0, "children": [3, 4]}, {"pos": [[0.7045524437568452, -2.094956607958704, 54.87542190500842], [2.081322516342765, -2.6753403619219593, 56.32525314265886], [3.470238756211957, -3.1667768132742316, 57.77508438030929], [4.871301163364421, -3.5692659620155203, 59.22491561795972], [6.284509737800159, -3.8828078081458255, 60.67474685561015], [7.709864479519166, -4.107402351665147, 62.12457809326058], [9.147365388521449, -4.2430495925734855, 63.57440933091102], [10.597012464807001, -4.289749530870841, 65.02424056856145], [12.058805708375827, -4.247502166557212, 66.47407180621188]], "radius": [1.6722337997608525, 1.6722337997608525, 1.6722337997608525, 1.6722337997608525, 1.6722337997608525, 1.6722337997608525, 1.6722337997608525, 1.6722337997608525, 1.6722337997608525], "ref_radius": [1.6722337997608525, 1.6722337997608525, 1.6722337997608525, 1.6722337997608525, 1.6722337997608525, 1.6722337997608525, 1.6722337997608525, 1.6722337997608525, 1.6722337997608525], "length": 16.373185368450454, "seg_id": 3, "type": "Side", "parent": 2, "children": []}, {"pos": [[0.7045524437568452, -2.094956607958704, 54.87542190500842], [0.7475670370698937, -2.4203808453793023, 56.71063775668601], [0.8112568804446113, -2.7233227166933425, 58.545853608363586], [0.8956219738809984, -3.003782221900825, 60.38106946004117], [1.0006623173790545, -3.261759361001749, 62.21628531171875], [1.1263779109387801, -3.4972541339961154, 64.05150116339632], [1.272768754560175, -3.710266540883924, 65.8867170150739], [1.439834848243239, -3.9007965816651744, 67.72193286675147], [1.627576191987972, -4.068844256339867, 69.55714871842906], [1.8359927857943745, -4.214409564908002, 71.39236457010664], [2.0650846296624468, -4.337492507369579, 73.22758042178421], [2.314851723592188, -4.438093083724598, 75.0627962734618], [2.5852940675835985, -4.51621129397306, 76.89801212513937], [2.8764116616366784, -4.571847138114963, 78.73322797681695], [3.1882045057514277, -4.605000616150309, 80.56844382849454], [3.5206725999278454, -4.615671728079096, 82.40365968017211]], "radius": [2.320672342413236, 2.303305793069284, 2.2859392437253323, 2.26857269438138, 2.2512061450374286, 2.2338395956934765, 2.216473046349525, 2.1991064970055727, 2.181739947661621, 2.164373398317669, 2.1470068489737173, 2.129640299629765, 2.1122737502858135, 2.0949072009418614, 2.0775406515979093, 2.0601741022539577], "ref_radius": [2.320672342413236, 2.303305793069284, 2.2859392437253323, 2.26857269438138, 2.2512061450374286, 2.2338395956934765, 2.216473046349525, 2.1991064970055727, 2.181739947661621, 2.164373398317669, 2.1470068489737173, 2.129640299629765, 2.1122737502858135, 2.0949072009418614, 2.0775406515979093, 2.0601741022539577], "length": 27.78647895032303, "seg_id": 4, "type": "Main", "parent": 2,