{"case_id": "LAD_2677_bc0", "artery_type": "LAD", "segments": [{"pos": [[0.0, 0.0, 0.0], [0.18916378170455547, 0.04061662575266928, 1.801670445033223], [0.35730936544193803, 0.07672029308837529, 3.6033408900664456], [0.5044367512121478, 0.10831100200711806, 5.405011335099668], [0.6305459390151849, 0.1353887525088976, 7.206681780132891], [0.735636928851049, 0.15795354459371386, 9.008352225166115], [0.8197097207197404, 0.17600537826156687, 10.810022670199338], [0.8827643146212587, 0.1895442535124566, 12.61169311523256], [0.9248007105556045, 0.19857017034638313, 14.413363560265784], [0.9458189085227774, 0.20308312876334642, 16.215034005299007], [0.9458189085227774, 0.2030831287633464, 18.016704450332227], [0.9248007105556045, 0.19857017034638313, 19.818374895365455], [0.8827643146212588, 0.18954425351245663, 21.620045340398676], [0.8197097207197405, 0.1760053782615669, 23.421715785431896], [0.735636928851049, 0.15795354459371386, 25.22338623046512], [0.6305459390151849, 0.1353887525088976, 27.025056675498345], [0.504436751212148, 0.1083110020071181, 28.826727120531565], [0.3573093654419384, 0.07672029308837537, 30.62839756556479], [0.18916378170455564, 0.04061662575266931, 32.430068010598006], [0.0, 0.0, 34.23173845563124]], "radius": [2.334098011597517, 2.334098011597517, 2.334098011597517, 2.334098011597517, 2.334098011597517, 2.334098011597517, 2.334098011597517, 2.334098011597517, 2.334098011597517, 2.334098011597517, 2.334098011597517, 1.874066745673296, 0.9045606724285065, 0.4675997264612308, 1.0334067252790657, 1.9931049177556894, 2.334098011597517, 2.334098011597517, 2.334098011597517, 2.334098011597517], "ref_radius": [2.334098011597517, 2.334098011597517, 2.334098011597517, 2.334098011597517, 2.334098011597517, 2.334098011597517, 2.334098011597517, 2.334098011597517, 2.334098011597517, 2.334098011597517, 2.334098011597517, 2.334098011597517, 2.334098011597517, 2.334098011597517, 2.334098011597517, 2.334098011597517, 2.334098011597517, 2.334098011597517, 2.334098011597517, 2.334098011597517], "length": 34.23173845563124, "seg_id": 0, "type": "Root", "parent": null, "children": [1, 2]}, {"pos": [[0.0, 0.0, 34.23173845563124], [1.3890154905749, -0.16312739441517082, 35.621870738181016], [2.7592231459844383, -0.2924167295940901, 37.01200302073079], [4.110622966228615, -0.38786800553675777, 38.40213530328056], [5.443214951307429, -0.4494812222431739, 39.79226758583033], [6.756999101220881, -0.47725637971333845, 41.1823998683801], [8.051975415968972, -0.47119347794725147, 42.572532150929874], [9.328143895551701, -0.4312925169449129, 43.962664433479645], [10.585504539969067, -0.3575534967063228, 45.352796716029424], [11.824057349221071, -0.24997641723148112, 46.742928998579195], [13.043802323307714, -0.10856127852038795, 48.13306128112897]], "radius": [1.3827493440322893, 1.3827493440322893, 1.3827493440322893, 1.3827493440322893, 1.3827493440322893, 1.3827493440322893, 1.3827493440322893, 1.3827493440322893, 1.3827493440322893, 1.3827493440322893, 1.3827493440322893], "ref_radius": [1.3827493440322893, 1.3827493440322893, 1.3827493440322893, 1.3827493440322893, 1.3827493440322893, 1.3827493440322893, 1.3827493440322893, 1.3827493440322893, 1.3827493440322893, 1.3827493440322893, 1.3827493440322893], "length": 19.06303598326945, "seg_id": 1, "type": "Side", "parent": 0, "children": []}, {"pos": [[0.0, 0.0, 34.23173845563124], [0.06928936485881096, 0.38198000976326757, 36.24119582213756], [0.1213115983356582, 0.6881380695697007, 38.25065318864389], [0.15606670043054174, 0.9184741794192993, 40.26011055515021], [0.17355467114346157, 1.0729883393120634, 42.26956792165654], [0.17377551047441767, 1.1516805492479931, 44.27902528816286], [0.15672921842341006, 1.1545508092270882, 46.28848265466919], [0.12241579499043875, 1.0815991192493488, 48.297940021175506], [0.0708352401755037, 0.9328254793147752, 50.30739738768184], [0.0019875539786049067, 0.7082298894233667, 52.316854754188164]], "radius": [2.334098011597517, 2.3159990330335494, 2.297900054469581, 2.278675006798035, 2.1266054159000998, 1.788021962243397, 1.3494478116004511, 0.9215452120682353, 0.6104697738709408, 0.4908361145204452], "ref_radius": [2.334098011597517, 2.3159990330335494, 2.297900054469581, 2.2798010759056133, 2.261702097341645, 2.2436031187776773, 2.225504140213709, 2.207405161649741, 2.1893061830857734, 2.171207204521805], "length": 18.09897856396799, "seg_id": 2, "type": "Main", "parent": 0, "children": [3, 4]}, {"pos": [[0.0019875539786049067, 0.7082298894233667, 52.316854754188164], [1.0025888763853423, 0.6893111869279525, 53.973534602931046], [1.9756963770064897, 0.6582772233653355, 55.63021445167392], [2.9213100558420475, 0.6151279987355152, 57.28689430041678], [3.8394299128920157, 0.5598635130384925, 58.94357414915967], [4.7300559481563935, 0.4924837662742668, 60.60025399790254], [5.593188161635183, 0.4129887584428381, 62.25693384664541], [6.428826553328383, 0.3213784895442069, 63.91361369538829], [7.236971123235993, 0.21765295957837277, 65.57029354413118], [8.01762187135801, 0.10181216854533581, 67.22697339287404], [8.77077879769444, -0.02614388355490399, 68.88365324161693], [9.496441902245282, -0.1662151967223468, 70.54033309035981], [10.194611185010533, -0.3184017709569923, 72.19701293910268], [10.865286645990196, -0.4827036062588406, 73.85369278784556], [11.508468285184266, -0.659120702627892, 75.51037263658843]], "radius": [1.4059653858111192, 1.4059653858111192, 1.4059653858111192, 1.4059653858111192, 1.4059653858111192, 1.4059653858111192, 1.4059653858111192, 1.4059653858111192, 1.4059653858111192, 1.4059653858111192, 1.4059653858111192, 1.4059653858111192, 1.4059653858111192, 1.4059653858111192, 1.4059653858111192], "ref_radius": [1.4059653858111192, 1.4059653858111192, 1.4059653858111192, 1.4059653858111192, 1.4059653858111192, 1.4059653858111192, 1.4059653858111192, 1.4059653858111192, 1.4059653858111192, 1.4059653858111192, 1.4059653858111192, 1.4059653858111192, 1.4059653858111192, 1.4059653858111192, 1.4059653858111192], "length": 25.926974721714274, "seg_id": 3, "type": "Side", "parent": 2, "children": []}, {"pos": [[0.0019875539786049067, 0.7082298894233667, 52.316854754188164], [0.02438005831157278, 0.5656056074511775, 54.17572628854424], [0.037768941660697816, 0.43448489070650737, 56.03459782290032], [0.04215420402598001, 0.3148677391893561, 57.89346935725639], [0.037535845407419346, 0.2067541528997239, 59.75234089161248], [0.023913865805015852, 0.1101441318376106, 61.611212425968546], [0.0012882652187695687, 0.025037676003016377, 63.47008396032463], [-0.030340956351319615, -0.048565214604058965, 65.32895549468071], [-0.07097379890525166, -0.11066453998361533, 67.18782702903678], [-0.12061026244302651, -0.16126030013565273, 69.04669856339287], [-0.1792503469646442, -0.20035249506017114, 70.90557009774895], [-0.2468940524701047, -0.22794112475717054, 72.76444163210502], [-0.323541378959408, -0.24402618922665098, 74.6233131664611], [-0.4091923264325542, -0.24860768846861253, 76.48218470081719], [-0.5038468948895433, -0.24168562248305503, 78.34105623517327], [-0.6075050843303751, -0.22325999126997856, 80.19992776952934], [-0.72016689475505, -0.19333079482938315, 82.05879930388544], [-0.8418323261635675, -0.1518980331612687, 83.9176708382415]], "radius": [0.5871790837207862, 0.8687270377028959, 1.2577840920565628, 1.6506002458891003, 1.9441707413633293, 2.062524141657219, 2.0476956276589258, 2.0301268612757735, 2.0125580948926216, 1.9949893285094698, 1.9774205621263177, 1.9598517957431656, 1.9422830293600137, 1.9247142629768619, 1.9071454965937098, 1.8895767302105577, 1.8720079638274059, 1.854439197444254],