{"case_id": "LAD_3751_bc3", "artery_type": "LAD", "segments": [{"pos": [[0.0, 0.0, 0.0], [0.08937360769874662, -0.1813459949466368, 1.8422949498196755], [0.16499742959768604, -0.33479260605532946, 3.6845898996393505], [0.22687146569681832, -0.46033983332607803, 5.526884849459026], [0.2749957159961434, -0.5579876767588825, 7.369179799278702], [0.30937018049566134, -0.6277361363537427, 9.211474749098375], [0.3299948591953721, -0.6695852121106589, 11.05376969891805], [0.3368697520952757, -0.683534904029631, 12.896064648737728], [0.3299948591953721, -0.6695852121106589, 14.738359598557402], [0.30937018049566134, -0.6277361363537428, 16.580654548377076], [0.2749957159961435, -0.5579876767588825, 18.42294949819675], [0.22687146569681835, -0.4603398333260781, 20.26524444801643], [0.1649974295976861, -0.33479260605532957, 22.107539397836103], [0.08937360769874671, -0.181345994946637, 23.949834347655777], [0.0, 0.0, 25.792129297475455]], "radius": [2.2316556604697326, 2.2316556604697326, 2.2316556604697326, 2.2316556604697326, 2.2316556604697326, 2.2316556604697326, 2.2237908654713854, 1.9473093368739305, 1.4163208127766822, 0.9184614140448069, 0.723421236958564, 0.9368534122429941, 1.4431418763099038, 1.9680305139436698, 2.2271875086104815], "ref_radius": [2.2316556604697326, 2.2316556604697326, 2.2316556604697326, 2.2316556604697326, 2.2316556604697326, 2.2316556604697326, 2.2316556604697326, 2.2316556604697326, 2.2316556604697326, 2.2316556604697326, 2.2316556604697326, 2.2316556604697326, 2.2316556604697326, 2.2316556604697326, 2.2316556604697326], "length": 25.792129297475455, "seg_id": 0, "type": "Root", "parent": null, "children": [1, 2]}, {"pos": [[0.0, 0.0, 25.792129297475455], [1.564384032878266, 0.1354334385553257, 27.17408664069522], [3.079625257009698, 0.231124850801244, 28.556043983915], [4.545723672394295, 0.2870742367377548, 29.938001327134764], [5.9626792790320575, 0.3032815963648582, 31.319958670354538], [7.330492076922985, 0.2797469296825541, 32.7019160135743], [8.649162066067078, 0.21647023669084253, 34.08387335679407], [9.918689246464336, 0.1134515173897237, 35.46583070001384], [11.139073618114761, -0.02930922822080284, 36.847788043233614], [12.31031518101835, -0.21181200014073676, 38.22974538645338], [13.432413935175104, -0.4340567983700778, 39.61170272967315], [14.505369880585024, -0.6960436229088267, 40.993660072892915], [15.52918301724811, -0.9977724737569831, 42.37561741611269]], "radius": [1.3327071488148838, 1.3327071488148838, 1.3327071488148838, 1.3327071488148838, 1.3327071488148838, 1.3327071488148838, 1.3327071488148838, 1.3327071488148838, 1.3327071488148838, 1.3327071488148838, 1.3327071488148838, 1.3327071488148838, 1.3327071488148838], "ref_radius": [1.3327071488148838, 1.3327071488148838, 1.3327071488148838, 1.3327071488148838, 1.3327071488148838, 1.3327071488148838, 1.3327071488148838, 1.3327071488148838, 1.3327071488148838, 1.3327071488148838, 1.3327071488148838, 1.3327071488148838, 1.3327071488148838], "length": 22.741221455180384, "seg_id": 1, "type": "Side", "parent": 0, "children": []}, {"pos": [[0.0, 0.0, 25.792129297475455], [0.203024035512632, -0.0546567610988668, 27.608316194292023], [0.38639049199335757, -0.12971109472645162, 29.42450309110859], [0.5500993694421767, -0.22516300088275445, 31.240689987925165], [0.6941506678590895, -0.34101247956777525, 33.05687688474173], [0.8185443872440958, -0.4772595307815142, 34.8730637815583], [0.9232805275971958, -0.633904154523971, 36.68925067837487], [1.0083590889183893, -0.8109463507951458, 38.505437575191436], [1.0737800712076764, -1.0083861195950388, 40.321624472008004], [1.119543474465057, -1.2262234609236498, 42.13781136882457], [1.1456492986905311, -1.4644583747809787, 43.95399826564115], [1.152097543884099, -1.7230908611670253, 45.77018516245771], [1.1388882100457605, -2.0021209200817904, 47.586372059274275], [1.1060212971755154, -2.3015485515252734, 49.40255895609084], [1.053496805273364, -2.6213737554974736, 51.21874585290741], [0.9813147343393063, -2.961596531998393, 53.03493274972398], [0.889475084373342, -3.32221688102803, 54.85111964654055], [0.7779778553754713, -3.7032348025863855, 56.66730654335712], [0.6468230473456941, -4.104650296673459, 58.48349344017369]], "radius": [2.2316556604697326, 2.2143112446535, 2.196966828837267, 2.1796224130210344, 2.1622779972048014, 2.144933581388569, 2.127589165572336, 2.110244749756103, 2.09290033393987, 1.975655414120691, 1.2845206797074675, 0.5992259585827311, 0.5965035963445242, 1.2567191153135557, 1.8953552457712248, 1.9714894232262408, 1.954145007410008, 1.9368005915937752, 1.9194561757775424], "ref_radius": [2.2316556604697326, 2.2143112446535, 2.196966828837267, 2.1796224130210344, 2.1622779972048014, 2.144933581388569, 2.127589165572336, 2.110244749756103, 2.09290033393987, 2.0755559181236376, 2.0582115023074046, 2.040867086491172, 2.023522670674939, 2.0061782548587064, 1.9888338390424736, 1.9714894232262408, 1.954145007410008, 1.9368005915937752, 1.9194561757775424], "length": 32.95439005084231, "seg_id": 2, "type": "Main", "parent": 0, "children": [3, 4]}, {"pos": [[0.6468230473456941, -4.104650296673459, 58.48349344017369], [1.9865413333772293, -4.210364025437736, 59.88974117057258], [3.302755720041484, -4.321327576369915, 61.29598890097146], [4.5954662073384585, -4.437540949469996, 62.70223663137034], [5.864672795268153, -4.55900414473798, 64.10848436176923], [7.110375483830568, -4.685717162173865, 65.51473209216812], [8.332574273025703, -4.817680001777652, 66.920979822567], [9.531269162853556, -4.954892663549342, 68.32722755296588], [10.70646015331413, -5.097355147488933, 69.73347528336475], [11.858147244407421, -5.245067453596427, 71.13972301376364], [12.986330436133436, -5.398029581871823, 72.54597074416253], [14.09100972849217, -5.556241532315121, 73.95221847456142], [15.172185121483622, -5.71970330492632, 75.35846620496031], [16.229856615107792, -5.888414899705421, 76.76471393535918]], "radius": [1.270589193860348, 1.270589193860348, 1.270589193860348, 1.270589193860348, 1.270589193860348, 1.270589193860348, 1.270589193860348, 1.270589193860348, 1.270589193860348, 1.270589193860348, 1.270589193860348, 1.270589193860348, 1.270589193860348, 1.270589193860348], "ref_radius": [1.270589193860348, 1.270589193860348, 1.270589193860348, 1.270589193860348, 1.270589193860348, 1.270589193860348, 1.270589193860348, 1.270589193860348, 1.270589193860348, 1.270589193860348, 1.270589193860348, 1.270589193860348, 1.270589193860348, 1.270589193860348], "length": 24.087668507487816, "seg_id": 3, "type": "Side", "parent": 2, "children": []}, {"pos": [[0.6468230473456941, -4.104650296673459, 58.48349344017369], [0.5892192955380258, -3.9056258669330988, 60.53180756603757], [0.5504158613158499, -3.8141613471916505, 62.580121691901454], [0.5304127446791662, -3.830256737449116, 64.62843581776535], [0.5292099456279747, -3.9539120377054933, 66.67674994362923], [0.5468074641622757, -4.185127247960784, 68.72506406949311], [0.583205300282069, -4.523902368214986, 70.77337819535701], [0.6384034539873544, -4.970237398468101, 72.82169232122091], [0.7124019252781323, -5.524132338720129, 74.87000644708479]], "radius": [1.9021117599613095, 1.8838361931114904, 1.865560626261671, 1.847285059411852, 1.8290094925620328, 1.8107339257122135, 1.7924583588623944, 1.7741827920125752, 1.755907225162756], "ref_radius": [1.9021117599613095, 1.8838361931114904, 1.865560626261671, 1.847285059411852, 1.8290094925620328, 1.8107339257122135, 1.7924583588623944, 1.7741827920125752, 1.755907225162756], "length": 16.448010164837275, "seg_id": 4, "type": "Main", "parent": 2,