{"case_id": "LAD_4364_bc4", "artery_type": "LAD", "segments": [{"pos": [[0.0, 0.0, 0.0], [-0.06329288012627046, -0.12935520177434554, 1.8423783956742394], [-0.11913953906121498, -0.2434921445164151, 3.684756791348479], [-0.16753997680483357, -0.3424108282262088, 5.527135187022719], [-0.2084941933571262, -0.4261112529037264, 7.369513582696958], [-0.24200218871809293, -0.4945934185489682, 9.211891978371199], [-0.2680639628877337, -0.5478573251619341, 11.054270374045437], [-0.28667951586604856, -0.5859029727426238, 12.896648769719675], [-0.29784884765303743, -0.6087303612910377, 14.739027165393914], [-0.3015719582487004, -0.6163394908071758, 16.581405561068156], [-0.29784884765303743, -0.6087303612910377, 18.423783956742398], [-0.28667951586604856, -0.5859029727426238, 20.266162352416632], [-0.2680639628877337, -0.5478573251619341, 22.108540748090874], [-0.24200218871809293, -0.4945934185489682, 23.950919143765113], [-0.20849419335712627, -0.4261112529037266, 25.79329753943935], [-0.16753997680483365, -0.3424108282262089, 27.63567593511359], [-0.11913953906121502, -0.2434921445164152, 29.478054330787835], [-0.06329288012627049, -0.1293552017743456, 31.32043272646207], [0.0, 0.0, 33.16281112213631]], "radius": [2.575185178816826, 2.575185178816826, 2.575185178816826, 2.575185178816826, 2.575185178816826, 2.575185178816826, 2.575185178816826, 2.575185178816826, 2.575185178816826, 2.575185178816826, 2.575185178816826, 2.575185178816826, 2.575185178816826, 2.575185178816826, 2.575185178816826, 2.575185178816826, 2.575185178816826, 2.575185178816826, 2.575185178816826], "ref_radius": [2.575185178816826, 2.575185178816826, 2.575185178816826, 2.575185178816826, 2.575185178816826, 2.575185178816826, 2.575185178816826, 2.575185178816826, 2.575185178816826, 2.575185178816826, 2.575185178816826, 2.575185178816826, 2.575185178816826, 2.575185178816826, 2.575185178816826, 2.575185178816826, 2.575185178816826, 2.575185178816826, 2.575185178816826], "length": 33.16281112213631, "seg_id": 0, "type": "Root", "parent": null, "children": [1, 2]}, {"pos": [[0.0, 0.0, 33.16281112213631], [1.3390268886137642, -0.10957654554492288, 34.43701788561015], [2.6862317386583006, -0.17825218992727915, 35.711224649084], [4.041614550133609, -0.20602693314706866, 36.98543141255784], [5.405175323039689, -0.19290077520429155, 38.259638176031686], [6.77691405737654, -0.13887371609894775, 39.53384493950552], [8.156830753144163, -0.043945755831037214, 40.80805170297937], [9.544925410342557, 0.09188310559943974, 42.08225846645321], [10.941198028971726, 0.26861286819248376, 43.35646522992705], [12.345648609031667, 0.48624353194809433, 44.630671993400895], [13.758277150522375, 0.7447750968662713, 45.90487875687474], [15.179083653443861, 1.0442075629470153, 47.17908552034858], [16.608068117796115, 1.384540930190326, 48.45329228382242]], "radius": [1.6999509177327832, 1.6999509177327832, 1.6999509177327832, 1.6999509177327832, 1.6999509177327832, 1.6999509177327832, 1.6999509177327832, 1.6999509177327832, 1.6999509177327832, 1.6999509177327832, 1.6999509177327832, 1.6999509177327832, 1.6999509177327832], "ref_radius": [1.6999509177327832, 1.6999509177327832, 1.6999509177327832, 1.6999509177327832, 1.6999509177327832, 1.6999509177327832, 1.6999509177327832, 1.6999509177327832, 1.6999509177327832, 1.6999509177327832, 1.6999509177327832, 1.6999509177327832, 1.6999509177327832], "length": 22.61733172477704, "seg_id": 1, "type": "Side", "parent": 0, "children": []}, {"pos": [[0.0, 0.0, 33.16281112213631], [0.20122961057323563, 0.5197006078150096, 34.947324002664956], [0.382256692177637, 1.009922831308803, 36.7318368831936], [0.5430812448132042, 1.4706666704813804, 38.516349763722246], [0.6837032684799369, 1.9019321253327413, 40.300862644250884], [0.8041227631778355, 2.303719195862886, 42.08537552477953], [0.9043397289068997, 2.6760278820718146, 43.86988840530817], [0.9843541656671297, 3.0188581839595274, 45.65440128583681], [1.0441660734585254, 3.332210101526023, 47.43891416636545], [1.083775452281087, 3.6160836347713037, 49.22342704689409], [1.1031823021348142, 3.8704787836953676, 51.00793992742274], [1.102386623019707, 4.095395548298215, 52.79245280795138], [1.0813884149357658, 4.290833928579847, 54.57696568848003], [1.0401876778829902, 4.456793924540262, 56.36147856900867], [0.9787844118613803, 4.593275536179462, 58.145991449537306], [0.8971786168709361, 4.700278763497444, 59.93050433006595]], "radius": [2.575185178816826, 2.558190154848408, 2.5411951308799896, 2.5242001069115716, 2.507205082943153, 2.490210058974735, 2.473215035006317, 2.4562200110378987, 2.4392249870694807, 2.418546103699053, 2.259570578305463, 1.9291054396793694, 1.5044751422675104, 1.083983099726577, 0.7635654270030612, 0.6143309119146421], "ref_radius": [2.575185178816826, 2.558190154848408, 2.5411951308799896, 2.5242001069115716, 2.507205082943153, 2.490210058974735, 2.473215035006317, 2.4562200110378987, 2.4392249870694807, 2.422229963101062, 2.405234939132644, 2.388239915164226, 2.3712448911958077, 2.3542498672273897, 2.3372548432589713, 2.3202598192905532], "length": 27.1920383494691, "seg_id": 2, "type": "Main", "parent": 0, "children": [3, 4]}, {"pos": [[0.8971786168709361, 4.700278763497444, 59.93050433006595], [1.7263651213086308, 4.690261132287535, 61.581253582159], [2.673732491406696, 4.7583363689034694, 63.23200283425203], [3.7392807271651307, 4.904504473345245, 64.88275208634506], [4.923009828583936, 5.1287654456128635, 66.53350133843811], [6.224919795663112, 5.431119285706325, 68.18425059053115], [7.645010628402658, 5.81156599362563, 69.83499984262419], [9.183282326802575, 6.270105569370776, 71.48574909471722]], "radius": [1.5065661207462568, 1.5065661207462568, 1.5065661207462568, 1.5065661207462568, 1.5065661207462568, 1.5065661207462568, 1.5065661207462568, 1.5065661207462568], "ref_radius": [1.5065661207462568, 1.5065661207462568, 1.5065661207462568, 1.5065661207462568, 1.5065661207462568, 1.5065661207462568, 1.5065661207462568, 1.5065661207462568], "length": 14.305507766702371, "seg_id": 3, "type": "Side", "parent": 2, "children": []}, {"pos": [[0.8971786168709361, 4.700278763497444, 59.93050433006595], [0.9726201848013909, 5.271322708176327, 61.69547259219193], [1.049428682460519, 5.805522793013241, 63.460440854317916], [1.12760410984832, 6.302879018008185, 65.22540911644387], [1.2071464669647947, 6.763391383161161, 66.99037737856986], [1.2880557538099429, 7.187059888472169, 68.75534564069584], [1.3703319703837642, 7.573884533941208, 70.5203139028218], [1.4539751166862591, 7.92386531956828, 72.28528216494779], [1.5389851927174276, 8.237002245353382, 74.05025042707376], [1.6253621984772688, 8.513295311296517, 75.81521868919974], [1.713106133965784, 8.752744517397682, 77.58018695132571], [1.8022169991829724, 8.95534986365688, 79.34515521345169], [1.8926947941288341, 9.121111350074106, 81.11012347557767], [1.9845395188033692, 9.250028976649368, 82.87509173770364], [2.0777511732065777, 9.342102743382657, 84.64005999982962]], "radius": [0.6662451712154711, 0.9017847518899176, 1.2605724995631111, 1.6542833904481655, 1.9877033196863385, 2.1811521122775672, 2.2025868992123607, 2.1858072498607317, 2.1690276005091027, 2.1522479511574732, 2.1354683018058442, 2.1186886524542152, 2.101909003102586, 2.0851293537509568, 2.0683497043993277], "ref_radius": [2.3032647953221352, 2.2864851459705062, 2.269705496618877, 2.2529258472672478, 2.2361461979156187, 2.2193665485639897, 2.2025868992123607, 2.1858072498607317, 2.1690276005091027, 2.1522479511574732, 2.1354683018058442, 2.1186886524542152, 2.101909003102586, 2.0851293537509568, 2.0683497043993277], "length": 25.169474027443645, "seg_id": 4, "type": "Main", "parent": 2,