{"case_id": "LAD_139_bc0", "artery_type": "LAD", "segments": [{"pos": [[0.0, 0.0, 0.0], [-0.2037661741917708, 0.11398232320259771, 1.813584267337461], [-0.3761837062001922, 0.21042890437402653, 3.627168534674922], [-0.5172525960252643, 0.2893397435142865, 5.4407528020123825], [-0.626972843666987, 0.3507148406233776, 7.254337069349844], [-0.7053444491253603, 0.39455419570129974, 9.067921336687302], [-0.7523674124003843, 0.420857808748053, 10.881505604024763], [-0.7680417334920591, 0.4296256797636375, 12.695089871362226], [-0.7523674124003844, 0.42085780874805306, 14.508674138699686], [-0.7053444491253604, 0.3945541957012998, 16.322258406037143], [-0.6269728436669871, 0.3507148406233776, 18.135842673374608], [-0.5172525960252643, 0.28933974351428654, 19.94942694071207], [-0.3761837062001923, 0.21042890437402662, 21.76301120804953], [-0.203766174191771, 0.11398232320259784, 23.57659547538699], [0.0, 0.0, 25.390179742724452]], "radius": [3.0342258848299912, 3.0342258848299912, 3.0342258848299912, 3.0336849496590275, 2.7834918863688265, 2.1802754519965917, 1.4777501810589513, 0.9714001849720764, 0.8741977009618558, 1.2270263680991944, 1.881485453337036, 2.562307618602767, 2.983137139969931, 3.0342258848299912, 3.0342258848299912], "ref_radius": [3.0342258848299912, 3.0342258848299912, 3.0342258848299912, 3.0342258848299912, 3.0342258848299912, 3.0342258848299912, 3.0342258848299912, 3.0342258848299912, 3.0342258848299912, 3.0342258848299912, 3.0342258848299912, 3.0342258848299912, 3.0342258848299912, 3.0342258848299912, 3.0342258848299912], "length": 25.390179742724452, "seg_id": 0, "type": "Root", "parent": null, "children": [1, 2]}, {"pos": [[0.0, 0.0, 25.390179742724452], [1.0753542499672413, -0.4592212571891264, 26.865514609524464], [2.247468430201788, -0.8257039430831886, 28.340849476324475], [3.51634254070364, -1.0994480576821866, 29.816184343124483], [4.881976581472798, -1.2804536009861205, 31.291519209924495], [6.344370552509261, -1.3687205729949898, 32.7668540767245], [7.903524453813029, -1.3642489737087953, 34.24218894352451], [9.559438285384104, -1.2670388031275366, 35.71752381032452], [11.312112047222483, -1.0770900612512135, 37.19285867712453]], "radius": [1.9908313429164657, 1.9908313429164657, 1.9908313429164657, 1.9908313429164657, 1.9908313429164657, 1.9908313429164657, 1.9908313429164657, 1.9908313429164657, 1.9908313429164657], "ref_radius": [1.9908313429164657, 1.9908313429164657, 1.9908313429164657, 1.9908313429164657, 1.9908313429164657, 1.9908313429164657, 1.9908313429164657, 1.9908313429164657, 1.9908313429164657], "length": 16.383749021438707, "seg_id": 1, "type": "Side", "parent": 0, "children": []}, {"pos": [[0.0, 0.0, 25.390179742724452], [0.16931102492160982, -0.3444855795477852, 27.17779726485012], [0.3295441825685883, -0.665890526055457, 28.965414786975792], [0.4806994729409353, -0.9642148395230155, 30.753032309101457], [0.6227768960386509, -1.2394585199504606, 32.54064983122713], [0.7557764518617351, -1.4916215673377924, 34.32826735335279], [0.8796981404101878, -1.720703981685011, 36.115884875478464], [0.9945419616840092, -1.9267057629921163, 37.90350239760413], [1.1003079156831992, -2.1096269112591077, 39.6911199197298], [1.1969960024077577, -2.269467426485986, 41.47873744185547], [1.2846062218576848, -2.4062273086727513, 43.266354963981144], [1.3631385740329807, -2.519906557819403, 45.0539724861068], [1.4325930589336449, -2.6105051739259415, 46.84159000823247], [1.4929696765596778, -2.6780231569923667, 48.629207530358144], [1.5442684269110794, -2.7224605070186785, 50.41682505248381], [1.5864893099878494, -2.743817224004877, 52.20444257460947], [1.619632325789988, -2.7420933079509617, 53.992060096735145]], "radius": [3.0342258848299912, 3.0172972758848218, 3.000368666939652, 2.9834400579944824, 2.966511449049313, 2.949582840104143, 2.9326542311589736, 2.915725622213804, 2.8987970132686343, 2.881868404323465, 2.8649397953782954, 2.7731105113791523, 2.4200121008185187, 1.8883678107331587, 1.3212889563606163, 0.8697635805970678, 0.6517018604054594], "ref_radius": [3.0342258848299912, 3.0172972758848218, 3.000368666939652, 2.9834400579944824, 2.966511449049313, 2.949582840104143, 2.9326542311589736, 2.915725622213804, 2.8987970132686343, 2.881868404323465, 2.8649397953782954, 2.8480111864331255, 2.831082577487956, 2.8141539685427865, 2.7972253595976166, 2.780296750652447, 2.7633681417072777], "length": 28.778635206788316, "seg_id": 2, "type": "Main", "parent": 0, "children": [3, 4]}, {"pos": [[1.619632325789988, -2.7420933079509617, 53.992060096735145], [2.9207682766398344, -3.0511477831623517, 55.31166908717875], [4.250041469303857, -3.3430043906958877, 56.63127807762236], [5.607451903782055, -3.617663130551569, 57.950887068065974], [6.992999580074428, -3.875124002729393, 59.27049605850958], [8.40668449818098, -4.115387007229364, 60.59010504895319], [9.848506658101703, -4.3384521440514785, 61.9097140393968], [11.3184660598366, -4.544319413195739, 63.2293230298404], [12.816562703385681, -4.732988814662145, 64.54893202028401], [14.342796588748932, -4.904460348450694, 65.86854101072763]], "radius": [1.7039163998324776, 1.7039163998324776, 1.7039163998324776, 1.7039163998324776, 1.7039163998324776, 1.7039163998324776, 1.7039163998324776, 1.7039163998324776, 1.7039163998324776, 1.7039163998324776], "ref_radius": [1.7039163998324776, 1.7039163998324776, 1.7039163998324776, 1.7039163998324776, 1.7039163998324776, 1.7039163998324776, 1.7039163998324776, 1.7039163998324776, 1.7039163998324776, 1.7039163998324776], "length": 17.53868692292849, "seg_id": 3, "type": "Side", "parent": 2, "children": []}, {"pos": [[1.619632325789988, -2.7420933079509617, 53.992060096735145], [1.8829136005515825, -3.3397886477233993, 55.93672121845295], [2.148997571229361, -3.882546179113611, 57.88138234017077], [2.4178842378233223, -4.370365902121596, 59.82604346188856], [2.6895736003334676, -4.803247816747355, 61.770704583606374], [2.9640656587597967, -5.181191922990887, 63.715365705324174], [3.241360413102309, -5.504198220852195, 65.66002682704197], [3.5214578633610047, -5.772266710331275, 67.60468794875979], [3.8043580095358847, -5.985397391428131, 69.5493490704776], [4.090060851626948, -6.143590264142758, 71.4940101921954], [4.378566389634194, -6.24684532847516, 73.4386713139132]], "radius": [0.7204267091640308, 1.050561626143299, 1.5466736282336218, 2.0694228394779257, 2.4741171810795923, 2.6499228234893817, 2.637612712636611, 2.6194749092823613, 2.6013371059281116, 2.5831993025738624, 2.565061499219613], "ref_radius": [2.746439532762108, 2.728301729407858, 2.710163926053609, 2.6920261226993594, 2.6738883193451097, 2.6557505159908605, 2.637612712636611, 2.6194749092823613, 2.6013371059281116, 2.5831993025738624, 2.565061499219613], "length": 19.951583689674454, "seg_id": 4, "type": "Main", "parent": 2, "children": [5, 6]}, {"pos": [[4.378566389634194, -6.24684532847516, 73.4386713139132], [5.948280506268588, -6.573076178660226, 74.66784854696668], [7.506663744160662, -6.891837426460384, 75.89702578002016], [9.053716103310416, -7.203129071875633, 77.12620301307365], [10.589437583717848, -7.506951114905972, 78.35538024612711], [12.11382818538296, -7.803303555551402, 79.5845574791806], [13.626887908305754, -8.092186393811925, 80.81373471223408], [15.128616752486224, -8.373599629687536, 82.04291194528756], [16.619014717924376, -8.64754326317824, 83.27208917834103], [18.098081804620207, -8.914017294284037, 84.50126641139451]], "radius": [1.5694832662240787, 1.5694832662240787, 1.5694832662240787, 1.5694832662240787, 1.5694832662240787, 1.5694832662240787, 1.5694832662240787, 1.5694832662240787, 1.5694832662240787, 1.5694832662240787], "ref_radius": [1.5694832662240787, 1.5694832662240787, 1.5694832662240787, 1.5694832662240787, 1.5694832662240787, 1.5694832662240787, 1.5694832662240787, 1.5694832662240787, 1.5694832662240787, 1.5694832662240787], "length": 17.82469971158148, "seg_id": 5, "type": "Side", "parent": 4,