{"case_id": "LAD_1887_bc4", "artery_type": "LAD", "segments": [{"pos": [[0.0, 0.0, 0.0], [-0.11550961561591426, 0.026010646994105983, 1.8821716443040106], [-0.21324852113707246, 0.04801965598911873, 3.764343288608021], [-0.29321671656347464, 0.06602702698503825, 5.646514932912031], [-0.3554142018951208, 0.08003275998186456, 7.528686577216042], [-0.39984097713201083, 0.09003685497959761, 9.410858221520051], [-0.42649704227414487, 0.09603931197823745, 11.29302986582406], [-0.43538239732152295, 0.09804013097778408, 13.175201510128073], [-0.4264970422741449, 0.09603931197823747, 15.057373154432083], [-0.3998409771320109, 0.09003685497959762, 16.939544798736094], [-0.35541420189512085, 0.08003275998186457, 18.821716443040103], [-0.2932167165634747, 0.06602702698503826, 20.70388808734411], [-0.21324852113707254, 0.04801965598911875, 22.586059731648124], [-0.11550961561591438, 0.026010646994106008, 24.468231375952133], [0.0, 0.0, 26.350403020256145]], "radius": [2.2205477169469856, 2.2205477169469856, 2.2205477169469856, 2.2205477169469856, 2.2205477169469856, 2.2205477169469856, 2.2205477169469856, 2.2205477169469856, 2.2205477169469856, 2.2205477169469856, 2.2205477169469856, 2.2205477169469856, 2.2205477169469856, 2.2205477169469856, 2.0584328397920233], "ref_radius": [2.2205477169469856, 2.2205477169469856, 2.2205477169469856, 2.2205477169469856, 2.2205477169469856, 2.2205477169469856, 2.2205477169469856, 2.2205477169469856, 2.2205477169469856, 2.2205477169469856, 2.2205477169469856, 2.2205477169469856, 2.2205477169469856, 2.2205477169469856, 2.2205477169469856], "length": 26.350403020256145, "seg_id": 0, "type": "Root", "parent": null, "children": [1, 2]}, {"pos": [[0.0, 0.0, 26.350403020256145], [1.3155070000730125, 0.34472561552924996, 27.633017560037967], [2.6370634072472936, 0.6452380119427618, 28.91563209981978], [3.9646692215228434, 0.9015371892405357, 30.198246639601592], [5.298324442899663, 1.1136231474225717, 31.48086117938341], [6.63802907137775, 1.2814958864888695, 32.76347571916523], [7.983783106957107, 1.4051554064394294, 34.046090258947046], [9.335586549637732, 1.4846017072742512, 35.32870479872887], [10.693439399419626, 1.519834788993335, 36.61131933851068], [12.057341656302787, 1.5108546515966808, 37.8939338782925], [13.427293320287221, 1.4576612950842884, 39.17654841807431], [14.803294391372924, 1.360254719456158, 40.45916295785614], [16.18534486955989, 1.21863492471229, 41.74177749763795], [17.57344475484813, 1.0328019108526838, 43.024392037419766]], "radius": [1.636885908869348, 1.636885908869348, 1.636885908869348, 1.636885908869348, 1.636885908869348, 1.636885908869348, 1.636885908869348, 1.636885908869348, 1.636885908869348, 1.636885908869348, 1.636885908869348, 1.636885908869348, 1.636885908869348, 1.636885908869348], "ref_radius": [1.636885908869348, 1.636885908869348, 1.636885908869348, 1.636885908869348, 1.636885908869348, 1.636885908869348, 1.636885908869348, 1.636885908869348, 1.636885908869348, 1.636885908869348, 1.636885908869348, 1.636885908869348, 1.636885908869348, 1.636885908869348], "length": 24.24694929435976, "seg_id": 1, "type": "Side", "parent": 0, "children": []}, {"pos": [[0.0, 0.0, 26.350403020256145], [0.3229325892789412, 0.26958950639446305, 28.15469731497091], [0.6301014385129653, 0.5021883610360022, 29.95899160968567], [0.9215065477020723, 0.6977965639246173, 31.763285904400426], [1.1971479168462624, 0.8564141150603086, 33.56758019911519], [1.4570255459455355, 0.9780410144430759, 35.371874493829964], [1.7011394349998914, 1.0626772620729192, 37.176168788544715], [1.9294895840093305, 1.1103228579498388, 38.98046308325948], [2.1420759929738526, 1.1209778020738341, 40.784757377974245], [2.338898661893457, 1.0946420944449056, 42.589051672689], [2.519957590768145, 1.0313157350630533, 44.39334596740377], [2.685252779597916, 0.9309987239282767, 46.19764026211854], [2.8347842283827696, 0.7936910610405765, 48.00193455683329], [2.9685519371227063, 0.6193927463999522, 49.806228851548056]], "radius": [1.606923687780471, 1.0456868476242442, 0.619707816571623, 0.49885465596992873, 0.7241362303097016, 1.1927096316351713, 1.7026712414195793, 2.038160197511076, 2.085398914491764, 2.0685053141848617, 2.051611713877959, 2.0347181135710564, 2.0178245132641535, 2.000930912957251], "ref_radius": [2.2205477169469856, 2.203654116640083, 2.1867605163331802, 2.169866916026278, 2.152973315719375, 2.1360797154124724, 2.1191861151055695, 2.102292514798667, 2.085398914491764, 2.0685053141848617, 2.051611713877959, 2.0347181135710564, 2.0178245132641535, 2.000930912957251], "length": 23.651040429663745, "seg_id": 2, "type": "Main", "parent": 0, "children": [3, 4]}, {"pos": [[2.9685519371227063, 0.6193927463999522, 49.806228851548056], [3.9508861431231876, 0.6746325066102948, 51.22308679521948], [4.993348289463939, 0.751165498078521, 52.6399447388909], [6.095938376144962, 0.8489917208046304, 54.05680268256233], [7.258656403166256, 0.9681111747886234, 55.47366062623376], [8.481502370527823, 1.1085238600304999, 56.890518569905176], [9.764476278229656, 1.2702297765302595, 58.3073765135766], [11.107578126271765, 1.4532289242879028, 59.72423445724803], [12.510807914654142, 1.6575213033034295, 61.14109240091945], [13.974165643376793, 1.88310691357684, 62.55795034459088], [15.49765131243971, 2.1299857551081334, 63.974808288262295], [17.0812649218429, 2.39815782789731, 65.39166623193373]], "radius": [1.4742734153894628, 1.4742734153894628, 1.4742734153894628, 1.4742734153894628, 1.4742734153894628, 1.4742734153894628, 1.4742734153894628, 1.4742734153894628, 1.4742734153894628, 1.4742734153894628, 1.4742734153894628, 1.4742734153894628], "ref_radius": [1.4742734153894628, 1.4742734153894628, 1.4742734153894628, 1.4742734153894628, 1.4742734153894628, 1.4742734153894628, 1.4742734153894628, 1.4742734153894628, 1.4742734153894628, 1.4742734153894628, 1.4742734153894628, 1.4742734153894628], "length": 21.100676087324015, "seg_id": 3, "type": "Side", "parent": 2, "children": []}, {"pos": [[2.9685519371227063, 0.6193927463999522, 49.806228851548056], [3.177554079262953, 0.6756839974064852, 51.67038907737428], [3.3556211253549697, 0.7665940495867734, 53.53454930320049], [3.5027530753987572, 0.892122902940817, 55.39870952902671], [3.6189499293943155, 1.0522705574686162, 57.26286975485293], [3.704211687341645, 1.247037013170171, 59.127029980679154], [3.7585383492407436, 1.4764222700454808, 60.99119020650537], [3.781929915091613, 1.7404263280945464, 62.85535043233159], [3.774386384894254, 2.0390491873173673, 64.7195106581578], [3.7359077586486653, 2.372290847713943, 66.58367088398403], [3.666494036354847, 2.740151309284275, 68.44783110981024], [3.566145218012799, 3.142630572028363, 70.31199133563646], [3.434861303622522, 3.579728635946205, 72.17615156146269], [3.272642293184015, 4.0514455010378025, 74.0403117872889]], "radius": [1.984037312650348, 1.966553176505533, 1.9490690403607183, 1.9315849042159032, 1.9141007680710882, 1.8966166319262734, 1.8791324957814584, 1.8616483596366435, 1.8441642234918285, 1.8266800873470135, 1.8091959512021987, 1.7917118150573836, 1.7742276789125686, 1.7567435427677538], "ref_radius": [1.984037312650348, 1.966553176505533, 1.9490690403607183, 1.9315849042159032, 1.9141007680710882, 1.8966166319262734, 1.8791324957814584, 1.8616483596366435, 1.8441642234918285, 1.8266800873470135, 1.8091959512021987, 1.7917118150573836, 1.7742276789125686, 1.7567435427677538], "length": 24.47779060274093, "seg_id": 4, "type": "Main", "parent": 2,