{"case_id": "LAD_3298_bc6", "artery_type": "LAD", "segments": [{"pos": [[0.0, 0.0, 0.0], [0.1759438283398935, 0.012938668398957725, 1.777586277156975], [0.33233834241979876, 0.024439706975809033, 3.5551725543139496], [0.46918354223971587, 0.034503115730553924, 5.332758831470924], [0.5864794277996449, 0.04312889466319241, 7.1103451086279], [0.6842259990995858, 0.050317043773724486, 8.887931385784874], [0.7624232561395384, 0.05606756306215014, 10.66551766294185], [0.8210711989195029, 0.060380452528469374, 12.443103940098823], [0.8601698274394792, 0.06325571217268221, 14.2206902172558], [0.8797191416994675, 0.06469334199478863, 15.998276494412774], [0.8797191416994674, 0.06469334199478863, 17.77586277156975], [0.8601698274394792, 0.06325571217268221, 19.553449048726726], [0.821071198919503, 0.06038045252846938, 21.3310353258837], [0.7624232561395387, 0.056067563062150154, 23.108621603040675], [0.6842259990995858, 0.050317043773724486, 24.886207880197645], [0.5864794277996449, 0.04312889466319241, 26.66379415735463], [0.4691835422397161, 0.034503115730553945, 28.4413804345116], [0.3323383424197991, 0.024439706975809057, 30.21896671166857], [0.17594382833989364, 0.012938668398957737, 31.99655298882555], [0.0, 0.0, 33.77413926598253]], "radius": [2.5122794821718184, 2.363602685518195, 1.9495908282456629, 1.3878317251877, 0.8379400379991775, 0.4561584962053278, 0.3509640809316563, 0.5522460648405725, 1.0028134641385682, 1.5746449212718814, 2.105263879906847, 2.443903641134377, 2.5122794821718184, 2.5122794821718184, 2.5122794821718184, 2.5122794821718184, 2.5122794821718184, 2.5122794821718184, 2.5122794821718184, 2.5122794821718184], "ref_radius": [2.5122794821718184, 2.5122794821718184, 2.5122794821718184, 2.5122794821718184, 2.5122794821718184, 2.5122794821718184, 2.5122794821718184, 2.5122794821718184, 2.5122794821718184, 2.5122794821718184, 2.5122794821718184, 2.5122794821718184, 2.5122794821718184, 2.5122794821718184, 2.5122794821718184, 2.5122794821718184, 2.5122794821718184, 2.5122794821718184, 2.5122794821718184, 2.5122794821718184], "length": 33.77413926598253, "seg_id": 0, "type": "Root", "parent": null, "children": [1, 2]}, {"pos": [[0.0, 0.0, 33.77413926598253], [1.3176077134820776, -0.25652758576844414, 35.10922202183469], [2.63827336924303, -0.4705312460539139, 36.44430477768685], [3.9619969672828566, -0.6420109808564092, 37.77938753353901], [5.288778507601557, -0.7709667901759301, 39.114470289391164], [6.618617990199132, -0.8573986740124766, 40.44955304524332], [7.951515415075583, -0.9013066323660489, 41.78463580109548], [9.287470782230908, -0.9026906652366466, 43.11971855694764], [10.626484091665107, -0.8615507726242702, 44.4548013127998], [11.96855534337818, -0.7778869545289192, 45.78988406865196], [13.313684537370127, -0.6516992109505939, 47.124966824504114]], "radius": [1.4864161510091605, 1.4864161510091605, 1.4864161510091605, 1.4864161510091605, 1.4864161510091605, 1.4864161510091605, 1.4864161510091605, 1.4864161510091605, 1.4864161510091605, 1.4864161510091605, 1.4864161510091605], "ref_radius": [1.4864161510091605, 1.4864161510091605, 1.4864161510091605, 1.4864161510091605, 1.4864161510091605, 1.4864161510091605, 1.4864161510091605, 1.4864161510091605, 1.4864161510091605, 1.4864161510091605, 1.4864161510091605], "length": 18.86593502372839, "seg_id": 1, "type": "Side", "parent": 0, "children": []}, {"pos": [[0.0, 0.0, 33.77413926598253], [-0.16982826041934246, -0.41946576796156765, 35.579125973374595], [-0.30462089928507535, -0.8193639370280601, 37.38411268076667], [-0.4043779165971987, -1.1996945071994771, 39.18909938815873], [-0.4690993123557124, -1.5604574784758185, 40.9940860955508], [-0.49878508656061654, -1.9016528508570847, 42.79907280294287], [-0.49343523921191096, -2.2232806243432757, 44.60405951033493], [-0.45304977030959603, -2.5253407989343906, 46.409046217726996], [-0.3776286798536714, -2.8078333746304307, 48.21403292511906], [-0.26717196784413716, -3.070758351431395, 50.019019632511124], [-0.12167963428099349, -3.3141157293372845, 51.82400633990319], [0.05884832083575986, -3.537905508348098, 53.62899304729526], [0.2744118975061231, -3.742127688463837, 55.43397975468733], [0.5250110957300955, -3.9267822696845003, 57.23896646207939], [0.8106459155076777, -4.091869252010087, 59.04395316947146], [1.1313163568388693, -4.2373886354406, 60.848939876863525]], "radius": [2.5122794821718184, 2.4951371532653286, 2.477994824358839, 2.4608524954523494, 2.4437101665458596, 2.4265678376393702, 2.4094255087328804, 2.3922831798263906, 2.3751408509199012, 2.3579985220134114, 2.3408561931069216, 2.3237138642004322, 2.3065715352939424, 2.2894292063874526, 2.2722868774809633, 2.2551445485744734], "ref_radius": [2.5122794821718184, 2.4951371532653286, 2.477994824358839, 2.4608524954523494, 2.4437101665458596, 2.4265678376393702, 2.4094255087328804, 2.3922831798263906, 2.3751408509199012, 2.3579985220134114, 2.3408561931069216, 2.3237138642004322, 2.3065715352939424, 2.2894292063874526, 2.2722868774809633, 2.2551445485744734], "length": 27.42772625038346, "seg_id": 2, "type": "Main", "parent": 0, "children": [3, 4]}, {"pos": [[1.1313163568388693, -4.2373886354406, 60.848939876863525], [2.919696357100189, -4.616071219380897, 62.32045112163707], [4.602053952264124, -4.9592118908202725, 63.7919623664106], [6.178389142330674, -5.266810649758728, 65.26347361118414], [7.648701927299838, -5.538867496196261, 66.73498485595766], [9.012992307171617, -5.775382430132872, 68.20649610073121], [10.271260281946013, -5.976355451568564, 69.67800734550474]], "radius": [1.5910599435544592, 1.5910599435544592, 1.5910599435544592, 1.5910599435544592, 1.5910599435544592, 1.5910599435544592, 1.5910599435544592], "ref_radius": [1.5910599435544592, 1.5910599435544592, 1.5910599435544592, 1.5910599435544592, 1.5910599435544592, 1.5910599435544592, 1.5910599435544592], "length": 12.826340589096947, "seg_id": 3, "type": "Side", "parent": 2, "children": []}, {"pos": [[1.1313163568388693, -4.2373886354406, 60.848939876863525], [1.2298394591878297, -4.184102648497592, 62.674583266166294], [1.3250820435290709, -4.169918375463271, 64.50022665546904], [1.4170441098625937, -4.19483581633764, 66.32587004477179], [1.5057256581883975, -4.258854971120696, 68.15151343407456], [1.5911266885064825, -4.361975839812441, 69.97715682337734], [1.6732472008168489, -4.504198422412875, 71.8028002126801], [1.7520871951194965, -4.685522718921996, 73.62844360198284], [1.827646671414425, -4.905948729339806, 75.4540869912856], [1.8999256297016351, -5.165476453666304, 77.27973038058836], [1.9689240699811263, -5.46410589190149, 79.10537376989112], [2.034641992252899, -5.8018370440453655, 80.93101715919389], [2.0970793965169525, -6.178669910097929, 82.75666054849664], [2.1562362827732873, -6.594604490059179, 84.5823039377994], [2.1562362827732873, -6.594604490059179, 84.5823039377994], [2.013867536722756, -6.733748097344861, 86.3899154372824], [1.9155847981311958, -6.880969654260001, 88.19752693676539], [1.8613880669986074, -7.0362691608046, 90.0051384362484], [1.85127734332499, -7.199646616978658, 91.8127499357314], [1.885252627110344, -7.371102022782175, 93.6203614352144], [1.9633139183546695, -7.55063537821515, 95.42797293469741], [2.0854612170579667, -7.738246683277584, 97.2355844341804], [2.251694523220235, -7.933935937969476, 99.04319593366341], [2.462013836841474, -8.137703142290828, 100.85080743314641], [2.716419157921685, -8.349548296241638, 102.65841893262942], [3.0149104864608676, -8.569471399821907, 104.46603043211242]],