{"case_id": "LAD_3147_bc9", "artery_type": "LAD", "segments": [{"pos": [[0.0, 0.0, 0.0], [-0.018876755262018027, -0.0558575897623069, 1.8543476571516924], [-0.03523660982243365, -0.10426750088963954, 3.7086953143033847], [-0.04907956368124687, -0.14522973338199793, 5.563042971455077], [-0.06040561683845769, -0.17874428723938207, 7.4173906286067695], [-0.0692147692940661, -0.20481116246179196, 9.271738285758463], [-0.07550702104807211, -0.2234303590492276, 11.126085942910155], [-0.07928237210047571, -0.23460187700168897, 12.980433600061847], [-0.08054082245127692, -0.2383257163191761, 14.834781257213539], [-0.07928237210047571, -0.23460187700168897, 16.68912891436523], [-0.07550702104807211, -0.2234303590492276, 18.543476571516926], [-0.0692147692940661, -0.20481116246179196, 20.397824228668618], [-0.06040561683845769, -0.17874428723938207, 22.25217188582031], [-0.04907956368124687, -0.14522973338199793, 24.106519542972002], [-0.03523660982243365, -0.10426750088963954, 25.960867200123694], [-0.018876755262018027, -0.0558575897623069, 27.815214857275386], [0.0, 0.0, 29.669562514427078]], "radius": [2.583761006978226, 2.583761006978226, 2.583761006978226, 2.583761006978226, 2.4001185377259366, 1.8186843378093145, 1.0756219929166653, 0.477827746932848, 0.27219987154315284, 0.5436658604213966, 1.1801060604834794, 1.9186608231428475, 2.454295605710922, 2.583761006978226, 2.583761006978226, 2.583761006978226, 2.583761006978226], "ref_radius": [2.583761006978226, 2.583761006978226, 2.583761006978226, 2.583761006978226, 2.583761006978226, 2.583761006978226, 2.583761006978226, 2.583761006978226, 2.583761006978226, 2.583761006978226, 2.583761006978226, 2.583761006978226, 2.583761006978226, 2.583761006978226, 2.583761006978226, 2.583761006978226, 2.583761006978226], "length": 29.669562514427078, "seg_id": 0, "type": "Root", "parent": null, "children": [1, 2]}, {"pos": [[0.0, 0.0, 29.669562514427078], [1.6929247790254573, -0.0031992079680234903, 31.103080024993147], [3.2756443598128855, 0.008412398637920399, 32.53659753555921], [4.748158742362285, 0.034834819817831666, 33.97011504612528], [6.110467926673655, 0.07606805557171031, 35.40363255669135], [7.362571912746995, 0.13211210589955635, 36.83715006725741], [8.504470700582308, 0.20296697080136974, 38.27066757782349], [9.536164290179592, 0.28863265027715057, 39.70418508838955], [10.457652681538844, 0.3891091443268987, 41.13770259895562]], "radius": [1.4397361368881114, 1.4397361368881114, 1.4397361368881114, 1.4397361368881114, 1.4397361368881114, 1.4397361368881114, 1.4397361368881114, 1.4397361368881114, 1.4397361368881114], "ref_radius": [1.4397361368881114, 1.4397361368881114, 1.4397361368881114, 1.4397361368881114, 1.4397361368881114, 1.4397361368881114, 1.4397361368881114, 1.4397361368881114, 1.4397361368881114], "length": 15.525209903001818, "seg_id": 1, "type": "Side", "parent": 0, "children": []}, {"pos": [[0.0, 0.0, 29.669562514427078], [-0.016280114370652736, -0.14024332689060154, 31.477434407977526], [-0.050317534037608275, -0.25046604038664183, 33.28530630152797], [-0.10211225900086662, -0.33066814048812104, 35.093178195078416], [-0.17166428926042776, -0.38084962719503895, 36.90105008862886], [-0.2589736248162917, -0.40101050050739573, 38.708921982179305], [-0.3640402656684585, -0.39115076042519115, 40.51679387572975], [-0.48686421181692796, -0.35127040694842554, 42.3246657692802], [-0.6274454632617004, -0.2813694400770987, 44.13253766283064], [-0.7857840200027755, -0.1814478598112106, 45.94040955638109], [-0.9618798820401535, -0.05150566615076135, 47.74828144993154], [-1.1557330493738343, 0.10845714090424907, 49.55615334348198], [-1.367343522003818, 0.2984405613538208, 51.36402523703243], [-1.596711299930104, 0.5184445951979536, 53.17189713058288], [-1.8438363831526932, 0.7684692424366476, 54.97976902413332], [-2.1087187716715854, 1.0485145030699028, 56.78764091768377], [-2.39135846548678, 1.3585803770977194, 58.595512811234215]], "radius": [2.583761006978226, 2.566669001354632, 2.5495769957310377, 2.5324849901074438, 2.51539298448385, 2.4983009788602555, 2.4812089732366616, 2.4641169676130676, 2.4470249619894733, 2.4299329563658794, 2.4128409507422854, 2.395748945118691, 2.378656939495097, 2.3615649338715032, 2.344472928247909, 2.327380922624315, 2.3102889170007206], "ref_radius": [2.583761006978226, 2.566669001354632, 2.5495769957310377, 2.5324849901074438, 2.51539298448385, 2.4983009788602555, 2.4812089732366616, 2.4641169676130676, 2.4470249619894733, 2.4299329563658794, 2.4128409507422854, 2.395748945118691, 2.378656939495097, 2.3615649338715032, 2.344472928247909, 2.327380922624315, 2.3102889170007206], "length": 29.05640956010992, "seg_id": 2, "type": "Main", "parent": 0, "children": [3, 4]}, {"pos": [[-2.39135846548678, 1.3585803770977194, 58.595512811234215], [-1.3472157002119742, 1.4551174176990562, 60.04848458532628], [-0.28803224315012915, 1.5221681583307867, 61.501456359418356], [0.786191905698756, 1.5597325989929098, 62.95442813351042], [1.875456746334681, 1.5678107396854266, 64.40739990760248], [2.979762278757645, 1.5464025804083361, 65.86037168169455], [4.09910850296765, 1.4955081211616388, 67.31334345578661], [5.233495418964694, 1.4151273619453348, 68.76631522987867], [6.382923026748779, 1.3052603027594238, 70.21928700397073], [7.547391326319903, 1.165906943603906, 71.67225877806281], [8.726900317678066, 0.9970672844787816, 73.12523055215487], [9.921450000823267, 0.7987413253840501, 74.57820232624694], [11.131040375755513, 0.5709290663197116, 76.031174100339]], "radius": [1.5129500818255341, 1.5129500818255341, 1.5129500818255341, 1.5129500818255341, 1.5129500818255341, 1.5129500818255341, 1.5129500818255341, 1.5129500818255341, 1.5129500818255341, 1.5129500818255341, 1.5129500818255341, 1.5129500818255341, 1.5129500818255341], "ref_radius": [1.5129500818255341, 1.5129500818255341, 1.5129500818255341, 1.5129500818255341, 1.5129500818255341, 1.5129500818255341, 1.5129500818255341, 1.5129500818255341, 1.5129500818255341, 1.5129500818255341, 1.5129500818255341, 1.5129500818255341, 1.5129500818255341], "length": 22.078902816883552, "seg_id": 3, "type": "Side", "parent": 2, "children": []}, {"pos": [[-2.39135846548678, 1.3585803770977194, 58.595512811234215], [-2.3317898488587874, 1.3748380607062143, 60.37824329618877], [-2.2916216196931876, 1.3868695028444162, 62.160973781143326], [-2.2708537779899807, 1.3946747035123257, 63.943704266097896], [-2.2694863237491667, 1.3982536627099422, 65.72643475105245], [-2.2875192569707457, 1.3976063804372656, 67.50916523600702], [-2.324952577654717, 1.3927328566942963, 69.29189572096158], [-2.381786285801082, 1.383633091481034, 71.07462620591613], [-2.458020381409839, 1.370307084797479, 72.85735669087069], [-2.5536548644809898, 1.352754836643631, 74.64008717582524], [-2.6686897350145333, 1.3309763470194904, 76.42281766077981], [-2.8031249930104694, 1.3049716159250568, 78.20554814573437], [-2.9569606384687983, 1.2747406433603303, 79.98827863068894], [-3.1301966713895206, 1.2402834293253109, 81.7710091156435], [-3.322833091772635, 1.2015999738199987, 83.55373960059805], [-3.5348698996181427, 1.1586902768443936, 85.3364700855526], [-3.7663070949260433, 1.1115543383984958, 87.11920057050718]], "radius": [2.2931969113771267, 2.2763981609191273, 2.259599410461128, 2.2428006600031285, 2.226001909545129, 2.2092031590871297, 2.1924044086291303, 2.175605658171131, 2.1588069077131316, 2.142008157255132, 2.1252094067971328, 2.1084106563391334, 2.091611905881134, 2.0748131554231346, 2.058014404965135, 2.041215654507136, 2.0244169040491364], "ref_radius": [2.2931969113771267, 2.2763981609191273, 2.259599410461128, 2.2428006600031285, 2.226001909545129, 2.2092031590871297, 2.1924044086291303, 2.175605658171131, 2.1588069077131316, 2.142008157255132, 2.1252094067971328, 2.1084106563391334, 2.091611905881134, 2.0748131554231346, 2.058014404965135, 2.041215654507136, 2.0244169040491364], "length": 28.557875778598977, "seg_id": 4, "type": "Main", "parent": 2,