{"case_id": "LAD_2432_bc8", "artery_type": "LAD", "segments": [{"pos": [[0.0, 0.0, 0.0], [0.16460603274442345, 0.2765945358780699, 1.814754050135268], [0.30177772669810965, 0.5070899824431282, 3.6295081002705354], [0.4115150818610586, 0.6914863396951747, 5.4442621504058035], [0.4938180982332704, 0.8297836076342098, 7.259016200541072], [0.5486867758147449, 0.9219817862602331, 9.07377025067634], [0.5761211146054821, 0.9680808755732446, 10.888524300811607], [0.5761211146054821, 0.9680808755732446, 12.703278350946876], [0.5486867758147448, 0.921981786260233, 14.518032401082145], [0.4938180982332704, 0.8297836076342098, 16.33278645121741], [0.4115150818610586, 0.6914863396951747, 18.14754050135268], [0.3017777266981095, 0.5070899824431279, 19.96229455148795], [0.16460603274442337, 0.27659453587806976, 21.777048601623218], [0.0, 0.0, 23.59180265175848]], "radius": [2.036609588321366, 2.036609588321366, 1.9929481859872824, 1.7290963167342166, 1.3117927703159507, 0.8845912313705293, 0.594450323961957, 0.5411793995328877, 0.7431038175285114, 1.130760966211016, 1.570795611609124, 1.9118345021474, 2.036609588321366, 2.036609588321366], "ref_radius": [2.036609588321366, 2.036609588321366, 2.036609588321366, 2.036609588321366, 2.036609588321366, 2.036609588321366, 2.036609588321366, 2.036609588321366, 2.036609588321366, 2.036609588321366, 2.036609588321366, 2.036609588321366, 2.036609588321366, 2.036609588321366], "length": 23.59180265175848, "seg_id": 0, "type": "Root", "parent": null, "children": [1, 2]}, {"pos": [[0.0, 0.0, 23.59180265175848], [1.0310426584090768, -0.05935521755445614, 25.042193549308365], [2.0763010103890007, -0.11718734512798001, 26.49258444685826], [3.135775055939772, -0.17349638272057158, 27.942975344408147], [4.209464795061391, -0.2282823303322309, 29.393366241958038], [5.297370227753856, -0.28154518796295785, 30.84375713950792], [6.399491354017169, -0.33328495561275256, 32.29414803705781], [7.515828173851329, -0.3835016332816149, 33.7445389346077], [8.646380687256336, -0.4321952209695451, 35.194929832157584], [9.791148894232192, -0.479365718676543, 36.64532072970748], [10.950132794778892, -0.5250131264026086, 38.09571162725736], [12.123332388896442, -0.5691374441477417, 39.54610252480725], [13.310747676584839, -0.6117386719119428, 40.99649342235714]], "radius": [1.1797916888309317, 1.1797916888309317, 1.1797916888309317, 1.1797916888309317, 1.1797916888309317, 1.1797916888309317, 1.1797916888309317, 1.1797916888309317, 1.1797916888309317, 1.1797916888309317, 1.1797916888309317, 1.1797916888309317, 1.1797916888309317], "ref_radius": [1.1797916888309317, 1.1797916888309317, 1.1797916888309317, 1.1797916888309317, 1.1797916888309317, 1.1797916888309317, 1.1797916888309317, 1.1797916888309317, 1.1797916888309317, 1.1797916888309317, 1.1797916888309317, 1.1797916888309317, 1.1797916888309317], "length": 21.919705489184462, "seg_id": 1, "type": "Side", "parent": 0, "children": []}, {"pos": [[0.0, 0.0, 23.59180265175848], [0.21842754500705194, -0.07981078570889026, 25.37243225681476], [0.41821272153345324, -0.17035733675656964, 27.153061861871045], [0.5993555295792039, -0.2716396531430382, 28.933691466927325], [0.7618559691443038, -0.3836577348682958, 30.71432107198361], [0.905714040228753, -0.5064115819323425, 32.49495067703989], [1.0309297428325515, -0.6399011943351784, 34.27558028209616], [1.1375030769556995, -0.7841265720768034, 36.05620988715244], [1.2254340425981967, -0.9390877151572175, 37.83683949220872], [1.294722639760043, -1.1047846235764207, 39.617469097264994], [1.345368868441239, -1.2812172973344131, 41.39809870232128], [1.3773727286417843, -1.4683857364311943, 43.178728307377554], [1.3907342203616788, -1.6662899408667653, 44.959357912433845], [1.3854533436009226, -1.8749299106411248, 46.73998751749012], [1.361530098359516, -2.0943056457542735, 48.5206171225464], [1.3189644846374584, -2.3244171462062115, 50.301246727602674]], "radius": [2.036609588321366, 2.019832825825213, 2.00305606332906, 1.986279300832907, 1.969502538336754, 1.9527257758406007, 1.9359490133444477, 1.9191722508482947, 1.9023954883521417, 1.8856187258559884, 1.8688419633598354, 1.8520652008636824, 1.8352884383675292, 1.8185116758713762, 1.8017349133752232, 1.7849581508790702], "ref_radius": [2.036609588321366, 2.019832825825213, 2.00305606332906, 1.986279300832907, 1.969502538336754, 1.9527257758406007, 1.9359490133444477, 1.9191722508482947, 1.9023954883521417, 1.8856187258559884, 1.8688419633598354, 1.8520652008636824, 1.8352884383675292, 1.8185116758713762, 1.8017349133752232, 1.7849581508790702], "length": 26.842819993844923, "seg_id": 2, "type": "Main", "parent": 0, "children": [3, 4]}, {"pos": [[1.3189644846374584, -2.3244171462062115, 50.301246727602674], [2.558837887093465, -2.234733689197669, 51.79202544631948], [3.8293650738574665, -2.171908118301145, 53.282804165036296], [5.130546044929463, -2.135940433516639, 54.7735828837531], [6.462380800309456, -2.1268306348441515, 56.26436160246991], [7.824869339997443, -2.144578722283682, 57.75514032118672], [9.218011663993426, -2.189184695835231, 59.245919039903534], [10.641807772297405, -2.2606485554987974, 60.73669775862034], [12.096257664909379, -2.3589703012743826, 62.22747647733715]], "radius": [1.1714339151706274, 1.1714339151706274, 1.1714339151706274, 1.1714339151706274, 1.1714339151706274, 1.1714339151706274, 1.1714339151706274, 1.1714339151706274, 1.1714339151706274], "ref_radius": [1.1714339151706274, 1.1714339151706274, 1.1714339151706274, 1.1714339151706274, 1.1714339151706274, 1.1714339151706274, 1.1714339151706274, 1.1714339151706274, 1.1714339151706274], "length": 16.07439573537719, "seg_id": 3, "type": "Side", "parent": 2, "children": []}, {"pos": [[1.3189644846374584, -2.3244171462062115, 50.301246727602674], [1.562104800782029, -2.1864609703115545, 52.14807602965504], [1.7545490114471882, -2.081347458248865, 53.9949053317074], [1.8962971166329354, -2.0090766100181425, 55.84173463375975], [1.9873491163392711, -1.9696484256193882, 57.688563935812105], [2.027705010566196, -1.9630629050526012, 59.53539323786446], [2.017364799313709, -1.989320048317782, 61.38222253991682], [1.9563284825818106, -2.04841985541493, 63.229051841969174], [1.8445960603705007, -2.1403623263440466, 65.07588114402154], [1.6821675326797796, -2.26514746110513, 66.92271044607389], [1.4690428995096467, -2.422775259698181, 68.76953974812625]], "radius": [1.768181388382917, 1.7513912386500994, 1.734601088917282, 1.7178109391844645, 1.7010207894516471, 1.6842306397188296, 1.6674404899860122, 1.6506503402531947, 1.6338601905203773, 1.6170700407875598, 1.6002798910547424], "ref_radius": [1.768181388382917, 1.7513912386500994, 1.734601088917282, 1.7178109391844645, 1.7010207894516471, 1.6842306397188296, 1.6674404899860122, 1.6506503402531947, 1.6338601905203773, 1.6170700407875598, 1.6002798910547424], "length": 18.4691647060992, "seg_id": 4, "type": "Main", "parent": 2, "children": [5, 6]}, {"pos": [[1.4690428995096467, -2.422775259698181, 68.76953974812625], [3.1477101807045145, -2.292405968018533, 70.23000968837222], [4.731740298821749, -2.180062679796025, 71.6904796286182], [6.221133253861351, -2.085745395030656, 73.15094956886418], [7.6158890458233195, -2.009454113722426, 74.61141950911016], [8.916007674707656, -1.9511888358713352, 76.07188944935615], [10.121489140514358, -1.9109495614773837, 77.53235938960214], [11.232333443243428, -1.8887362905405713, 78.9928293298481], [12.248540582894867, -1.8845490230608983, 80.45329927009409]], "radius": [1.0683070969398425, 1.0683070969398425, 1.0683070969398425, 1.0683070969398425, 1.0683070969398425, 1.0683070969398425, 1.0683070969398425, 1.0683070969398425, 1.0683070969398425], "ref_radius": [1.0683070969398425, 1.0683070969398425, 1.0683070969398425, 1.0683070969398425, 1.0683070969398425, 1.0683070969398425, 1.0683070969398425, 1.0683070969398425, 1.0683070969398425], "length": 15.90589495611883, "seg_id": 5, "type": "Side", "parent": 4,