{"case_id": "LAD_3042_bc2", "artery_type": "LAD", "segments": [{"pos": [[0.0, 0.0, 0.0], [-0.20913272486215007, -0.01649191730779475, 1.8346379371860806], [-0.39212385911653136, -0.030922344952115155, 3.669275874372161], [-0.5489734027631438, -0.04329128293296121, 5.503913811558241], [-0.6796813558019876, -0.05359873125033293, 7.3385517487443215], [-0.7842477182330627, -0.06184468990423031, 9.173189685930403], [-0.862672490056369, -0.06802915889465334, 11.007827623116484], [-0.9149556712719065, -0.07215213822160203, 12.842465560302564], [-0.9410972618796752, -0.07421362788507636, 14.677103497488645], [-0.9410972618796752, -0.07421362788507636, 16.511741434674725], [-0.9149556712719065, -0.07215213822160203, 18.346379371860806], [-0.862672490056369, -0.06802915889465334, 20.181017309046887], [-0.7842477182330628, -0.06184468990423032, 22.015655246232967], [-0.6796813558019879, -0.053598731250332945, 23.850293183419048], [-0.548973402763144, -0.04329128293296123, 25.68493112060513], [-0.3921238591165314, -0.030922344952115162, 27.519569057791205], [-0.2091327248621501, -0.016491917307794753, 29.35420699497729], [0.0, 0.0, 31.18884493216337]], "radius": [2.7590157707946137, 2.7590157707946137, 2.7590157707946137, 2.7590157707946137, 2.7590157707946137, 2.751696822120054, 2.318850166978359, 1.49878142664709, 0.8523371305705709, 0.8216217293917296, 1.4276415428304032, 2.255938498744643, 2.740038775822657, 2.7590157707946137, 2.7590157707946137, 2.7590157707946137, 2.7590157707946137, 2.7590157707946137], "ref_radius": [2.7590157707946137, 2.7590157707946137, 2.7590157707946137, 2.7590157707946137, 2.7590157707946137, 2.7590157707946137, 2.7590157707946137, 2.7590157707946137, 2.7590157707946137, 2.7590157707946137, 2.7590157707946137, 2.7590157707946137, 2.7590157707946137, 2.7590157707946137, 2.7590157707946137, 2.7590157707946137, 2.7590157707946137, 2.7590157707946137], "length": 31.18884493216337, "seg_id": 0, "type": "Root", "parent": null, "children": [1, 2]}, {"pos": [[0.0, 0.0, 31.18884493216337], [1.8352567080224687, -0.10995128325278788, 32.693786242740984], [3.5320542429289867, -0.13829030298146505, 34.198727553318584], [5.090392604719554, -0.0850170591860315, 35.70366886389619], [6.510271793394173, 0.049868448133512655, 37.208610174473804], [7.791691808952839, 0.2663662189771675, 38.71355148505141], [8.934652651395556, 0.5644762533449331, 40.218492795629025], [9.939154320722324, 0.9441985512368095, 41.72343410620663]], "radius": [1.7147085211011537, 1.7147085211011537, 1.7147085211011537, 1.7147085211011537, 1.7147085211011537, 1.7147085211011537, 1.7147085211011537, 1.7147085211011537], "ref_radius": [1.7147085211011537, 1.7147085211011537, 1.7147085211011537, 1.7147085211011537, 1.7147085211011537, 1.7147085211011537, 1.7147085211011537, 1.7147085211011537], "length": 14.513988720581272, "seg_id": 1, "type": "Side", "parent": 0, "children": []}, {"pos": [[0.0, 0.0, 31.18884493216337], [0.20961398986236762, 0.1711479085138258, 32.9232085565121], [0.42077230035705837, 0.35227344843093794, 34.657572180860825], [0.6334749314840722, 0.5433766197513363, 36.39193580520955], [0.8477218832434094, 0.7444574224750213, 38.12629942955828], [1.0635131556350697, 0.9555158566019926, 39.860663053907004], [1.2808487486590532, 1.17655192213225, 41.59502667825574], [1.4997286623153596, 1.4075656190657937, 43.32939030260447], [1.7201528966039894, 1.648556947402624, 45.0637539269532], [1.9421214515249425, 1.8995259071427406, 46.79811755130193], [2.1656343270782186, 2.160472498286144, 48.53248117565066], [2.390691523263818, 2.431396720832833, 50.26684479999939], [2.61729304008174, 2.7122985747828077, 52.001208424348114], [2.845438877531986, 3.00317806013607, 53.735572048696845], [3.0751290356145544, 3.304035176892618, 55.469935673045576], [3.3063635143294463, 3.614869925052453, 57.2042992973943], [3.5391423136766615, 3.935682304615574, 58.93866292174304], [3.7734654336561997, 4.266472315581981, 60.67302654609176]], "radius": [2.7590157707946137, 2.7423328269574303, 2.7256498831202474, 2.708966939283064, 2.6922839954458806, 2.5448989850330275, 2.1212921055239535, 1.5756089864126928, 1.1075344029560215, 0.885472852692744, 0.9844890573663083, 1.3596521142928026, 1.8642251135443986, 2.305382207099371, 2.5163037281247007, 2.5087716132368647, 2.4920886693996813, 2.4754057255624984], "ref_radius": [2.7590157707946137, 2.7423328269574303, 2.7256498831202474, 2.708966939283064, 2.6922839954458806, 2.675601051608697, 2.6589181077715143, 2.642235163934331, 2.6255522200971475, 2.6088692762599646, 2.592186332422781, 2.575503388585598, 2.5588204447484144, 2.5421375009112315, 2.525454557074048, 2.5087716132368647, 2.4920886693996813, 2.4754057255624984], "length": 30.029298906929863, "seg_id": 2, "type": "Main", "parent": 0, "children": [3, 4]}, {"pos": [[3.7734654336561997, 4.266472315581981, 60.67302654609176], [5.021900000416993, 4.324926357255873, 62.02693347444921], [6.290217807931853, 4.44493660929563, 63.380840402806676], [7.57841885620078, 4.626503071701252, 64.73474733116414], [8.886503145223772, 4.869625744472736, 66.08865425952158], [10.214470675000833, 5.174304627610086, 67.44256118787904], [11.562321445531957, 5.5405397211133, 68.7964681162365], [12.930055456817145, 5.968331024982377, 70.15037504459394], [14.317672708856406, 6.45767853921732, 71.50428197295142], [15.725173201649731, 7.008582263818127, 72.85818890130886]], "radius": [1.4072852251844252, 1.4072852251844252, 1.4072852251844252, 1.4072852251844252, 1.4072852251844252, 1.4072852251844252, 1.4072852251844252, 1.4072852251844252, 1.4072852251844252, 1.4072852251844252], "ref_radius": [1.4072852251844252, 1.4072852251844252, 1.4072852251844252, 1.4072852251844252, 1.4072852251844252, 1.4072852251844252, 1.4072852251844252, 1.4072852251844252, 1.4072852251844252, 1.4072852251844252], "length": 17.287008623898252, "seg_id": 3, "type": "Side", "parent": 2, "children": []}, {"pos": [[3.7734654336561997, 4.266472315581981, 60.67302654609176], [4.332600773179425, 4.69322015551971, 62.380988764446016], [4.853770174600617, 5.135670813701917, 64.08895098280027], [5.336973637919779, 5.593824290128597, 65.79691320115451], [5.782211163136909, 6.067680584799756, 67.50487541950876], [6.189482750252005, 6.557239697715391, 69.212837637863], [6.5587883992650715, 7.062501628875501, 70.92079985621726], [6.890128110176107, 7.58346637828009, 72.62876207457151], [7.1835018829851105, 8.120133945929155, 74.33672429292577], [7.438909717692081, 8.672504331822694, 76.04468651128], [7.656351614297021, 9.24057753596071, 77.75264872963425], [7.835827572799929, 9.824353558343205, 79.4606109479885], [7.977337593200806, 10.423832398970173, 81.16857316634275], [8.08088167549965, 11.039014057841621, 82.87653538469701], [8.146459819696464, 11.669898534957543, 84.58449760305125]], "radius": [2.458722781725315, 2.441782464952809, 2.4248421481803035, 2.4079018314077976, 2.390961514635292, 2.374021197862786, 2.3570808810902806, 2.3401405643177746, 2.323200247545269, 2.306259930772763, 2.2893196140002576, 2.2723792972277517, 2.255438980455246, 2.23849866368274, 2.2215583469102347], "ref_radius": [2.458722781725315, 2.441782464952809, 2.4248421481803035, 2.4079018314077976, 2.390961514635292, 2.374021197862786, 2.3570808810902806, 2.3401405643177746, 2.323200247545269, 2.306259930772763, 2.2893196140002576, 2.2723792972277517, 2.255438980455246, 2.23849866368274, 2.2215583469102347], "length": 25.41047515875861, "seg_id": 4, "type": "Main", "parent": 2,