{"case_id": "LAD_3030_bc1", "artery_type": "LAD", "segments": [{"pos": [[0.0, 0.0, 0.0], [-0.06448754678932891, -0.07111615110352006, 1.8385927226511922], [-0.11905393253414567, -0.1312913558834216, 3.677185445302384], [-0.16369915723445028, -0.18052561433970474, 5.5157781679535764], [-0.19842322089024278, -0.2188189264723694, 7.354370890604768], [-0.2232261235015231, -0.24617129228141552, 9.192963613255959], [-0.23810786506829132, -0.2625827117668432, 11.031556335907151], [-0.2430684455905474, -0.2680531849286525, 12.870149058558345], [-0.23810786506829135, -0.2625827117668432, 14.708741781209536], [-0.22322612350152313, -0.24617129228141554, 16.54733450386073], [-0.1984232208902428, -0.21881892647236942, 18.38592722651192], [-0.1636991572344503, -0.18052561433970477, 20.224519949163113], [-0.11905393253414571, -0.13129135588342167, 22.063112671814306], [-0.06448754678932897, -0.07111615110352013, 23.9017053944655], [0.0, 0.0, 25.74029811711669]], "radius": [2.4489333587277446, 2.4489333587277446, 2.4489333587277446, 2.4489333587277446, 2.4489333587277446, 2.4489333587277446, 2.4489333587277446, 2.4489333587277446, 2.4489333587277446, 2.4489333587277446, 2.4489333587277446, 2.4489333587277446, 2.4489333587277446, 2.4489333587277446, 2.448258784467633], "ref_radius": [2.4489333587277446, 2.4489333587277446, 2.4489333587277446, 2.4489333587277446, 2.4489333587277446, 2.4489333587277446, 2.4489333587277446, 2.4489333587277446, 2.4489333587277446, 2.4489333587277446, 2.4489333587277446, 2.4489333587277446, 2.4489333587277446, 2.4489333587277446, 2.4489333587277446], "length": 25.74029811711669, "seg_id": 0, "type": "Root", "parent": null, "children": [1, 2]}, {"pos": [[0.0, 0.0, 25.74029811711669], [0.8820220231600272, 0.23772076539819217, 27.304007537742645], [1.7652517424010234, 0.429465011948109, 28.86771695836859], [2.649689157722989, 0.5752327396497505, 30.431426378994534], [3.535334269125924, 0.6750239485031166, 31.995135799620485], [4.422187076609827, 0.7288386385082075, 33.55884522024643], [5.3102475801747, 0.7366768096650231, 35.12255464087238], [6.199515779820543, 0.6985384619735633, 36.686264061498335], [7.089991675547354, 0.6144235954338282, 38.249973482124275], [7.981675267355134, 0.4843322100458178, 39.81368290275023], [8.874566555243884, 0.30826430580953196, 41.37739232337617], [9.768665539213604, 0.0862198827249705, 42.941101744002125], [10.663972219264291, -0.18180105920786574, 44.50481116462808], [11.560486595395947, -0.4957985199889773, 46.06852058525402]], "radius": [1.5952320556504676, 1.5952320556504676, 1.5952320556504676, 1.5952320556504676, 1.5952320556504676, 1.5952320556504676, 1.5952320556504676, 1.5952320556504676, 1.5952320556504676, 1.5952320556504676, 1.5952320556504676, 1.5952320556504676, 1.5952320556504676, 1.5952320556504676], "ref_radius": [1.5952320556504676, 1.5952320556504676, 1.5952320556504676, 1.5952320556504676, 1.5952320556504676, 1.5952320556504676, 1.5952320556504676, 1.5952320556504676, 1.5952320556504676, 1.5952320556504676, 1.5952320556504676, 1.5952320556504676, 1.5952320556504676, 1.5952320556504676], "length": 23.390752343796812, "seg_id": 1, "type": "Side", "parent": 0, "children": []}, {"pos": [[0.0, 0.0, 25.74029811711669], [0.11811615491407679, -0.484756245197723, 27.521716649049676], [0.23112687037688504, -0.9314985435758291, 29.303135180982665], [0.3390321463884247, -1.3402268951343181, 31.084553712915643], [0.44183198294869586, -1.7109412998731903, 32.86597224484863], [0.5395263800576984, -2.0436417577924453, 34.64739077678161], [0.6321153377154325, -2.338328268892084, 36.4288093087146], [0.7195988559218981, -2.5950008331721053, 38.21022784064758], [0.8019769346770951, -2.8136594506325103, 39.99164637258056], [0.8792495739810234, -2.9943041212732977, 41.77306490451355], [0.9514167738336834, -3.1369348450944683, 43.55448343644653], [1.0184785342350748, -3.241551622096022, 45.33590196837952], [1.0804348551851977, -3.3081544522779587, 47.1173205003125], [1.137285736684052, -3.336743335640279, 48.89873903224549], [1.1890311787316377, -3.327318272182982, 50.68015756417847]], "radius": [2.409663382168791, 2.2988101279222244, 2.1410927578750996, 1.9487117550203772, 1.7364456037513931, 1.5204432345736663, 1.316924239675379, 1.1408914592428743, 1.0049581254857085, 0.9183812274577197, 0.886375074140074, 0.9097556944910863, 0.9849396611685772, 1.1042923696629583, 0.9105646234800295], "ref_radius": [2.4489333587277446, 2.4321407488284454, 2.4153481389291462, 2.398555529029847, 2.381762919130548, 2.3649703092312486, 2.3481776993319494, 2.33138508943265, 2.314592479533351, 2.297799869634052, 2.2810072597347526, 2.264214649835453, 2.2474220399361537, 2.2306294300368545, 2.2138368201375553], "length": 25.18891484894884, "seg_id": 2, "type": "Main", "parent": 0, "children": [3, 4]}, {"pos": [[1.1890311787316377, -3.327318272182982, 50.68015756417847], [2.3911368919736087, -3.206905675389465, 52.216793698620236], [3.577646632335923, -3.1238658111642463, 53.75342983306201], [4.748560399818578, -3.0781986795073255, 55.290065967503764], [5.9038781944215755, -3.069904280418703, 56.82670210194553], [7.043600016144914, -3.0989826138983787, 58.36333823638729], [8.167725864988597, -3.1654336799463527, 59.89997437082905], [9.276255740952623, -3.2692574785626247, 61.43661050527082], [10.36918964403699, -3.4104540097471947, 62.973246639712585], [11.446527574241696, -3.5890232735000636, 64.50988277415433], [12.508269531566746, -3.8049652698212304, 66.04651890859611], [13.554415516012142, -4.058279998710695, 67.58315504303788], [14.584965527577877, -4.348967460168458, 69.11979117747964], [15.599919566263955, -4.67702765419452, 70.6564273119214], [16.599277632070375, -5.042460580788879, 72.19306344636317]], "radius": [1.4391838892509516, 1.4391838892509516, 1.4391838892509516, 1.4391838892509516, 1.4391838892509516, 1.4391838892509516, 1.4391838892509516, 1.4391838892509516, 1.4391838892509516, 1.4391838892509516, 1.4391838892509516, 1.4391838892509516, 1.4391838892509516, 1.4391838892509516, 1.4391838892509516], "ref_radius": [1.4391838892509516, 1.4391838892509516, 1.4391838892509516, 1.4391838892509516, 1.4391838892509516, 1.4391838892509516, 1.4391838892509516, 1.4391838892509516, 1.4391838892509516, 1.4391838892509516, 1.4391838892509516, 1.4391838892509516, 1.4391838892509516, 1.4391838892509516, 1.4391838892509516], "length": 26.518343243633193, "seg_id": 3, "type": "Side", "parent": 2, "children": []}, {"pos": [[1.1890311787316377, -3.327318272182982, 50.68015756417847], [1.4440978854798885, -3.2361097335390503, 52.44449791065116], [1.6849254907727356, -3.161824607474069, 54.20883825712383], [1.9115139946101791, -3.104462893988041, 55.9731786035965], [2.1238633969922196, -3.0640245930809655, 57.73751895006918], [2.3219736979188563, -3.040509704752843, 59.50185929654187], [2.505844897390089, -3.0339182290036706, 61.26619964301454], [2.675476995405919, -3.044250165833451, 63.03053998948721], [2.8308699919663454, -3.071505515242184, 64.7948803359599], [2.972023887071368, -3.1156842772298696, 66.55922068243258], [3.0989386807209867, -3.1767864517965063, 68.32356102890525], [3.2116143729152027, -3.254812038942096, 70.08790137537792], [3.3100509636540147, -3.349761038666637, 71.8522417218506], [3.394248452937423, -3.4616334509701305, 73.61658206832328], [3.464206840765428, -3.5904292758525767, 75.38092241479595], [3.5199261271380298, -3.7361485133139745, 77.14526276126864], [3.5614063120552277, -3.8987911633543244, 78.9096031077413], [3.5886473955170217, -4.078357225973626, 80.67394345421398], [3.6016493775234126, -4.274846701171882, 82.43828380068666], [3.6004122580744005, -4.488259588949088, 84.20262414715934]],