{"case_id": "LAD_4124_bc8", "artery_type": "LAD", "segments": [{"pos": [[0.0, 0.0, 0.0], [0.0540882504014532, 0.041609388882640194, 1.8286350988342923], [0.10096473408271264, 0.07767085924759502, 3.6572701976685846], [0.14062945104377833, 0.1081844110948645, 5.485905296502877], [0.17308240128465024, 0.1331500444244486, 7.314540395337169], [0.1983235848053284, 0.15256775923634736, 9.143175494171462], [0.2163530016058128, 0.16643755553056078, 10.971810593005753], [0.22717065168610345, 0.1747594333070888, 12.800445691840046], [0.23077653504620033, 0.17753339256593148, 14.629080790674339], [0.22717065168610345, 0.1747594333070888, 16.45771588950863], [0.2163530016058128, 0.16643755553056078, 18.286350988342924], [0.1983235848053284, 0.15256775923634736, 20.114986087177215], [0.17308240128465024, 0.1331500444244486, 21.94362118601151], [0.14062945104377833, 0.1081844110948645, 23.772256284845803], [0.10096473408271264, 0.07767085924759502, 25.600891383680093], [0.0540882504014532, 0.041609388882640194, 27.429526482514387], [0.0, 0.0, 29.258161581348677]], "radius": [3.0176355103737866, 3.0176355103737866, 3.0176355103737866, 3.0176355103737866, 3.0176355103737866, 3.0176355103737866, 3.0176355103737866, 3.0176355103737866, 3.0176355103737866, 3.0176355103737866, 2.8640618342727993, 2.252933368312868, 1.4422224363284526, 0.7988204146453044, 0.6139021770107029, 0.9711534171002274, 1.708898260074377], "ref_radius": [3.0176355103737866, 3.0176355103737866, 3.0176355103737866, 3.0176355103737866, 3.0176355103737866, 3.0176355103737866, 3.0176355103737866, 3.0176355103737866, 3.0176355103737866, 3.0176355103737866, 3.0176355103737866, 3.0176355103737866, 3.0176355103737866, 3.0176355103737866, 3.0176355103737866, 3.0176355103737866, 3.0176355103737866], "length": 29.258161581348677, "seg_id": 0, "type": "Root", "parent": null, "children": [1, 2]}, {"pos": [[0.0, 0.0, 29.258161581348677], [1.124079064305777, 0.19139606069413675, 30.619563100071538], [2.3061522046073173, 0.3320817596146439, 31.9809646187944], [3.546219420904621, 0.4220570967615216, 33.34236613751727], [4.844280713197688, 0.4613220721347697, 34.703767656240124], [6.200336081486518, 0.4498766857343882, 36.06516917496299], [7.614385525771112, 0.3877209375603772, 37.426570693685846], [9.086429046051467, 0.2748548276127366, 38.78797221240871], [10.61646664232759, 0.11127835589146647, 40.149373731131575]], "radius": [1.5886493054846473, 1.5886493054846473, 1.5886493054846473, 1.5886493054846473, 1.5886493054846473, 1.5886493054846473, 1.5886493054846473, 1.5886493054846473, 1.5886493054846473], "ref_radius": [1.5886493054846473, 1.5886493054846473, 1.5886493054846473, 1.5886493054846473, 1.5886493054846473, 1.5886493054846473, 1.5886493054846473, 1.5886493054846473, 1.5886493054846473], "length": 15.209873402882842, "seg_id": 1, "type": "Side", "parent": 0, "children": []}, {"pos": [[0.0, 0.0, 29.258161581348677], [0.21787869222232703, 0.37768248012280575, 31.218244591129164], [0.3719558365789155, 0.643506545134481, 33.178327600909654], [0.46223143306976544, 0.7974721950350258, 35.138410610690144], [0.4887054816948768, 0.8395794298244399, 37.098493620470634], [0.45137798245424965, 0.7698282495027235, 39.058576630251125], [0.3502489353478839, 0.5882186540698766, 41.01865964003161], [0.18531834037577966, 0.2947506435258992, 42.9787426498121], [-0.04341380246206314, -0.11057578212920882, 44.93882565959259]], "radius": [2.4932665061648147, 2.95214398707961, 2.982788590273484, 2.965365130223333, 2.9479416701731815, 2.9305182101230303, 2.913094750072879, 2.8956712900227277, 2.8782478299725764], "ref_radius": [3.0176355103737866, 3.0002120503236354, 2.982788590273484, 2.965365130223333, 2.9479416701731815, 2.9305182101230303, 2.913094750072879, 2.8956712900227277, 2.8782478299725764], "length": 15.681114045136162, "seg_id": 2, "type": "Main", "parent": 0, "children": [3, 4]}, {"pos": [[-0.04341380246206314, -0.11057578212920882, 44.93882565959259], [1.6285969051515834, -0.13141317515934656, 46.30421352447049], [3.214564052378762, -0.16114660910208475, 47.6696013893484], [4.714487639219473, -0.19977608395742336, 49.03498925422631], [6.128367665673714, -0.2473015997253623, 50.40037711910421], [7.456204131741489, -0.3037231564059018, 51.765764983982116], [8.697997037422795, -0.3690407539990416, 53.131152848860026], [9.853746382717631, -0.4432543925047818, 54.49654071373793], [10.923452167626003, -0.5263640719231226, 55.86192857861584], [11.907114392147905, -0.6183697922540637, 57.22731644349374]], "radius": [1.8291732514244827, 1.8291732514244827, 1.8291732514244827, 1.8291732514244827, 1.8291732514244827, 1.8291732514244827, 1.8291732514244827, 1.8291732514244827, 1.8291732514244827, 1.8291732514244827], "ref_radius": [1.8291732514244827, 1.8291732514244827, 1.8291732514244827, 1.8291732514244827, 1.8291732514244827, 1.8291732514244827, 1.8291732514244827, 1.8291732514244827, 1.8291732514244827, 1.8291732514244827], "length": 17.14876044012832, "seg_id": 3, "type": "Side", "parent": 2, "children": []}, {"pos": [[-0.04341380246206314, -0.11057578212920882, 44.93882565959259], [0.1831758494918323, -0.3087067566536374, 46.827111315807976], [0.380560405228539, -0.47858492895097704, 48.71539697202335], [0.548739864748057, -0.6202102990212275, 50.60368262823872], [0.6877142280503865, -0.7335828668643893, 52.49196828445411], [0.7974834951355272, -0.818702632480462, 54.38025394066949], [0.8780476660034792, -0.8755695958694458, 56.26853959688487], [0.9294067406542426, -0.9041837570313406, 58.156825253100266], [0.9515607190878169, -0.9045451159661464, 60.04511090931564], [0.9445096013042029, -0.8766536726738632, 61.93339656553101], [0.9082533873034002, -0.8205094271544912, 63.8216822217464], [0.8427920770854087, -0.73611237940803, 65.70996787796179], [0.7481256706502286, -0.6234625294344801, 67.59825353417718], [0.6242541679978598, -0.48255987723384114, 69.48653919039255]], "radius": [2.860824369922425, 2.8432817920937388, 2.825739214265053, 2.8081966364363664, 2.79065405860768, 2.773111480778994, 2.7555689029503077, 2.7380263251216213, 2.7204837472929353, 2.702941169464249, 2.6853985916355625, 2.6678560138068765, 2.65031343597819, 2.632770858149504], "ref_radius": [2.860824369922425, 2.8432817920937388, 2.825739214265053, 2.8081966364363664, 2.79065405860768, 2.773111480778994, 2.7555689029503077, 2.7380263251216213, 2.7204837472929353, 2.702941169464249, 2.6853985916355625, 2.6678560138068765, 2.65031343597819, 2.632770858149504], "length": 24.559608960160745, "seg_id": 4, "type": "Main", "parent": 2, "children": [5, 6]}, {"pos": [[0.6242541679978598, -0.48255987723384114, 69.48653919039255], [1.6183834280994756, -0.3369990252343956, 71.06995139324599], [2.7091615239814386, -0.248456844220291, 72.65336359609942], [3.8965884556437476, -0.21693333419152727, 74.23677579895285], [5.180664223086405, -0.24242849514810458, 75.82018800180629], [6.561388826309408, -0.32494232709002274, 77.40360020465974], [8.03876226531276, -0.46447483001728185, 78.98701240751318], [9.612784540096458, -0.661026003929882, 80.57042461036662]], "radius": [1.6952878884313054, 1.6952878884313054, 1.6952878884313054, 1.6952878884313054, 1.6952878884313054, 1.6952878884313054, 1.6952878884313054, 1.6952878884313054], "ref_radius": [1.6952878884313054, 1.6952878884313054, 1.6952878884313054, 1.6952878884313054, 1.6952878884313054, 1.6952878884313054, 1.6952878884313054, 1.6952878884313054], "length": 14.2715817067216, "seg_id": 5, "type": "Side", "parent": 4,