{"case_id": "LAD_1816_bc3", "artery_type": "LAD", "segments": [{"pos": [[0.0, 0.0, 0.0], [-0.08004095730621905, -0.004596237215202934, 1.8117575310885177], [-0.1500767949491607, -0.0086179447785055, 3.6235150621770353], [-0.21010751292882496, -0.0120651226899077, 5.435272593265552], [-0.2601331112452119, -0.014937770949409533, 7.24703012435407], [-0.3001535898983214, -0.017235889557011, 9.058787655442588], [-0.33016894888815357, -0.018959478512712104, 10.870545186531105], [-0.3501791882147083, -0.020108537816512836, 12.682302717619624], [-0.36018430787798567, -0.0206830674684132, 14.494060248708141], [-0.36018430787798567, -0.0206830674684132, 16.30581777979666], [-0.3501791882147083, -0.020108537816512836, 18.117575310885176], [-0.33016894888815357, -0.018959478512712104, 19.929332841973697], [-0.3001535898983214, -0.017235889557011004, 21.74109037306221], [-0.26013311124521193, -0.014937770949409538, 23.55284790415073], [-0.21010751292882504, -0.012065122689907705, 25.36460543523925], [-0.15007679494916074, -0.008617944778505502, 27.176362966327765], [-0.08004095730621906, -0.004596237215202935, 28.988120497416283], [0.0, 0.0, 30.7998780285048]], "radius": [1.948431747303683, 1.9427056369697375, 1.7870196848584377, 1.4636886133992313, 1.0724874982320378, 0.7341350833986049, 0.553041803784138, 0.5850903049688174, 0.8203909044813094, 1.1863333981475335, 1.5699934702788405, 1.8529794285947445, 1.948431747303683, 1.948431747303683, 1.948431747303683, 1.948431747303683, 1.948431747303683, 1.948431747303683], "ref_radius": [1.948431747303683, 1.948431747303683, 1.948431747303683, 1.948431747303683, 1.948431747303683, 1.948431747303683, 1.948431747303683, 1.948431747303683, 1.948431747303683, 1.948431747303683, 1.948431747303683, 1.948431747303683, 1.948431747303683, 1.948431747303683, 1.948431747303683, 1.948431747303683, 1.948431747303683, 1.948431747303683], "length": 30.7998780285048, "seg_id": 0, "type": "Root", "parent": null, "children": [1, 2]}, {"pos": [[0.0, 0.0, 30.7998780285048], [1.2337463252712517, -0.07810890373236203, 32.47176598597951], [2.409643999966575, -0.12413197053153192, 34.143653943454225], [3.52769302408597, -0.13806920039750975, 35.81554190092894], [4.587893397629435, -0.11992059333029544, 37.487429858403644], [5.590245120596973, -0.06968614932988901, 39.15931781587836], [6.534748192988581, 0.012634131603709464, 40.831205773353076], [7.42140261480426, 0.1270402494705, 42.503093730827786], [8.250208386044012, 0.27353220427048286, 44.1749816883025], [9.021165506707835, 0.4521099960036577, 45.84686964577722]], "radius": [0.9799724121488538, 0.9799724121488538, 0.9799724121488538, 0.9799724121488538, 0.9799724121488538, 0.9799724121488538, 0.9799724121488538, 0.9799724121488538, 0.9799724121488538, 0.9799724121488538], "ref_radius": [0.9799724121488538, 0.9799724121488538, 0.9799724121488538, 0.9799724121488538, 0.9799724121488538, 0.9799724121488538, 0.9799724121488538, 0.9799724121488538, 0.9799724121488538, 0.9799724121488538], "length": 17.54986573390714, "seg_id": 1, "type": "Side", "parent": 0, "children": []}, {"pos": [[0.0, 0.0, 30.7998780285048], [0.1386475403056137, 0.1618711042316358, 32.57718311832684], [0.24952272257889427, 0.32101052410616715, 34.35448820814889], [0.33262554681984174, 0.477418259623594, 36.13179329797094], [0.38795601302845595, 0.6310943107839162, 37.90909838779298], [0.4155141212047371, 0.782038677587134, 39.686403477615016], [0.4152998713486849, 0.9302513600332472, 41.46370856743706], [0.38731326346029976, 1.0757323581222558, 43.24101365725909], [0.33155429753958143, 1.21848167185416, 45.01831874708114], [0.24802297358652992, 1.3584993012289597, 46.79562383690318], [0.13671929160114538, 1.4957852462466548, 48.572928926725226], [-0.002356748416572352, 1.6303395069072453, 50.35023401654726], [-0.1692051464666236, 1.7621620832107316, 52.12753910636931], [-0.3638259025490076, 1.8912529751571132, 53.90484419619135], [-0.5862190166637248, 2.01761218274639, 55.68214928601339], [-0.8363844888107751, 2.141239705978563, 57.459454375835435]], "radius": [1.948431747303683, 1.9317076832240363, 1.9149836191443894, 1.8982595550647428, 1.881535490985096, 1.8648114269054492, 1.8480873628258025, 1.8313632987461559, 1.814639234666509, 1.7979151705868623, 1.7811911065072157, 1.7644670424275688, 1.7477429783479221, 1.7310189142682753, 1.7142948501886286, 1.697570786108982], "ref_radius": [1.948431747303683, 1.9317076832240363, 1.9149836191443894, 1.8982595550647428, 1.881535490985096, 1.8648114269054492, 1.8480873628258025, 1.8313632987461559, 1.814639234666509, 1.7979151705868623, 1.7811911065072157, 1.7644670424275688, 1.7477429783479221, 1.7310189142682753, 1.7142948501886286, 1.697570786108982], "length": 26.758502527434782, "seg_id": 2, "type": "Main", "parent": 0, "children": [3, 4]}, {"pos": [[-0.8363844888107751, 2.141239705978563, 57.459454375835435], [0.27604757154981857, 2.3103918472073848, 58.991004429313364], [1.5324281771822688, 2.5138982871030175, 60.52255448279129], [2.9327573280865753, 2.7517590256654625, 62.05410453626921], [4.477035024262738, 3.023974062894719, 63.585654589747136], [6.165261265710757, 3.3305433987907875, 65.11720464322505], [7.997436052430634, 3.671467033353668, 66.64875469670298]], "radius": [1.2883878854623518, 1.2883878854623518, 1.2883878854623518, 1.2883878854623518, 1.2883878854623518, 1.2883878854623518, 1.2883878854623518], "ref_radius": [1.2883878854623518, 1.2883878854623518, 1.2883878854623518, 1.2883878854623518, 1.2883878854623518, 1.2883878854623518, 1.2883878854623518], "length": 12.83827174565956, "seg_id": 3, "type": "Side", "parent": 2, "children": []}, {"pos": [[-0.8363844888107751, 2.141239705978563, 57.459454375835435], [-1.138580424382295, 2.421513901225317, 59.21659864155927], [-1.414483031736756, 2.7169528279415727, 60.97374290728309], [-1.6640923108741579, 3.027556486127331, 62.73088717300691], [-1.8874082617945007, 3.353324875782591, 64.48803143873076], [-2.084430884497785, 3.6942579969073543, 66.24517570445458], [-2.25516017898401, 4.05035584950162, 68.0023199701784], [-2.3995961452531755, 4.421618433565387, 69.75946423590224], [-2.5177387833052824, 4.808045749098657, 71.51660850162608], [-2.60958809314033, 5.209637796101429, 73.2737527673499], [-2.675144074758319, 5.626394574573704, 75.03089703307373], [-2.7144067281592488, 6.05831608451548, 76.78804129879757], [-2.727376053343119, 6.505402325926759, 78.54518556452139], [-2.714052050309931, 6.96765329880754, 80.30232983024523], [-2.6744347190596836, 7.445069003157823, 82.05947409596907], [-2.608524059592377, 7.937649438977608, 83.81661836169289], [-2.5163200719080114, 8.445394606266897, 85.57376262741673], [-2.397822756006587, 8.968304505025687, 87.33090689314055], [-2.397822756006587, 8.968304505025687, 87.33090689314055], [-2.6278417747818206, 9.591789072233366, 89.10108903233123], [-2.830363154712721, 10.171491091736293, 90.87127117152193], [-3.005386895799287, 10.707410563534467, 92.64145331071262], [-3.15291299804152, 11.199547487627887, 94.41163544990332], [-3.2729414614394186, 11.647901864016552, 96.18181758909401], [-3.3654722859929826, 12.05247369270046, 97.9519997282847], [-3.4305054717022134, 12.413262973679618, 99.7221818674754], [-3.4680410185671096, 12.730269706954019, 101.4923640066661], [-3.4780789265876724, 13.003493892523666, 103.2625461458568], [-3.4606191957639005, 13.23293553038856, 105.03272828504748], [-3.415661826095796, 13.418594620548696, 106.80291042423818]],