{"case_id": "LAD_1703_bc7", "artery_type": "LAD", "segments": [{"pos": [[0.0, 0.0, 0.0], [0.06435676130802553, -0.270525665220244, 1.8655872158274875], [0.11701229328731917, -0.4918648458549892, 3.7311744316549755], [0.15796659593788087, -0.6640175419042353, 5.596761647482463], [0.18721966925971067, -0.7869837533679827, 7.46234886330995], [0.20477151325280854, -0.860763480246231, 9.327936079137437], [0.2106221279171745, -0.8853567225389805, 11.193523294964926], [0.20477151325280857, -0.8607634802462311, 13.059110510792411], [0.18721966925971067, -0.7869837533679827, 14.9246977266199], [0.15796659593788087, -0.6640175419042353, 16.79028494244739], [0.11701229328731921, -0.49186484585498935, 18.655872158274875], [0.06435676130802558, -0.2705256652202441, 20.521459374102363], [0.0, 0.0, 22.387046589929852]], "radius": [2.253734643878369, 2.253734643878369, 2.2292704162998755, 2.1405065226041926, 1.9951312789003222, 1.8069671802005334, 1.5939051496737258, 1.376203442984528, 1.1745614631276047, 1.0081516303158082, 0.8927964396688648, 0.8394640347766478, 0.8532253402466274], "ref_radius": [2.253734643878369, 2.253734643878369, 2.253734643878369, 2.253734643878369, 2.253734643878369, 2.253734643878369, 2.253734643878369, 2.253734643878369, 2.253734643878369, 2.253734643878369, 2.253734643878369, 2.253734643878369, 2.253734643878369], "length": 22.387046589929852, "seg_id": 0, "type": "Root", "parent": null, "children": [1, 2]}, {"pos": [[0.0, 0.0, 22.387046589929852], [0.9976170770712676, -0.0029105307027901366, 23.85014818652415], [2.127316824524151, 0.03460457910453058, 25.31324978311845], [3.389099242358651, 0.11254532942196215, 26.77635137971275], [4.782964330574766, 0.23091172024950463, 28.23945297630705], [6.308912089172498, 0.3897037515871578, 29.70255457290135], [7.966942518151847, 0.5889214234349219, 31.165656169495648], [9.757055617512812, 0.8285647357927971, 32.62875776608995]], "radius": [1.5074999072991393, 1.5074999072991393, 1.5074999072991393, 1.5074999072991393, 1.5074999072991393, 1.5074999072991393, 1.5074999072991393, 1.5074999072991393], "ref_radius": [1.5074999072991393, 1.5074999072991393, 1.5074999072991393, 1.5074999072991393, 1.5074999072991393, 1.5074999072991393, 1.5074999072991393, 1.5074999072991393], "length": 14.16966131072018, "seg_id": 1, "type": "Side", "parent": 0, "children": []}, {"pos": [[0.0, 0.0, 22.387046589929852], [0.14794451536861492, 0.2196165382953049, 24.306365347472347], [0.30456266964926976, 0.3982381983308665, 26.22568410501485], [0.4698544628419644, 0.5358649801066847, 28.14500286255734], [0.643819894946699, 0.6324968836227597, 30.06432162009984], [0.8264589659634733, 0.6881339088790912, 31.98364037764233], [1.0177716758922877, 0.7027760558756795, 33.90295913518483], [1.2177580247331417, 0.6764233246125244, 35.82227789272732], [1.426418012486036, 0.609075715089626, 37.74159665026981], [1.6437516391509697, 0.5007332273069842, 39.66091540781231], [1.8697589047279435, 0.3513958612645994, 41.58023416535481], [2.104439809216957, 0.1610636169624709, 43.4995529228973], [2.3477943526180107, -0.07026350559940091, 45.4188716804398]], "radius": [0.9327719106284313, 1.062081086177258, 1.2336225355742294, 1.4293492759651691, 1.197311603572718, 0.9946289504266292, 0.8501658186106511, 0.7781469489807418, 0.7842448021523845, 0.8650677406485348, 1.008699910706711, 1.1962133898232432, 1.4014012815485088], "ref_radius": [2.253734643878369, 2.2359259623593704, 2.218117280840372, 2.2003085993213736, 2.182499917802375, 2.164691236283377, 2.146882554764378, 2.12907387324538, 2.1112651917263814, 2.0934565102073828, 2.0756478286883846, 2.057839147169386, 2.0400304656503874], "length": 23.151285974697984, "seg_id": 2, "type": "Main", "parent": 0, "children": [3, 4]}, {"pos": [[2.3477943526180107, -0.07026350559940091, 45.4188716804398], [3.230660726420558, -0.34908368709608184, 46.97289377449613], [4.132037986056683, -0.609640098524982, 48.52691586855246], [5.051926131526385, -0.8519327398861012, 50.08093796260878], [5.990325162829666, -1.07596161117944, 51.634960056665115], [6.947235079966523, -1.2817267124049976, 53.18898215072144], [7.92265588293696, -1.4692280435627743, 54.743004244777765], [8.916587571740974, -1.6384656046527708, 56.2970263388341], [9.929030146378565, -1.7894393956749859, 57.85104843289042], [10.959983606849736, -1.9221494166294204, 59.40507052694675], [12.009447953154483, -2.0365956675160746, 60.95909262100309], [13.077423185292808, -2.1327781483349475, 62.513114715059416], [14.163909303264713, -2.210696859086039, 64.06713680911574], [15.268906307070193, -2.270351799769351, 65.62115890317207], [16.392414196709254, -2.3117429703848815, 67.1751809972284]], "radius": [1.3456424608248894, 1.3456424608248894, 1.3456424608248894, 1.3456424608248894, 1.3456424608248894, 1.3456424608248894, 1.3456424608248894, 1.3456424608248894, 1.3456424608248894, 1.3456424608248894, 1.3456424608248894, 1.3456424608248894, 1.3456424608248894, 1.3456424608248894, 1.3456424608248894], "ref_radius": [1.3456424608248894, 1.3456424608248894, 1.3456424608248894, 1.3456424608248894, 1.3456424608248894, 1.3456424608248894, 1.3456424608248894, 1.3456424608248894, 1.3456424608248894, 1.3456424608248894, 1.3456424608248894, 1.3456424608248894, 1.3456424608248894, 1.3456424608248894, 1.3456424608248894], "length": 25.99254839071919, "seg_id": 3, "type": "Side", "parent": 2, "children": []}, {"pos": [[2.3477943526180107, -0.07026350559940091, 45.4188716804398], [2.402260061897595, -0.33418746684810685, 47.259517470274645], [2.453749261447188, -0.5735692427991294, 49.100163260109476], [2.502261951266789, -0.788408833452468, 50.94080904994431], [2.5477981313563998, -0.9787062388081235, 52.78145483977916], [2.590357801716019, -1.1444614588660953, 54.622100629613996], [2.6299409623456467, -1.2856744936263835, 56.46274641944884], [2.6665476132452834, -1.402345343088988, 58.303392209283686], [2.7001777544149284, -1.4944740072539093, 60.144037999118524], [2.7308313858545814, -1.562060486121147, 61.98468378895336], [2.758508507564244, -1.6051047796907008, 63.82532957878821], [2.7832091195439146, -1.6236068879625716, 65.66597536862304], [2.8049332217935943, -1.6175668109367582, 67.50662115845788], [2.823680814313282, -1.5869845486132617, 69.34726694829274], [2.8394518971029794, -1.5318601009920816, 71.18791273812757], [2.852246470162685, -1.4521934680732178, 73.02855852796242], [2.862064533492399, -1.3479846498566708, 74.86920431779726], [2.8689060870921215, -1.2192336463424398, 76.70985010763209]], "radius": [1.2049807405449378, 1.024063378355094, 0.8712736417045777, 0.7571044426309239, 0.6888567136400037, 0.6701241300734031, 0.7005768253369844, 0.7760559504920934, 0.8889663070999113, 1.0289310786830956, 1.1836527079703658, 1.339908736019308, 1.4846020568892717, 1.6057821867322684, 1.6935579127287077, 1.7408316633980456, 1.7438537682653488, 1.726455767273721], "ref_radius": [2.022221784131389, 2.0048237831397615, 1.987425782148134, 1.9700277811565066, 1.952629780164879, 1.9352317791732516, 1.917833778181624, 1.9004357771899965, 1.883037776198369, 1.8656397752067413, 1.8482417742151138, 1.8308437732234863, 1.8134457722318589, 1.7960477712402314, 1.7786497702486037, 1.7612517692569762, 1.7438537682653488, 1.726455767273721], "length": 31.316401784929557, "seg_id": 4, "type": "Main", "parent": 2,