{"case_id": "LAD_3138_bc5", "artery_type": "LAD", "segments": [{"pos": [[0.0, 0.0, 0.0], [-0.11786144922421668, -0.041674628940056246, 1.7983039846450168], [-0.22000803855187115, -0.077792640688105, 3.5966079692900337], [-0.3064397679829634, -0.10835403524414625, 5.3949119539350505], [-0.3771566375174934, -0.13335881260818, 7.193215938580067], [-0.4321586471554612, -0.15280697278020625, 8.991519923225084], [-0.4714457968968667, -0.16669851576022499, 10.789823907870101], [-0.4950180867417101, -0.17503344154823625, 12.588127892515118], [-0.5028755166899912, -0.17781175014424, 14.386431877160135], [-0.4950180867417101, -0.17503344154823625, 16.18473586180515], [-0.4714457968968667, -0.16669851576022499, 17.98303984645017], [-0.4321586471554612, -0.15280697278020625, 19.781343831095185], [-0.3771566375174934, -0.13335881260818, 21.579647815740202], [-0.3064397679829634, -0.10835403524414625, 23.37795180038522], [-0.22000803855187115, -0.077792640688105, 25.176255785030236], [-0.11786144922421668, -0.041674628940056246, 26.974559769675253], [0.0, 0.0, 28.77286375432027]], "radius": [2.1255419581066675, 2.1255419581066675, 2.1255419581066675, 2.1255419581066675, 2.1255419581066675, 2.1255419581066675, 2.1255419581066675, 2.1255419581066675, 2.1255419581066675, 2.1255419581066675, 2.1255419581066675, 2.1255419581066675, 2.1255419581066675, 2.1255419581066675, 2.1255419581066675, 2.1255419581066675, 2.1255419581066675], "ref_radius": [2.1255419581066675, 2.1255419581066675, 2.1255419581066675, 2.1255419581066675, 2.1255419581066675, 2.1255419581066675, 2.1255419581066675, 2.1255419581066675, 2.1255419581066675, 2.1255419581066675, 2.1255419581066675, 2.1255419581066675, 2.1255419581066675, 2.1255419581066675, 2.1255419581066675, 2.1255419581066675, 2.1255419581066675], "length": 28.77286375432027, "seg_id": 0, "type": "Root", "parent": null, "children": [1, 2]}, {"pos": [[0.0, 0.0, 28.77286375432027], [1.4925973386584537, 0.06815880883627567, 30.20032910752824], [2.94147078427278, 0.11101586107440813, 31.627794460736204], [4.346620336842978, 0.1285711567143973, 33.05525981394417], [5.708045996369048, 0.12082469575624334, 34.48272516715214], [7.025747762850992, 0.08777647819994613, 35.91019052036012], [8.299725636288805, 0.029426504045505647, 37.33765587356808], [9.529979616682494, -0.05422522670707808, 38.765121226776046], [10.716509704032052, -0.1631787140578049, 40.19258657998401], [11.859315898337483, -0.2974339580066749, 41.62005193319198], [12.958398199598788, -0.4569909585536883, 43.04751728639995], [14.013756607815965, -0.6418497156988452, 44.47498263960792], [15.025391122989014, -0.8520102294421448, 45.902447992815894], [15.993301745117932, -1.0874724997835876, 47.32991334602386]], "radius": [1.240977651064043, 1.240977651064043, 1.240977651064043, 1.240977651064043, 1.240977651064043, 1.240977651064043, 1.240977651064043, 1.240977651064043, 1.240977651064043, 1.240977651064043, 1.240977651064043, 1.240977651064043, 1.240977651064043, 1.240977651064043], "ref_radius": [1.240977651064043, 1.240977651064043, 1.240977651064043, 1.240977651064043, 1.240977651064043, 1.240977651064043, 1.240977651064043, 1.240977651064043, 1.240977651064043, 1.240977651064043, 1.240977651064043, 1.240977651064043, 1.240977651064043, 1.240977651064043], "length": 24.52207957529549, "seg_id": 1, "type": "Side", "parent": 0, "children": []}, {"pos": [[0.0, 0.0, 28.77286375432027], [-0.41705051221796663, -0.37097970200805075, 30.605043608298537], [-0.8141556615966471, -0.7309894582712282, 32.43722346227681], [-1.1913154481360413, -1.0800292687895328, 34.26940331625508], [-1.5485298718361493, -1.4180991335629638, 36.10158317023335], [-1.885798932696971, -1.745199052591522, 37.933763024211615], [-2.2031226307185063, -2.061329025875207, 39.76594287818989], [-2.500500965900756, -2.3664890534140186, 41.59812273216816], [-2.777933938243719, -2.6606791352079573, 43.430302586146425], [-3.0354215477473963, -2.9438992712570227, 45.2624824401247], [-3.272963794411787, -3.216149461561215, 47.09466229410296], [-3.490560678236891, -3.4774297061205344, 48.926842148081235], [-3.6882121992227095, -3.7277400049349803, 50.75902200205951], [-3.8659183573692415, -3.967080358004553, 52.59120185603778], [-4.023679152676488, -4.1954507653292525, 54.42338171001605], [-4.161494585144447, -4.412851226909079, 56.25556156399432], [-4.27936465477312, -4.6192817427440325, 58.08774141797259]], "radius": [2.1255419581066675, 2.1079045805848096, 2.0886259591995002, 1.9157007018217707, 1.5429471492472224, 1.091930830929426, 0.7077297884524396, 0.511098306774969, 0.5594046636366667, 0.8289749613402713, 1.2242506021095185, 1.61029560811801, 1.8576068120842668, 1.8962560503225152, 1.8786186728006573, 1.8609812952787996, 1.8433439177569417], "ref_radius": [2.1255419581066675, 2.1079045805848096, 2.0902672030629517, 2.0726298255410938, 2.054992448019236, 2.037355070497378, 2.0197176929755205, 2.0020803154536626, 1.9844429379318047, 1.9668055604099468, 1.949168182888089, 1.931530805366231, 1.913893427844373, 1.8962560503225152, 1.8786186728006573, 1.8609812952787996, 1.8433439177569417], "length": 29.98354178715836, "seg_id": 2, "type": "Main", "parent": 0, "children": [3, 4]}, {"pos": [[-4.27936465477312, -4.6192817427440325, 58.08774141797259], [-3.1442619558600224, -5.3061295397812955, 59.53199011658067], [-1.9863275100733335, -5.901068798657638, 60.97623881518876], [-0.8055613174130539, -6.404099519373059, 62.420487513796836], [0.39803662212081603, -6.815221701927559, 63.86473621240492], [1.6244663085282767, -7.134435346321138, 65.308984911013], [2.873727741809328, -7.3617404525537955, 66.75323360962109], [4.14582092196397, -7.497137020625532, 68.19748230822916], [5.4407458489922025, -7.540625050536348, 69.64173100683725]], "radius": [1.3476494251751125, 1.3476494251751125, 1.3476494251751125, 1.3476494251751125, 1.3476494251751125, 1.3476494251751125, 1.3476494251751125, 1.3476494251751125, 1.3476494251751125], "ref_radius": [1.3476494251751125, 1.3476494251751125, 1.3476494251751125, 1.3476494251751125, 1.3476494251751125, 1.3476494251751125, 1.3476494251751125, 1.3476494251751125, 1.3476494251751125], "length": 15.3788644036868, "seg_id": 3, "type": "Side", "parent": 2, "children": []}, {"pos": [[-4.27936465477312, -4.6192817427440325, 58.08774141797259], [-4.509717044131462, -5.284010633558152, 59.77238452474989], [-4.750857423037686, -5.936472955747189, 61.45702763152717], [-5.002785791491792, -6.576668709311147, 63.14167073830447], [-5.265502149493782, -7.204597894250023, 64.82631384508176], [-5.5390064970436566, -7.820260510563819, 66.51095695185904], [-5.823298834141413, -8.423656558252533, 68.19560005863634], [-6.118379160787054, -9.014786037316167, 69.88024316541365], [-6.424247476980576, -9.593648947754719, 71.56488627219095], [-6.740903782721981, -10.16024528956819, 73.24952937896823], [-7.068348078011272, -10.71457506275658, 74.93417248574553], [-7.406580362848444, -11.25663826731989, 76.61881559252282], [-7.755600637233499, -11.786434903258119, 78.30345869930012], [-8.115408901166438, -12.303964970571267, 79.98810180607742], [-8.486005154647259, -12.809228469259333, 81.67274491285471], [-8.867389397675964, -13.302225399322317, 83.357388019632], [-9.259561630252552, -13.782955760760224, 85.04203112640928], [-9.662521852377024, -14.251419553573045, 86.72667423318659], [-10.076270064049378, -14.70761677776079, 88.41131733996389], [-10.500806265269615, -15.15154743332345, 90.09596044674119], [-10.936130456037736, -15.583211520261031, 91.78060355351847], [-11.382242636353741, -16.00260903857353, 93.46524666029578], [-11.839142806217627, -16.40973998826095, 95.14988976707306]],