{"case_id": "LAD_4213_bc1", "artery_type": "LAD", "segments": [{"pos": [[0.0, 0.0, 0.0], [-0.004566422832692346, 0.18201021755294888, 1.8067527516468367], [-0.00852398928769238, 0.3397524060988379, 3.6135055032936734], [-0.0118726993650001, 0.4732265656376671, 5.42025825494051], [-0.014612553064615508, 0.5824326961694364, 7.227011006587347], [-0.016743550386538603, 0.6673707976941459, 9.033763758234183], [-0.018265691330769385, 0.7280408702117955, 10.84051650988102], [-0.019178975897307854, 0.7644429137223853, 12.647269261527857], [-0.01948340408615401, 0.7765769282259152, 14.454022013174693], [-0.019178975897307854, 0.7644429137223853, 16.26077476482153], [-0.018265691330769385, 0.7280408702117955, 18.067527516468367], [-0.016743550386538603, 0.6673707976941459, 19.874280268115204], [-0.014612553064615508, 0.5824326961694364, 21.68103301976204], [-0.0118726993650001, 0.4732265656376671, 23.487785771408877], [-0.00852398928769238, 0.3397524060988379, 25.294538523055714], [-0.004566422832692346, 0.18201021755294888, 27.10129127470255], [0.0, 0.0, 28.908044026349387]], "radius": [2.466780996793094, 2.159439325094169, 1.3890777773030258, 0.6697896249427013, 0.48222575093532694, 0.9517222133684806, 1.7645467639675267, 2.3775445674634645, 2.466780996793094, 2.466780996793094, 2.466780996793094, 2.466780996793094, 2.466780996793094, 2.466780996793094, 2.466780996793094, 2.466780996793094, 2.466780996793094], "ref_radius": [2.466780996793094, 2.466780996793094, 2.466780996793094, 2.466780996793094, 2.466780996793094, 2.466780996793094, 2.466780996793094, 2.466780996793094, 2.466780996793094, 2.466780996793094, 2.466780996793094, 2.466780996793094, 2.466780996793094, 2.466780996793094, 2.466780996793094, 2.466780996793094, 2.466780996793094], "length": 28.908044026349387, "seg_id": 0, "type": "Root", "parent": null, "children": [1, 2]}, {"pos": [[0.0, 0.0, 28.908044026349387], [1.3842855208355493, 0.3227601071705416, 30.624993594060836], [2.6833226853108925, 0.5202355672584669, 32.34194316177228], [3.8971114934260287, 0.5924263802637756, 34.058892729483716], [5.025651945180959, 0.5393325461864682, 35.77584229719517], [6.0689440405756825, 0.3609540650265444, 37.49279186490661], [7.0269877796102, 0.057290936784004265, 39.20974143261805], [7.899783162284511, -0.37165683854115245, 40.9266910003295]], "radius": [1.449172813406087, 1.449172813406087, 1.449172813406087, 1.449172813406087, 1.449172813406087, 1.449172813406087, 1.449172813406087, 1.449172813406087], "ref_radius": [1.449172813406087, 1.449172813406087, 1.449172813406087, 1.449172813406087, 1.449172813406087, 1.449172813406087, 1.449172813406087, 1.449172813406087], "length": 14.387236631886946, "seg_id": 1, "type": "Side", "parent": 0, "children": []}, {"pos": [[0.0, 0.0, 28.908044026349387], [-0.08524822638092225, 0.31339204960459044, 30.795469030303167], [-0.20608696659730796, 0.5973971882129068, 32.68289403425693], [-0.3625162206491572, 0.852015415824949, 34.5703190382107], [-0.5545359885364699, 1.077246732440717, 36.45774404216448], [-0.7821462702592461, 1.273091138060211, 38.34516904611826], [-1.0453470658174857, 1.4395486326834306, 40.232594050072024], [-1.3441383752111893, 1.5766192163103763, 42.1200190540258], [-1.6785201984403555, 1.6843028889410476, 44.00744405797957], [-2.0484925355049852, 1.7625996505754449, 45.89486906193335], [-2.4540553864050794, 1.8115095012135682, 47.782294065887115], [-2.895208751140637, 1.8310324408554173, 49.669719069840895], [-3.371952629711657, 1.8211684695009924, 51.55714407379467], [-3.8842870221181407, 1.781917587150293, 53.44456907774844]], "radius": [2.466780996793094, 2.4489910664615326, 2.4312011361299715, 2.4134112057984103, 2.3956212754668496, 2.3778313451352884, 2.360041414803727, 2.342251484472166, 2.324461554140605, 2.3066716238090437, 2.2888816934774825, 2.2710917631459218, 2.2533018328143606, 2.2355119024827994], "ref_radius": [2.466780996793094, 2.4489910664615326, 2.4312011361299715, 2.4134112057984103, 2.3956212754668496, 2.3778313451352884, 2.360041414803727, 2.342251484472166, 2.324461554140605, 2.3066716238090437, 2.2888816934774825, 2.2710917631459218, 2.2533018328143606, 2.2355119024827994], "length": 24.90590246418556, "seg_id": 2, "type": "Main", "parent": 0, "children": [3, 4]}, {"pos": [[-3.8842870221181407, 1.781917587150293, 53.44456907774844], [-2.7676283116934695, 2.649065491629405, 54.9650617258382], [-1.522464200594381, 3.214475501671269, 56.48555437392794], [-0.14879468882087687, 3.478147617275887, 58.0060470220177], [1.3533802236270422, 3.440081838443259, 59.52653967010744], [2.984060536749377, 3.100278165173384, 61.047032318197196]], "radius": [1.4622854774999887, 1.4622854774999887, 1.4622854774999887, 1.4622854774999887, 1.4622854774999887, 1.4622854774999887], "ref_radius": [1.4622854774999887, 1.4622854774999887, 1.4622854774999887, 1.4622854774999887, 1.4622854774999887, 1.4622854774999887], "length": 10.330039696219048, "seg_id": 3, "type": "Side", "parent": 2, "children": []}, {"pos": [[-3.8842870221181407, 1.781917587150293, 53.44456907774844], [-3.6691389110805517, 2.1153035431177747, 55.25475074052013], [-3.4827561088376315, 2.4533616462758214, 57.06493240329181], [-3.3251386153893807, 2.796091896624435, 58.8751140660635], [-3.196286430735798, 3.143494294163613, 60.685295728835186], [-3.096199554876885, 3.495568838893357, 62.49547739160686], [-3.0248779878126397, 3.852315530813667, 64.30565905437854], [-2.982321729543064, 4.213734369924543, 66.11584071715022], [-2.968530780068157, 4.579825356225983, 67.9260223799219], [-2.98350513938792, 4.95058848971799, 69.73620404269359], [-3.027244807502351, 5.326023770400563, 71.54638570546527], [-3.0997497844114505, 5.706131198273701, 73.35656736823697], [-3.2010200701152205, 6.090910773337407, 75.16674903100865], [-3.331055664613658, 6.480362495591676, 76.97693069378033], [-3.489856567906765, 6.8744863650365104, 78.78711235655203], [-3.6774227799945405, 7.273282381671912, 80.5972940193237], [-3.6774227799945405, 7.273282381671912, 80.5972940193237], [-3.9523271922082452, 7.521513086940713, 82.37934651352023], [-4.169535392748499, 7.792178080281572, 84.16139900771678], [-4.329047381615304, 8.08527736169449, 85.94345150191332], [-4.4308631588086556, 8.400810931179468, 87.72550399610986], [-4.474982724328557, 8.738778788736504, 89.5075564903064], [-4.461406078175006, 9.099180934365595, 91.28960898450293], [-4.390133220348005, 9.482017368066748, 93.07166147869947], [-4.261164150847554, 9.887288089839958, 94.85371397289602], [-4.074498869673651, 10.314993099685228, 96.63576646709257], [-3.830137376826295, 10.765132397602555, 98.4178189612891], [-3.5280796723054904, 11.23770598359194, 100.19987145548563]], "radius": [2.2177219721512382, 2.2004074601757075, 2.1830929482001773, 2.1657784362246466, 2.148463924249116, 2.1311494122735857, 2.113834900298055, 2.0965203883225243, 2.079205876346994, 2.0618913643714634, 2.0445768523959327, 2.0272623404204024, 2.0099478284448717, 1.9926333164693413, 1.9753188044938106, 1.9580042925182801, 1.9406897805427497, 1.924023113876083, 1.9073564472094162, 1.8906897805427496, 1.874023113876083, 1.8573564472094164, 1.8406897805427496, 1.824023113876083, 1.8073564472094164, 1.7906897805427497, 1.774023113876083, 1.7573564472094163], "ref_radius": [2.2177219721512382, 2.2004074601757075, 2.1830929482001773, 2.1657784362246466, 2.148463924249116, 2.1311494122735857, 2.113834900298055, 2.0965203883225243, 2.079205876346994, 2.0618913643714634, 2.0445768523959327, 2.0272623404204024, 2.0099478284448717, 1.9926333164693413, 1.9753188044938106, 1.9580042925182801, 1.9406897805427497, 1.924023113876083, 1.9073564472094162, 1.8906897805427496, 1.874023113876083, 1.8573564472094164, 1.8406897805427496, 1.824023113876083, 1.8073564472094164, 1.7906897805427497, 1.774023113876083, 1.7573564472094163], "length": 47.70321916084886, "seg_id": 4, "type": "Main", "parent": 2, "children": []}], "stenosis_labels": [{"type": "focal", "params": {},