{"case_id": "LAD_840_bc5", "artery_type": "LAD", "segments": [{"pos": [[0.0, 0.0, 0.0], [-0.038442058697332325, -0.08620370534811606, 1.8727690825401642], [-0.07096995451815197, -0.15914530218113732, 3.745538165080328], [-0.09758368746245896, -0.2188247904990638, 5.618307247620491], [-0.11828325753025329, -0.26524217030189556, 7.491076330160656], [-0.13306866472153495, -0.29839744158963244, 9.363845412700819], [-0.14193990903630394, -0.3182906043622746, 11.236614495240982], [-0.14489699047456028, -0.32492165861982203, 13.109383577781148], [-0.14193990903630394, -0.31829060436227463, 14.982152660321312], [-0.13306866472153495, -0.2983974415896325, 16.854921742861475], [-0.11828325753025332, -0.26524217030189556, 18.727690825401638], [-0.09758368746245898, -0.21882479049906384, 20.600459907941804], [-0.070969954518152, -0.15914530218113737, 22.473228990481967], [-0.03844205869733236, -0.08620370534811614, 24.34599807302213], [0.0, 0.0, 26.218767155562297]], "radius": [2.1384690611448174, 2.1384690611448174, 2.1384690611448174, 2.1384690611448174, 2.1384690611448174, 2.1384690611448174, 2.1384690611448174, 2.1384690611448174, 2.1384690611448174, 2.1384690611448174, 2.1384690611448174, 2.1384690611448174, 2.1384690611448174, 2.1384690611448174, 2.1384690611448174], "ref_radius": [2.1384690611448174, 2.1384690611448174, 2.1384690611448174, 2.1384690611448174, 2.1384690611448174, 2.1384690611448174, 2.1384690611448174, 2.1384690611448174, 2.1384690611448174, 2.1384690611448174, 2.1384690611448174, 2.1384690611448174, 2.1384690611448174, 2.1384690611448174, 2.1384690611448174], "length": 26.218767155562297, "seg_id": 0, "type": "Root", "parent": null, "children": [1, 2]}, {"pos": [[0.0, 0.0, 26.218767155562297], [0.9040430586118356, 0.28986892504453476, 27.763815571438073], [1.9056337855263326, 0.482974444185113, 29.30886398731386], [3.004772180743491, 0.5793165574217347, 30.85391240318964], [4.20145824426331, 0.5788952647543999, 32.398960819065415], [5.495691976085792, 0.48171056618310854, 33.9440092349412], [6.887473376210933, 0.28776246170786074, 35.489057650816974], [8.376802444638734, -0.0029490486713433794, 37.03410606669276], [9.9636791813692, -0.3904239649545044, 38.57915448256854], [11.648103586402327, -0.874662287141622, 40.12420289844432]], "radius": [1.3068569868532192, 1.3068569868532192, 1.3068569868532192, 1.3068569868532192, 1.3068569868532192, 1.3068569868532192, 1.3068569868532192, 1.3068569868532192, 1.3068569868532192, 1.3068569868532192], "ref_radius": [1.3068569868532192, 1.3068569868532192, 1.3068569868532192, 1.3068569868532192, 1.3068569868532192, 1.3068569868532192, 1.3068569868532192, 1.3068569868532192, 1.3068569868532192, 1.3068569868532192], "length": 18.160520214892724, "seg_id": 1, "type": "Side", "parent": 0, "children": []}, {"pos": [[0.0, 0.0, 26.218767155562297], [0.027859791212439818, -0.17741119654895554, 27.991501906464492], [0.0863789510508477, -0.33473155869015686, 29.76423665736669], [0.17555747951522363, -0.4719610864236039, 31.536971408268883], [0.2953953766055676, -0.5890997797492965, 33.30970615917108], [0.44589264232187953, -0.6861476386672348, 35.082440910073274], [0.6270492766641598, -0.7631046631774188, 36.85517566097546], [0.8388652796324078, -0.8199708532798485, 38.62791041187766], [1.081340651226624, -0.8567462089745239, 40.40064516277985], [1.3544753914468082, -0.873430730261445, 42.17337991368204], [1.6582695002929602, -0.870024417140612, 43.94611466458424], [1.9927229777650803, -0.8465272696120244, 45.71884941548643], [2.3578358238631694, -0.8029392876756827, 47.491584166388634], [2.7536080385872252, -0.7392604713315865, 49.26431891729082], [3.18003962193725, -0.6554908205797361, 51.03705366819302], [3.6371305739132422, -0.5516303354201314, 52.80978841909521]], "radius": [2.1384690611448174, 1.9231378860436996, 1.3398579256217968, 0.8230226474710791, 0.7555300403783065, 1.1728768135139886, 1.7417497169085723, 2.0191543802972394, 2.004247655747214, 1.9874699800725137, 1.9706923043978133, 1.9539146287231128, 1.9371369530484126, 1.9203592773737121, 1.9035816016990117, 1.8868039260243115], "ref_radius": [2.1384690611448174, 2.121691385470117, 2.1049137097954165, 2.088136034120716, 2.0713583584460156, 2.0545806827713156, 2.037803007096615, 2.0210253314219147, 2.004247655747214, 1.9874699800725137, 1.9706923043978133, 1.9539146287231128, 1.9371369530484126, 1.9203592773737121, 1.9035816016990117, 1.8868039260243115], "length": 26.844281079520645, "seg_id": 2, "type": "Main", "parent": 0, "children": [3, 4]}, {"pos": [[3.6371305739132422, -0.5516303354201314, 52.80978841909521], [4.772068506452784, -0.4422265488612731, 54.065054752631404], [5.939525745586961, -0.3475986277287781, 55.3203210861676], [7.13950229131577, -0.26774657202264623, 56.57558741970378], [8.371998143639216, -0.20267038174287771, 57.830853753239985], [9.637013302557293, -0.15237005688947242, 59.08612008677618], [10.934547768070004, -0.11684559746243031, 60.34138642031236], [12.264601540177352, -0.09609700346175154, 61.59665275384856], [13.627174618879334, -0.09012427488743599, 62.85191908738476], [15.022267004175948, -0.09892741173948366, 64.10718542092094], [16.449878696067195, -0.12250641401789458, 65.36245175445714], [17.910009694553082, -0.16086128172266878, 66.61771808799332], [19.4026599996336, -0.21399201485380617, 67.87298442152952], [20.927829611308752, -0.28189861341130684, 69.12825075506572], [22.48551852957854, -0.36458107739517087, 70.3835170886019]], "radius": [1.3986791060568475, 1.3986791060568475, 1.3986791060568475, 1.3986791060568475, 1.3986791060568475, 1.3986791060568475, 1.3986791060568475, 1.3986791060568475, 1.3986791060568475, 1.3986791060568475, 1.3986791060568475, 1.3986791060568475, 1.3986791060568475, 1.3986791060568475, 1.3986791060568475], "ref_radius": [1.3986791060568475, 1.3986791060568475, 1.3986791060568475, 1.3986791060568475, 1.3986791060568475, 1.3986791060568475, 1.3986791060568475, 1.3986791060568475, 1.3986791060568475, 1.3986791060568475, 1.3986791060568475, 1.3986791060568475, 1.3986791060568475, 1.3986791060568475, 1.3986791060568475], "length": 25.77077133695532, "seg_id": 3, "type": "Side", "parent": 2, "children": []}, {"pos": [[3.6371305739132422, -0.5516303354201314, 52.80978841909521], [3.8524281006027494, -0.3485145880062826, 54.596353597415316], [4.081618713109258, -0.16459588926305224, 56.38291877573541], [4.324702411432769, 0.00012576080955966837, 58.16948395405551], [4.581679195573285, 0.1456503622115531, 59.95604913237561], [4.852549065530803, 0.2719779149429283, 61.742614310695714], [5.137312021305323, 0.37910841900368486, 63.52917948901582], [5.435968062896848, 0.4670418743938231, 65.31574466733592], [5.748517190305375, 0.5357782811133429, 67.10230984565602], [6.074959403530904, 0.5853176391622443, 68.88887502397613], [6.415294702573436, 0.6156599485405272, 70.67544020229622], [6.7695230874329715, 0.6268052092481916, 72.46200538061632], [7.137644558109509, 0.6187534212852377, 74.24857055893642], [7.51965911460305, 0.5915045846516656, 76.03513573725652], [7.915566756913593, 0.5450586993474746, 77.82170091557663], [8.32536748504114, 0.47941576537266545, 79.60826609389673], [8.74906129898569, 0.3945757827272378, 81.39483127221682], [9.186648198747243, 0.2905387514111917, 83.18139645053692]], "radius": [1.870026250349611, 1.8528673976776844, 1.835708545005758, 1.8185496923338313, 1.801390839661905, 1.7842319869899783, 1.767073134318052, 1.7499142816461253, 1.7327554289741989, 1.7155965763022722, 1.6984377236303456, 1.6812788709584192, 1.6641200182864926, 1.6469611656145662, 1.6298023129426396, 1.612643460270713, 1.5954846075987865, 1.5783257549268601],