{"case_id": "LAD_1287_bc1", "artery_type": "LAD", "segments": [{"pos": [[0.0, 0.0, 0.0], [0.0272626026948638, 0.14617229170064605, 1.8268129507290467], [0.0514960273125205, 0.27610321765677587, 3.653625901458093], [0.07270027385297012, 0.3897927778683894, 5.480438852187139], [0.09087534231621267, 0.48724097233548685, 7.307251802916186], [0.10602123270224811, 0.568447801058068, 9.134064753645234], [0.11813794501107645, 0.6334132640361329, 10.96087770437428], [0.1272254792426977, 0.6821373612696815, 12.787690655103326], [0.13328383539711192, 0.7146200927587141, 14.614503605832372], [0.136313013474319, 0.7308614585032304, 16.441316556561418], [0.13631301347431898, 0.7308614585032303, 18.268129507290464], [0.13328383539711192, 0.7146200927587141, 20.094942458019514], [0.12722547924269773, 0.6821373612696816, 21.92175540874856], [0.11813794501107648, 0.6334132640361331, 23.748568359477602], [0.10602123270224811, 0.568447801058068, 25.575381310206648], [0.09087534231621267, 0.48724097233548685, 27.4021942609357], [0.07270027385297015, 0.38979277786838956, 29.229007211664744], [0.05149602731252056, 0.27610321765677615, 31.055820162393786], [0.027262602694863823, 0.1461722917006462, 32.882633113122836], [0.0, 0.0, 34.709446063851885]], "radius": [1.9141625998395586, 1.9141625998395586, 1.8030725646127084, 1.4334753953793213, 0.9417489396343247, 0.5139712078418381, 0.31202087934239153, 0.41231953955346734, 0.7769123968907543, 1.2678310489424582, 1.699303172486497, 1.9080520648322188, 1.9141625998395586, 1.9141625998395586, 1.9141625998395586, 1.9141625998395586, 1.9141625998395586, 1.9141625998395586, 1.9141625998395586, 1.9141625998395586], "ref_radius": [1.9141625998395586, 1.9141625998395586, 1.9141625998395586, 1.9141625998395586, 1.9141625998395586, 1.9141625998395586, 1.9141625998395586, 1.9141625998395586, 1.9141625998395586, 1.9141625998395586, 1.9141625998395586, 1.9141625998395586, 1.9141625998395586, 1.9141625998395586, 1.9141625998395586, 1.9141625998395586, 1.9141625998395586, 1.9141625998395586, 1.9141625998395586, 1.9141625998395586], "length": 34.709446063851885, "seg_id": 0, "type": "Root", "parent": null, "children": [1, 2]}, {"pos": [[0.0, 0.0, 34.709446063851885], [1.4517843186353945, 0.029334949512546775, 36.09005290613768], [2.874556405662151, 0.0687022618743028, 37.470659748423465], [4.268316261080271, 0.11810193708526809, 38.851266590709265], [5.63306388488975, 0.17753397514544256, 40.23187343299505], [6.968799277090593, 0.2469983760548263, 41.612480275280845], [8.275522437682797, 0.3264951398134194, 42.99308711756663], [9.553233366666365, 0.41602426642122153, 44.373693959852424], [10.801932064041292, 0.5155857558782331, 45.75430080213821], [12.021618529807583, 0.6251796081844537, 47.134907644424004], [13.212292763965236, 0.7448058233398837, 48.51551448670979], [14.373954766514249, 0.8744644013445229, 49.89612132899558], [15.506604537454628, 1.0141553421983716, 51.27672817128138], [16.610242076786367, 1.1638786459014292, 52.65733501356716], [17.68486738450947, 1.323634312453696, 54.03794185585295], [18.73048046062393, 1.4934223418551722, 55.41854869813874]], "radius": [1.3529271382372676, 1.3529271382372676, 1.3529271382372676, 1.3529271382372676, 1.3529271382372676, 1.3529271382372676, 1.3529271382372676, 1.3529271382372676, 1.3529271382372676, 1.3529271382372676, 1.3529271382372676, 1.3529271382372676, 1.3529271382372676, 1.3529271382372676, 1.3529271382372676, 1.3529271382372676], "ref_radius": [1.3529271382372676, 1.3529271382372676, 1.3529271382372676, 1.3529271382372676, 1.3529271382372676, 1.3529271382372676, 1.3529271382372676, 1.3529271382372676, 1.3529271382372676, 1.3529271382372676, 1.3529271382372676, 1.3529271382372676, 1.3529271382372676, 1.3529271382372676, 1.3529271382372676, 1.3529271382372676], "length": 27.962978033363935, "seg_id": 1, "type": "Side", "parent": 0, "children": []}, {"pos": [[0.0, 0.0, 34.709446063851885], [-0.27233165292984474, -0.004973365097748296, 36.54454905444685], [-0.5130025253573879, 0.022159666192971918, 38.37965204504181], [-0.7220126172826294, 0.08139909387216065, 40.21475503563676], [-0.8993619287055694, 0.1727449179398179, 42.049858026231725], [-1.0450504596262078, 0.2961971383959436, 43.884961016826686], [-1.1590782100445445, 0.4517557552405379, 45.72006400742165], [-1.24144517996058, 0.6394207684736009, 47.5551669980166], [-1.2921513693743134, 0.8591921780951319, 49.390269988611564], [-1.3111967782857454, 1.1110699841051315, 51.22537297920652], [-1.298581406694876, 1.3950541865036, 53.06047596980149], [-1.2543052546017048, 1.7111447852905373, 54.89557896039644], [-1.1783683220062322, 2.059341780465942, 56.7306819509914], [-1.0707706089084579, 2.439645172029816, 58.56578494158636]], "radius": [1.9141625998395586, 1.8970164197611437, 1.8798702396827285, 1.836722284609099, 1.625259743673509, 1.2867501358208566, 0.9286684074936746, 0.6627868573917455, 0.5691486007933044, 0.6709227014748684, 0.9280322555408148, 1.2512522560274097, 1.5318489574721117, 1.6769209312404965], "ref_radius": [1.9141625998395586, 1.8970164197611437, 1.8798702396827285, 1.8627240596043135, 1.8455778795258984, 1.8284316994474834, 1.8112855193690685, 1.7941393392906533, 1.7769931592122383, 1.7598469791338234, 1.7427007990554082, 1.7255546189769932, 1.7084084388985783, 1.6912622588201631], "length": 24.00465210978105, "seg_id": 2, "type": "Main", "parent": 0, "children": [3, 4]}, {"pos": [[-1.0707706089084579, 2.439645172029816, 58.56578494158636], [0.10299637853902925, 2.5347571520104033, 60.051009207884384], [1.2766489874508853, 2.6185025266684443, 61.53623347418242], [2.4501872178271107, 2.6908812960039374, 63.021457740480436], [3.623611069667705, 2.7518934600168836, 64.50668200677846], [4.796920542972668, 2.801539018707282, 65.9919062730765], [5.970115637742, 2.8398179720751333, 67.47713053937451], [7.143196353975701, 2.866730320120438, 68.96235480567253], [8.316162691673771, 2.8822760628431956, 70.44757907197058], [9.48901465083621, 2.886455200243405, 71.9328033382686], [10.661752231463018, 2.879267732321068, 73.41802760456663], [11.834375433554197, 2.860713659076183, 74.90325187086465], [13.006884257109743, 2.8307929805087513, 76.38847613716268]], "radius": [0.8613353544980978, 0.8613353544980978, 0.8613353544980978, 0.8613353544980978, 0.8613353544980978, 0.8613353544980978, 0.8613353544980978, 0.8613353544980978, 0.8613353544980978, 0.8613353544980978, 0.8613353544980978, 0.8613353544980978, 0.8613353544980978], "ref_radius": [0.8613353544980978, 0.8613353544980978, 0.8613353544980978, 0.8613353544980978, 0.8613353544980978, 0.8613353544980978, 0.8613353544980978, 0.8613353544980978, 0.8613353544980978, 0.8613353544980978, 0.8613353544980978, 0.8613353544980978, 0.8613353544980978], "length": 22.715230234089148, "seg_id": 3, "type": "Side", "parent": 2,