{"case_id": "LAD_2021_bc6", "artery_type": "LAD", "segments": [{"pos": [[0.0, 0.0, 0.0], [0.14707458093224068, 0.1589326654180852, 1.8317735507882604], [0.2696367317091079, 0.29137655326648954, 3.663547101576521], [0.36768645233060165, 0.397331663545213, 5.495320652364781], [0.44122374279672205, 0.47679799625425556, 7.327094203153042], [0.4902486031074689, 0.5297755513936173, 9.158867753941301], [0.5147610332628424, 0.5562643289632981, 10.990641304729563], [0.5147610332628424, 0.5562643289632981, 12.822414855517824], [0.49024860310746887, 0.5297755513936173, 14.654188406306083], [0.44122374279672205, 0.47679799625425556, 16.485961957094343], [0.36768645233060165, 0.397331663545213, 18.317735507882603], [0.26963673170910774, 0.2913765532664893, 20.14950905867087], [0.1470745809322406, 0.1589326654180851, 21.98128260945913], [0.0, 0.0, 23.813056160247385]], "radius": [2.4536909763131494, 2.4536909763131494, 2.4536909763131494, 2.4536909763131494, 2.4536909763131494, 2.4536909763131494, 2.4445110043391116, 2.0359786307694865, 1.3068941772847975, 0.7977534815983409, 0.8860003713952473, 1.506214336886283, 2.1986090457235985, 2.4536909763131494], "ref_radius": [2.4536909763131494, 2.4536909763131494, 2.4536909763131494, 2.4536909763131494, 2.4536909763131494, 2.4536909763131494, 2.4536909763131494, 2.4536909763131494, 2.4536909763131494, 2.4536909763131494, 2.4536909763131494, 2.4536909763131494, 2.4536909763131494, 2.4536909763131494], "length": 23.813056160247385, "seg_id": 0, "type": "Root", "parent": null, "children": [1, 2]}, {"pos": [[0.0, 0.0, 23.813056160247385], [1.493257713605129, -0.5291833077067787, 25.565848704275155], [2.862021497539982, -0.9349891166223908, 27.318641248302917], [4.106291351804558, -1.217417426746836, 29.071433792330687], [5.226067276398858, -1.376468238080115, 30.824226336358457], [6.221349271322881, -1.4121415506222272, 32.57701888038623], [7.092137336576627, -1.3244373643731728, 34.32981142441399], [7.838431472160098, -1.1133556793329518, 36.08260396844176], [8.46023167807329, -0.7788964955015641, 37.83539651246953]], "radius": [1.2566555454697372, 1.2566555454697372, 1.2566555454697372, 1.2566555454697372, 1.2566555454697372, 1.2566555454697372, 1.2566555454697372, 1.2566555454697372, 1.2566555454697372], "ref_radius": [1.2566555454697372, 1.2566555454697372, 1.2566555454697372, 1.2566555454697372, 1.2566555454697372, 1.2566555454697372, 1.2566555454697372, 1.2566555454697372, 1.2566555454697372], "length": 16.395372174822285, "seg_id": 1, "type": "Side", "parent": 0, "children": []}, {"pos": [[0.0, 0.0, 23.813056160247385], [0.044531521632272586, 0.19444895342206558, 25.646725480540418], [0.04575125967690885, 0.3405277528241258, 27.480394800833462], [0.003659214133908739, 0.4382363982061805, 29.314064121126492], [-0.0817446149967277, 0.4875748895682298, 31.147733441419533], [-0.21046022771500045, 0.48854322691027363, 32.981402761712566], [-0.38248762402090963, 0.4411414102323119, 34.8150720820056], [-0.5978268039144549, 0.3453694395343449, 36.64874140229863], [-0.856477767395637, 0.2012273148163723, 38.482410722591666], [-1.1584405144644552, 0.008715036078394245, 40.31608004288471], [-1.5037150451209094, -0.2321673966795889, 42.14974936317774], [-1.8923013593650002, -0.521419983457578, 43.983418683470774], [-2.3241994571967277, -0.8590427242555725, 45.817088003763814]], "radius": [2.4536909763131494, 2.436657815566438, 2.4196246548197258, 2.402591494073014, 2.385558333326302, 2.3685251725795906, 2.3514920118328786, 2.334458851086167, 2.317425690339455, 2.3003925295927434, 2.283359368846032, 2.26632620809932, 2.2492930473526083], "ref_radius": [2.4536909763131494, 2.436657815566438, 2.4196246548197258, 2.402591494073014, 2.385558333326302, 2.3685251725795906, 2.3514920118328786, 2.334458851086167, 2.317425690339455, 2.3003925295927434, 2.283359368846032, 2.26632620809932, 2.2492930473526083], "length": 22.143108970725294, "seg_id": 2, "type": "Main", "parent": 0, "children": [3, 4]}, {"pos": [[-2.3241994571967277, -0.8590427242555725, 45.817088003763814], [-1.210777878536975, -0.6515008616044449, 47.43694376531645], [-0.12156587351017603, -0.4712559656494466, 49.05679952686909], [0.9434365578836696, -0.3183080363905775, 50.676655288421735], [1.9842294156445615, -0.1926570738278377, 52.29651104997437], [3.0008126997724993, -0.09430307796122708, 53.916366811527006], [3.9931864102674854, -0.023246048790745835, 55.53622257307964], [4.961350547129516, 0.02051401368360617, 57.156078334632284], [5.905305110358594, 0.03697710946182889, 58.77593409618492], [6.8250500999547175, 0.02614323854392231, 60.395789857737554], [7.720585515917888, -0.011987599070113486, 62.0156456192902], [8.591911358248105, -0.07741540338027847, 63.63550138084283], [9.43902762694537, -0.17014017438657308, 65.25535714239547], [10.261934322009678, -0.29016191208899667, 66.8752129039481], [11.060631443441034, -0.43748061648754966, 68.49506866550075], [11.835118991239437, -0.6120962875822318, 70.11492442705338]], "radius": [1.2652762517348388, 1.2652762517348388, 1.2652762517348388, 1.2652762517348388, 1.2652762517348388, 1.2652762517348388, 1.2652762517348388, 1.2652762517348388, 1.2652762517348388, 1.2652762517348388, 1.2652762517348388, 1.2652762517348388, 1.2652762517348388, 1.2652762517348388, 1.2652762517348388, 1.2652762517348388], "ref_radius": [1.2652762517348388, 1.2652762517348388, 1.2652762517348388, 1.2652762517348388, 1.2652762517348388, 1.2652762517348388, 1.2652762517348388, 1.2652762517348388, 1.2652762517348388, 1.2652762517348388, 1.2652762517348388, 1.2652762517348388, 1.2652762517348388, 1.2652762517348388, 1.2652762517348388, 1.2652762517348388], "length": 28.12351571762939, "seg_id": 3, "type": "Side", "parent": 2, "children": []}, {"pos": [[-2.3241994571967277, -0.8590427242555725, 45.817088003763814], [-2.546624060741511, -0.8915372020633884, 47.59060532310477], [-2.7726574178119376, -0.9257367333530351, 49.364122642445736], [-3.002299528408005, -0.9616413181245119, 51.13763996178668], [-3.235550392529716, -0.9992509563778196, 52.91115728112764], [-3.472410010177069, -1.0385656481129577, 54.6846746004686], [-3.712878381350064, -1.0795853933299264, 56.45819191980955], [-3.956955506048702, -1.122310192028726, 58.23170923915052], [-4.204641384272982, -1.1667400442093558, 60.00522655849148], [-4.455936016022903, -1.212874949871816, 61.778743877832426], [-4.710839401298468, -1.2607149090161074, 63.552261197173394], [-4.969351540099675, -1.3102599216422288, 65.32577851651435], [-5.231472432426524, -1.361509987750181, 67.0992958358553], [-5.497202078279017, -1.414465107339964, 68.87281315519627], [-5.76654047765715, -1.469125280411577, 70.64633047453722]], "radius": [2.2322598866058962, 2.2155437840019343, 2.198827681397972, 2.18211157879401, 2.1653954761900476, 2.1486793735860856, 2.1319632709821232, 2.1152471683781613, 2.098531065774199, 2.081814963170237, 2.0650988605662746, 2.0483827579623126, 2.0316666553583502, 2.0149505527543883, 1.998234450150426], "ref_radius": [2.2322598866058962, 2.2155437840019343, 2.198827681397972, 2.18211157879401, 2.1653954761900476, 2.1486793735860856, 2.1319632709821232, 2.1152471683781613, 2.098531065774199, 2.081814963170237, 2.0650988605662746, 2.0483827579623126, 2.0316666553583502, 2.0149505527543883, 1.998234450150426], "length": 25.074153905943245, "seg_id": 4, "type": "Main", "parent": 2, "children": [5, 6]}, {"pos": [[-5.76654047765715, -1.469125280411577, 70.64633047453722], [-4.926628031521876, -1.8049146197020822, 72.28592407016752], [-3.971195698353609, -2.017777922770534, 73.92551766579783], [-2.9002434781523507, -2.107715189616933, 75.56511126142814], [-1.7137713709181006, -2.0747264202412787, 77.20470485705845], [-0.4117793766508595, -1.9188116146435716, 78.84429845268875], [1.005732504649374, -1.6399707728238115, 80.48389204831905], [2.5387642729825988, -1.2382038947819982, 82.12348564394935], [4.187315928348815, -0.713510980518132, 83.76307923957967]],