{"case_id": "LAD_867_bc2", "artery_type": "LAD", "segments": [{"pos": [[0.0, 0.0, 0.0], [0.05722688051319786, -0.09665832803372423, 1.855442612251895], [0.10730040096224598, -0.1812343650632329, 3.7108852245037895], [0.15022056134714437, -0.25372811108852605, 5.566327836755684], [0.18598736166789304, -0.3141395661096037, 7.421770449007578], [0.21460080192449196, -0.3624687301264658, 9.277213061259474], [0.23606088211694118, -0.3987156031391124, 11.132655673511369], [0.25036760224524063, -0.42288018514754344, 12.988098285763263], [0.25752096230939037, -0.434962476151759, 14.843540898015158], [0.25752096230939037, -0.434962476151759, 16.698983510267052], [0.25036760224524063, -0.42288018514754344, 18.554426122518947], [0.23606088211694118, -0.3987156031391124, 20.409868734770843], [0.214600801924492, -0.36246873012646585, 22.265311347022735], [0.1859873616678931, -0.3141395661096038, 24.120753959274634], [0.15022056134714443, -0.25372811108852616, 25.976196571526526], [0.10730040096224601, -0.18123436506323296, 27.83163918377842], [0.05722688051319787, -0.09665832803372423, 29.68708179603032], [0.0, 0.0, 31.542524408282212]], "radius": [1.8432129843740936, 1.8432129843740936, 1.8432129843740936, 1.8432129843740936, 1.8432129843740936, 1.8432129843740936, 1.8421808442780832, 1.600143305478248, 1.0770453794570938, 0.5931914333226433, 0.44485588201694104, 0.7228678466607448, 1.256994485650147, 1.7201783083192095, 1.8432129843740936, 1.8432129843740936, 1.8432129843740936, 1.8432129843740936], "ref_radius": [1.8432129843740936, 1.8432129843740936, 1.8432129843740936, 1.8432129843740936, 1.8432129843740936, 1.8432129843740936, 1.8432129843740936, 1.8432129843740936, 1.8432129843740936, 1.8432129843740936, 1.8432129843740936, 1.8432129843740936, 1.8432129843740936, 1.8432129843740936, 1.8432129843740936, 1.8432129843740936, 1.8432129843740936, 1.8432129843740936], "length": 31.542524408282212, "seg_id": 0, "type": "Root", "parent": null, "children": [1, 2]}, {"pos": [[0.0, 0.0, 31.542524408282212], [1.1699526735709282, -0.4558740966248254, 33.108735995102734], [2.3590228656183525, -0.8284781024208242, 34.67494758192325], [3.567210576142273, -1.1178120173879964, 36.24115916874378], [4.79451580514269, -1.3238758415263419, 37.8073707555643], [6.040938552619604, -1.446669574835861, 39.37358234238482], [7.306478818573012, -1.4861932173165533, 40.93979392920534], [8.591136603002916, -1.442446768968419, 42.50600551602585], [9.89491190590932, -1.3154302297914584, 44.07221710284638], [11.217804727292219, -1.105143599785671, 45.6384286896669]], "radius": [1.3433713868328316, 1.3433713868328316, 1.3433713868328316, 1.3433713868328316, 1.3433713868328316, 1.3433713868328316, 1.3433713868328316, 1.3433713868328316, 1.3433713868328316, 1.3433713868328316], "ref_radius": [1.3433713868328316, 1.3433713868328316, 1.3433713868328316, 1.3433713868328316, 1.3433713868328316, 1.3433713868328316, 1.3433713868328316, 1.3433713868328316, 1.3433713868328316, 1.3433713868328316], "length": 18.04868423973798, "seg_id": 1, "type": "Side", "parent": 0, "children": []}, {"pos": [[0.0, 0.0, 31.542524408282212], [0.1712214012418553, -0.08817502668028508, 33.452811420696186], [0.30377071369334957, -0.1786291330299272, 35.36309843311016], [0.3976479373544828, -0.2713623190489263, 37.27338544552412], [0.45285307222525484, -0.3663745847372824, 39.183672457938094], [0.469386118305666, -0.4636659300949955, 41.09395947035206], [0.4472470755957161, -0.5632363551220658, 43.004246482766035], [0.3864359440954051, -0.6650858598184929, 44.91453349518001], [0.28695272380473313, -0.7692144441842771, 46.82482050759398], [0.14879741472370012, -0.8756221082194182, 48.73510752000794], [-0.028029983147693893, -0.9843088519239164, 50.64539453242192]], "radius": [1.8432129843740936, 1.8258236816735927, 1.8084343789730914, 1.7910450762725905, 1.7736557735720895, 1.7562664708715885, 1.7388771681710873, 1.7214878654705863, 1.7040985627700853, 1.686709260069584, 1.6693199573690831], "ref_radius": [1.8432129843740936, 1.8258236816735927, 1.8084343789730914, 1.7910450762725905, 1.7736557735720895, 1.7562664708715885, 1.7388771681710873, 1.7214878654705863, 1.7040985627700853, 1.686709260069584, 1.6693199573690831], "length": 19.12823297055116, "seg_id": 2, "type": "Main", "parent": 0, "children": [3, 4]}, {"pos": [[-0.028029983147693893, -0.9843088519239164, 50.64539453242192], [1.4668010603760502, -1.118196574593173, 51.95730437258692], [2.9225218808926487, -1.2228321952568582, 53.26921421275195], [4.339132478402102, -1.2982157139149713, 54.58112405291695], [5.716632852904408, -1.3443471305675128, 55.89303389308198], [7.055023004399569, -1.361226445214482, 57.20494373324698], [8.354302932887585, -1.3488536578558796, 58.516853573411986], [9.614472638368452, -1.3072287684917057, 59.82876341357699], [10.835532120842178, -1.2363517771219596, 61.14067325374201], [12.017481380308757, -1.1362226837466418, 62.452583093907016], [13.160320416768188, -1.0068414883657524, 63.76449293407203], [14.264049230220476, -0.8482081909792911, 65.07640277423704], [15.328667820665617, -0.6603227915872578, 66.38831261440205]], "radius": [0.8940631735182673, 0.8940631735182673, 0.8940631735182673, 0.8940631735182673, 0.8940631735182673, 0.8940631735182673, 0.8940631735182673, 0.8940631735182673, 0.8940631735182673, 0.8940631735182673, 0.8940631735182673, 0.8940631735182673, 0.8940631735182673], "ref_radius": [0.8940631735182673, 0.8940631735182673, 0.8940631735182673, 0.8940631735182673, 0.8940631735182673, 0.8940631735182673, 0.8940631735182673, 0.8940631735182673, 0.8940631735182673, 0.8940631735182673, 0.8940631735182673, 0.8940631735182673, 0.8940631735182673], "length": 21.994831305124258, "seg_id": 3, "type": "Side", "parent": 2, "children": []}, {"pos": [[-0.028029983147693893, -0.9843088519239164, 50.64539453242192], [0.47740198679415385, -1.0012380014995763, 52.51565358824272], [0.9357914934290827, -1.0288542146239805, 54.38591264406351], [1.3471385367570925, -1.0671574912971293, 56.2561716998843], [1.7114431167781838, -1.1161478315190225, 58.1264307557051], [2.0287052334923557, -1.17582523528966, 59.996689811525904], [2.2989248868996084, -1.2461897026090423, 61.86694886734669], [2.5221020769999427, -1.327241233477169, 63.73720792316749], [2.6982368037933577, -1.4189798278940398, 65.60746697898828], [2.8273290672798543, -1.5214054858596553, 67.47772603480908], [2.9093788674594316, -1.6345182073740152, 69.34798509062988], [2.9443862043320896, -1.7583179924371197, 71.21824414645067], [2.9323510778978292, -1.8928048410489686, 73.08850320227148], [2.8732734881566495, -2.0379787532095617, 74.95876225809226]], "radius": [1.6519306546685821, 1.6344245677933773, 1.6169184809181725, 1.5994123940429679, 1.581906307167763, 1.5644002202925582, 1.5468941334173534, 1.5293880465421485, 1.511881959666944, 1.4943758727917391, 1.4768697859165343, 1.4593636990413295, 1.4418576121661246, 1.4243515252909198], "ref_radius": [1.6519306546685821, 1.6344245677933773, 1.6169184809181725, 1.5994123940429679, 1.581906307167763, 1.5644002202925582, 1.5468941334173534, 1.5293880465421485, 1.511881959666944, 1.4943758727917391, 1.4768697859165343, 1.4593636990413295, 1.4418576121661246, 1.4243515252909198], "length": 24.508521625286704, "seg_id": 4, "type": "Main", "parent": 2,