{"case_id": "LAD_343_bc1", "artery_type": "LAD", "segments": [{"pos": [[0.0, 0.0, 0.0], [-0.14998262481736022, 0.0669451692935323, 1.7755005186512323], [-0.2799675663257391, 0.12496431601459361, 3.5510010373024645], [-0.3899548245251366, 0.17405744016318395, 5.326501555953697], [-0.4799443994155527, 0.21422454173930333, 7.102002074604929], [-0.5499362909969875, 0.24546562074295172, 8.87750259325616], [-0.5999304992694409, 0.2677806771741292, 10.653003111907394], [-0.6299270242329129, 0.2811697110328356, 12.428503630558627], [-0.6399258658874036, 0.2856327223190711, 14.204004149209858], [-0.6299270242329129, 0.2811697110328356, 15.979504667861091], [-0.5999304992694409, 0.2677806771741292, 17.755005186512324], [-0.5499362909969875, 0.24546562074295172, 19.530505705163556], [-0.4799443994155527, 0.21422454173930333, 21.306006223814787], [-0.3899548245251366, 0.17405744016318395, 23.08150674246602], [-0.2799675663257391, 0.12496431601459361, 24.85700726111725], [-0.14998262481736022, 0.0669451692935323, 26.632507779768485], [0.0, 0.0, 28.408008298419716]], "radius": [2.892304641161184, 2.892304641161184, 2.892304641161184, 2.892304641161184, 2.892304641161184, 2.892304641161184, 2.892304641161184, 2.892304641161184, 2.892304641161184, 2.892304641161184, 2.892304641161184, 2.892304641161184, 2.892304641161184, 2.892304641161184, 2.892304641161184, 2.892304641161184, 2.733695079164881], "ref_radius": [2.892304641161184, 2.892304641161184, 2.892304641161184, 2.892304641161184, 2.892304641161184, 2.892304641161184, 2.892304641161184, 2.892304641161184, 2.892304641161184, 2.892304641161184, 2.892304641161184, 2.892304641161184, 2.892304641161184, 2.892304641161184, 2.892304641161184, 2.892304641161184, 2.892304641161184], "length": 28.408008298419716, "seg_id": 0, "type": "Root", "parent": null, "children": [1, 2]}, {"pos": [[0.0, 0.0, 28.408008298419716], [0.7169413289251869, 0.2242507700842571, 30.009530785999736], [1.5816846218173726, 0.35789693930746336, 31.611053273579746], [2.5942298786765567, 0.4009385076696186, 33.212575761159755], [3.7545770995027397, 0.3533754751707231, 34.814098248739775], [5.062726284295921, 0.21520784181077676, 36.415620736319795], [6.5186774330561015, -0.013564392410220533, 38.01714322389981], [8.122430545783281, -0.33294122749226884, 39.61866571147982]], "radius": [2.2129476423473915, 2.2129476423473915, 2.2129476423473915, 2.2129476423473915, 2.2129476423473915, 2.2129476423473915, 2.2129476423473915, 2.2129476423473915], "ref_radius": [2.2129476423473915, 2.2129476423473915, 2.2129476423473915, 2.2129476423473915, 2.2129476423473915, 2.2129476423473915, 2.2129476423473915, 2.2129476423473915], "length": 13.847872308229768, "seg_id": 1, "type": "Side", "parent": 0, "children": []}, {"pos": [[0.0, 0.0, 28.408008298419716], [0.0013683974616341679, 0.0670249627592838, 30.171481267839432], [-0.008334551835275894, 0.12689142523714228, 31.934954237259152], [-0.029108847890730188, 0.17959938743357548, 33.69842720667888], [-0.060954490704728706, 0.22514884934858337, 35.46190017609859], [-0.10387148027727149, 0.2635398109821659, 37.225373145518304], [-0.15785981660835846, 0.2947722723343232, 38.98884611493803], [-0.2229194996979897, 0.31884623340505514, 40.75231908435775], [-0.2990505295461651, 0.33576169419436175, 42.51579205377747], [-0.3862529061528848, 0.345518654702243, 44.279265023197176], [-0.48452662951814873, 0.34811711492869907, 46.0427379926169], [-0.5938716996419566, 0.3435570748737298, 47.806210962036616], [-0.7142881165243092, 0.3318385345373352, 49.56968393145634], [-0.8457758801652059, 0.3129614939195153, 51.33315690087606], [-0.9883349905646468, 0.28692595302027, 53.09662987029577], [-1.1419654477226315, 0.25373191183959953, 54.860102839715495], [-1.306667251639161, 0.21337937037750365, 56.623575809135204], [-1.4824404023142348, 0.16586832863398243, 58.38704877855493], [-1.6692848997478524, 0.11119878660903604, 60.15052174797465], [-1.8672007439400142, 0.04937074430266432, 61.91399471739436], [-2.076187934890721, -0.019615798285132838, 63.67746768681409], [-2.296246472599971, -0.09576084115435533, 65.4409406562338]], "radius": [2.22385736490741, 1.5469584802959888, 0.97661059629533, 0.7265521306012181, 0.8849861454102916, 1.382170299198261, 2.019076995955623, 2.5453887258270687, 2.7562700445104613, 2.740514823615804, 2.723649288332984, 2.706783753050164, 2.689918217767344, 2.673052682484524, 2.6561871472017042, 2.6393216119188843, 2.6224560766360643, 2.6055905413532443, 2.5887250060704243, 2.5718594707876044, 2.5549939355047844, 2.5381284002219644], "ref_radius": [2.892304641161184, 2.875439105878364, 2.858573570595544, 2.841708035312724, 2.824842500029904, 2.807976964747084, 2.791111429464264, 2.774245894181444, 2.757380358898624, 2.740514823615804, 2.723649288332984, 2.706783753050164, 2.689918217767344, 2.673052682484524, 2.6561871472017042, 2.6393216119188843, 2.6224560766360643, 2.6055905413532443, 2.5887250060704243, 2.5718594707876044, 2.5549939355047844, 2.5381284002219644], "length": 37.10417762220395, "seg_id": 2, "type": "Main", "parent": 0, "children": [3, 4]}, {"pos": [[-2.296246472599971, -0.09576084115435533, 65.4409406562338], [-1.4865247066056007, 0.028690337793515486, 67.06438627857463], [-0.6216775919086083, 0.09041367436254041, 68.68783190091546], [0.29829487149100653, 0.08940916855271941, 70.31127752325628], [1.2733926835932423, 0.0256768203640525, 71.93472314559709], [2.3036158443981, -0.10078337020346029, 73.55816876793791], [3.3889643539055805, -0.28997140314981906, 75.18161439027874], [4.529438212115681, -0.5418872784750237, 76.80506001261955], [5.725037419028405, -0.8565309961790741, 78.42850563496039], [6.975761974643749, -1.2339025562619705, 80.0519512573012], [8.281611878961716, -1.6740019587237127, 81.67539687964202]], "radius": [1.7107146850547161, 1.7107146850547161, 1.7107146850547161, 1.7107146850547161, 1.7107146850547161, 1.7107146850547161, 1.7107146850547161, 1.7107146850547161, 1.7107146850547161, 1.7107146850547161, 1.7107146850547161], "ref_radius": [1.7107146850547161, 1.7107146850547161, 1.7107146850547161, 1.7107146850547161, 1.7107146850547161, 1.7107146850547161, 1.7107146850547161, 1.7107146850547161, 1.7107146850547161, 1.7107146850547161, 1.7107146850547161], "length": 19.440666171730015, "seg_id": 3, "type": "Side", "parent": 2, "children": []}, {"pos": [[-2.296246472599971, -0.09576084115435533, 65.4409406562338], [-2.4659682058281414, -0.4134496260674182, 67.22137132144161], [-2.620143107469145, -0.7232085660704995, 69.00180198664941], [-2.758771177522982, -1.0250376611635992, 70.78223265185723], [-2.881852415989652, -1.3189369113467175, 72.56266331706502], [-2.989386822869155, -1.604906316619854, 74.34309398227283], [-3.0813743981614916, -1.8829458769830092, 76.12352464748065], [-3.1578151418666613, -2.153055592436182, 77.90395531268844], [-3.2187090539846643, -2.415235462979374, 79.68438597789623], [-3.2640561345155, -2.669485488612584, 81.46481664310404], [-3.293856383459169, -2.915805669335813, 83.24524730831185], [-3.3081098008156724, -3.1541960051490596, 85.02567797351966], [-3.306816386585008, -3.384656496052326, 86.80610863872747], [-3.289976140767177, -3.6071871420456088, 88.58653930393525], [-3.257589063362179, -3.821787943128911, 90.36696996914306], [-3.209655154370015, -4.028458899302231, 92.14740063435087], [-3.1461744137906837, -4.227200010565571, 93.92783129955868], [-3.0671468416241856, -4.418011276918929, 95.70826196476648], [-2.9725724378705207, -4.600892698362305, 97.48869262997428]], "radius": [2.5212628649391444, 2.5042260623731973, 2.4871892598072507, 2.4701524572413036, 2.4531156546753565, 2.4360788521094094, 2.419042049543463, 2.4020052469775157, 2.3849684444115686, 2.3679316418456215, 2.350894839279675, 2.333858036713728, 2.3168212341477807, 2.299784431581834, 2.282747629015887, 2.26571082644994, 2.248674023883993, 2.2316372213180458, 2.214600418752099],