{"case_id": "LAD_130_bc8", "artery_type": "LAD", "segments": [{"pos": [[0.0, 0.0, 0.0], [-0.014862357399602002, 0.38556197897796995, 1.9617781620301025], [-0.026009125449303505, 0.6747334632114474, 3.923556324060205], [-0.03344030414910451, 0.8675144527004326, 5.885334486090308], [-0.037155893499005006, 0.9639049474449249, 7.84711264812041], [-0.037155893499005006, 0.9639049474449249, 9.808890810150514], [-0.03344030414910451, 0.8675144527004326, 11.770668972180616], [-0.026009125449303512, 0.6747334632114477, 13.732447134210716], [-0.014862357399602009, 0.3855619789779701, 15.694225296240822], [0.0, 0.0, 17.656003458270924]], "radius": [2.7261866431632846, 2.7261866431632846, 2.676925116118747, 2.5283327919680305, 2.3011719329736424, 2.027300209075117, 1.7451261516733059, 1.4942226344842218, 1.3097770637919532, 1.2176565988374697], "ref_radius": [2.7261866431632846, 2.7261866431632846, 2.7261866431632846, 2.7261866431632846, 2.7261866431632846, 2.7261866431632846, 2.7261866431632846, 2.7261866431632846, 2.7261866431632846, 2.7261866431632846], "length": 17.656003458270924, "seg_id": 0, "type": "Root", "parent": null, "children": [1, 2]}, {"pos": [[0.0, 0.0, 17.656003458270924], [1.6067246780707638, -0.000646773701186351, 19.19219182757632], [3.1868368747827636, -0.011672037756492552, 20.728380196881712], [4.740336590136, -0.033075792165918605, 22.26456856618711], [6.267223824130472, -0.0648580369294645, 23.8007569354925], [7.76749857676618, -0.10701877204713024, 25.336945304797897], [9.241160848043126, -0.15955799751891586, 26.873133674103293]], "radius": [2.0442999884281283, 2.0442999884281283, 2.0442999884281283, 2.0442999884281283, 2.0442999884281283, 2.0442999884281283, 2.0442999884281283], "ref_radius": [2.0442999884281283, 2.0442999884281283, 2.0442999884281283, 2.0442999884281283, 2.0442999884281283, 2.0442999884281283, 2.0442999884281283], "length": 13.052969087130613, "seg_id": 1, "type": "Side", "parent": 0, "children": []}, {"pos": [[0.0, 0.0, 17.656003458270924], [0.4074574381475217, -0.10861126131171084, 19.52112170502385], [0.7923351409308983, -0.19658054643898457, 21.386239951776787], [1.1546331083501296, -0.26390785538182115, 23.25135819852972], [1.4943513404052153, -0.3105931881402205, 25.116476445282647], [1.8114898370961559, -0.3366365447141828, 26.981594692035575], [2.106048598422951, -0.3420379251037079, 28.846712938788507], [2.378027624385601, -0.3267973293087959, 30.711831185541435], [2.6274269149841056, -0.2909147573294468, 32.57694943229436], [2.854246470218465, -0.2343902091656605, 34.4420676790473], [3.058486290088679, -0.1572236848174371, 36.307185925800226], [3.240146374594748, -0.059415184284776656, 38.172304172553154], [3.399226723736672, 0.05903529243232125, 40.03742241930609], [3.53572733751445, 0.1981277453338561, 41.90254066605902], [3.6496482159280825, 0.3578621744198281, 43.76765891281194], [3.74098935897757, 0.5382385796902371, 45.632777159564874]], "radius": [1.2307804695452749, 1.3385881510546975, 1.5308221486305682, 1.777794477376675, 2.0425631899728054, 2.0630386215074807, 1.7930493202449673, 1.530681740969698, 1.3024720898710538, 1.130957844755739, 1.0323263480543197, 1.0147732710019814, 1.0777368932444376, 1.2120782107940589, 1.4011747399377095, 1.6227985558402849], "ref_radius": [2.7261866431632846, 2.7085423212091513, 2.6908979992550175, 2.673253677300884, 2.6556093553467504, 2.637965033392617, 2.6203207114384837, 2.60267638948435, 2.5850320675302165, 2.5673877455760827, 2.5497434236219494, 2.532099101667816, 2.5144547797136823, 2.496810457759549, 2.479166135805415, 2.4615218138512818], "length": 28.230915126613645, "seg_id": 2, "type": "Main", "parent": 0, "children": [3, 4]}, {"pos": [[3.74098935897757, 0.5382385796902371, 45.632777159564874], [4.941208980494098, 0.4938714884883599, 46.992816811733846], [6.160811208692187, 0.4712998358423461, 48.3528564639028], [7.399796043571836, 0.4705236217521956, 49.71289611607177], [8.658163485133045, 0.49154284621790845, 51.072935768240754], [9.935913533375816, 0.5343575092394846, 52.43297542040971], [11.233046188300143, 0.598967610816924, 53.79301507257868], [12.549561449906033, 0.6853731509502267, 55.15305472474765], [13.885459318193483, 0.7935741296393928, 56.51309437691661], [15.240739793162495, 0.9235705468844223, 57.873134029085584], [16.615402874813064, 1.075362402685315, 59.233173681254556], [18.009448563145195, 1.2489496970420708, 60.59321333342352]], "radius": [1.4329656392462673, 1.4329656392462673, 1.4329656392462673, 1.4329656392462673, 1.4329656392462673, 1.4329656392462673, 1.4329656392462673, 1.4329656392462673, 1.4329656392462673, 1.4329656392462673, 1.4329656392462673, 1.4329656392462673], "ref_radius": [1.4329656392462673, 1.4329656392462673, 1.4329656392462673, 1.4329656392462673, 1.4329656392462673, 1.4329656392462673, 1.4329656392462673, 1.4329656392462673, 1.4329656392462673, 1.4329656392462673, 1.4329656392462673, 1.4329656392462673], "length": 20.685953902719152, "seg_id": 3, "type": "Side", "parent": 2, "children": []}, {"pos": [[3.74098935897757, 0.5382385796902371, 45.632777159564874], [4.016099152141961, 0.825734395526183, 47.428078930089086], [4.2937447763745915, 1.102254997139087, 49.223380700613305], [4.573926231675459, 1.3678003845289481, 51.01868247113752], [4.85664351804457, 1.6223705576957674, 52.81398424166174], [5.141896635481916, 1.8659655166395446, 54.60928601218594], [5.429685583987505, 2.0985852613602796, 56.40458778271016], [5.72001036356133, 2.3202297918579724, 58.19988955323437], [6.012870974203395, 2.530899108132623, 59.99519132375859], [6.308267415913699, 2.7305932101842316, 61.79049309428281], [6.606199688692243, 2.9193120980127976, 63.58579486480701], [6.906667792539025, 3.0970557716183222, 65.38109663533123], [7.209671727454047, 3.263824231000804, 67.17639840585545], [7.515211493437308, 3.4196174761602434, 68.97170017637966], [7.823287090488808, 3.5644355070966416, 70.76700194690386], [8.133898518608547, 3.6982783238099968, 72.56230371742808], [8.447045777796525, 3.8211459263003107, 74.3576054879523], [8.762728868052744, 3.933038314567581, 76.15290725847652], [9.080947789377198, 4.03395548861181, 77.94820902900072], [9.401702541769895, 4.123897448432997, 79.74351079952493], [9.72499312523083, 4.202864194031141, 81.53881257004915]], "radius": [1.554254527114393, 1.2534375361558239, 0.9935564992968213, 0.8032641054206313, 0.7026124028379885, 0.7008140546976858, 0.7953136544034167, 0.9722599158386345, 1.2083028000883511, 1.4734842437110762, 1.7348653381069692, 1.70750996457993, 1.5219144634623825, 1.3471302921044814, 1.1958700569884264, 1.078777275673418, 1.003610287329767, 0.974669068214594, 0.9925070239579117, 1.053946370646123, 1.1523911219362382], "ref_radius": [2.443877491897148, 2.4264559400915044, 2.4090343882858605, 2.391612836480217, 2.3741912846745734, 2.3567697328689294, 2.339348181063286, 2.321926629257642, 2.3045050774519984, 2.287083525646355, 2.269661973840711, 2.2522404220350674, 2.2348188702294234, 2.21739731842378, 2.1999757666181363, 2.1825542148124923, 2.165132663006849, 2.1477111112012053, 2.1302895593955613, 2.1128680075899178, 2.0954464557842742], "length": 36.585258791851764, "seg_id": 4, "type": "Main", "parent": 2,