{"case_id": "LAD_1158_bc5", "artery_type": "LAD", "segments": [{"pos": [[0.0, 0.0, 0.0], [0.24549449822151054, 0.08240969388610071, 1.8751608275792322], [0.44635363313001925, 0.14983580706563768, 3.750321655158465], [0.6025774047255259, 0.20227833953861085, 5.625482482737697], [0.7141658130080308, 0.23973729130502028, 7.50064331031693], [0.7811188579775337, 0.2622126623648659, 9.37580413789616], [0.8034365396340346, 0.2697044527181478, 11.250964965475394], [0.7811188579775338, 0.26221266236486596, 13.126125793054625], [0.7141658130080308, 0.23973729130502028, 15.00128662063386], [0.6025774047255259, 0.20227833953861085, 16.876447448213092], [0.4463536331300194, 0.14983580706563773, 18.75160827579232], [0.24549449822151068, 0.08240969388610075, 20.626769103371554], [0.0, 0.0, 22.501929930950787]], "radius": [2.0942943790076165, 2.0942943790076165, 2.0637640216184687, 1.8067498340152564, 1.3754930442124589, 0.9268235587785449, 0.6239035473176122, 0.5768922426080272, 0.8028856735114738, 1.2196995602862193, 1.6757562710781317, 2.00520721397026, 2.0942943790076165], "ref_radius": [2.0942943790076165, 2.0942943790076165, 2.0942943790076165, 2.0942943790076165, 2.0942943790076165, 2.0942943790076165, 2.0942943790076165, 2.0942943790076165, 2.0942943790076165, 2.0942943790076165, 2.0942943790076165, 2.0942943790076165, 2.0942943790076165], "length": 22.501929930950787, "seg_id": 0, "type": "Root", "parent": null, "children": [1, 2]}, {"pos": [[0.0, 0.0, 22.501929930950787], [1.3772871733362826, 0.053856046752527614, 23.80941904931577], [2.7547826828236324, 0.08911734552938697, 25.116908167680762], [4.1324865284620484, 0.10578389633057805, 26.424397286045746], [5.510398710251533, 0.10385569915610093, 27.731886404410737], [6.888519228192084, 0.08333275400595551, 29.03937552277572], [8.266848082283701, 0.044215060880141877, 30.346864641140705], [9.645385272526386, -0.013497380221340033, 31.654353759505696], [11.024130798920138, -0.08980456929849023, 32.96184287787068], [12.403084661464959, -0.1847065063513087, 34.26933199623567], [13.782246860160846, -0.2982031913797954, 35.57682111460066], [15.161617395007799, -0.4302946243839502, 36.884310232965646]], "radius": [1.662382444263331, 1.662382444263331, 1.662382444263331, 1.662382444263331, 1.662382444263331, 1.662382444263331, 1.662382444263331, 1.662382444263331, 1.662382444263331, 1.662382444263331, 1.662382444263331, 1.662382444263331], "ref_radius": [1.662382444263331, 1.662382444263331, 1.662382444263331, 1.662382444263331, 1.662382444263331, 1.662382444263331, 1.662382444263331, 1.662382444263331, 1.662382444263331, 1.662382444263331, 1.662382444263331, 1.662382444263331], "length": 20.902455804238933, "seg_id": 1, "type": "Side", "parent": 0, "children": []}, {"pos": [[0.0, 0.0, 22.501929930950787], [-0.08990708441800532, -0.06078742949768713, 24.435189578359303], [-0.1673967908278022, -0.13607480735137523, 26.36844922576782], [-0.23246911922939065, -0.2258621335610642, 28.301708873176334], [-0.2851240696227707, -0.3301494081267542, 30.234968520584857], [-0.3253616420079423, -0.4489366310484451, 32.16822816799338], [-0.35318183638490547, -0.5822238023261368, 34.10148781540189], [-0.3685846527536602, -0.7300109219598295, 36.0347474628104], [-0.37157009111420647, -0.8922979899495234, 37.96800711021892], [-0.3621381514665444, -1.0690850062952182, 39.90126675762744], [-0.34028883381067376, -1.2603719709969137, 41.83452640503596], [-0.3060221381465948, -1.46615888405461, 43.76778605244448]], "radius": [2.0942943790076165, 2.0765289336930772, 2.058763488378538, 2.0409980430639982, 2.023232597749459, 2.0054671524349197, 1.9877017071203804, 1.9699362618058411, 1.9521708164913016, 1.9344053711767624, 1.9166399258622229, 1.8988744805476836], "ref_radius": [2.0942943790076165, 2.0765289336930772, 2.058763488378538, 2.0409980430639982, 2.023232597749459, 2.0054671524349197, 1.9877017071203804, 1.9699362618058411, 1.9521708164913016, 1.9344053711767624, 1.9166399258622229, 1.8988744805476836], "length": 21.31853437744722, "seg_id": 2, "type": "Main", "parent": 0, "children": [3, 4]}, {"pos": [[-0.3060221381465948, -1.46615888405461, 43.76778605244448], [0.6172743743093897, -1.8354476131891946, 45.25449108008238], [1.5931211210294285, -2.149467535269241, 46.74119610772029], [2.6215181020135216, -2.40821865029475, 48.227901135358195], [3.7024653172616686, -2.61170095826572, 49.714606162996105], [4.83596276677387, -2.759914459182152, 51.20131119063401], [6.022010450550126, -2.8528591530440464, 52.68801621827191], [7.260608368590436, -2.890535039851402, 54.17472124590982], [8.5517565208948, -2.87294211960422, 55.66142627354773], [9.895454907463218, -2.8000803923024997, 57.14813130118563], [11.29170352829569, -2.6719498579462417, 58.63483632882354], [12.740502383392217, -2.488550516535445, 60.12154135646144], [14.2418514727528, -2.2498823680701103, 61.60824638409935]], "radius": [1.3993576933312621, 1.3993576933312621, 1.3993576933312621, 1.3993576933312621, 1.3993576933312621, 1.3993576933312621, 1.3993576933312621, 1.3993576933312621, 1.3993576933312621, 1.3993576933312621, 1.3993576933312621, 1.3993576933312621, 1.3993576933312621], "ref_radius": [1.3993576933312621, 1.3993576933312621, 1.3993576933312621, 1.3993576933312621, 1.3993576933312621, 1.3993576933312621, 1.3993576933312621, 1.3993576933312621, 1.3993576933312621, 1.3993576933312621, 1.3993576933312621, 1.3993576933312621, 1.3993576933312621], "length": 23.033386072035775, "seg_id": 3, "type": "Side", "parent": 2, "children": []}, {"pos": [[-0.3060221381465948, -1.46615888405461, 43.76778605244448], [-0.545240886534888, -1.547918882948414, 45.50552326696903], [-0.7829418494032909, -1.6329678316917544, 47.243260481493586], [-1.0191250267518033, -1.7213057302846317, 48.98099769601812], [-1.2537904185804258, -1.8129325787270458, 50.718734910542686], [-1.4869380248891573, -1.9078483770189962, 52.45647212506723], [-1.7185678456779991, -2.006053125160483, 54.19420933959178], [-1.9486798809469499, -2.107546823151507, 55.93194655411632], [-2.177274130696011, -2.2123294709920676, 57.66968376864088], [-2.4043505949251816, -2.320401068682165, 59.40742098316544], [-2.6299092736344614, -2.4317616162217988, 61.14515819768998], [-2.853950166823852, -2.546411113610969, 62.88289541221452], [-3.076473274493351, -2.6643495608496766, 64.62063262673908], [-3.2974785966429603, -2.78557695793792, 66.35836984126362], [-3.5169661332726787, -2.9100933048757005, 68.09610705578818], [-3.734935884382507, -3.0378986016630174, 69.83384427031274], [-3.9513878499724457, -3.1689928482998715, 71.57158148483728], [-4.166322030042493, -3.303376044786262, 73.30931869936184], [-4.3797384245926505, -3.4410481911221886, 75.04705591388638], [-4.591637033622918, -3.582009287307652, 76.78479312841093], [-4.802017857133294, -3.726259333342653, 78.52253034293548]], "radius": [1.8811090352331443, 1.8643865824581305, 1.8476641296831164, 1.8309416769081026, 1.8142192241330886, 1.7974967713580747, 1.780774318583061, 1.7640518658080468, 1.747329413033033, 1.7306069602580192, 1.7138845074830051, 1.6971620547079913, 1.6804396019329775, 1.6637171491579634, 1.6469946963829496, 1.6302722436079355, 1.6135497908329217, 1.5968273380579077, 1.5801048852828938, 1.56338243250788, 1.5466599797328662], "ref_radius": [1.8811090352331443, 1.8643865824581305, 1.8476641296831164, 1.8309416769081026, 1.8142192241330886, 1.7974967713580747, 1.780774318583061, 1.7640518658080468, 1.747329413033033, 1.7306069602580192, 1.7138845074830051, 1.6971620547079913, 1.6804396019329775, 1.6637171491579634, 1.6469946963829496, 1.6302722436079355, 1.6135497908329217, 1.5968273380579077, 1.5801048852828938, 1.56338243250788, 1.5466599797328662], "length": 35.117150827529215, "seg_id": 4, "type": "Main", "parent": 2,