{"case_id": "LAD_127_bc1", "artery_type": "LAD", "segments": [{"pos": [[0.0, 0.0, 0.0], [-0.12594059709635197, -0.07185645030207113, 1.7631543725882777], [-0.23706465335783902, -0.1352592005686045, 3.526308745176555], [-0.3333721687844612, -0.1902082507996001, 5.289463117764832], [-0.4148631433762183, -0.23670360099505786, 7.05261749035311], [-0.4815375771331106, -0.2747452511549779, 8.81577186294139], [-0.5333954700551379, -0.30433320127936014, 10.578926235529666], [-0.5704368221423002, -0.3254674513682046, 12.342080608117941], [-0.5926616333945975, -0.33814800142151125, 14.10523498070622], [-0.6000699038120301, -0.34237485143928015, 15.868389353294498], [-0.5926616333945975, -0.33814800142151125, 17.63154372588278], [-0.5704368221423002, -0.3254674513682046, 19.39469809847105], [-0.5333954700551379, -0.30433320127936014, 21.15785247105933], [-0.4815375771331106, -0.2747452511549779, 22.92100684364761], [-0.41486314337621844, -0.23670360099505794, 24.684161216235882], [-0.3333721687844613, -0.19020825079960016, 26.44731558882416], [-0.23706465335783913, -0.13525920056860455, 28.21046996141244], [-0.12594059709635205, -0.07185645030207118, 29.973624334000718], [0.0, 0.0, 31.736778706588996]], "radius": [1.6589817401914715, 1.6589817401914715, 1.6589817401914715, 1.6589817401914715, 1.6589817401914715, 1.6589817401914715, 1.6589817401914715, 1.6589817401914715, 1.5938045888592967, 1.3564131589636808, 1.0165819390286694, 0.6792755432647425, 0.44867873641734923, 0.39601659566902137, 0.5375550229230723, 0.8295766504358301, 1.1818839458003108, 1.485658774683412, 1.647073360676988], "ref_radius": [1.6589817401914715, 1.6589817401914715, 1.6589817401914715, 1.6589817401914715, 1.6589817401914715, 1.6589817401914715, 1.6589817401914715, 1.6589817401914715, 1.6589817401914715, 1.6589817401914715, 1.6589817401914715, 1.6589817401914715, 1.6589817401914715, 1.6589817401914715, 1.6589817401914715, 1.6589817401914715, 1.6589817401914715, 1.6589817401914715, 1.6589817401914715], "length": 31.736778706588996, "seg_id": 0, "type": "Root", "parent": null, "children": [1, 2]}, {"pos": [[0.0, 0.0, 31.736778706588996], [1.475957312471205, -0.08758942901650695, 33.17879723609334], [2.905939115859764, -0.17502118604969125, 34.6208157655977], [4.289945410165677, -0.26229527109955286, 36.06283429510204], [5.627976195388944, -0.3494116841660918, 37.5048528246064], [6.920031471529564, -0.436370425249308, 38.94687135411074], [8.166111238587538, -0.5231714943492017, 40.38888988361509], [9.366215496562866, -0.6098148914657726, 41.830908413119445], [10.520344245455547, -0.696300616599021, 43.2729269426238], [11.628497485265584, -0.7826286697489466, 44.71494547212814], [12.690675215992973, -0.8687990509155495, 46.156964001632495], [13.706877437637718, -0.9548117600988298, 47.59898253113684], [14.677104150199815, -1.0406667972987875, 49.04100106064119]], "radius": [1.192602517124567, 1.192602517124567, 1.192602517124567, 1.192602517124567, 1.192602517124567, 1.192602517124567, 1.192602517124567, 1.192602517124567, 1.192602517124567, 1.192602517124567, 1.192602517124567, 1.192602517124567, 1.192602517124567], "ref_radius": [1.192602517124567, 1.192602517124567, 1.192602517124567, 1.192602517124567, 1.192602517124567, 1.192602517124567, 1.192602517124567, 1.192602517124567, 1.192602517124567, 1.192602517124567, 1.192602517124567, 1.192602517124567, 1.192602517124567], "length": 22.71423529193295, "seg_id": 1, "type": "Side", "parent": 0, "children": []}, {"pos": [[0.0, 0.0, 31.736778706588996], [-0.2526702486993898, 0.12903237609156346, 33.51326536548065], [-0.48309673525049884, 0.24964936837517654, 35.28975202437231], [-0.691279459653327, 0.3618509768508392, 37.06623868326397], [-0.8772184219078744, 0.4656372015185514, 38.84272534215562], [-1.040913622014141, 0.5610080423783134, 40.61921200104727], [-1.1823650599721267, 0.6479634994301248, 42.39569865993894], [-1.3015727357818319, 0.7265035726739857, 44.172185318830586], [-1.3985366494432558, 0.7966282621098963, 45.94867197772224], [-1.4732568009563993, 0.8583375677378566, 47.7251586366139], [-1.5257331903212619, 0.9116314895578665, 49.501645295505554], [-1.5559658175378437, 0.9565100275699258, 51.27813195439721], [-1.5639546826061446, 0.9929731817740348, 53.054618613288866], [-1.5496997855261647, 1.0210209521701934, 54.83110527218052], [-1.5132011262979042, 1.0406533387584016, 56.60759193107218], [-1.4544587049213629, 1.0518703415386594, 58.384078589963835], [-1.3734725213965404, 1.054671960510967, 60.16056524885549], [-1.2702425757234372, 1.0490581956753238, 61.93705190774715], [-1.1447688679020533, 1.0350290470317303, 63.7135385666388]], "radius": [1.6589817401914715, 1.6421322767327542, 1.625282813274037, 1.6084333498153194, 1.591583886356602, 1.5747344228978848, 1.5578849594391675, 1.5410354959804502, 1.5241860325217327, 1.5073365690630154, 1.3837006274352415, 1.0315303128252957, 0.6061637720542665, 0.2949377834607907, 0.22989912522878808, 0.43002788551853866, 0.7953737934604254, 1.1545318350293914, 1.3429621991482392], "ref_radius": [1.6589817401914715, 1.6421322767327542, 1.625282813274037, 1.6084333498153194, 1.591583886356602, 1.5747344228978848, 1.5578849594391675, 1.5410354959804502, 1.5241860325217327, 1.5073365690630154, 1.490487105604298, 1.4736376421455808, 1.4567881786868635, 1.4399387152281462, 1.4230892517694287, 1.4062397883107114, 1.389390324851994, 1.3725408613932768, 1.3556913979345595], "length": 32.01398057156294, "seg_id": 2, "type": "Main", "parent": 0, "children": [3, 4]}, {"pos": [[-1.1447688679020533, 1.0350290470317303, 63.7135385666388], [0.17851278056940403, 1.0592664713026132, 65.02552191503923], [1.491963741614823, 1.0959112254452181, 66.33750526343967], [2.795584015234204, 1.1449633094595455, 67.64948861184013], [4.089373601427545, 1.206422723345594, 68.96147196024056], [5.37333250019485, 1.280289467103365, 70.27345530864099], [6.647460711536115, 1.3665635407328582, 71.58543865704144], [7.911758235451341, 1.4652449442340731, 72.89742200544187], [9.16622507194053, 1.5763336776070103, 74.20940535384231], [10.410861221003683, 1.6998297408516692, 75.52138870224275], [11.645666682640796, 1.8357331339680503, 76.83337205064319], [12.870641456851867, 1.9840438569561532, 78.14535539904362], [14.085785543636906, 2.1447619098159785, 79.45733874744407], [15.291098942995902, 2.3178872925475256, 80.7693220958445], [16.48658165492886, 2.5034200051507938, 82.08130544424493], [17.67223367943578, 2.701360047625785, 83.39328879264538], [18.848055016516668, 2.9117074199724984, 84.70527214104582], [20.014045666171512, 3.1344621221909335, 86.01725548944627], [21.170205628400318, 3.3696241542810905, 87.3292388378467]], "radius": [0.9757500041346048, 0.9757500041346048, 0.9757500041346048, 0.9757500041346048, 0.9757500041346048, 0.9757500041346048, 0.9757500041346048, 0.9757500041346048, 0.9757500041346048, 0.9757500041346048, 0.9757500041346048, 0.9757500041346048, 0.9757500041346048, 0.9757500041346048, 0.9757500041346048, 0.9757500041346048, 0.9757500041346048, 0.9757500041346048, 0.9757500041346048], "ref_radius": [0.9757500041346048, 0.9757500041346048, 0.9757500041346048, 0.9757500041346048, 0.9757500041346048, 0.9757500041346048, 0.9757500041346048, 0.9757500041346048, 0.9757500041346048, 0.9757500041346048, 0.9757500041346048, 0.9757500041346048, 0.9757500041346048, 0.9757500041346048, 0.9757500041346048, 0.9757500041346048, 0.9757500041346048, 0.9757500041346048, 0.9757500041346048], "length": 32.57467912942423, "seg_id": 3, "type": "Side", "parent": 2,