{"case_id": "LAD_3988_bc5", "artery_type": "LAD", "segments": [{"pos": [[0.0, 0.0, 0.0], [0.0294384331741055, 0.14901490682733848, 1.8719983533903508], [0.054671375894767366, 0.27674196982220006, 3.7439967067807016], [0.07569882816198559, 0.38318118898458475, 5.615995060171054], [0.09252078997576015, 0.4683325643144924, 7.487993413561404], [0.10513726133609108, 0.5321960958119232, 9.359991766951754], [0.11354824224297835, 0.574771783476877, 11.231990120342106], [0.117753732696422, 0.5960596273093539, 13.103988473732457], [0.117753732696422, 0.5960596273093539, 14.975986827122806], [0.11354824224297835, 0.574771783476877, 16.847985180513156], [0.10513726133609108, 0.5321960958119232, 18.71998353390351], [0.09252078997576016, 0.46833256431449244, 20.59198188729386], [0.07569882816198556, 0.3831811889845846, 22.463980240684215], [0.05467137589476735, 0.2767419698222, 24.33597859407456], [0.029438433174105494, 0.14901490682733845, 26.207976947464914], [0.0, 0.0, 28.079975300855263]], "radius": [2.2147653921947876, 2.2147653921947876, 2.2147653921947876, 2.2147653921947876, 2.2147653921947876, 2.0852665295168467, 1.7053253480292996, 1.2023673695775448, 0.7459044252518672, 0.48977813370138823, 0.5203106898830985, 0.8272117122383611, 1.3070464080175654, 1.79809618165819, 2.1348626220553455, 2.2147653921947876], "ref_radius": [2.2147653921947876, 2.2147653921947876, 2.2147653921947876, 2.2147653921947876, 2.2147653921947876, 2.2147653921947876, 2.2147653921947876, 2.2147653921947876, 2.2147653921947876, 2.2147653921947876, 2.2147653921947876, 2.2147653921947876, 2.2147653921947876, 2.2147653921947876, 2.2147653921947876, 2.2147653921947876], "length": 28.079975300855263, "seg_id": 0, "type": "Root", "parent": null, "children": [1, 2]}, {"pos": [[0.0, 0.0, 28.079975300855263], [1.0909667335612403, -0.06795091002988939, 29.356069347388313], [2.2023456420080616, -0.1282291681155987, 30.632163393921363], [3.3341367253404637, -0.18083477425712802, 31.908257440454417], [4.486339983558448, -0.2257677284544773, 33.18435148698747], [5.658955416662013, -0.2630280307076466, 34.46044553352052], [6.851983024651158, -0.2926156810166358, 35.736539580053574], [8.065422807525886, -0.31453067938144497, 37.01263362658662], [9.299274765286196, -0.3287730258020742, 38.28872767311967], [10.553538897932086, -0.3353427202785233, 39.56482171965273], [11.828215205463557, -0.3342397628107924, 40.84091576618578], [13.12330368788061, -0.32546415339888146, 42.117009812718834], [14.438804345183241, -0.30901589204279056, 43.39310385925188], [15.774717177371457, -0.28489497874251957, 44.66919790578494], [17.131042184445253, -0.2531014134980686, 45.94529195231799], [18.507779366404627, -0.2136351963094375, 47.221385998851034], [19.904928723249586, -0.16649632717662644, 48.497480045384094], [21.322490254980128, -0.11168480609963533, 49.77357409191714]], "radius": [1.661745985618143, 1.661745985618143, 1.661745985618143, 1.661745985618143, 1.661745985618143, 1.661745985618143, 1.661745985618143, 1.661745985618143, 1.661745985618143, 1.661745985618143, 1.661745985618143, 1.661745985618143, 1.661745985618143, 1.661745985618143, 1.661745985618143, 1.661745985618143, 1.661745985618143, 1.661745985618143], "ref_radius": [1.661745985618143, 1.661745985618143, 1.661745985618143, 1.661745985618143, 1.661745985618143, 1.661745985618143, 1.661745985618143, 1.661745985618143, 1.661745985618143, 1.661745985618143, 1.661745985618143, 1.661745985618143, 1.661745985618143, 1.661745985618143, 1.661745985618143, 1.661745985618143, 1.661745985618143, 1.661745985618143], "length": 30.418305223618184, "seg_id": 1, "type": "Side", "parent": 0, "children": []}, {"pos": [[0.0, 0.0, 28.079975300855263], [-0.12234774071657677, -0.2143984324968282, 30.04684499973562], [-0.23873014849641494, -0.3800306735723252, 32.01371469861598], [-0.34914722333951453, -0.4968967232264908, 33.98058439749634], [-0.4535989652458756, -0.5649965814593255, 35.947454096376696], [-0.5520853742154982, -0.5843302482708289, 37.914323795257054], [-0.644606450248382, -0.5548977236610011, 39.881193494137406], [-0.7311621933445274, -0.4766990076298421, 41.848063193017765], [-0.8117526035039342, -0.3497341001773517, 43.814932891898124], [-0.8863776807266025, -0.17400300130353027, 45.78180259077849], [-0.9550374250125321, 0.050494288991622505, 47.74867228965884], [-1.0177318363617232, 0.3237577707081061, 49.7155419885392]], "radius": [2.2147653921947876, 2.1967138005620908, 2.178662208929394, 2.160610617296697, 2.142559025664, 2.1245074340313033, 2.077633364110868, 1.836993301107374, 1.4439269591659896, 1.0161918809478467, 0.6799753901030281, 0.5316490647059451], "ref_radius": [2.2147653921947876, 2.1967138005620908, 2.178662208929394, 2.160610617296697, 2.142559025664, 2.1245074340313033, 2.1064558423986064, 2.0884042507659095, 2.0703526591332126, 2.052301067500516, 2.0342494758678193, 2.0161978842351225], "length": 21.661909959236215, "seg_id": 2, "type": "Main", "parent": 0, "children": [3, 4]}, {"pos": [[-1.0177318363617232, 0.3237577707081061, 49.7155419885392], [0.5995522420986227, 0.49686677233164595, 51.14982931531809], [2.1526571087222792, 0.6545405594551366, 52.58411664209699], [3.6415827635092457, 0.7967791320785775, 54.01840396887586], [5.066329206459523, 0.9235824902019691, 55.452691295654745], [6.4268964375731095, 1.0349506338253114, 56.88697862243363], [7.723284456850008, 1.1308835629486045, 58.32126594921252], [8.955493264290215, 1.211381277571848, 59.7555532759914], [10.123522859893733, 1.2764437776950421, 61.18984060277029], [11.22737324366056, 1.3260710633181865, 62.624127929549175], [12.267044415590698, 1.3602631344412819, 64.05841525632806]], "radius": [1.3445227264313186, 1.3445227264313186, 1.3445227264313186, 1.3445227264313186, 1.3445227264313186, 1.3445227264313186, 1.3445227264313186, 1.3445227264313186, 1.3445227264313186, 1.3445227264313186, 1.3445227264313186], "ref_radius": [1.3445227264313186, 1.3445227264313186, 1.3445227264313186, 1.3445227264313186, 1.3445227264313186, 1.3445227264313186, 1.3445227264313186, 1.3445227264313186, 1.3445227264313186, 1.3445227264313186, 1.3445227264313186], "length": 19.577477799996068, "seg_id": 3, "type": "Side", "parent": 2, "children": []}, {"pos": [[-1.0177318363617232, 0.3237577707081061, 49.7155419885392], [-0.7121362839855707, 0.7012983453521416, 51.7181469137866], [-0.5264633269492505, 1.0229243275032929, 53.72075183903398], [-0.46071296525276245, 1.28863571716156, 55.72335676428138], [-0.5148851988961067, 1.4984325143269424, 57.72596168952876], [-0.6889800278792831, 1.6523147189994405, 59.728566614776156], [-0.9829974522022917, 1.7502823311790545, 61.73117154002354], [-1.3969374718651328, 1.792335350865784, 63.733776465270935], [-1.930800086867806, 1.7784737780596294, 65.73638139051832]], "radius": [0.6091934489735344, 0.8818266849120826, 1.260400639433291, 1.6254356091604367, 1.8636939781167303, 1.9086316225452988, 1.8907286885338737, 1.8728257545224483, 1.854922820511023], "ref_radius": [1.9981462926024254, 1.980243358591, 1.9623404245795748, 1.9444374905681494, 1.9265345565567242, 1.9086316225452988, 1.8907286885338737, 1.8728257545224483, 1.854922820511023], "length": 16.112640610282764, "seg_id": 4, "type": "Main", "parent": 2, "children": [5, 6]}, {"pos": [[-1.930800086867806, 1.7784737780596294, 65.73638139051832], [-0.24983283360280453, 2.576138062559817, 67.39448529889717], [1.3896537205961015, 3.0736128529221856, 69.05258920727599], [2.9876595757289124, 3.270898149146737, 70.71069311565483], [4.544184731795627, 3.1679939512334707, 72.36879702403365], [6.0592291887962455, 2.7649002591823857, 74.02690093241249]], "radius": [1.3018683690379487, 1.3018683690379487, 1.3018683690379487, 1.3018683690379487, 1.3018683690379487, 1.3018683690379487], "ref_radius": [1.3018683690379487, 1.3018683690379487, 1.3018683690379487, 1.3018683690379487, 1.3018683690379487, 1.3018683690379487], "length": 11.556224266738592, "seg_id": 5, "type": "Side", "parent": 4,