{"case_id": "LAD_153_bc4", "artery_type": "LAD", "segments": [{"pos": [[0.0, 0.0, 0.0], [0.14888511487452813, -0.18224249103160223, 1.8823792635759862], [0.27070020886277846, -0.33134998369382224, 3.7647585271519732], [0.3654452819647509, -0.44732247798666, 5.647137790727959], [0.43312033418044554, -0.5301599739101156, 7.5295170543039465], [0.4737253655098623, -0.5798624714641889, 9.41189631787993], [0.4872603759530012, -0.59642997064888, 11.294275581455919], [0.47372536550986233, -0.579862471464189, 13.176654845031905], [0.43312033418044554, -0.5301599739101156, 15.059034108607891], [0.3654452819647509, -0.44732247798666, 16.941413372183877], [0.27070020886277857, -0.3313499836938224, 18.82379263575986], [0.1488851148745282, -0.1822424910316023, 20.70617189933585], [0.0, 0.0, 22.588551162911838]], "radius": [2.246844395425558, 2.1816853102615537, 1.8562042596952537, 1.356175278261945, 0.8415022158976577, 0.47677194093652764, 0.378621243084893, 0.5784376519523304, 1.0123220451985548, 1.5415228954453817, 1.9968075052173055, 2.232580789784496, 2.246844395425558], "ref_radius": [2.246844395425558, 2.246844395425558, 2.246844395425558, 2.246844395425558, 2.246844395425558, 2.246844395425558, 2.246844395425558, 2.246844395425558, 2.246844395425558, 2.246844395425558, 2.246844395425558, 2.246844395425558, 2.246844395425558], "length": 22.588551162911838, "seg_id": 0, "type": "Root", "parent": null, "children": [1, 2]}, {"pos": [[0.0, 0.0, 22.588551162911838], [0.6831809653463077, 0.5132460732306486, 24.275562226496884], [1.489502283943386, 0.9179618973461805, 25.962573290081927], [2.4189639557912352, 1.2141474723465957, 27.649584353666974], [3.4715659808898556, 1.4018027982318941, 29.33659541725202], [4.647308359239246, 1.480927875002076, 31.023606480837067], [5.946191090839408, 1.4515227026571411, 32.71061754442211], [7.36821417569034, 1.3135872811970897, 34.39762860800715], [8.913377613792044, 1.0671216106219215, 36.0846396715922]], "radius": [1.55280293661402, 1.55280293661402, 1.55280293661402, 1.55280293661402, 1.55280293661402, 1.55280293661402, 1.55280293661402, 1.55280293661402, 1.55280293661402], "ref_radius": [1.55280293661402, 1.55280293661402, 1.55280293661402, 1.55280293661402, 1.55280293661402, 1.55280293661402, 1.55280293661402, 1.55280293661402, 1.55280293661402], "length": 16.208992999321076, "seg_id": 1, "type": "Side", "parent": 0, "children": []}, {"pos": [[0.0, 0.0, 22.588551162911838], [0.21191739266840262, 0.316047150668324, 24.3104164899888], [0.42570654103555805, 0.6249788499934907, 26.03228181706576], [0.6413674451014663, 0.9267950979755002, 27.754147144142717], [0.8589001048661274, 1.2214958946143526, 29.476012471219683], [1.0783045203295412, 1.509081239910047, 31.197877798296638], [1.299580691491708, 1.7895511338625854, 32.9197431253736], [1.5227286183526272, 2.062905576471965, 34.641608452450555], [1.7477483009122996, 2.3291445677381883, 36.363473779527524], [1.9746397391707247, 2.5882681076612544, 38.085339106604486], [2.2034029331279026, 2.840276196241163, 39.80720443368144], [2.434037882783833, 3.0851688334779146, 41.529069760758404], [2.666544588138517, 3.322946019371509, 43.250935087835366], [2.900923049191953, 3.553607753921945, 44.97280041491232], [3.137173265944142, 3.777154037129225, 46.69466574198928], [3.375295238395084, 3.993584868993347, 48.41653106906624], [3.615288966544779, 4.202900249514313, 50.13839639614321], [3.8571544503932267, 4.405100178692121, 51.86026172322016], [4.100891689940426, 4.60018465652677, 53.582127050297125], [4.346500685186379, 4.788153683018264, 55.30399237737409], [4.593981436131085, 4.9690072581666, 57.02585770445104]], "radius": [2.246844395425558, 2.2301320513489222, 2.213419707272286, 2.1967073631956504, 2.1799950191190143, 2.1632826750423786, 2.146570330965743, 2.1298579868891068, 2.113145642812471, 2.0964332987358354, 2.0797209546591993, 2.0630086105825636, 2.0462962665059274, 2.0295839224292918, 2.012871578352656, 1.99615923427602, 1.9794468901993842, 1.9627345461227481, 1.9460222020461124, 1.9293098579694765, 1.9125975138928406], "ref_radius": [2.246844395425558, 2.2301320513489222, 2.213419707272286, 2.1967073631956504, 2.1799950191190143, 2.1632826750423786, 2.146570330965743, 2.1298579868891068, 2.113145642812471, 2.0964332987358354, 2.0797209546591993, 2.0630086105825636, 2.0462962665059274, 2.0295839224292918, 2.012871578352656, 1.99615923427602, 1.9794468901993842, 1.9627345461227481, 1.9460222020461124, 1.9293098579694765, 1.9125975138928406], "length": 35.09592256093531, "seg_id": 2, "type": "Main", "parent": 0, "children": [3, 4]}, {"pos": [[4.593981436131085, 4.9690072581666, 57.02585770445104], [5.862306153731881, 4.741694989265577, 58.34926574939492], [7.141677979432086, 4.593232890839222, 59.6726737943388], [8.432096913231703, 4.523620962887534, 60.99608183928267], [9.73356295513073, 4.5328592054105155, 62.31948988422654], [11.046076105129167, 4.620947618408165, 63.64289792917042], [12.36963636322702, 4.7878862018804815, 64.96630597411429], [13.70424372942428, 5.033674955827467, 66.28971401905817], [15.049898203720952, 5.358313880249121, 67.61312206400204], [16.406599786117035, 5.761802975145441, 68.93653010894592], [17.774348476612527, 6.244142240516431, 70.25993815388979]], "radius": [1.2364190316209622, 1.2364190316209622, 1.2364190316209622, 1.2364190316209622, 1.2364190316209622, 1.2364190316209622, 1.2364190316209622, 1.2364190316209622, 1.2364190316209622, 1.2364190316209622, 1.2364190316209622], "ref_radius": [1.2364190316209622, 1.2364190316209622, 1.2364190316209622, 1.2364190316209622, 1.2364190316209622, 1.2364190316209622, 1.2364190316209622, 1.2364190316209622, 1.2364190316209622, 1.2364190316209622, 1.2364190316209622], "length": 18.721349574409395, "seg_id": 3, "type": "Side", "parent": 2, "children": []}, {"pos": [[4.593981436131085, 4.9690072581666, 57.02585770445104], [4.687468579589041, 4.9286328074277925, 58.77719410089832], [4.800630957815214, 4.896634393630808, 60.52853049734559], [4.933468570809604, 4.873012016775642, 62.27986689379287], [5.085981418572212, 4.857765676862297, 64.03120329024014], [5.258169501103035, 4.850895373890772, 65.78253968668741], [5.450032818402077, 4.852401107861068, 67.5338760831347], [5.661571370469335, 4.862282878773183, 69.28521247958197], [5.89278515730481, 4.880540686627118, 71.03654887602926], [6.143674178908503, 4.907174531422875, 72.78788527247653], [6.414238435280413, 4.942184413160451, 74.5392216689238], [6.704477926420539, 4.985570331839848, 76.29055806537107], [7.014392652328883, 5.037332287461065, 78.04189446181834], [7.343982613005444, 5.097470280024103, 79.79323085826563], [7.693247808450221, 5.16598430952896, 81.54456725471289], [8.062188238663216, 5.242874375975639, 83.29590365116017], [8.45080390364443, 5.328140479364136, 85.04724004760746], [8.859094803393859, 5.421782619694455, 86.79857644405473], [9.287060937911505, 5.523800796966594, 88.549912840502], [9.287060937911505, 5.523800796966594, 88.549912840502], [9.514742633377905, 5.689647057723977, 90.34800277719027], [9.750425385164213, 5.828653002596177, 92.14609271387856], [9.994109193270429, 5.940818631583194, 93.94418265056686], [10.24579405769655, 6.026143944685028, 95.74227258725513], [10.505479978442583, 6.08462894190168, 97.5403625239434], [10.77316695550852, 6.1162736232331465, 99.3384524606317], [11.048854988894364, 6.121077988679431, 101.13654239731999], [11.332544078600115, 6.099042038240532, 102.93463233400826], [11.624234224625777, 6.050165771916451, 104.73272227069654], [11.923925426971344, 5.974449189707186, 106.53081220738483], [12.23161768563682, 5.871892291612738, 108.32890214407311]],