{"case_id": "LAD_2550_bc1", "artery_type": "LAD", "segments": [{"pos": [[0.0, 0.0, 0.0], [-0.15248900992035663, -0.05079267022970225, 1.7791097212600446], [-0.2846461518513324, -0.09481298442877753, 3.5582194425200893], [-0.39647142579292727, -0.13206094259722584, 5.337329163780134], [-0.48796483174514127, -0.1625365447350472, 7.1164388850401785], [-0.5591263697079744, -0.18623979084224157, 8.895548606300222], [-0.6099560396814265, -0.203170680918809, 10.674658327560268], [-0.6404538416654979, -0.21332921496474944, 12.453768048820312], [-0.6506197756601884, -0.21671539298006293, 14.232877770080357], [-0.6404538416654979, -0.21332921496474944, 16.011987491340403], [-0.6099560396814265, -0.203170680918809, 17.791097212600445], [-0.5591263697079744, -0.18623979084224157, 19.57020693386049], [-0.48796483174514127, -0.1625365447350472, 21.349316655120536], [-0.39647142579292727, -0.13206094259722584, 23.12842637638058], [-0.2846461518513324, -0.09481298442877753, 24.907536097640623], [-0.15248900992035663, -0.05079267022970225, 26.68664581890067], [0.0, 0.0, 28.465755540160714]], "radius": [2.69083680964808, 2.69083680964808, 2.69083680964808, 2.6890769886694246, 2.6281720374786057, 2.4869016450290267, 2.281216362116956, 2.0343396929476714, 1.7741459768198582, 1.5300131535410249, 1.3295057603876934, 1.1952626766328946, 1.1424410140347974, 1.1770047583784273, 1.2950513880504249, 1.4832524997649876, 1.7203586912923547], "ref_radius": [2.69083680964808, 2.69083680964808, 2.69083680964808, 2.69083680964808, 2.69083680964808, 2.69083680964808, 2.69083680964808, 2.69083680964808, 2.69083680964808, 2.69083680964808, 2.69083680964808, 2.69083680964808, 2.69083680964808, 2.69083680964808, 2.69083680964808, 2.69083680964808, 2.69083680964808], "length": 28.465755540160714, "seg_id": 0, "type": "Root", "parent": null, "children": [1, 2]}, {"pos": [[0.0, 0.0, 28.465755540160714], [1.5613285250959759, -0.1254768379307417, 29.847591685206652], [3.072844776385608, -0.21634374204332346, 31.2294278302526], [4.534548753868896, -0.2726007123377452, 32.611263975298534], [5.94644045754584, -0.29424774881400695, 33.99310012034448], [7.3085198874164385, -0.2812848514721087, 35.37493626539042], [8.620787043480696, -0.2337120203120504, 36.756772410436355], [9.883241925738606, -0.15152925533383227, 38.1386085554823], [11.095884534190175, -0.034736556537453944, 39.520444700528245], [12.2587148688354, 0.11666607607708435, 40.90228084557418], [13.371732929674277, 0.3026786425097824, 42.28411699062012], [14.434938716706812, 0.5233011427606407, 43.66595313566606], [15.448332229933005, 0.7785335768296591, 45.047789280712]], "radius": [1.750868190442316, 1.750868190442316, 1.750868190442316, 1.750868190442316, 1.750868190442316, 1.750868190442316, 1.750868190442316, 1.750868190442316, 1.750868190442316, 1.750868190442316, 1.750868190442316, 1.750868190442316, 1.750868190442316], "ref_radius": [1.750868190442316, 1.750868190442316, 1.750868190442316, 1.750868190442316, 1.750868190442316, 1.750868190442316, 1.750868190442316, 1.750868190442316, 1.750868190442316, 1.750868190442316, 1.750868190442316, 1.750868190442316, 1.750868190442316], "length": 22.676439892307155, "seg_id": 1, "type": "Side", "parent": 0, "children": []}, {"pos": [[0.0, 0.0, 28.465755540160714], [-0.3064644702741237, 0.24289179904697544, 30.307131064482387], [-0.5809983315441971, 0.4695406711543517, 32.14850658880407], [-0.8236015838102202, 0.6799466163221288, 33.989882113125745], [-1.034274227072193, 0.8741096345503068, 35.83125763744742], [-1.2130162613301154, 1.0520297258388853, 37.67263316176909], [-1.3598276865839878, 1.213706890187865, 39.51400868609077], [-1.4747085028338094, 1.359141127597245, 41.355384210412446], [-1.5576587100795813, 1.4883324380670264, 43.19675973473412], [-1.6086783083213025, 1.601280821597208, 45.03813525905579], [-1.6277672975589734, 1.6979862781877908, 46.87951078337747], [-1.614925677792594, 1.7784488078387743, 48.72088630769914], [-1.5701534490221645, 1.8426684105501587, 50.56226183202082]], "radius": [1.5798124299679763, 1.262249361619463, 1.0158322894788145, 0.8711763725927235, 0.8448559738807153, 0.9373596386748726, 1.1332315197436182, 1.4033522591893277, 1.5376599242161726, 1.2967160054653988, 1.1108329525531841, 0.9987147333173179, 0.9705648461671208], "ref_radius": [2.69083680964808, 2.673737787235266, 2.6566387648224516, 2.6395397424096374, 2.622440719996823, 2.605341697584009, 2.5882426751711947, 2.571143652758381, 2.5540446303455666, 2.5369456079327524, 2.519846585519938, 2.502747563107124, 2.4856485406943096], "length": 22.22872913665847, "seg_id": 2, "type": "Main", "parent": 0, "children": [3, 4]}, {"pos": [[-1.5701534490221645, 1.8426684105501587, 50.56226183202082], [-0.6959240319644939, 2.0911583142890056, 51.96912122736824], [0.21073992087331367, 2.307015450386305, 53.37598062271565], [1.1498384094912586, 2.4902398188420576, 54.78284001806308], [2.1213714338893395, 2.6408314196562617, 56.18969941341049], [3.1253389940675578, 2.758790252828919, 57.59655880875789], [4.161741090025913, 2.844116318360029, 59.0034182041053], [5.230577721764405, 2.896809616249592, 60.410277599452705], [6.331848889283034, 2.9168701464976072, 61.81713699480012], [7.4655545925818, 2.9042979091040753, 63.22399639014753], [8.6316948316607, 2.859092904068996, 64.63085578549496], [9.83026960651974, 2.7812551313923697, 66.03771518084235], [11.06127891715892, 2.670784591074196, 67.44457457618978], [12.324722763578233, 2.5276812831144744, 68.85143397153719], [13.620601145777682, 2.3519452075132063, 70.2582933668846], [14.948914063757268, 2.1435763642703902, 71.66515276223201]], "radius": [1.558442480204059, 1.558442480204059, 1.558442480204059, 1.558442480204059, 1.558442480204059, 1.558442480204059, 1.558442480204059, 1.558442480204059, 1.558442480204059, 1.558442480204059, 1.558442480204059, 1.558442480204059, 1.558442480204059, 1.558442480204059, 1.558442480204059, 1.558442480204059], "ref_radius": [1.558442480204059, 1.558442480204059, 1.558442480204059, 1.558442480204059, 1.558442480204059, 1.558442480204059, 1.558442480204059, 1.558442480204059, 1.558442480204059, 1.558442480204059, 1.558442480204059, 1.558442480204059, 1.558442480204059, 1.558442480204059, 1.558442480204059, 1.558442480204059], "length": 26.80115935366914, "seg_id": 3, "type": "Side", "parent": 2, "children": []}, {"pos": [[-1.5701534490221645, 1.8426684105501587, 50.56226183202082], [-1.7956288273933652, 1.9516148401001177, 52.31974898428335], [-2.00690787325503, 2.068358406522598, 54.07723613654588], [-2.203990586607159, 2.192899109817602, 55.83472328880841], [-2.3868769674497514, 2.325236949985126, 57.59221044107094], [-2.555567015782808, 2.4653719270251724, 59.34969759333347], [-2.7100607316063288, 2.6133040409377406, 61.107184745596], [-2.8503581149203128, 2.7690332917228306, 62.86467189785852], [-2.9764591657247603, 2.932559679380443, 64.62215905012106], [-3.0883638840196728, 3.103883203910577, 66.37964620238358], [-3.1860722698050488, 3.2830038653132325, 68.13713335464611], [-3.269584323080889, 3.4699216635884103, 69.89462050690864], [-3.338900043847193, 3.66463659873611, 71.65210765917116], [-3.3940194321039607, 3.867148670756331, 73.40959481143369], [-3.434942487851192, 4.0774578796490735, 75.1670819636962], [-3.461669211088888, 4.295564225414339, 76.92456911595875], [-3.4741996018170473, 4.521467708052127, 78.68205626822127], [-3.4725336600356704, 4.755168327562436, 80.4395434204838], [-3.456671385744758, 4.996666083945266, 82.19703057274633]], "radius": [1.0270588066238997, 1.1595571330463152, 1.3507961429114153, 1.57730718759347, 1.8119974652580422, 2.027231631304949, 2.1979320988280726, 2.3043502190845047, 2.334202197295343, 2.317692791470764, 2.3009309329362386, 2.2841690744017127, 2.267407215867187, 2.2506453573326612, 2.2338834987981357, 2.21712164026361, 2.2003597817290843, 2.1835979231945584, 2.166836064660033],