{"case_id": "LAD_774_bc4", "artery_type": "LAD", "segments": [{"pos": [[0.0, 0.0, 0.0], [0.2364635265539036, 0.08261110911635729, 1.8592339259539874], [0.43654804902259126, 0.15251281683019804, 3.7184678519079744], [0.600253567406063, 0.20970512314152231, 5.577701777861961], [0.7275800817043188, 0.2541880280503301, 7.436935703815949], [0.8185275919173585, 0.2859615315566213, 9.296169629769935], [0.8730960980451824, 0.30502563366039603, 11.155403555723922], [0.8912856000877905, 0.31138033436165435, 13.01463748167791], [0.8730960980451825, 0.3050256336603961, 14.873871407631896], [0.8185275919173586, 0.28596153155662135, 16.733105333585883], [0.7275800817043189, 0.25418802805033014, 18.59233925953987], [0.6002535674060631, 0.20970512314152234, 20.451573185493856], [0.43654804902259137, 0.1525128168301981, 22.310807111447843], [0.23646352655390385, 0.08261110911635737, 24.170041037401834], [0.0, 0.0, 26.02927496335582]], "radius": [2.7411709004894695, 2.7411709004894695, 2.7411709004894695, 2.7411709004894695, 2.7411709004894695, 2.7411709004894695, 2.7411709004894695, 2.7411709004894695, 2.558256257327316, 2.0828430169294987, 1.5252147839679775, 1.1320460633530591, 1.0772604367312912, 1.3850930782281876, 1.919369992432512], "ref_radius": [2.7411709004894695, 2.7411709004894695, 2.7411709004894695, 2.7411709004894695, 2.7411709004894695, 2.7411709004894695, 2.7411709004894695, 2.7411709004894695, 2.7411709004894695, 2.7411709004894695, 2.7411709004894695, 2.7411709004894695, 2.7411709004894695, 2.7411709004894695, 2.7411709004894695], "length": 26.02927496335582, "seg_id": 0, "type": "Root", "parent": null, "children": [1, 2]}, {"pos": [[0.0, 0.0, 26.02927496335582], [0.5113863328133101, 0.41663224787882513, 27.894487289559734], [1.1352528532742259, 0.7113815556793989, 29.759699615763644], [1.8715995613827472, 0.8842479234017214, 31.62491194196755], [2.720426457138874, 0.9352313510457926, 33.49012426817146], [3.6817335405426066, 0.8643318386116126, 35.35533659437537], [4.755520811593945, 0.671549386099181, 37.22054892057928], [5.941788270292888, 0.35688399350849825, 39.08576124678319], [7.240535916639438, -0.07966433916043579, 40.9509735729871]], "radius": [1.7334143835476603, 1.7334143835476603, 1.7334143835476603, 1.7334143835476603, 1.7334143835476603, 1.7334143835476603, 1.7334143835476603, 1.7334143835476603, 1.7334143835476603], "ref_radius": [1.7334143835476603, 1.7334143835476603, 1.7334143835476603, 1.7334143835476603, 1.7334143835476603, 1.7334143835476603, 1.7334143835476603, 1.7334143835476603, 1.7334143835476603], "length": 16.5858010407623, "seg_id": 1, "type": "Side", "parent": 0, "children": []}, {"pos": [[0.0, 0.0, 26.02927496335582], [0.16153409310785485, 0.35235621970392317, 27.84262565697735], [0.29218793460485243, 0.665364406253176, 29.655976350598877], [0.3919615244909928, 0.9390245596477589, 31.4693270442204], [0.46085486276627596, 1.1733366798876719, 33.28267773784193], [0.49886794943070184, 1.3683007669729141, 35.09602843146346], [0.5060007844842704, 1.5239168209034866, 36.90937912508498], [0.4822533679269818, 1.640184841679389, 38.72272981870651], [0.4276256997588359, 1.717104829300621, 40.53608051232804], [0.34211777997983295, 1.754676783767183, 42.349431205949564], [0.22572960858997257, 1.7529007050790746, 44.162781899571094], [0.07846118558925477, 1.7117765932362963, 45.976132593192624], [-0.09968748902231994, 1.631304448238848, 47.78948328681415], [-0.30871641524475185, 1.5114842700867293, 49.602833980435676]], "radius": [2.4437464508924465, 2.7094748599929837, 2.7074223532718937, 2.6905480796631056, 2.6736738060543175, 2.65679953244553, 2.6399252588367417, 2.6230509852279535, 2.606176711619166, 2.5893024380103777, 2.5724281644015896, 2.5555538907928015, 2.538679617184014, 2.5218053435752257], "ref_radius": [2.7411709004894695, 2.7242966268806814, 2.7074223532718937, 2.6905480796631056, 2.6736738060543175, 2.65679953244553, 2.6399252588367417, 2.6230509852279535, 2.606176711619166, 2.5893024380103777, 2.5724281644015896, 2.5555538907928015, 2.538679617184014, 2.5218053435752257], "length": 23.62398305230318, "seg_id": 2, "type": "Main", "parent": 0, "children": [3, 4]}, {"pos": [[-0.30871641524475185, 1.5114842700867293, 49.602833980435676], [1.1032586178586927, 1.7199271036335633, 50.8990450437582], [2.489883653365501, 1.9172850105715404, 52.19525610708073], [3.8511586912756726, 2.10355799090066, 53.491467170403254], [5.187083731589208, 2.278746044620923, 54.78767823372579], [6.497658774306107, 2.442849171732328, 56.08388929704831], [7.7828838194263685, 2.5958673722348773, 57.38010036037085], [9.042758866949995, 2.7378006461285684, 58.67631142369338], [10.277283916876986, 2.8686489934134034, 59.9725224870159], [11.486458969207339, 2.988412414089381, 61.26873355033843], [12.670284023941058, 3.097090908156501, 62.564944613660955], [13.828759081078136, 3.194684475614764, 63.861155676983486], [14.96188414061858, 3.28119311646417, 65.157366740306], [16.069659202562388, 3.3566168307047195, 66.45357780362855], [17.152084266909558, 3.420955618336411, 67.74978886695106], [18.209159333660093, 3.4742094793592457, 69.0459999302736], [19.240884402813993, 3.5163784137732237, 70.34221099359613], [20.247259474371255, 3.547462421578344, 71.63842205691866]], "radius": [1.4397049832007742, 1.4397049832007742, 1.4397049832007742, 1.4397049832007742, 1.4397049832007742, 1.4397049832007742, 1.4397049832007742, 1.4397049832007742, 1.4397049832007742, 1.4397049832007742, 1.4397049832007742, 1.4397049832007742, 1.4397049832007742, 1.4397049832007742, 1.4397049832007742, 1.4397049832007742, 1.4397049832007742, 1.4397049832007742], "ref_radius": [1.4397049832007742, 1.4397049832007742, 1.4397049832007742, 1.4397049832007742, 1.4397049832007742, 1.4397049832007742, 1.4397049832007742, 1.4397049832007742, 1.4397049832007742, 1.4397049832007742, 1.4397049832007742, 1.4397049832007742, 1.4397049832007742, 1.4397049832007742, 1.4397049832007742, 1.4397049832007742, 1.4397049832007742, 1.4397049832007742], "length": 30.20365033707457, "seg_id": 3, "type": "Side", "parent": 2, "children": []}, {"pos": [[-0.30871641524475185, 1.5114842700867293, 49.602833980435676], [-0.41471626354525365, 1.9135703469993166, 51.39369642309298], [-0.5315250479362478, 2.2851908400646974, 53.184558865750304], [-0.659142768417734, 2.6263457492828715, 54.97542130840761], [-0.7975694249897128, 2.9370350746538394, 56.76628375106492], [-0.9468050176521837, 3.2172588161775995, 58.557146193722225], [-1.106849546405147, 3.467016973854154, 60.34800863637953], [-1.277703011248603, 3.6863095476835017, 62.138871079036846], [-1.4593654121825508, 3.875136537665643, 63.92973352169416], [-1.651836749206991, 4.033497943800578, 65.72059596435146], [-1.8551170223219238, 4.161393766088305, 67.51145840700877], [-2.0692062315273487, 4.258824004528827, 69.30232084966609], [-2.294104376823266, 4.325788659122141, 71.0931832923234], [-2.5298114582096756, 4.36228772986825, 72.8840457349807], [-2.776327475686578, 4.368321216767151, 74.67490817763802]], "radius": [2.5049310699664376, 2.4880279535379923, 2.4711248371095467, 2.4542217206811014, 2.4373186042526562, 2.420415487824211, 2.4035123713957653, 2.38660925496732, 2.369706138538875, 2.3528030221104297, 2.335899905681984, 2.318996789253539, 2.3020936728250936, 2.285190556396648, 2.2682874399682027], "ref_radius": [2.5049310699664376, 2.4880279535379923, 2.4711248371095467, 2.4542217206811014, 2.4373186042526562, 2.420415487824211, 2.4035123713957653, 2.38660925496732, 2.369706138538875, 2.3528030221104297, 2.335899905681984, 2.318996789253539, 2.3020936728250936, 2.285190556396648, 2.2682874399682027], "length": 25.354674642668012, "seg_id": 4, "type": "Main", "parent": 2,