{"case_id": "LAD_1923_bc3", "artery_type": "LAD", "segments": [{"pos": [[0.0, 0.0, 0.0], [-0.15977547929207706, 0.045339057994619916, 1.814334705602049], [-0.30179812755170105, 0.08564044287872649, 3.628669411204097], [-0.4260679447788721, 0.12090415465231975, 5.443004116806145], [-0.5325849309735902, 0.1511301933153997, 7.257338822408195], [-0.6213490861358553, 0.17631855886796632, 9.071673528010244], [-0.6923604102656672, 0.1964692513100196, 10.88600823361229], [-0.7456189033630262, 0.21158227064155957, 12.700342939214341], [-0.7811245654279323, 0.22165761686258625, 14.51467764481639], [-0.7988773964603854, 0.2266952899730996, 16.329012350418438], [-0.7988773964603854, 0.22669528997309957, 18.143347056020488], [-0.7811245654279323, 0.22165761686258625, 19.95768176162254], [-0.7456189033630263, 0.2115822706415596, 21.77201646722458], [-0.6923604102656674, 0.19646925131001966, 23.58635117282663], [-0.6213490861358553, 0.17631855886796632, 25.400685878428682], [-0.5325849309735902, 0.1511301933153997, 27.215020584030732], [-0.4260679447788723, 0.1209041546523198, 29.029355289632775], [-0.3017981275517014, 0.08564044287872657, 30.843689995234822], [-0.1597754792920772, 0.04533905799461995, 32.658024700836876], [0.0, 0.0, 34.472359406438926]], "radius": [2.825567956245631, 2.825567956245631, 2.825567956245631, 2.825567956245631, 2.825567956245631, 2.825567956245631, 2.7707089559786495, 2.171419399468958, 1.2770061081153883, 0.6757348786376434, 0.7630686388261569, 1.4815669810813574, 2.35866537194367, 2.817486221723723, 2.825567956245631, 2.825567956245631, 2.825567956245631, 2.825567956245631, 2.825567956245631, 2.825567956245631], "ref_radius": [2.825567956245631, 2.825567956245631, 2.825567956245631, 2.825567956245631, 2.825567956245631, 2.825567956245631, 2.825567956245631, 2.825567956245631, 2.825567956245631, 2.825567956245631, 2.825567956245631, 2.825567956245631, 2.825567956245631, 2.825567956245631, 2.825567956245631, 2.825567956245631, 2.825567956245631, 2.825567956245631, 2.825567956245631, 2.825567956245631], "length": 34.472359406438926, "seg_id": 0, "type": "Root", "parent": null, "children": [1, 2]}, {"pos": [[0.0, 0.0, 34.472359406438926], [1.2014079613799271, -0.26586371797089847, 36.107640922730816], [2.37827726004374, -0.500361684969736, 37.74292243902272], [3.530607895991438, -0.7034939009965125, 39.37820395531462], [4.6583998692230235, -0.8752603660512284, 41.01348547160652], [5.761653179738495, -1.015661080133883, 42.64876698789841], [6.84036782753785, -1.1246960432444766, 44.28404850419032], [7.894543812621094, -1.2023652553830095, 45.919330020482214], [8.924181134988222, -1.2486687165494814, 47.55461153677411], [9.929279794639237, -1.2636064267438925, 49.18989305306601], [10.909839791574138, -1.2471783859662422, 50.825174569357905], [11.865861125792923, -1.1993845942165313, 52.4604560856498]], "radius": [1.645147953320276, 1.645147953320276, 1.645147953320276, 1.645147953320276, 1.645147953320276, 1.645147953320276, 1.645147953320276, 1.645147953320276, 1.645147953320276, 1.645147953320276, 1.645147953320276, 1.645147953320276], "ref_radius": [1.645147953320276, 1.645147953320276, 1.645147953320276, 1.645147953320276, 1.645147953320276, 1.645147953320276, 1.645147953320276, 1.645147953320276, 1.645147953320276, 1.645147953320276, 1.645147953320276, 1.645147953320276], "length": 21.58260424050085, "seg_id": 1, "type": "Side", "parent": 0, "children": []}, {"pos": [[0.0, 0.0, 34.472359406438926], [0.11516746053499266, -0.10178623991356228, 36.431813703065174], [0.157997444533942, -0.21520070875482838, 38.39126799969143], [0.12848995199684787, -0.34024340652379825, 40.350722296317656], [0.02664498292371048, -0.47691433322047194, 42.31017659294391], [-0.1475374626854702, -0.6252134888448494, 44.26963088957015], [-0.39405738483069447, -0.785140873396931, 46.2290851861964], [-0.712914783511962, -0.9566964868767159, 48.188539482822634], [-1.1041096587292727, -1.139880329284205, 50.14799377944889], [-1.5676420104826267, -1.3346924006193974, 52.10744807607513], [-2.103511838772024, -1.541132700882294, 54.06690237270137]], "radius": [2.825567956245631, 2.8075976877304507, 2.774617594827173, 2.5038385730162056, 2.001140679891673, 1.426929101170242, 0.9624515480056854, 0.7514217951560043, 0.854439046770362, 1.230655697237829, 1.752215386602182], "ref_radius": [2.825567956245631, 2.8075976877304507, 2.789627419215271, 2.7716571507000904, 2.7536868821849105, 2.73571661366973, 2.71774634515455, 2.69977607663937, 2.6818058081241896, 2.6638355396090097, 2.6458652710938293], "length": 19.767295366698193, "seg_id": 2, "type": "Main", "parent": 0, "children": [3, 4]}, {"pos": [[-2.103511838772024, -1.541132700882294, 54.06690237270137], [-1.0876718821482128, -1.781851493391103, 55.41137175553314], [-0.04371488020394093, -1.9827730778935777, 56.755841138364914], [1.0283591670607923, -2.1438974543897173, 58.100310521196675], [2.128550259645986, -2.2652246228795225, 59.44477990402845], [3.2568583975516394, -2.3467545833629924, 60.789249286860226], [4.413283580777755, -2.3884873358401277, 62.13371866969199], [5.597825809324331, -2.390422880310929, 63.47818805252376], [6.8104850831913675, -2.3525612167753955, 64.82265743535552], [8.051261402378863, -2.274902345233527, 66.1671268181873], [9.320154766886823, -2.1574462656853237, 67.51159620101907], [10.617165176715242, -2.000192978130786, 68.85606558385084], [11.942292631864122, -1.8031424825699136, 70.20053496668261], [13.295537132333463, -1.5662947790027064, 71.54500434951439], [14.676898678123264, -1.289649867429164, 72.88947373234615]], "radius": [1.589134891101836, 1.589134891101836, 1.589134891101836, 1.589134891101836, 1.589134891101836, 1.589134891101836, 1.589134891101836, 1.589134891101836, 1.589134891101836, 1.589134891101836, 1.589134891101836, 1.589134891101836, 1.589134891101836, 1.589134891101836, 1.589134891101836], "ref_radius": [1.589134891101836, 1.589134891101836, 1.589134891101836, 1.589134891101836, 1.589134891101836, 1.589134891101836, 1.589134891101836, 1.589134891101836, 1.589134891101836, 1.589134891101836, 1.589134891101836, 1.589134891101836, 1.589134891101836, 1.589134891101836, 1.589134891101836], "length": 25.217744017258386, "seg_id": 3, "type": "Side", "parent": 2, "children": []}, {"pos": [[-2.103511838772024, -1.541132700882294, 54.06690237270137], [-2.4586789069223847, -1.5951254411442446, 55.932485464369606], [-2.78325089177492, -1.6306449070611502, 57.79806855603783], [-3.0772277933296306, -1.647691098633011, 59.66365164770607], [-3.340609611586515, -1.6462640158598265, 61.529234739374296], [-3.5733963465455743, -1.6263636587415975, 63.394817831042516], [-3.775587998206808, -1.587990027278323, 65.26040092271076], [-3.9471845665702174, -1.5311431214700042, 67.12598401437897], [-4.088186051635801, -1.4558229413166404, 68.9915671060472], [-4.19859245340356, -1.3620294868182314, 70.85715019771544], [-4.278403771873493, -1.2497627579747776, 72.72273328938365], [-4.327620007045601, -1.119022754786279, 74.5883163810519], [-4.3462411589198835, -0.969809477252735, 76.45389947272014], [-4.334267227496341, -0.8021229253741466, 78.31948256438837], [-4.291698212774973, -0.6159630991505132, 80.1850656560566], [-4.21853411475578, -0.41132999858183483, 82.05064874772482]], "radius": [2.246397527287471, 2.5519902011575004, 2.592787136772063, 2.57523320386877, 2.5576792709654774, 2.540125338062184, 2.5225714051588914, 2.5050174722555987, 2.487463539352306, 2.4699096064490127, 2.45235567354572, 2.434801740642427, 2.417247807739134, 2.399693874835841, 2.3821399419325484, 2.3645860090292556], "ref_radius": [2.627895002578649, 2.610341069675356, 2.592787136772063, 2.57523320386877, 2.5576792709654774, 2.540125338062184, 2.5225714051588914, 2.5050174722555987, 2.487463539352306, 2.4699096064490127, 2.45235567354572, 2.434801740642427, 2.417247807739134, 2.399693874835841, 2.3821399419325484, 2.3645860090292556], "length": 28.08629264526864, "seg_id": 4, "type": "Main", "parent": 2,