{"case_id": "LAD_1740_bc8", "artery_type": "LAD", "segments": [{"pos": [[0.0, 0.0, 0.0], [-0.15870898527876273, 0.03578158152817364, 1.8168909310646746], [-0.29978363885988507, 0.06758743177543909, 3.6337818621293487], [-0.42322396074336716, 0.09541755074179635, 5.450672793194023], [-0.529029950929209, 0.11927193842724546, 7.2675637242586975], [-0.6172016094174105, 0.13915059483178638, 9.084454655323373], [-0.6877389362079718, 0.15505351995541908, 10.901345586388047], [-0.7406419313008925, 0.1669807137981436, 12.71823651745272], [-0.7759105946961733, 0.17493217635996, 14.535127448517397], [-0.7935449263938137, 0.17890790764086822, 16.35201837958207], [-0.7935449263938136, 0.1789079076408682, 18.168909310646743], [-0.7759105946961733, 0.17493217635996, 19.98580024171142], [-0.7406419313008926, 0.16698071379814364, 21.802691172776093], [-0.6877389362079719, 0.15505351995541913, 23.619582103840763], [-0.6172016094174105, 0.13915059483178638, 25.43647303490544], [-0.529029950929209, 0.11927193842724546, 27.25336396597012], [-0.4232239607433673, 0.09541755074179639, 29.070254897034793], [-0.2997836388598854, 0.06758743177543916, 30.887145828099463], [-0.15870898527876284, 0.03578158152817367, 32.70403675916414], [0.0, 0.0, 34.52092769022882]], "radius": [2.4707902746530257, 2.4707902746530257, 2.4707902746530257, 2.4707902746530257, 2.4707902746530257, 2.447235954109573, 2.3677543748173293, 2.2385247156568298, 2.0700739317817876, 1.8761239029756829, 1.6724736591869562, 1.475712402904675, 1.3018681646469696, 1.165102171114883, 1.0765552818434339, 1.0434404627911846, 1.06845522331745, 1.1495618790086704, 1.2801535399861932, 1.4495923034072054], "ref_radius": [2.4707902746530257, 2.4707902746530257, 2.4707902746530257, 2.4707902746530257, 2.4707902746530257, 2.4707902746530257, 2.4707902746530257, 2.4707902746530257, 2.4707902746530257, 2.4707902746530257, 2.4707902746530257, 2.4707902746530257, 2.4707902746530257, 2.4707902746530257, 2.4707902746530257, 2.4707902746530257, 2.4707902746530257, 2.4707902746530257, 2.4707902746530257, 2.4707902746530257], "length": 34.52092769022882, "seg_id": 0, "type": "Root", "parent": null, "children": [1, 2]}, {"pos": [[0.0, 0.0, 34.52092769022882], [1.3090748628506026, -0.06844065310838288, 36.08973043105177], [2.561669759530086, -0.11802572514297935, 37.658533171874716], [3.75778469003845, -0.1487552161037894, 39.22733591269765], [4.897419654375693, -0.16062912599081303, 40.7961386535206], [5.980574652541819, -0.1536474548040503, 42.364941394343546], [7.007249684536824, -0.12781020254350106, 43.93374413516649], [7.97744475036071, -0.08311736920916547, 45.50254687598944], [8.891159850013477, -0.019568954801043495, 47.071349616812384], [9.748394983495123, 0.06283504068086486, 48.64015235763533], [10.54915015080565, 0.16409461723655966, 50.208955098458276]], "radius": [1.5525943875229413, 1.5525943875229413, 1.5525943875229413, 1.5525943875229413, 1.5525943875229413, 1.5525943875229413, 1.5525943875229413, 1.5525943875229413, 1.5525943875229413, 1.5525943875229413, 1.5525943875229413], "ref_radius": [1.5525943875229413, 1.5525943875229413, 1.5525943875229413, 1.5525943875229413, 1.5525943875229413, 1.5525943875229413, 1.5525943875229413, 1.5525943875229413, 1.5525943875229413, 1.5525943875229413, 1.5525943875229413], "length": 18.905705485620146, "seg_id": 1, "type": "Side", "parent": 0, "children": []}, {"pos": [[0.0, 0.0, 34.52092769022882], [0.16671570006190184, 0.32721749685111895, 36.37001655151617], [0.30739337768013203, 0.6111643987607492, 38.219105412803536], [0.42203303285469057, 0.8518407057288908, 40.0681942740909], [0.5106346655855777, 1.049246417755544, 41.91728313537826], [0.573198275872793, 1.2033815348407086, 43.766371996665626], [0.6097238637163368, 1.3142460569843843, 45.61546085795298], [0.620211429116209, 1.3818399841865716, 47.46454971924034], [0.6046609720724095, 1.40616331644727, 49.3136385805277], [0.5630724925849385, 1.3872160537664802, 51.162727441815065], [0.4954459906537958, 1.3249981961442014, 53.01181630310242], [0.40178146627898165, 1.2195097435804343, 54.860905164389784]], "radius": [1.4376778128502519, 1.2479362588210199, 1.1168974615496265, 1.0567716186579392, 1.0718252105316348, 1.1580225902145673, 1.3035843770969155, 1.4903886104767732, 1.659111540284555, 1.4518667479201957, 1.272615325391489, 1.1382182534206662], "ref_radius": [2.4707902746530257, 2.4538065545885153, 2.4368228345240044, 2.419839114459494, 2.4028553943949835, 2.385871674330473, 2.368887954265962, 2.351904234201452, 2.3349205141369413, 2.3179367940724305, 2.30095307400792, 2.2839693539434096], "length": 20.38046407741268, "seg_id": 2, "type": "Main", "parent": 0, "children": [3, 4]}, {"pos": [[0.40178146627898165, 1.2195097435804343, 54.860905164389784], [1.6163579176768106, 1.087795022312937, 56.271088795522225], [2.8247952398737035, 1.0023488971822474, 57.68127242665466], [4.02709343286966, 0.9631713681883649, 59.091456057787084], [5.2232524966646805, 0.9702624353312904, 60.50163968891952], [6.413272431258765, 1.0236220986110236, 61.91182332005195], [7.597153236651915, 1.1232503580275646, 63.32200695118438], [8.774894912844129, 1.2691472135809132, 64.73219058231682], [9.946497459835406, 1.4613126652710695, 66.14237421344926], [11.111960877625746, 1.6997467130980333, 67.55255784458168], [12.27128516621515, 1.9844493570618047, 68.96274147571411]], "radius": [1.5830069277304912, 1.5830069277304912, 1.5830069277304912, 1.5830069277304912, 1.5830069277304912, 1.5830069277304912, 1.5830069277304912, 1.5830069277304912, 1.5830069277304912, 1.5830069277304912, 1.5830069277304912], "ref_radius": [1.5830069277304912, 1.5830069277304912, 1.5830069277304912, 1.5830069277304912, 1.5830069277304912, 1.5830069277304912, 1.5830069277304912, 1.5830069277304912, 1.5830069277304912, 1.5830069277304912, 1.5830069277304912], "length": 18.448090363136682, "seg_id": 3, "type": "Side", "parent": 2, "children": []}, {"pos": [[0.40178146627898165, 1.2195097435804343, 54.860905164389784], [0.7454117412892431, 1.354408978682503, 56.72638726520583], [1.035808727199627, 1.4862967306464014, 58.591869366021896], [1.2729724240101332, 1.6151729994721287, 60.45735146683794], [1.4569028317207617, 1.7410377851596852, 62.322833567653994], [1.5875999503315124, 1.8638910877090706, 64.18831566847004], [1.6650637798423855, 1.9837329071202854, 66.05379776928609], [1.689294320253381, 2.1005632433933292, 67.91927987010214], [1.660291571564499, 2.2143820965282024, 69.7847619709182], [1.578055533775739, 2.325189466524905, 71.65024407173425], [1.4425862068871014, 2.432985353383436, 73.5157261725503], [1.2538835908985861, 2.5377697571037965, 75.38120827336635], [1.011947685810193, 2.6395426776859865, 77.2466903741824]], "radius": [1.0606424205168201, 1.0456621054361386, 1.0927086979671132, 1.1946593561860053, 1.3388113878627985, 1.508285283545054, 1.683840049113407, 1.8459058095088987, 1.976619008531586, 2.0616485510168023, 2.0916262663396124, 2.0771165209534823, 2.059855692505717], "ref_radius": [2.2669856338788987, 2.2497248054311334, 2.2324639769833685, 2.215203148535603, 2.1979423200878383, 2.180681491640073, 2.1634206631923076, 2.1461598347445427, 2.1288990062967774, 2.1116381778490125, 2.094377349401247, 2.0771165209534823, 2.059855692505717], "length": 22.439076982094686, "seg_id": 4, "type": "Main", "parent": 2, "children": [5, 6]}, {"pos": [[1.011947685810193, 2.6395426776859865, 77.2466903741824], [2.4879799570925494, 2.712997762091717, 78.65658614338656], [3.9509925168169335, 2.8197232453094205, 80.06648191259072], [5.400985364983347, 2.959719127339099, 81.47637768179487], [6.837958501591787, 3.1329854081807493, 82.88627345099901], [8.261911926642256, 3.339522087834374, 84.29616922020318], [9.672845640134755, 3.5793291662999724, 85.70606498940732], [11.070759642069278, 3.8524066435775435, 87.11596075861148], [12.455653932445832, 4.158754519667089, 88.52585652781565], [13.827528511264415, 4.498372794568608, 89.93575229701979]],