{"case_id": "LAD_2804_bc2", "artery_type": "LAD", "segments": [{"pos": [[0.0, 0.0, 0.0], [-0.2296646876721083, 0.17170032292559337, 1.8293084816233556], [-0.42870741698793546, 0.32050726946110764, 3.658616963246711], [-0.5971281879474816, 0.4464208396065427, 5.487925444870067], [-0.7349270005507466, 0.5494410333618988, 7.317233926493422], [-0.8421038547977304, 0.6295678507271757, 9.146542408116778], [-0.9186587506884332, 0.6868012917023735, 10.975850889740133], [-0.9645916882228549, 0.7211413562874921, 12.805159371363489], [-0.9799026674009954, 0.7325880444825317, 14.634467852986845], [-0.9645916882228549, 0.7211413562874921, 16.4637763346102], [-0.9186587506884332, 0.6868012917023735, 18.293084816233556], [-0.8421038547977304, 0.6295678507271757, 20.12239329785691], [-0.7349270005507466, 0.5494410333618988, 21.951701779480267], [-0.5971281879474816, 0.4464208396065427, 23.781010261103624], [-0.42870741698793546, 0.32050726946110764, 25.610318742726978], [-0.2296646876721083, 0.17170032292559337, 27.439627224350332], [0.0, 0.0, 29.26893570597369]], "radius": [2.766142107159309, 2.766142107159309, 2.766142107159309, 2.766142107159309, 2.766142107159309, 2.7261052551000273, 2.5887533805763168, 2.3687441447455417, 2.0906917807184993, 1.785704281208885, 1.487903092893522, 1.230605671024629, 1.0425979831402183, 0.9449139873772492, 0.9484823914957587, 1.0529039689338493, 1.246496223549244], "ref_radius": [2.766142107159309, 2.766142107159309, 2.766142107159309, 2.766142107159309, 2.766142107159309, 2.766142107159309, 2.766142107159309, 2.766142107159309, 2.766142107159309, 2.766142107159309, 2.766142107159309, 2.766142107159309, 2.766142107159309, 2.766142107159309, 2.766142107159309, 2.766142107159309, 2.766142107159309], "length": 29.26893570597369, "seg_id": 0, "type": "Root", "parent": null, "children": [1, 2]}, {"pos": [[0.0, 0.0, 29.26893570597369], [0.9259478445889824, 0.272666176218306, 30.918076184089756], [1.8584492143909614, 0.5046951168194193, 32.56721666220584], [2.7975041094059363, 0.6960868218033397, 34.21635714032192], [3.743112529633908, 0.8468412911700672, 35.865497618437985], [4.695274475074875, 0.9569585249196018, 37.51463809655406], [5.6539899457288385, 1.0264385230519437, 39.16377857467013], [6.619258941595798, 1.0552812855670928, 40.8129190527862], [7.591081462675755, 1.043486812465049, 42.46205953090228], [8.569457508968707, 0.9910551037458123, 44.111200009018354], [9.554387080474655, 0.8979861594093829, 45.76034048713443], [10.545870177193601, 0.7642799794557604, 47.4094809652505], [11.543906799125542, 0.5899365638849452, 49.058621443366576]], "radius": [1.8313591175106578, 1.8313591175106578, 1.8313591175106578, 1.8313591175106578, 1.8313591175106578, 1.8313591175106578, 1.8313591175106578, 1.8313591175106578, 1.8313591175106578, 1.8313591175106578, 1.8313591175106578, 1.8313591175106578, 1.8313591175106578], "ref_radius": [1.8313591175106578, 1.8313591175106578, 1.8313591175106578, 1.8313591175106578, 1.8313591175106578, 1.8313591175106578, 1.8313591175106578, 1.8313591175106578, 1.8313591175106578, 1.8313591175106578, 1.8313591175106578, 1.8313591175106578, 1.8313591175106578], "length": 22.918147196513875, "seg_id": 1, "type": "Side", "parent": 0, "children": []}, {"pos": [[0.0, 0.0, 29.26893570597369], [-0.35122234247497863, 0.1239021266651898, 31.223729886027915], [-0.6720195167832164, 0.20574303647115302, 33.17852406608214], [-0.9623915229247128, 0.2455227294178896, 35.13331824613636], [-1.2223383608994685, 0.24324120550539974, 37.08811242619059], [-1.4518600307074832, 0.19889846473368314, 39.04290660624482], [-1.6509565323487565, 0.11249450710274012, 40.99770078629904], [-1.8196278658232892, -0.015970667387429582, 42.95249496635327], [-1.9578740311310807, -0.18649705873682593, 44.90728914640749], [-2.065695028272131, -0.39908466694544886, 46.86208332646173], [-2.143090857246441, -0.6537334920132984, 48.81687750651595], [-2.190061518054009, -0.9504435339403742, 50.77167168657017]], "radius": [1.5076004060373775, 1.7952270304785976, 2.0836914151056103, 1.8817251420377863, 1.611333301172029, 1.3702766985518493, 1.1810415779406733, 1.0606220410698404, 1.0188892865088321, 1.0576975381597833, 1.1708066504853745, 1.3446181968907585], "ref_radius": [2.766142107159309, 2.7481130533114353, 2.730083999463562, 2.7120549456156886, 2.694025891767815, 2.675996837919942, 2.6579677840720684, 2.639938730224195, 2.621909676376321, 2.603880622528448, 2.5858515686805745, 2.567822514832701], "length": 21.63486461744812, "seg_id": 2, "type": "Main", "parent": 0, "children": [3, 4]}, {"pos": [[-2.190061518054009, -0.9504435339403742, 50.77167168657017], [-1.1266161178751513, -1.1999442958149635, 52.23362568908846], [-0.020012770640133848, -1.4178904964984347, 53.69557969160676], [1.129748523651043, -1.6042821359907877, 55.15753369412505], [2.3226677649983793, -1.759119214292022, 56.61948769664335], [3.5587449534018747, -1.8824017314021382, 58.081441699161644], [4.8379800888615305, -1.974129687321136, 59.543395701679934], [6.160373171377345, -2.0343030820490156, 61.005349704198224], [7.525924200949319, -2.0629219155857768, 62.467303706716514]], "radius": [1.706810197531455, 1.706810197531455, 1.706810197531455, 1.706810197531455, 1.706810197531455, 1.706810197531455, 1.706810197531455, 1.706810197531455, 1.706810197531455], "ref_radius": [1.706810197531455, 1.706810197531455, 1.706810197531455, 1.706810197531455, 1.706810197531455, 1.706810197531455, 1.706810197531455, 1.706810197531455, 1.706810197531455], "length": 15.245517209730123, "seg_id": 3, "type": "Side", "parent": 2, "children": []}, {"pos": [[-2.190061518054009, -0.9504435339403742, 50.77167168657017], [-2.2201599401293635, -1.0578227422505047, 52.60569965476683], [-2.232190929041436, -1.1655653193920485, 54.439727622963495], [-2.2261544847902255, -1.2736712653650062, 56.27375559116017], [-2.202050607375732, -1.382140580169377, 58.107783559356825], [-2.159879296797956, -1.4909732638051616, 59.94181152755349], [-2.099640553056898, -1.6001693162723596, 61.775839495750155], [-2.0213343761525557, -1.709728737570971, 63.60986746394681], [-1.924960766084932, -1.8196515277009961, 65.44389543214348], [-1.8105197228540244, -1.9299376866624351, 67.27792340034014], [-1.678011246459835, -2.0405872144552872, 69.11195136853681], [-1.5274353369023623, -2.151600111079553, 70.94597933673346], [-1.3587919941816073, -2.2629763765352324, 72.78000730493012], [-1.1720812182975695, -2.3747160108223246, 74.61403527312679], [-0.9673030092502491, -2.486819013940831, 76.44806324132344], [-0.7444573670396457, -2.5992853858907505, 78.2820912095201], [-0.5035442916657595, -2.7121151266720847, 80.11611917771678], [-0.2445637831285905, -2.825308236284831, 81.95014714591343], [0.032484158571861155, -2.9388647147289917, 83.7841751141101]], "radius": [1.3947296801450981, 1.054621196551732, 0.8107418842444538, 0.6996154912173072, 0.7356639962196114, 0.9091643410562182, 1.1881662827762718, 1.524004109430777, 1.8594539570797437, 2.138170206367734, 2.313844970538951, 2.3578901870846947, 2.340444434911955, 2.322998682739216, 2.3055529305664764, 2.2881071783937372, 2.2706614262209976, 2.2532156740482585, 2.235769921875519], "ref_radius": [2.549793460984828, 2.5323477088120883, 2.514901956639349, 2.4974562044666095, 2.4800104522938704, 2.462564700121131, 2.4451189479483917, 2.427673195775652, 2.410227443602913, 2.3927816914301734, 2.3753359392574342, 2.3578901870846947, 2.340444434911955, 2.322998682739216, 2.3055529305664764, 2.2881071783937372, 2.2706614262209976, 2.2532156740482585, 2.235769921875519], "length": 33.146929128204825, "seg_id": 4, "type": "Main", "parent": 2,