{"case_id": "LAD_2448_bc5", "artery_type": "LAD", "segments": [{"pos": [[0.0, 0.0, 0.0], [0.08254230318036265, -0.25133176293130643, 1.90273408040772], [0.15007691487338665, -0.4569668416932845, 3.8054681608154404], [0.20260383507907198, -0.616905236285934, 5.7082022412231606], [0.24012306379741866, -0.7311469467092552, 7.610936321630881], [0.2626346010284266, -0.7996919729632478, 9.5136704020386], [0.270138446772096, -0.822540315047912, 11.416404482446321], [0.2626346010284267, -0.7996919729632479, 13.31913856285404], [0.24012306379741866, -0.7311469467092552, 15.221872643261761], [0.20260383507907198, -0.616905236285934, 17.12460672366948], [0.15007691487338673, -0.45696684169328466, 19.0273408040772], [0.0825423031803627, -0.25133176293130655, 20.93007488448492], [0.0, 0.0, 22.832808964892642]], "radius": [1.911537128388642, 1.911537128388642, 1.911537128388642, 1.911537128388642, 1.911537128388642, 1.911537128388642, 1.911537128388642, 1.911537128388642, 1.8953167389435757, 1.6296151778211372, 1.154711143716269, 0.6947255382439856, 0.46673882656119314], "ref_radius": [1.911537128388642, 1.911537128388642, 1.911537128388642, 1.911537128388642, 1.911537128388642, 1.911537128388642, 1.911537128388642, 1.911537128388642, 1.911537128388642, 1.911537128388642, 1.911537128388642, 1.911537128388642, 1.911537128388642], "length": 22.832808964892642, "seg_id": 0, "type": "Root", "parent": null, "children": [1, 2]}, {"pos": [[0.0, 0.0, 22.832808964892642], [1.1831514054803192, -0.22731805099492972, 24.202531062454483], [2.3731925711729724, -0.4313497214499718, 25.572253160016324], [3.5701234970779607, -0.6120950113651262, 26.94197525757816], [4.773944183195283, -0.769553920740393, 28.31169735514], [5.9846546295249405, -0.9037264495757721, 29.681419452701842], [7.202254836066931, -1.0146125978712635, 31.05114155026368], [8.426744802821258, -1.1022123656268674, 32.42086364782552], [9.658124529787917, -1.1665257528425834, 33.79058574538736], [10.896394016966912, -1.207552759518412, 35.1603078429492], [12.141553264358242, -1.2252933856543526, 36.53002994051104], [13.393602271961905, -1.219747631250406, 37.89975203807288], [14.652541039777903, -1.1909154963065713, 39.269474135634724], [15.918369567806234, -1.1387969808228493, 40.639196233196564], [17.191087856046902, -1.0633920847992395, 42.008918330758405], [18.470695904499905, -0.9647008082357421, 43.378640428320246], [19.75719371316524, -0.842723151132357, 44.74836252588209]], "radius": [1.2137443188192973, 1.2137443188192973, 1.2137443188192973, 1.2137443188192973, 1.2137443188192973, 1.2137443188192973, 1.2137443188192973, 1.2137443188192973, 1.2137443188192973, 1.2137443188192973, 1.2137443188192973, 1.2137443188192973, 1.2137443188192973, 1.2137443188192973, 1.2137443188192973, 1.2137443188192973, 1.2137443188192973], "ref_radius": [1.2137443188192973, 1.2137443188192973, 1.2137443188192973, 1.2137443188192973, 1.2137443188192973, 1.2137443188192973, 1.2137443188192973, 1.2137443188192973, 1.2137443188192973, 1.2137443188192973, 1.2137443188192973, 1.2137443188192973, 1.2137443188192973, 1.2137443188192973, 1.2137443188192973, 1.2137443188192973, 1.2137443188192973], "length": 29.518610631491242, "seg_id": 1, "type": "Side", "parent": 0, "children": []}, {"pos": [[0.0, 0.0, 22.832808964892642], [-0.09639907350531299, -0.5194258663484583, 24.67832354290326], [-0.16369734912264777, -0.9935695438874039, 26.52383812091389], [-0.20189482685200427, -1.4224310326168363, 28.369352698924512], [-0.2109915066933825, -1.806010332536756, 30.214867276935138], [-0.19098738864678255, -2.144307443647162, 32.06038185494576], [-0.1418824727122043, -2.437322365948056, 33.90589643295638], [-0.06367675888964797, -2.685055099439436, 35.751411010967], [0.04362975282088688, -2.887505644121304, 37.596925588977626], [0.1800370624193999, -3.044673999993658, 39.44244016698825], [0.3455451699058909, -3.1565601670565, 41.28795474499887], [0.5401540752803605, -3.2231641453098283, 43.13346932300949], [0.7638637785428083, -3.244485934753644, 44.978983901020115]], "radius": [0.5783445090577124, 0.9680687553465606, 1.447673557690894, 1.7861077094928617, 1.8426275664475955, 1.8254001759623337, 1.8081727854770722, 1.7909453949918106, 1.7737180045065488, 1.7564906140212873, 1.7392632235360255, 1.722035833050764, 1.7048084425655023], "ref_radius": [1.911537128388642, 1.8943097379033804, 1.8770823474181186, 1.859854956932857, 1.8426275664475955, 1.8254001759623337, 1.8081727854770722, 1.7909453949918106, 1.7737180045065488, 1.7564906140212873, 1.7392632235360255, 1.722035833050764, 1.7048084425655023], "length": 22.395607630840132, "seg_id": 2, "type": "Main", "parent": 0, "children": [3, 4]}, {"pos": [[0.7638637785428083, -3.244485934753644, 44.978983901020115], [2.8912581566429627, -3.419528369814274, 46.42104639966072], [4.801698842360105, -3.5928325360131383, 47.863108898301306], [6.495185835694233, -3.7643984333502347, 49.30517139694189], [7.971719136645351, -3.934226061825565, 50.74723389558249], [9.231298745213454, -4.102315421439128, 52.18929639422308], [10.273924661398548, -4.268666512190925, 53.63135889286367]], "radius": [1.0421037337762151, 1.0421037337762151, 1.0421037337762151, 1.0421037337762151, 1.0421037337762151, 1.0421037337762151, 1.0421037337762151], "ref_radius": [1.0421037337762151, 1.0421037337762151, 1.0421037337762151, 1.0421037337762151, 1.0421037337762151, 1.0421037337762151, 1.0421037337762151], "length": 12.897821399379914, "seg_id": 3, "type": "Side", "parent": 2, "children": []}, {"pos": [[0.7638637785428083, -3.244485934753644, 44.978983901020115], [0.9608638242466669, -3.7177465902271742, 46.939309752123826], [1.1528117968866909, -4.155412219097858, 48.89963560322752], [1.339707696462879, -4.557482821365697, 50.85996145433122], [1.521551522975232, -4.923958397030687, 52.82028730543492], [1.6983432764237505, -5.254838946092832, 54.78061315653862], [1.8700829568084338, -5.5501244685521325, 56.740939007642325], [2.036770564129282, -5.8098149644085835, 58.70126485874603], [2.198406098386295, -6.03391043366219, 60.66159070984973], [2.3549895595794728, -6.22241087631295, 62.62191656095342], [2.5065209477088155, -6.375316292360864, 64.58224241205713]], "radius": [1.6875810520802406, 1.6694646539335838, 1.6513482557869272, 1.6332318576402705, 1.6151154594936137, 1.5969990613469571, 1.5788826632003004, 1.5607662650536436, 1.542649866906987, 1.5245334687603302, 1.5064170706136735], "ref_radius": [1.6875810520802406, 1.6694646539335838, 1.6513482557869272, 1.6332318576402705, 1.6151154594936137, 1.5969990613469571, 1.5788826632003004, 1.5607662650536436, 1.542649866906987, 1.5245334687603302, 1.5064170706136735], "length": 19.928037961322374, "seg_id": 4, "type": "Main", "parent": 2, "children": [5, 6]}, {"pos": [[2.5065209477088155, -6.375316292360864, 64.58224241205713], [3.438124042012541, -6.79744073946648, 66.02602574124043], [4.447848927099366, -7.212398104158947, 67.46980907042374], [5.535695602969288, -7.620188386438265, 68.91359239960703], [6.701664069622309, -8.020811586304434, 70.35737572879033], [7.945754327058428, -8.414267703757456, 71.80115905797362], [9.267966375277648, -8.800556738797331, 73.24494238715693], [10.668300214279965, -9.179678691424058, 74.6887257163402], [12.146755844065378, -9.551633561637637, 76.1325090455235], [13.703333264633892, -9.916421349438068, 77.57629237470681], [15.338032475985504, -10.274042054825347, 79.0200757038901]], "radius": [0.9048714401079502, 0.9048714401079502, 0.9048714401079502, 0.9048714401079502, 0.9048714401079502, 0.9048714401079502, 0.9048714401079502, 0.9048714401079502, 0.9048714401079502, 0.9048714401079502, 0.9048714401079502], "ref_radius": [0.9048714401079502, 0.9048714401079502, 0.9048714401079502, 0.9048714401079502, 0.9048714401079502, 0.9048714401079502, 0.9048714401079502, 0.9048714401079502, 0.9048714401079502, 0.9048714401079502, 0.9048714401079502], "length": 19.70529829345302, "seg_id": 5, "type": "Side", "parent": 4,