{"case_id": "LAD_2350_bc0", "artery_type": "LAD", "segments": [{"pos": [[0.0, 0.0, 0.0], [0.07853084492002585, -0.1332714494735116, 1.8257561804788391], [0.14659091051738157, -0.24877337235055502, 3.6515123609576783], [0.2041801967920672, -0.3465057686311302, 5.477268541436517], [0.2512987037440827, -0.4264686383152372, 7.303024721915357], [0.28794643137342807, -0.4886619814028759, 9.128780902394196], [0.3141233796801034, -0.5330857978940464, 10.954537082873035], [0.3298295486641085, -0.5597400877887488, 12.780293263351874], [0.3350649383254436, -0.5686248510869829, 14.606049443830713], [0.3298295486641085, -0.5597400877887488, 16.431805624309554], [0.3141233796801034, -0.5330857978940464, 18.25756180478839], [0.28794643137342807, -0.4886619814028759, 20.083317985267232], [0.2512987037440827, -0.4264686383152372, 21.90907416574607], [0.2041801967920672, -0.3465057686311302, 23.73483034622491], [0.14659091051738157, -0.24877337235055502, 25.560586526703748], [0.07853084492002585, -0.1332714494735116, 27.386342707182585], [0.0, 0.0, 29.212098887661426]], "radius": [1.9081227458866974, 1.9081227458866974, 1.9081227458866974, 1.9081227458866974, 1.9081227458866974, 1.9081227458866974, 1.8980737131048437, 1.6906929345228892, 1.2945449263867603, 0.8718684383189206, 0.5957667133258993, 0.579314657027518, 0.8292500567854404, 1.2432141832603483, 1.6516718604864802, 1.8873430278151595, 1.9081227458866974], "ref_radius": [1.9081227458866974, 1.9081227458866974, 1.9081227458866974, 1.9081227458866974, 1.9081227458866974, 1.9081227458866974, 1.9081227458866974, 1.9081227458866974, 1.9081227458866974, 1.9081227458866974, 1.9081227458866974, 1.9081227458866974, 1.9081227458866974, 1.9081227458866974, 1.9081227458866974, 1.9081227458866974, 1.9081227458866974], "length": 29.212098887661426, "seg_id": 0, "type": "Root", "parent": null, "children": [1, 2]}, {"pos": [[0.0, 0.0, 29.212098887661426], [1.0791565823921692, -0.23413626932633533, 30.683176973915423], [2.1515472079051636, -0.4399180377367843, 32.154255060169426], [3.217171876538983, -0.6173453052313469, 33.62533314642343], [4.276030588293628, -0.7664180718100229, 35.096411232677426], [5.328123343169097, -0.8871363374728125, 36.56748931893142], [6.373450141165392, -0.9795001022197157, 38.03856740518541], [7.412010982282512, -1.0435093660507326, 39.509645491439414], [8.443805866520457, -1.079164128965863, 40.98072357769341], [9.468834793879227, -1.0864643909651068, 42.45180166394741], [10.487097764358822, -1.0654101520484645, 43.9228797502014], [11.498594777959243, -1.0160014122159358, 45.3939578364554], [12.503325834680489, -0.9382381714675205, 46.86503592270941], [13.50129093452256, -0.8321204298032188, 48.3361140089634], [14.492490077485456, -0.6976481872230307, 49.8071920952174], [15.476923263569176, -0.5348214437269563, 51.2782701814714]], "radius": [1.0640709360701555, 1.0640709360701555, 1.0640709360701555, 1.0640709360701555, 1.0640709360701555, 1.0640709360701555, 1.0640709360701555, 1.0640709360701555, 1.0640709360701555, 1.0640709360701555, 1.0640709360701555, 1.0640709360701555, 1.0640709360701555, 1.0640709360701555, 1.0640709360701555, 1.0640709360701555], "ref_radius": [1.0640709360701555, 1.0640709360701555, 1.0640709360701555, 1.0640709360701555, 1.0640709360701555, 1.0640709360701555, 1.0640709360701555, 1.0640709360701555, 1.0640709360701555, 1.0640709360701555, 1.0640709360701555, 1.0640709360701555, 1.0640709360701555, 1.0640709360701555, 1.0640709360701555, 1.0640709360701555], "length": 26.95806193424969, "seg_id": 1, "type": "Side", "parent": 0, "children": []}, {"pos": [[0.0, 0.0, 29.212098887661426], [-0.16311651795890983, 0.20714070977716395, 31.02818381199185], [-0.30914102609223293, 0.4023766026468196, 32.844268736322256], [-0.4380735243999695, 0.5857076786089671, 34.66035366065267], [-0.5499140128821194, 0.7571339376636065, 36.47643858498309], [-0.6446624915386826, 0.9166553798107376, 38.29252350931352], [-0.7223189603696593, 1.0642720050503605, 40.10860843364393], [-0.7828834193750491, 1.199983813382475, 41.92469335797435], [-0.8263558685548525, 1.3237908048070817, 43.74077828230476], [-0.8527363079090693, 1.43569297932418, 45.556863206635185], [-0.8620247374376993, 1.53569033693377, 47.3729481309656], [-0.8542211571407428, 1.6237828776358518, 49.18903305529602], [-0.8293255670181995, 1.6999706014304254, 51.005117979626434], [-0.7873379670700696, 1.7642535083174908, 52.821202903956845], [-0.728258357296353, 1.816631598297048, 54.63728782828727], [-0.65208673769705, 1.857104871369097, 56.45337275261768], [-0.5588231082721602, 1.8856733275336377, 58.2694576769481], [-0.44846746902168394, 1.9023369667906704, 60.08554260127852], [-0.3210198199456208, 1.907095789140195, 61.90162752560894], [-0.1764801610439709, 1.899949794582211, 63.717712449939356]], "radius": [1.9081227458866974, 1.8908435798059917, 1.873564413725286, 1.8562852476445804, 1.839006081563875, 1.8217269154831692, 1.8044477494024636, 1.7871685833217579, 1.7698894172410522, 1.7526102511603465, 1.735331085079641, 1.6939820284325806, 1.489116882891358, 1.1531787877696638, 0.781927991989345, 0.47928748284238676, 0.3274196698878933, 0.36364837413247453, 0.5707035596360999, 0.8828110309626966], "ref_radius": [1.9081227458866974, 1.8908435798059917, 1.873564413725286, 1.8562852476445804, 1.839006081563875, 1.8217269154831692, 1.8044477494024636, 1.7871685833217579, 1.7698894172410522, 1.7526102511603465, 1.735331085079641, 1.7180519189989354, 1.7007727529182297, 1.683493586837524, 1.6662144207568184, 1.6489352546761127, 1.631656088595407, 1.6143769225147016, 1.5970977564339957, 1.5798185903532902], "length": 34.558332161411286, "seg_id": 2, "type": "Main", "parent": 0, "children": [3, 4]}, {"pos": [[-0.1764801610439709, 1.899949794582211, 63.717712449939356], [1.0610775615538637, 1.8216262525373013, 65.30205589135241], [2.269151713411018, 1.7650326850538998, 66.88639933276548], [3.447742294527492, 1.730169092132006, 68.47074277417853], [4.596849304903286, 1.7170354737716211, 70.05508621559159], [5.7164727445384, 1.7256318299727447, 71.63942965700465], [6.806612613432835, 1.7559581607353758, 73.2237730984177], [7.867268911586589, 1.8080144660595157, 74.80811653983076], [8.898441638999662, 1.8818007459451636, 76.39245998124383], [9.900130795672055, 1.9773170003923197, 77.97680342265687], [10.87233638160377, 2.0945632294009844, 79.56114686406994], [11.815058396794804, 2.233539432971157, 81.14549030548301], [12.728296841245157, 2.3942456111028383, 82.72983374689606], [13.61205171495483, 2.5766817637960275, 84.31417718830912], [14.466323017923823, 2.7808478910507253, 85.89852062972219]], "radius": [1.107378961185516, 1.107378961185516, 1.107378961185516, 1.107378961185516, 1.107378961185516, 1.107378961185516, 1.107378961185516, 1.107378961185516, 1.107378961185516, 1.107378961185516, 1.107378961185516, 1.107378961185516, 1.107378961185516, 1.107378961185516, 1.107378961185516], "ref_radius": [1.107378961185516, 1.107378961185516, 1.107378961185516, 1.107378961185516, 1.107378961185516, 1.107378961185516, 1.107378961185516, 1.107378961185516, 1.107378961185516, 1.107378961185516, 1.107378961185516, 1.107378961185516, 1.107378961185516, 1.107378961185516, 1.107378961185516], "length": 26.592779431692954, "seg_id": 3, "type": "Side", "parent": 2, "children": []}, {"pos": [[-0.1764801610439709, 1.899949794582211, 63.717712449939356], [-0.4084977559702239, 1.7023604947917987, 65.65453777945996], [-0.5772938311156621, 1.6171906006127903, 67.59136310898056], [-0.6828683864802855, 1.644440112045186, 69.52818843850116], [-0.725221422064094, 1.7841090290889858, 71.46501376802178], [-0.7043529378670877, 2.03619735174419, 73.40183909754236], [-0.6202629338892668, 2.4007050800107974, 75.33866442706298], [-0.472951410130631, 2.877632213888809, 77.27548975658358], [-0.26241836659118034, 3.4669787533782253, 79.21231508610418]],