{"case_id": "LAD_1680_bc9", "artery_type": "LAD", "segments": [{"pos": [[0.0, 0.0, 0.0], [0.15401156290108947, 0.20064970488535652, 1.8700414103501857], [0.2874882507487004, 0.37454611578599883, 3.7400828207003713], [0.40043006354283267, 0.521689232701927, 5.610124231050557], [0.49283700128348634, 0.6420790556331408, 7.480165641400743], [0.5647090639706615, 0.7357155845796406, 9.350207051750928], [0.6160462516043579, 0.8025988195414261, 11.220248462101114], [0.6468485641845758, 0.8427287605184974, 13.0902898724513], [0.6571160017113151, 0.8561054075108545, 14.960331282801485], [0.6468485641845758, 0.8427287605184974, 16.83037269315167], [0.6160462516043579, 0.8025988195414261, 18.700414103501856], [0.5647090639706615, 0.7357155845796406, 20.570455513852043], [0.49283700128348634, 0.6420790556331408, 22.44049692420223], [0.40043006354283267, 0.521689232701927, 24.31053833455241], [0.2874882507487004, 0.37454611578599883, 26.180579744902598], [0.15401156290108947, 0.20064970488535652, 28.050621155252784], [0.0, 0.0, 29.92066256560297]], "radius": [2.4564265132164285, 2.4564265132164285, 2.4564265132164285, 2.4564265132164285, 2.4564265132164285, 2.4564265132164285, 2.4564265132164285, 2.4564265132164285, 2.4564265132164285, 2.4564265132164285, 2.4564265132164285, 2.4564265132164285, 2.4564265132164285, 2.4564265132164285, 2.4564265132164285, 2.4564265132164285, 2.4564265132164285], "ref_radius": [2.4564265132164285, 2.4564265132164285, 2.4564265132164285, 2.4564265132164285, 2.4564265132164285, 2.4564265132164285, 2.4564265132164285, 2.4564265132164285, 2.4564265132164285, 2.4564265132164285, 2.4564265132164285, 2.4564265132164285, 2.4564265132164285, 2.4564265132164285, 2.4564265132164285, 2.4564265132164285, 2.4564265132164285], "length": 29.92066256560297, "seg_id": 0, "type": "Root", "parent": null, "children": [1, 2]}, {"pos": [[0.0, 0.0, 29.92066256560297], [1.0226917706858851, 0.21501198423702644, 31.288268605052917], [2.073730659714529, 0.41387284159180987, 32.65587464450285], [3.1531166670859325, 0.5965825720643503, 34.02348068395279], [4.260849792800094, 0.7631411756546479, 35.391086723402736], [5.396930036857016, 0.9135486523627024, 36.758692762852675], [6.561357399256698, 1.0478050021885141, 38.126298802302614], [7.7541318799991386, 1.1659102251320828, 39.49390484175255], [8.975253479084337, 1.2678643211934082, 40.86151088120249], [10.224722196512293, 1.3536672903724907, 42.22911692065243], [11.502538032283011, 1.4233191326693304, 43.59672296010237], [12.80870098639649, 1.476819848083927, 44.964328999552315], [14.143211058852726, 1.5141694366162808, 46.33193503900226], [15.506068249651719, 1.5353678982663914, 47.69954107845219]], "radius": [1.392951592962321, 1.392951592962321, 1.392951592962321, 1.392951592962321, 1.392951592962321, 1.392951592962321, 1.392951592962321, 1.392951592962321, 1.392951592962321, 1.392951592962321, 1.392951592962321, 1.392951592962321, 1.392951592962321, 1.392951592962321], "ref_radius": [1.392951592962321, 1.392951592962321, 1.392951592962321, 1.392951592962321, 1.392951592962321, 1.392951592962321, 1.392951592962321, 1.392951592962321, 1.392951592962321, 1.392951592962321, 1.392951592962321, 1.392951592962321, 1.392951592962321, 1.392951592962321], "length": 23.640728168153704, "seg_id": 1, "type": "Side", "parent": 0, "children": []}, {"pos": [[0.0, 0.0, 29.92066256560297], [0.04558983597406504, 0.24825911610304724, 31.722908886879956], [0.12787625874995706, 0.5081277825350917, 33.52515520815695], [0.24685926832767607, 0.7796059992961333, 35.327401529433935], [0.40253886470722205, 1.062693766386172, 37.12964785071093], [0.594915047888595, 1.3573910838052077, 38.93189417198791], [0.823987817871795, 1.6636979515532409, 40.7341404932649], [1.0897571746568218, 1.9816143696302708, 42.536386814541885], [1.3922231182436757, 2.3111403380362985, 44.33863313581888], [1.7313856486323567, 2.6522758567713227, 46.14087945709587], [2.1072447658228644, 3.0050209258353444, 47.94312577837286], [2.5198004698151992, 3.369375545228363, 49.74537209964985], [2.9690527606093613, 3.7453397149503793, 51.54761842092684]], "radius": [2.4564265132164285, 2.4393889969473936, 2.4129851370668725, 2.329732539424377, 2.1894738901430912, 2.0040152301876932, 1.7888685088403165, 1.5618686956295305, 1.341610901189918, 1.1458444142606856, 0.9899623508871234, 0.8857154227350474, 0.8402572096137841], "ref_radius": [2.4564265132164285, 2.4393889969473936, 2.422351480678359, 2.4053139644093235, 2.3882764481402887, 2.371238931871254, 2.354201415602219, 2.3371638993331842, 2.320126383064149, 2.303088866795114, 2.2860513505260793, 2.2690138342570445, 2.2519763179880092], "length": 22.148771149745393, "seg_id": 2, "type": "Main", "parent": 0, "children": [3, 4]}, {"pos": [[2.9690527606093613, 3.7453397149503793, 51.54761842092684], [4.719858849678226, 4.011864783142872, 52.84452133031347], [6.373584127965917, 4.276108341845826, 54.14142423970012], [7.930228595472436, 4.538070391059241, 55.43832714908677], [9.389792252197783, 4.797750930783116, 56.735230058473405], [10.752275098141954, 5.0551499610174515, 58.03213296786005], [12.017677133304954, 5.310267481762248, 59.329035877246696], [13.18599835768678, 5.563103493017506, 60.62593878663333], [14.257238771287435, 5.813657994783225, 61.92284169601998], [15.231398374106917, 6.061930987059403, 63.21974460540662]], "radius": [1.1913066934528238, 1.1913066934528238, 1.1913066934528238, 1.1913066934528238, 1.1913066934528238, 1.1913066934528238, 1.1913066934528238, 1.1913066934528238, 1.1913066934528238, 1.1913066934528238], "ref_radius": [1.1913066934528238, 1.1913066934528238, 1.1913066934528238, 1.1913066934528238, 1.1913066934528238, 1.1913066934528238, 1.1913066934528238, 1.1913066934528238, 1.1913066934528238, 1.1913066934528238], "length": 17.087136820816205, "seg_id": 3, "type": "Side", "parent": 2, "children": []}, {"pos": [[2.9690527606093613, 3.7453397149503793, 51.54761842092684], [3.2138472704655565, 4.271059402773058, 53.37494843418862], [3.463436456852785, 4.767358401253364, 55.2022784474504], [3.7178203197710467, 5.234236710391295, 57.029608460712176], [3.976998859220341, 5.6716943301868525, 58.85693847397395], [4.240972075200668, 6.079731260640037, 60.68426848723573], [4.5097399677120285, 6.458347501750848, 62.51159850049749], [4.783302536754422, 6.807543053519285, 64.33892851375926], [5.061659782327849, 7.1273179159453495, 66.16625852702104], [5.344811704432308, 7.417672089029039, 67.99358854028281], [5.632758303067801, 7.678605572770357, 69.8209185535446], [5.9254995782343265, 7.9101183671693, 71.64824856680636], [6.223035529931886, 8.11221047222587, 73.47557858006815], [6.525366158160478, 8.284881887940067, 75.30290859332993], [6.832491462920103, 8.428132614311888, 77.13023860659169], [7.1444114442107605, 8.541962651341338, 78.95756861985348]], "radius": [0.8555982421588453, 0.9282801642858274, 1.050355670988198, 1.209568493479779, 1.022887516018479, 0.8753762070693227, 0.808660940689534, 0.8285236728378327, 0.9293819833296637, 1.0952023046756632, 1.301761431613507, 1.2714530021502075, 1.014165180725015, 0.8078580413885561, 0.6794549805049912, 0.6442733244114391], "ref_radius": [2.2349388017189744, 2.217352556853954, 2.1997663119889337, 2.1821800671239138, 2.1645938222588934, 2.147007577393873, 2.1294213325288527, 2.1118350876638328, 2.0942488427988124, 2.076662597933792, 2.0590763530687717, 2.0414901082037513, 2.0239038633387314, 2.006317618473711, 1.9887313736086907, 1.9711451287436705], "length": 28.137991784032415, "seg_id": 4, "type": "Main", "parent": 2,