{"case_id": "LAD_4117_bc4", "artery_type": "LAD", "segments": [{"pos": [[0.0, 0.0, 0.0], [0.021112098498619593, 0.12729721386533271, 1.816964836832018], [0.03974042070328394, 0.2396182849229792, 3.6339296736640354], [0.055884966613993045, 0.33696321317293954, 5.450894510496053], [0.06954573623074689, 0.41933199861521364, 7.267859347328071], [0.08072272955354551, 0.4867246412498016, 9.08482418416009], [0.08941594658238887, 0.5391411410767033, 10.901789020992107], [0.09562538731727697, 0.5765814980959187, 12.718753857824122], [0.09935105175820984, 0.5990457123074481, 14.535718694656142], [0.10059293990518747, 0.6065337837112912, 16.35268353148816], [0.09935105175820984, 0.5990457123074481, 18.16964836832018], [0.09562538731727697, 0.5765814980959187, 19.986613205152196], [0.08941594658238887, 0.5391411410767033, 21.803578041984213], [0.08072272955354551, 0.4867246412498016, 23.62054287881623], [0.06954573623074692, 0.41933199861521375, 25.437507715648245], [0.055884966613993066, 0.3369632131729397, 27.254472552480266], [0.03974042070328396, 0.23961828492297932, 29.071437389312283], [0.021112098498619603, 0.12729721386533277, 30.888402226144304], [0.0, 0.0, 32.70536706297632]], "radius": [1.7471320781080126, 1.7449824061420414, 1.5763472839221493, 1.2185247037463038, 0.8495264422901766, 0.6529240228482414, 0.7265244255344852, 1.0337124696082611, 1.4216663586579954, 1.6973844072561193, 1.7471320781080126, 1.7471320781080126, 1.7471320781080126, 1.7471320781080126, 1.7471320781080126, 1.7471320781080126, 1.7471320781080126, 1.7471320781080126, 1.7471320781080126], "ref_radius": [1.7471320781080126, 1.7471320781080126, 1.7471320781080126, 1.7471320781080126, 1.7471320781080126, 1.7471320781080126, 1.7471320781080126, 1.7471320781080126, 1.7471320781080126, 1.7471320781080126, 1.7471320781080126, 1.7471320781080126, 1.7471320781080126, 1.7471320781080126, 1.7471320781080126, 1.7471320781080126, 1.7471320781080126, 1.7471320781080126, 1.7471320781080126], "length": 32.70536706297632, "seg_id": 0, "type": "Root", "parent": null, "children": [1, 2]}, {"pos": [[0.0, 0.0, 32.70536706297632], [0.9662651403360734, -0.17931481232740945, 34.39539876337434], [1.9174577458577506, -0.3001427665714764, 36.085430463772354], [2.853577816565031, -0.36248386273220085, 37.77546216417037], [3.7746253524579165, -0.36633810080958296, 39.46549386456839], [4.680600353536406, -0.3117054808036224, 41.15552556496641], [5.571502819800497, -0.19858600271431953, 42.84555726536442], [6.447332751250194, -0.02697966654167394, 44.53558896576244], [7.308090147885495, 0.20311352771431407, 46.22562066616045], [8.1537750097064, 0.4916935800536446, 47.915652366558476], [8.984387336712908, 0.8387604904763176, 49.60568406695649], [9.799927128905018, 1.2443142589823328, 51.29571576735451]], "radius": [1.1663880834827063, 1.1663880834827063, 1.1663880834827063, 1.1663880834827063, 1.1663880834827063, 1.1663880834827063, 1.1663880834827063, 1.1663880834827063, 1.1663880834827063, 1.1663880834827063, 1.1663880834827063, 1.1663880834827063], "ref_radius": [1.1663880834827063, 1.1663880834827063, 1.1663880834827063, 1.1663880834827063, 1.1663880834827063, 1.1663880834827063, 1.1663880834827063, 1.1663880834827063, 1.1663880834827063, 1.1663880834827063, 1.1663880834827063, 1.1663880834827063], "length": 21.052029703981773, "seg_id": 1, "type": "Side", "parent": 0, "children": []}, {"pos": [[0.0, 0.0, 32.70536706297632], [0.029520534949041752, 0.032000285966416485, 34.54177855331945], [0.03508000282675157, 0.0507371329491032, 36.37819004366257], [0.016678403633129474, 0.05621054094806018, 38.214601534005695], [-0.025684262631824537, 0.04842050996328741, 40.051013024348826], [-0.09200799596811043, 0.027367039994784903, 41.88742451469195], [-0.18229279637572834, -0.006949868957447383, 43.72383600503508], [-0.2965386638546782, -0.054530216893409464, 45.560247495378206], [-0.43474559840495985, -0.11537400381310121, 47.39665898572133], [-0.5969136000265732, -0.18948122971652265, 49.23307047606445], [-0.7830426687195189, -0.276851894603674, 51.06948196640757], [-0.9931328044837966, -0.3774859984745552, 52.905893456750704], [-1.2271840073194058, -0.49138354132916584, 54.74230494709383], [-1.485196277226347, -0.6185445231675063, 56.57871643743695]], "radius": [1.7471320781080126, 1.7300410072852281, 1.6581950133189478, 1.3952820861264619, 1.0147208861218553, 0.6360066960117627, 0.37564594775427884, 0.3103307851818995, 0.4534716876296063, 0.7522559206610959, 1.1057436570215704, 1.3978305313685178, 1.5343181422219854, 1.5249481574118153], "ref_radius": [1.7471320781080126, 1.7300410072852281, 1.7129499364624439, 1.6958588656396594, 1.678767794816875, 1.6616767239940906, 1.6445856531713063, 1.6274945823485218, 1.6104035115257374, 1.593312440702953, 1.5762213698801686, 1.5591302990573843, 1.5420392282345998, 1.5249481574118153], "length": 23.927499151898157, "seg_id": 2, "type": "Main", "parent": 0, "children": [3, 4]}, {"pos": [[-1.485196277226347, -0.6185445231675063, 56.57871643743695], [-0.37374792685953284, -0.6115064361290979, 58.06841991193037], [0.7326781266214353, -0.6023570008674822, 59.558123386423816], [1.8340818832165584, -0.5910962173826589, 61.04782686091721], [2.9304633429258367, -0.5777240856746285, 62.53753033541064], [4.021822505749268, -0.5622406057433906, 64.02723380990406], [5.108159371686854, -0.5446457775889455, 65.51693728439749], [6.189473940738597, -0.524939601211293, 67.00664075889091], [7.265766212904492, -0.5031220766104332, 68.49634423338435], [8.337036188184543, -0.4791932037863659, 69.98604770787776], [9.403283866578747, -0.45315298273909127, 71.47575118237118], [10.464509248087108, -0.4250014134686093, 72.96545465686461], [11.520712332709621, -0.39473849597492006, 74.45515813135803], [12.571893120446289, -0.36236423025802345, 75.94486160585146], [13.618051611297114, -0.3278786163179193, 77.43456508034488]], "radius": [0.8307203474538372, 0.8307203474538372, 0.8307203474538372, 0.8307203474538372, 0.8307203474538372, 0.8307203474538372, 0.8307203474538372, 0.8307203474538372, 0.8307203474538372, 0.8307203474538372, 0.8307203474538372, 0.8307203474538372, 0.8307203474538372, 0.8307203474538372, 0.8307203474538372], "ref_radius": [0.8307203474538372, 0.8307203474538372, 0.8307203474538372, 0.8307203474538372, 0.8307203474538372, 0.8307203474538372, 0.8307203474538372, 0.8307203474538372, 0.8307203474538372, 0.8307203474538372, 0.8307203474538372, 0.8307203474538372, 0.8307203474538372, 0.8307203474538372, 0.8307203474538372], "length": 25.75187383604303, "seg_id": 3, "type": "Side", "parent": 2, "children": []}, {"pos": [[-1.485196277226347, -0.6185445231675063, 56.57871643743695], [-2.243825626839109, -0.30067550042662383, 58.45830016890041], [-2.9268524122253927, -0.013720031231829494, 60.33788390036388], [-3.5342766333851996, 0.24232188441687696, 62.21746763182735], [-4.0660982903185285, 0.4674502465194955, 64.0970513632908], [-4.5223173830253796, 0.6616650550760261, 65.97663509475427], [-4.902933911505753, 0.8249663100864688, 67.85621882621773], [-5.207947875759647, 0.9573540115508232, 69.73580255768118], [-5.437359275787066, 1.0588281594690903, 71.61538628914465], [-5.591168111588006, 1.129388753841269, 73.49497002060811]], "radius": [1.507857086589031, 1.4903621184342846, 1.4728671502795379, 1.4553721821247914, 1.4378772139700449, 1.4203822458152982, 1.4028872776605517, 1.3853923095058052, 1.3678973413510584, 1.350402373196312], "ref_radius": [1.507857086589031, 1.4903621184342846, 1.4728671502795379, 1.4553721821247914, 1.4378772139700449, 1.4203822458152982, 1.4028872776605517, 1.3853923095058052, 1.3678973413510584, 1.350402373196312], "length": 17.494968154746573, "seg_id": 4, "type": "Main", "parent": 2,