{"case_id": "LAD_1022_bc5", "artery_type": "LAD", "segments": [{"pos": [[0.0, 0.0, 0.0], [-0.31687543588362493, -0.184459476512679, 2.0205716184548432], [-0.5545320127963436, -0.3228040838971883, 4.0411432369096865], [-0.7129697307381562, -0.4150338221535278, 6.061714855364531], [-0.7921885897090623, -0.4611486912816975, 8.082286473819373], [-0.7921885897090623, -0.4611486912816975, 10.102858092274218], [-0.7129697307381562, -0.4150338221535278, 12.12342971072906], [-0.5545320127963438, -0.32280408389718834, 14.1440013291839], [-0.31687543588362505, -0.18445947651267908, 16.16457294763875], [0.0, 0.0, 18.18514456609359]], "radius": [2.047039203209698, 2.047039203209698, 2.047039203209698, 2.047039203209698, 2.047039203209698, 1.9929972836536178, 1.615424189936246, 1.0556337321497096, 0.5964640492525197, 0.46991391287492523], "ref_radius": [2.047039203209698, 2.047039203209698, 2.047039203209698, 2.047039203209698, 2.047039203209698, 2.047039203209698, 2.047039203209698, 2.047039203209698, 2.047039203209698, 2.047039203209698], "length": 18.18514456609359, "seg_id": 0, "type": "Root", "parent": null, "children": [1, 2]}, {"pos": [[0.0, 0.0, 18.18514456609359], [1.6972535910198543, 0.19501039189404895, 19.55655997488879], [3.3245248091699824, 0.313649481757927, 20.92797538368398], [4.881813654450386, 0.3559172695916342, 22.29939079247918], [6.369120126861062, 0.32181375539517043, 23.670806201274374], [7.786444226402013, 0.2113389391685357, 25.042221610069568], [9.133785953073238, 0.024492820911730162, 26.413637018864765], [10.411145306874733, -0.23872459937524615, 27.78505242765996], [11.618522287806508, -0.5783133216923937, 29.156467836455157], [12.755916895868555, -0.9942733460397122, 30.52788324525035]], "radius": [1.4299431624763743, 1.4299431624763743, 1.4299431624763743, 1.4299431624763743, 1.4299431624763743, 1.4299431624763743, 1.4299431624763743, 1.4299431624763743, 1.4299431624763743, 1.4299431624763743], "ref_radius": [1.4299431624763743, 1.4299431624763743, 1.4299431624763743, 1.4299431624763743, 1.4299431624763743, 1.4299431624763743, 1.4299431624763743, 1.4299431624763743, 1.4299431624763743, 1.4299431624763743], "length": 17.77765995408007, "seg_id": 1, "type": "Side", "parent": 0, "children": []}, {"pos": [[0.0, 0.0, 18.18514456609359], [-0.21192296841770125, -0.2632633330512153, 20.02493900068013], [-0.40768603597843867, -0.4967274348024147, 21.864733435266672], [-0.5872892026822121, -0.7003923052535984, 23.704527869853216], [-0.7507324685290214, -0.874257944404766, 25.544322304439756], [-0.8980158335188669, -1.0183243522559178, 27.384116739026293], [-1.0291392976517486, -1.1325915288070536, 29.223911173612834], [-1.1441028609276662, -1.2170594740581737, 31.06370560819937], [-1.2429065233466199, -1.271728188009278, 32.903500042785915], [-1.3255502849086096, -1.2965976706603661, 34.74329447737245], [-1.3920341456136356, -1.2916679220114387, 36.583088911958995], [-1.4423581054616974, -1.2569389420624955, 38.42288334654553], [-1.4765221644527955, -1.192410730813536, 40.262677781132076], [-1.4945263225869294, -1.0980832882645608, 42.10247221571861], [-1.4963705798640994, -0.9739566144155698, 43.94226665030516], [-1.4820549362843056, -0.820030709266563, 45.782061084891694]], "radius": [0.7399236859868741, 1.259347431117064, 1.7622267331021064, 1.991484941417306, 1.977917085794945, 1.960636556441257, 1.9433560270875687, 1.9260754977338805, 1.9087949683801924, 1.8915144390265044, 1.874233909672816, 1.856953380319128, 1.8396728509654399, 1.8223923216117517, 1.8051117922580635, 1.7878312629043753], "ref_radius": [2.047039203209698, 2.02975867385601, 2.0124781445023214, 1.9951976151486333, 1.977917085794945, 1.960636556441257, 1.9433560270875687, 1.9260754977338805, 1.9087949683801924, 1.8915144390265044, 1.874233909672816, 1.856953380319128, 1.8396728509654399, 1.8223923216117517, 1.8051117922580635, 1.7878312629043753], "length": 27.64884696590107, "seg_id": 2, "type": "Main", "parent": 0, "children": [3, 4]}, {"pos": [[-1.4820549362843056, -0.820030709266563, 45.782061084891694], [0.32403260985728766, -1.4824288082739419, 47.586658409720144], [1.9469871076186824, -1.8463241820171143, 49.39125573454858], [3.386808556999879, -1.9117168304960812, 51.19585305937703], [4.643496958000877, -1.678606753710842, 53.00045038420548], [5.717052310621676, -1.146993951661397, 54.80504770903392]], "radius": [1.1389911496759137, 1.1389911496759137, 1.1389911496759137, 1.1389911496759137, 1.1389911496759137, 1.1389911496759137], "ref_radius": [1.1389911496759137, 1.1389911496759137, 1.1389911496759137, 1.1389911496759137, 1.1389911496759137, 1.1389911496759137], "length": 11.547655075112917, "seg_id": 3, "type": "Side", "parent": 2, "children": []}, {"pos": [[-1.4820549362843056, -0.820030709266563, 45.782061084891694], [-1.7179101272154818, -1.179811743617503, 47.6845235147859], [-1.9513563168722403, -1.4978741733249654, 49.586985944680094], [-2.182393505254581, -1.7742179983889501, 51.48944837457429], [-2.411021692362505, -2.008843218809457, 53.39191080446849], [-2.6372408781960113, -2.2017498345864865, 55.29437323436269], [-2.8610510627551005, -2.352937845720038, 57.19683566425688], [-3.0824522460397716, -2.462407252210112, 59.09929809415108], [-3.3014444280500257, -2.5301580540567086, 61.00176052404528], [-3.5180276087858617, -2.556190251259827, 62.904222953939474], [-3.732201788247281, -2.5405038438194687, 64.80668538383367], [-3.943966966434283, -2.4830988317356324, 66.70914781372787], [-4.153323143346867, -2.383975215008318, 68.61161024362207], [-4.360270318985034, -2.243132993637526, 70.51407267351627]], "radius": [1.7705507335506872, 1.7527367608601039, 1.7349227881695206, 1.7171088154789373, 1.699294842788354, 1.6814808700977708, 1.6636668974071878, 1.6458529247166045, 1.6280389520260212, 1.610224979335438, 1.5924110066448547, 1.5745970339542714, 1.5567830612636882, 1.5389690885731049], "ref_radius": [1.7705507335506872, 1.7527367608601039, 1.7349227881695206, 1.7171088154789373, 1.699294842788354, 1.6814808700977708, 1.6636668974071878, 1.6458529247166045, 1.6280389520260212, 1.610224979335438, 1.5924110066448547, 1.5745970339542714, 1.5567830612636882, 1.5389690885731049], "length": 24.939561766816542, "seg_id": 4, "type": "Main", "parent": 2, "children": [5, 6]}, {"pos": [[-4.360270318985034, -2.243132993637526, 70.51407267351627], [-3.487729318065103, -2.614018155307709, 72.14091248536796], [-2.556548176682561, -2.9167565669899482, 73.76775229721966], [-1.5667268948374053, -3.1513482286842422, 75.39459210907133], [-0.5182654725296385, -3.317793140390593, 77.02143192092302], [0.5888360902407401, -3.4160913021090002, 78.6482717327747], [1.754577793473732, -3.446242713839463, 80.27511154462638], [2.978959637169335, -3.4082473755819818, 81.90195135647807], [4.261981621327551, -3.3021052873365573, 83.52879116832976], [5.603643745948377, -3.127816449103188, 85.15563098018144], [7.003946011031816, -2.885380860881875, 86.78247079203312]], "radius": [1.0742864172096735, 1.0742864172096735, 1.0742864172096735, 1.0742864172096735, 1.0742864172096735, 1.0742864172096735, 1.0742864172096735, 1.0742864172096735, 1.0742864172096735, 1.0742864172096735, 1.0742864172096735], "ref_radius": [1.0742864172096735, 1.0742864172096735, 1.0742864172096735, 1.0742864172096735, 1.0742864172096735, 1.0742864172096735, 1.0742864172096735, 1.0742864172096735, 1.0742864172096735, 1.0742864172096735, 1.0742864172096735], "length": 19.85494075692406, "seg_id": 5, "type": "Side", "parent": 4,