{"case_id": "LAD_467_bc0", "artery_type": "LAD", "segments": [{"pos": [[0.0, 0.0, 0.0], [0.06061525058771197, -0.23902820013741277, 1.8364555695233582], [0.11112795941080528, -0.43821836691859006, 3.672911139046716], [0.15153812646927992, -0.5975705003435319, 5.509366708570074], [0.18184575176313592, -0.7170846004122383, 7.345822278093432], [0.20205083529237325, -0.7967606671247093, 9.18227784761679], [0.2121533770569919, -0.8365987004809446, 11.018733417140147], [0.2121533770569919, -0.8365987004809446, 12.855188986663507], [0.20205083529237322, -0.7967606671247092, 14.691644556186864], [0.18184575176313592, -0.7170846004122383, 16.52810012571022], [0.15153812646927992, -0.5975705003435319, 18.36455569523358], [0.11112795941080521, -0.4382183669185898, 20.201011264756943], [0.06061525058771194, -0.23902820013741263, 22.0374668342803], [0.0, 0.0, 23.873922403803654]], "radius": [2.445745153908252, 2.4136439258231586, 2.3181478038577246, 2.1667859552937294, 1.971501456936704, 1.7477030645922533, 1.5130493984085978, 1.2860556046033524, 1.084632433735623, 0.9246730082990204, 0.8187987895262283, 0.7753636918185667, 0.7977949242970903, 0.8843225698071449], "ref_radius": [2.445745153908252, 2.445745153908252, 2.445745153908252, 2.445745153908252, 2.445745153908252, 2.445745153908252, 2.445745153908252, 2.445745153908252, 2.445745153908252, 2.445745153908252, 2.445745153908252, 2.445745153908252, 2.445745153908252, 2.445745153908252], "length": 23.873922403803654, "seg_id": 0, "type": "Root", "parent": null, "children": [1, 2]}, {"pos": [[0.0, 0.0, 23.873922403803654], [0.799576343921005, -0.11379372927914286, 25.478346800872842], [1.6359898695777586, -0.19482200999044663, 27.082771197942044], [2.509240576970261, -0.24308484213391118, 28.687195595011236], [3.419328466098512, -0.25858222570953665, 30.291619992080435], [4.366253536962511, -0.24131416071732295, 31.896044389149626], [5.35001578956226, -0.19128064715727014, 33.50046878621882], [6.370615223897756, -0.10848168502937827, 35.10489318328801], [7.428051839969003, 0.007082725666352874, 36.70931758035721], [8.522325637775996, 0.15541258492992316, 38.3137419774264], [9.65343661731874, 0.33650789276133236, 39.91816637449559], [10.82138477859723, 0.5503686491605809, 41.522590771564786], [12.026170121611472, 0.7969948541276687, 43.12701516863398]], "radius": [1.6927629188879711, 1.6927629188879711, 1.6927629188879711, 1.6927629188879711, 1.6927629188879711, 1.6927629188879711, 1.6927629188879711, 1.6927629188879711, 1.6927629188879711, 1.6927629188879711, 1.6927629188879711, 1.6927629188879711, 1.6927629188879711], "ref_radius": [1.6927629188879711, 1.6927629188879711, 1.6927629188879711, 1.6927629188879711, 1.6927629188879711, 1.6927629188879711, 1.6927629188879711, 1.6927629188879711, 1.6927629188879711, 1.6927629188879711, 1.6927629188879711, 1.6927629188879711, 1.6927629188879711], "length": 22.714434829037863, "seg_id": 1, "type": "Side", "parent": 0, "children": []}, {"pos": [[0.0, 0.0, 23.873922403803654], [-0.15358318173728336, 0.1421371635122313, 25.678830259248898], [-0.29150392447253715, 0.2752595287777503, 27.48373811469414], [-0.4137622282057615, 0.3993670957965569, 29.288645970139385], [-0.5203580929369561, 0.514459864568651, 31.093553825584628], [-0.6112915186661211, 0.6205378350940328, 32.89846168102987], [-0.6865625053932567, 0.7176010073727024, 34.70336953647512], [-0.7461710531183626, 0.8056493814046595, 36.50827739192036], [-0.790117161841439, 0.8846829571899041, 38.3131852473656], [-0.8184008315624858, 0.9547017347284366, 40.118093102810846], [-0.831022062281503, 1.0157057140202566, 41.92300095825609], [-0.8279808539984908, 1.0676948950653642, 43.72790881370133], [-0.8092772067134488, 1.1106692778637595, 45.532816669146584], [-0.7749111204263772, 1.1446288624154421, 47.33772452459182], [-0.7248825951372763, 1.1695736487204127, 49.14263238003706], [-0.6591916308461457, 1.185503636778671, 50.94754023548231], [-0.5778382275529854, 1.192418826590217, 52.75244809092756], [-0.48082238525779564, 1.1903192181550502, 54.5573559463728], [-0.3681441039605763, 1.1792048114731712, 56.362263801818045]], "radius": [0.9734328333778131, 0.7767719138125764, 0.6855617629565605, 0.7088982139096598, 0.8406402915447375, 1.060435345292707, 1.3331346482777375, 1.074785761859639, 0.8674093388795647, 0.7316088152612321, 0.6798916218718942, 0.7154248096947262, 0.8318280036022117, 1.0140110888294236, 1.2399497137817401, 1.4831907391699863, 1.7158030412601781, 1.9114446369652802, 2.0482093341278804], "ref_radius": [2.445745153908252, 2.4286336701740687, 2.411522186439886, 2.3944107027057027, 2.3772992189715194, 2.3601877352373366, 2.3430762515031534, 2.32596476776897, 2.3088532840347873, 2.291741800300604, 2.2746303165664212, 2.257518832832238, 2.2404073490980547, 2.223295865363872, 2.2061843816296887, 2.1890728978955054, 2.1719614141613226, 2.1548499304271393, 2.137738446692956], "length": 32.51181909494788, "seg_id": 2, "type": "Main", "parent": 0, "children": [3, 4]}, {"pos": [[-0.3681441039605763, 1.1792048114731712, 56.362263801818045], [0.5429018462156644, 1.2818229349300168, 58.00180968107202], [1.4402907576050588, 1.3802026184107061, 59.641355560326], [2.3240226302076064, 1.47434386191524, 61.280901439579964], [3.194097464023308, 1.5642466654436178, 62.920447318833936], [4.050515259052163, 1.6499110289958396, 64.55999319808791], [4.893276015294171, 1.7313369525719056, 66.19953907734188], [5.722379732749333, 1.8085244361718156, 67.83908495659585], [6.537826411417649, 1.8814734797955697, 69.47863083584983], [7.339616051299118, 1.9501840834431678, 71.1181767151038], [8.127748652393741, 2.01465624711461, 72.75772259435777], [8.902224214701517, 2.0748899708098967, 74.39726847361175], [9.663042738222448, 2.1308852545290273, 76.03681435286572], [10.41020422295653, 2.1826420982720016, 77.67636023211969], [11.143708668903766, 2.23016050203882, 79.31590611137368], [11.863556076064157, 2.2734404658294833, 80.95545199062765], [12.569746444437701, 2.31248198964399, 82.59499786988162]], "radius": [1.3123415315244864, 1.3123415315244864, 1.3123415315244864, 1.3123415315244864, 1.3123415315244864, 1.3123415315244864, 1.3123415315244864, 1.3123415315244864, 1.3123415315244864, 1.3123415315244864, 1.3123415315244864, 1.3123415315244864, 1.3123415315244864, 1.3123415315244864, 1.3123415315244864, 1.3123415315244864, 1.3123415315244864], "ref_radius": [1.3123415315244864, 1.3123415315244864, 1.3123415315244864, 1.3123415315244864, 1.3123415315244864, 1.3123415315244864, 1.3123415315244864, 1.3123415315244864, 1.3123415315244864, 1.3123415315244864, 1.3123415315244864, 1.3123415315244864, 1.3123415315244864, 1.3123415315244864, 1.3123415315244864, 1.3123415315244864, 1.3123415315244864], "length": 29.27165293745196, "seg_id": 3, "type": "Side", "parent": 2, "children": []}, {"pos": [[-0.3681441039605763, 1.1792048114731712, 56.362263801818045], [-0.46652191356826533, 1.521627832119569, 58.20182104950174], [-0.5761655198085226, 1.839298424448624, 60.04137829718543], [-0.6970749226813481, 2.132216588460337, 61.880935544869125], [-0.8292501221867418, 2.400382324154707, 63.72049279255281], [-0.9726911183247037, 2.6437956315317344, 65.56005004023652], [-1.1273979110952337, 2.8624565105914197, 67.3996072879202], [-1.293370500498332, 3.0563649613337622, 69.23916453560389], [-1.4706088865339986, 3.225520983758763, 71.07872178328759], [-1.6591130692022333, 3.3699245778664206, 72.91827903097129], [-1.8588830485030363, 3.4895757436567356, 74.75783627865498], [-2.0699188244364075, 3.5844744811297087, 76.59739352633866], [-2.292220397002347, 3.6546207902853385, 78.43695077402236], [-2.525787766200854, 3.700014671123627, 80.27650802170606], [-2.77062093203193, 3.7206561236445714, 82.11606526938975], [-3.026719894495574, 3.7165451478481746, 83.95562251707344], [-3.2940846535917863, 3.687681743734435, 85.79517976475714]],