{"case_id": "LAD_549_bc2", "artery_type": "LAD", "segments": [{"pos": [[0.0, 0.0, 0.0], [-0.053963071276234564, -0.1856952623807451, 1.7997023624250146], [-0.10021713237014991, -0.34486263013566953, 3.5994047248500296], [-0.13876218328174605, -0.47750210326477327, 5.399107087275045], [-0.16959822401102292, -0.5836136817680561, 7.198809449700058], [-0.1927252545579806, -0.6631973656455183, 8.998511812125074], [-0.20814327492261903, -0.7162531548971597, 10.798214174550088], [-0.21585228510493826, -0.7427810495229804, 12.597916536975102], [-0.21585228510493826, -0.7427810495229804, 14.397618899400115], [-0.20814327492261903, -0.7162531548971597, 16.19732126182513], [-0.1927252545579806, -0.6631973656455183, 17.997023624250147], [-0.16959822401102295, -0.5836136817680562, 19.79672598667516], [-0.138762183281746, -0.4775021032647731, 21.596428349100176], [-0.10021713237014988, -0.3448626301356694, 23.39613071152519], [-0.05396307127623455, -0.18569526238074507, 25.195833073950205], [0.0, 0.0, 26.995535436375217]], "radius": [2.7633670293836903, 2.7633670293836903, 2.7633670293836903, 2.7633670293836903, 2.7633670293836903, 2.7434737145822172, 2.3181753028252055, 1.5526131743951213, 0.8590275545569324, 0.6109007271704381, 0.9418441333159975, 1.6736512248468638, 2.4122582033332076, 2.75993966428319, 2.7633670293836903, 2.7633670293836903], "ref_radius": [2.7633670293836903, 2.7633670293836903, 2.7633670293836903, 2.7633670293836903, 2.7633670293836903, 2.7633670293836903, 2.7633670293836903, 2.7633670293836903, 2.7633670293836903, 2.7633670293836903, 2.7633670293836903, 2.7633670293836903, 2.7633670293836903, 2.7633670293836903, 2.7633670293836903, 2.7633670293836903], "length": 26.995535436375217, "seg_id": 0, "type": "Root", "parent": null, "children": [1, 2]}, {"pos": [[0.0, 0.0, 26.995535436375217], [1.099868751672823, -0.5393870403661163, 28.46879945449544], [2.2314671853541284, -0.9629103147364694, 29.942063472615658], [3.3947953010439162, -1.2705698231110591, 31.41532749073588], [4.589853098742187, -1.4623655654898857, 32.8885915088561], [5.81664057844894, -1.5382975418729492, 34.36185552697633], [7.075157740164174, -1.4983657522602494, 35.835119545096546], [8.365404583887893, -1.3425701966517862, 37.30838356321677], [9.687381109620093, -1.0709108750475598, 38.78164758133699]], "radius": [1.6066855051756586, 1.6066855051756586, 1.6066855051756586, 1.6066855051756586, 1.6066855051756586, 1.6066855051756586, 1.6066855051756586, 1.6066855051756586, 1.6066855051756586], "ref_radius": [1.6066855051756586, 1.6066855051756586, 1.6066855051756586, 1.6066855051756586, 1.6066855051756586, 1.6066855051756586, 1.6066855051756586, 1.6066855051756586, 1.6066855051756586], "length": 15.293941361170926, "seg_id": 1, "type": "Side", "parent": 0, "children": []}, {"pos": [[0.0, 0.0, 26.995535436375217], [-0.08977279917232896, -0.24653049350510695, 28.759113043210405], [-0.1718174081344961, -0.4744556871445794, 30.52269065004559], [-0.2461338268865015, -0.6837755809184173, 32.28626825688078], [-0.3127220554283452, -0.8744901748266208, 34.04984586371597], [-0.3715820937600271, -1.04659946886919, 35.81342347055115], [-0.42271394188154726, -1.2001034630461247, 37.57700107738635], [-0.4661175997929056, -1.3350021573574247, 39.34057868422153], [-0.5017930674941022, -1.4512955518030906, 41.104156291056725], [-0.5297403449851371, -1.548983646383122, 42.86773389789191], [-0.5499594322660102, -1.6280664410975185, 44.6313115047271], [-0.5624503293367216, -1.688543935946281, 46.39488911156229], [-0.5672130361972711, -1.7304161309294086, 48.15846671839747], [-0.5642475528476589, -1.753683026046902, 49.92204432523266], [-0.553553879287885, -1.7583446212987612, 51.685621932067846], [-0.5351320155179493, -1.7444009166849856, 53.44919953890304], [-0.5089819615378519, -1.7118519122055755, 55.21277714573823], [-0.47510371734759266, -1.660697607860531, 56.976354752573414]], "radius": [2.7633670293836903, 2.746683397583371, 2.7299997657830524, 2.713316133982733, 2.6966325021824145, 2.6799488703820953, 2.663265238581776, 2.6465816067814574, 2.548914054962557, 2.1522663658259824, 1.5652222628019972, 0.9736719792177029, 0.5625663843452178, 0.45711731959489965, 0.683752299429164, 1.162991411905216, 1.7360997339514643, 2.2165971138208223], "ref_radius": [2.7633670293836903, 2.746683397583371, 2.7299997657830524, 2.713316133982733, 2.6966325021824145, 2.6799488703820953, 2.663265238581776, 2.6465816067814574, 2.629897974981138, 2.6132143431808195, 2.5965307113805003, 2.579847079580181, 2.5631634477798624, 2.546479815979543, 2.5297961841792245, 2.5131125523789053, 2.496428920578586, 2.4797452887782674], "length": 30.030537240574198, "seg_id": 2, "type": "Main", "parent": 0, "children": [3, 4]}, {"pos": [[-0.47510371734759266, -1.660697607860531, 56.976354752573414], [0.5351979634730698, -1.8247758227771036, 58.375077699120986], [1.5636524103443183, -1.9953961913937661, 59.77380064566856], [2.610259623266153, -2.172558713710519, 61.17252359221613], [3.6750196022385726, -2.356263389727361, 62.5712465387637], [4.757932347261578, -2.546510219444293, 63.96996948531126], [5.8589978583351705, -2.7432992028613152, 65.36869243185882], [6.9782161354593475, -2.9466303399784275, 66.7674153784064], [8.11558717863411, -3.15650363079563, 68.16613832495396], [9.271110987859458, -3.3729190753129217, 69.56486127150153], [10.444787563135394, -3.5958766735303036, 70.9635842180491], [11.636616904461913, -3.8253764254477756, 72.36230716459666], [12.846599011839023, -4.0614183310653384, 73.76103011114424], [14.074733885266713, -4.30400239038299, 75.1597530576918], [15.321021524744992, -4.553128603400732, 76.55847600423937], [16.585461930273855, -4.808796970118563, 77.95719895078693]], "radius": [1.6239419680624894, 1.6239419680624894, 1.6239419680624894, 1.6239419680624894, 1.6239419680624894, 1.6239419680624894, 1.6239419680624894, 1.6239419680624894, 1.6239419680624894, 1.6239419680624894, 1.6239419680624894, 1.6239419680624894, 1.6239419680624894, 1.6239419680624894, 1.6239419680624894, 1.6239419680624894], "ref_radius": [1.6239419680624894, 1.6239419680624894, 1.6239419680624894, 1.6239419680624894, 1.6239419680624894, 1.6239419680624894, 1.6239419680624894, 1.6239419680624894, 1.6239419680624894, 1.6239419680624894, 1.6239419680624894, 1.6239419680624894, 1.6239419680624894, 1.6239419680624894, 1.6239419680624894, 1.6239419680624894], "length": 27.224423833777642, "seg_id": 3, "type": "Side", "parent": 2, "children": []}, {"pos": [[-0.47510371734759266, -1.660697607860531, 56.976354752573414], [-0.5591147674280753, -1.8626287803754453, 58.75558643446572], [-0.633891875110349, -2.0632085954230366, 60.53481811635804], [-0.6994350403944142, -2.262437053003305, 62.314049798250366], [-0.7557442632802704, -2.4603141531162507, 64.09328148014266], [-0.8028195437679179, -2.6568398957618724, 65.87251316203498], [-0.8406608818573565, -2.8520142809401716, 67.65174484392729], [-0.8692682775485866, -3.045837308651148, 69.4309765258196], [-0.8886417308416078, -3.238308978894801, 71.2102082077119], [-0.8987812417364203, -3.4294292916711315, 72.98943988960423], [-0.8996868102330241, -3.619198246980139, 74.76867157149653], [-0.8913584363314191, -3.8076158448218234, 76.54790325338884], [-0.8737961200316053, -3.994682085196185, 78.32713493528117], [-0.8469998613335827, -4.180396968103223, 80.10636661717346], [-0.8109696602373516, -4.3647604935429385, 81.88559829906578], [-0.7657055167429115, -4.547772661515331, 83.66482998095809]], "radius": [2.4499139082013075, 2.4462830624279515, 2.4295044678779547, 2.4127258733279575, 2.3959472787779608, 2.379168684227964, 2.3623900896779673, 2.3456114951279705, 2.3288329005779733, 2.3120543060279766, 2.29527571147798, 2.278497116927983, 2.2617185223779863, 2.244939927827989, 2.2281613332779924, 2.2113827387279956],