{"case_id": "LAD_4236_bc2", "artery_type": "LAD", "segments": [{"pos": [[0.0, 0.0, 0.0], [-0.1602321215693786, -0.2731668366959748, 1.8684192791763685], [-0.2913311301261429, -0.4966669758108633, 3.736838558352737], [-0.39329702567029295, -0.6705004173446654, 5.605257837529106], [-0.4661298082018287, -0.7946671612973812, 7.473677116705474], [-0.5098294777207502, -0.8691672076690107, 9.342096395881843], [-0.5243960342270573, -0.8940005564595539, 11.210515675058211], [-0.5098294777207502, -0.8691672076690108, 13.078934954234578], [-0.4661298082018287, -0.7946671612973812, 14.947354233410948], [-0.39329702567029295, -0.6705004173446654, 16.815773512587317], [-0.29133113012614303, -0.4966669758108635, 18.684192791763685], [-0.1602321215693787, -0.2731668366959749, 20.552612070940054], [0.0, 0.0, 22.421031350116422]], "radius": [2.6127538602448994, 2.6127538602448994, 2.6127538602448994, 2.6127538602448994, 2.6016622190107523, 2.5334752710173376, 2.4084857478933928, 2.237030572992593, 2.0332894868023295, 1.8141123495293228, 1.5976256185937048, 1.401733248573732, 1.2426359926513972], "ref_radius": [2.6127538602448994, 2.6127538602448994, 2.6127538602448994, 2.6127538602448994, 2.6127538602448994, 2.6127538602448994, 2.6127538602448994, 2.6127538602448994, 2.6127538602448994, 2.6127538602448994, 2.6127538602448994, 2.6127538602448994, 2.6127538602448994], "length": 22.421031350116422, "seg_id": 0, "type": "Root", "parent": null, "children": [1, 2]}, {"pos": [[0.0, 0.0, 22.421031350116422], [1.3522959437243816, -0.12114272581027238, 23.979286771796367], [2.664346871382726, -0.24015187597835713, 25.537542193476316], [3.9361527829750327, -0.3570274505042542, 27.09579761515626], [5.167713678501302, -0.4717694493879636, 28.654053036836206], [6.359029557961534, -0.5843778726294853, 30.21230845851615], [7.5101004213557285, -0.6948527202288195, 31.7705638801961], [8.620926268683885, -0.8031939921859659, 33.328819301876045], [9.691507099946005, -0.9094016885009247, 34.88707472355599], [10.721842915142089, -1.0134758091736957, 36.445330145235936], [11.711933714272131, -1.1154163542042792, 38.00358556691588], [12.661779497336141, -1.215223323592675, 39.56184098859582], [13.571380264334111, -1.3128967173388832, 41.12009641027577]], "radius": [1.6517371851929437, 1.6517371851929437, 1.6517371851929437, 1.6517371851929437, 1.6517371851929437, 1.6517371851929437, 1.6517371851929437, 1.6517371851929437, 1.6517371851929437, 1.6517371851929437, 1.6517371851929437, 1.6517371851929437, 1.6517371851929437], "ref_radius": [1.6517371851929437, 1.6517371851929437, 1.6517371851929437, 1.6517371851929437, 1.6517371851929437, 1.6517371851929437, 1.6517371851929437, 1.6517371851929437, 1.6517371851929437, 1.6517371851929437, 1.6517371851929437, 1.6517371851929437, 1.6517371851929437], "length": 23.142192942623844, "seg_id": 1, "type": "Side", "parent": 0, "children": []}, {"pos": [[0.0, 0.0, 22.421031350116422], [-0.12462999455704082, -0.34904359258033807, 24.234896194656642], [-0.2488771083033991, -0.6702701500970223, 26.048761039196858], [-0.3727413412390748, -0.9636796725500529, 27.86262588373707], [-0.49622269336406805, -1.2292721599394298, 29.676490728277294], [-0.6193211646783786, -1.4670476122651528, 31.490355572817503], [-0.7420367551820068, -1.677006029527222, 33.30422041735772], [-0.8643694648749525, -1.8591474117256377, 35.11808526189794], [-0.9863192937572156, -2.0134717588603994, 36.93195010643815], [-1.107886241828796, -2.1399790709315076, 38.74581495097837], [-1.229070309089694, -2.238669347938962, 40.55967979551859], [-1.3498714955399096, -2.309542589882763, 42.3735446400588], [-1.4702898011794423, -2.35259879676291, 44.18740948459902], [-1.5903252260082927, -2.367837968579403, 46.001274329139235], [-1.7099777700264607, -2.3552601053322424, 47.815139173679455]], "radius": [1.1334915627624298, 1.0762610595855018, 1.081989562648116, 1.1483908246764893, 1.2682082762957079, 1.3608067903367138, 1.1199638075826097, 0.9711125321591882, 0.9331128319363897, 1.0083081618410192, 1.1824057550739129, 1.4268018087358754, 1.7029767237571098, 1.9682861414385333, 1.9215320080380165], "ref_radius": [2.6127538602448994, 2.5957136204670808, 2.578673380689262, 2.5616331409114435, 2.5445929011336244, 2.5275526613558057, 2.510512421577987, 2.4934721818001684, 2.4764319420223497, 2.459391702244531, 2.4423514624667124, 2.4253112226888938, 2.4082709829110747, 2.391230743133256, 2.3741905033554374], "length": 25.560359666728075, "seg_id": 2, "type": "Main", "parent": 0, "children": [3, 4]}, {"pos": [[-1.7099777700264607, -2.3552601053322424, 47.815139173679455], [-0.6290030371236198, -2.3320299675432676, 49.32906646170096], [0.45264519656981345, -2.337837349415217, 50.84299374972247], [1.5349669310538403, -2.37268225094809, 52.35692103774396], [2.61796216632846, -2.4365646721418877, 53.87084832576547], [3.7016309023936715, -2.529484612996609, 55.38477561378697], [4.785973139249477, -2.6514420735122544, 56.89870290180848], [5.870988876895876, -2.8024370536888243, 58.41263018982998], [6.956678115332867, -2.9824695535263177, 59.92655747785149], [8.04304085456045, -3.191539573024736, 61.44048476587298], [9.130077094578628, -3.4296471121840777, 62.95441205389449], [10.217786835387397, -3.6967921710043434, 64.46833934191599], [11.30617007698676, -3.9929747494855334, 65.9822666299375], [12.395226819376717, -4.318194847627648, 67.49619391795902], [13.484957062557266, -4.672452465430686, 69.01012120598051]], "radius": [1.6200576235172948, 1.6200576235172948, 1.6200576235172948, 1.6200576235172948, 1.6200576235172948, 1.6200576235172948, 1.6200576235172948, 1.6200576235172948, 1.6200576235172948, 1.6200576235172948, 1.6200576235172948, 1.6200576235172948, 1.6200576235172948, 1.6200576235172948, 1.6200576235172948], "ref_radius": [1.6200576235172948, 1.6200576235172948, 1.6200576235172948, 1.6200576235172948, 1.6200576235172948, 1.6200576235172948, 1.6200576235172948, 1.6200576235172948, 1.6200576235172948, 1.6200576235172948, 1.6200576235172948, 1.6200576235172948, 1.6200576235172948, 1.6200576235172948, 1.6200576235172948], "length": 26.18172431964192, "seg_id": 3, "type": "Side", "parent": 2, "children": []}, {"pos": [[-1.7099777700264607, -2.3552601053322424, 47.815139173679455], [-1.9084700733528743, -2.8635285382264564, 49.665131165914865], [-2.1048139759719033, -3.3471358373486684, 51.515123158150296], [-2.2990094778835464, -3.8060820026988758, 53.36511515038569], [-2.491056579087805, -4.2403670342770825, 55.21510714262109], [-2.680955279584679, -4.649990932083286, 57.06509913485651], [-2.8687055793741676, -5.034953696117487, 58.91509112709192], [-3.0543074784562716, -5.395255326379685, 60.765083119327336], [-3.23776097683099, -5.730895822869881, 62.615075111562746], [-3.419066074498324, -6.041875185588074, 64.46506710379815], [-3.5982227714582726, -6.3281934145342635, 66.31505909603356]], "radius": [1.6683438110013653, 1.4118420104473948, 1.178621985687448, 0.9921840387914747, 0.8706401088550035, 0.8248391671155981, 0.8573046170539784, 0.9620866212765986, 1.1255317545883283, 1.3278730715087808, 1.5454563281432954], "ref_radius": [2.3571502635776187, 2.3398632669502315, 2.322576270322844, 2.3052892736954567, 2.2880022770680695, 2.2707152804406823, 2.2534282838132946, 2.2361412871859074, 2.2188542905585202, 2.201567293931133, 2.1842802973037454], "length": 19.015696290126044, "seg_id": 4, "type": "Main", "parent": 2,