{"case_id": "LAD_4226_bc2", "artery_type": "LAD", "segments": [{"pos": [[0.0, 0.0, 0.0], [0.15491885700598151, 0.02082871616666613, 1.881380770833787], [0.27541130134396713, 0.03702882874073979, 3.7627615416675746], [0.36147733301395685, 0.04860033772222097, 5.644142312501361], [0.4131169520159506, 0.055543243111109676, 7.525523083335148], [0.4303301583499486, 0.05785754490740591, 9.406903854168934], [0.4131169520159506, 0.055543243111109676, 11.288284625002722], [0.36147733301395674, 0.04860033772222096, 13.16966539583651], [0.2754113013439671, 0.037028828740739775, 15.051046166670297], [0.15491885700598146, 0.020828716166666122, 16.932426937504083], [0.0, 0.0, 18.81380770833787]], "radius": [3.306090844527615, 3.306090844527615, 3.306090844527615, 3.3048998298793193, 3.033012643223283, 2.3869369901837265, 1.6169724263495335, 1.0214149596884998, 0.8309926303791815, 1.1194779512474176, 1.7751073118436815], "ref_radius": [3.306090844527615, 3.306090844527615, 3.306090844527615, 3.306090844527615, 3.306090844527615, 3.306090844527615, 3.306090844527615, 3.306090844527615, 3.306090844527615, 3.306090844527615, 3.306090844527615], "length": 18.81380770833787, "seg_id": 0, "type": "Root", "parent": null, "children": [1, 2]}, {"pos": [[0.0, 0.0, 18.81380770833787], [0.8768484941551165, -0.1843670212614599, 20.23868075817218], [1.8332410689305434, -0.3072405236149105, 21.663553808006494], [2.8691777243262813, -0.36862050706035193, 23.08842685784081], [3.98465846034233, -0.368506971597784, 24.51329990767512], [5.17968327697869, -0.30689991722720683, 25.938172957509437], [6.454252174235359, -0.1837993439486205, 27.363046007343748], [7.808365152112339, 0.0007947482379750404, 28.78791905717806], [9.242022210609631, 0.24688235933258007, 30.212792107012376], [10.755223349727235, 0.5544634893351944, 31.637665156846687]], "radius": [1.873636377875762, 1.873636377875762, 1.873636377875762, 1.873636377875762, 1.873636377875762, 1.873636377875762, 1.873636377875762, 1.873636377875762, 1.873636377875762, 1.873636377875762], "ref_radius": [1.873636377875762, 1.873636377875762, 1.873636377875762, 1.873636377875762, 1.873636377875762, 1.873636377875762, 1.873636377875762, 1.873636377875762, 1.873636377875762, 1.873636377875762], "length": 16.746151167453338, "seg_id": 1, "type": "Side", "parent": 0, "children": []}, {"pos": [[0.0, 0.0, 18.81380770833787], [0.08476981628829097, -0.03924841840601299, 20.575821665777454], [0.14956258445914716, -0.06015003854204809, 22.337835623217035], [0.19437830451256846, -0.06270486040810525, 24.09984958065661], [0.21921697644855498, -0.046912884004184544, 25.861863538096202], [0.22407860026710663, -0.012774109330285888, 27.623877495535776], [0.20896317596822347, 0.03971146361359071, 29.38589145297536], [0.17387070355190543, 0.1105438348274452, 31.14790541041494], [0.11880118301815268, 0.19972300431127754, 32.90991936785452], [0.04375461436696515, 0.3072489720650877, 34.671933325294106], [-0.051269002401657326, 0.4331217380888759, 36.43394728273368], [-0.1662696672877147, 0.5773413023826421, 38.19596124017327], [-0.30124738029120685, 0.7399076649463863, 39.95797519761285], [-0.4562021414121337, 0.920820825780108, 41.71998915505243], [-0.6311339506504956, 1.120080784883808, 43.482003112492016], [-0.8260428080062918, 1.3376875422574854, 45.244017069931594], [-1.0409287134795235, 1.5736410979011413, 47.00603102737118], [-1.2757916670701899, 1.827941451814775, 48.76804498481076], [-1.5306316687782906, 2.1005886039983857, 50.53005894225035], [-1.8054487186038266, 2.391582554451975, 52.29207289968992], [-2.100242816546797, 2.7009233031755424, 54.054086857129505]], "radius": [2.5438799046522926, 3.1120099216609525, 3.2723708654406383, 3.2555108758971496, 3.238650886353661, 3.2217908968101727, 3.204930907266684, 3.1880709177231954, 3.171210928179707, 3.1543509386362185, 3.13749094909273, 3.120630959549241, 3.103770970005753, 3.0869109804622643, 3.0700509909187756, 3.0531910013752874, 3.0363310118317988, 3.01947102228831, 3.002611032744822, 2.985751043201333, 2.9688910536578446], "ref_radius": [3.306090844527615, 3.2892308549841265, 3.2723708654406383, 3.2555108758971496, 3.238650886353661, 3.2217908968101727, 3.204930907266684, 3.1880709177231954, 3.171210928179707, 3.1543509386362185, 3.13749094909273, 3.120630959549241, 3.103770970005753, 3.0869109804622643, 3.0700509909187756, 3.0531910013752874, 3.0363310118317988, 3.01947102228831, 3.002611032744822, 2.985751043201333, 2.9688910536578446], "length": 35.405978041325895, "seg_id": 2, "type": "Main", "parent": 0, "children": [3, 4]}, {"pos": [[-2.100242816546797, 2.7009233031755424, 54.054086857129505], [-0.8318408314349387, 2.8855733451289125, 55.56227805909702], [0.4054719376591349, 3.051161099445006, 57.07046926106453], [1.6116954907354244, 3.1976865661238225, 58.57866046303205], [2.7868298277939276, 3.325149745165362, 60.08685166499956], [3.9308749488346466, 3.433550636569625, 61.59504286696706], [5.043830853857582, 3.5228892403366108, 63.10323406893457], [6.125697542862731, 3.59316555646632, 64.61142527090209], [7.176475015850096, 3.644379584958753, 66.1196164728696], [8.196163272819676, 3.676531325813909, 67.6278076748371], [9.184762313771472, 3.689620779031788, 69.13599887680462], [10.142272138705481, 3.68364794461239, 70.64419007877211], [11.068692747621709, 3.6586128225557157, 72.15238128073963], [11.964024140520149, 3.6145154128617647, 73.66057248270715], [12.828266317400804, 3.5513557155305366, 75.16876368467466], [13.661419278263676, 3.469133730562032, 76.67695488664216]], "radius": [1.7029594640073134, 1.7029594640073134, 1.7029594640073134, 1.7029594640073134, 1.7029594640073134, 1.7029594640073134, 1.7029594640073134, 1.7029594640073134, 1.7029594640073134, 1.7029594640073134, 1.7029594640073134, 1.7029594640073134, 1.7029594640073134, 1.7029594640073134, 1.7029594640073134, 1.7029594640073134], "ref_radius": [1.7029594640073134, 1.7029594640073134, 1.7029594640073134, 1.7029594640073134, 1.7029594640073134, 1.7029594640073134, 1.7029594640073134, 1.7029594640073134, 1.7029594640073134, 1.7029594640073134, 1.7029594640073134, 1.7029594640073134, 1.7029594640073134, 1.7029594640073134, 1.7029594640073134, 1.7029594640073134], "length": 27.58286238105967, "seg_id": 3, "type": "Side", "parent": 2, "children": []}, {"pos": [[-2.100242816546797, 2.7009233031755424, 54.054086857129505], [-2.5063958353121727, 2.488454356419272, 55.86736057577523], [-2.8887932098819515, 2.2890893383364266, 57.68063429442095], [-3.247434940256134, 2.1028282489270067, 59.49390801306669], [-3.5823210264347183, 1.929671088191012, 61.307181731712404], [-3.893451468417706, 1.7696178561284428, 63.12045545035812], [-4.180826266205097, 1.6226685527392992, 64.93372916900385], [-4.444445419796891, 1.4888231780235808, 66.74700288764957], [-4.6843089291930875, 1.3680817319812877, 68.5602766062953], [-4.900416794393687, 1.2604442146124202, 70.37355032494102], [-5.092769015398689, 1.165910625916978, 72.18682404358675], [-5.2613655922080955, 1.0844809658949615, 74.00009776223246], [-5.406206524821904, 1.01615523454637, 75.8133714808782], [-5.527291813240115, 0.9609334318712041, 77.62664519952392], [-5.6246214574627285, 0.9188155578694635, 79.43991891816964], [-5.698195457489747, 0.8898016125411483, 81.25319263681536], [-5.748013813321167, 0.8738915958862588, 83.0664663554611], [-5.774076524956991, 0.8710855079047943, 84.87974007410682], [-5.776383592397217, 0.8813833485967553, 86.69301379275254]], "radius": [2.9520310641143563, 2.934717560120575, 2.9174040561267933, 2.9000905521330114, 2.88277704813923, 2.8654635441454483, 2.848150040151667, 2.830836536157885, 2.8135230321641034, 2.796209528170322, 2.7788960241765404, 2.761582520182759, 2.744269016188977, 2.7269555121951954, 2.709642008201414, 2.6923285042076324, 2.6750150002138504, 2.657701496220069, 2.6403879922262874],