{"case_id": "LAD_3787_bc2", "artery_type": "LAD", "segments": [{"pos": [[0.0, 0.0, 0.0], [-0.07622885701467612, -0.047756894591862324, 1.7923072616871272], [-0.14348961320409623, -0.08989533099644673, 3.5846145233742543], [-0.20178226856826034, -0.1264153092137532, 5.376921785061382], [-0.2511068231071684, -0.15731682924378176, 7.169229046748509], [-0.29146327682082046, -0.18259989108653243, 8.961536308435637], [-0.32285162970921655, -0.20226449474200517, 10.753843570122765], [-0.34527188177235657, -0.21631064021019994, 12.54615083180989], [-0.3587240330102406, -0.2247383274911168, 14.338458093497017], [-0.3632080834228686, -0.22754755658475578, 16.130765355184145], [-0.3587240330102406, -0.2247383274911168, 17.923072616871274], [-0.34527188177235657, -0.21631064021019994, 19.715379878558398], [-0.32285162970921655, -0.20226449474200517, 21.507687140245526], [-0.29146327682082046, -0.18259989108653243, 23.299994401932654], [-0.2511068231071685, -0.15731682924378182, 25.09230166361978], [-0.20178226856826043, -0.12641530921375327, 26.884608925306907], [-0.14348961320409628, -0.08989533099644677, 28.67691618699404], [-0.07622885701467616, -0.047756894591862345, 30.469223448681163], [0.0, 0.0, 32.26153071036829]], "radius": [2.650790558781916, 2.650790558781916, 2.650790558781916, 2.650790558781916, 2.650790558781916, 2.650790558781916, 2.650790558781916, 2.650790558781916, 2.650790558781916, 2.650790558781916, 2.650790558781916, 2.650790558781916, 2.650790558781916, 2.650790558781916, 2.650790558781916, 2.650790558781916, 2.650790558781916, 2.650790558781916, 2.650790558781916], "ref_radius": [2.650790558781916, 2.650790558781916, 2.650790558781916, 2.650790558781916, 2.650790558781916, 2.650790558781916, 2.650790558781916, 2.650790558781916, 2.650790558781916, 2.650790558781916, 2.650790558781916, 2.650790558781916, 2.650790558781916, 2.650790558781916, 2.650790558781916, 2.650790558781916, 2.650790558781916, 2.650790558781916, 2.650790558781916], "length": 32.26153071036829, "seg_id": 0, "type": "Root", "parent": null, "children": [1, 2]}, {"pos": [[0.0, 0.0, 32.26153071036829], [1.4056441881540593, -0.23258321214671868, 33.669772022326875], [2.7721595951610447, -0.3883582133158955, 35.07801333428546], [4.099546221020956, -0.46732500350753037, 36.48625464624405], [5.387804065733793, -0.4694835827216232, 37.89449595820263], [6.636933129299557, -0.39483395095817425, 39.30273727016122], [7.846933411718244, -0.24337610821718325, 40.7109785821198], [9.01780491298986, -0.015110054498650327, 42.11921989407839], [10.1495476331144, 0.28996421019742447, 43.527461206036975]], "radius": [1.6155010336958058, 1.6155010336958058, 1.6155010336958058, 1.6155010336958058, 1.6155010336958058, 1.6155010336958058, 1.6155010336958058, 1.6155010336958058, 1.6155010336958058], "ref_radius": [1.6155010336958058, 1.6155010336958058, 1.6155010336958058, 1.6155010336958058, 1.6155010336958058, 1.6155010336958058, 1.6155010336958058, 1.6155010336958058, 1.6155010336958058], "length": 15.166363648986241, "seg_id": 1, "type": "Side", "parent": 0, "children": []}, {"pos": [[0.0, 0.0, 32.26153071036829], [-0.1611024387987283, -0.4212110604075547, 34.16223116947953], [-0.3047339568509821, -0.7899327348589624, 36.062931628590796], [-0.43089455415676126, -1.106165023354223, 37.96363208770204], [-0.539584230716066, -1.3699079258933369, 39.86433254681329], [-0.630802986528896, -1.5811614424763036, 41.765033005924536], [-0.7045508215952516, -1.7399255731031236, 43.665733465035785], [-0.7608277359151328, -1.8462003177737965, 45.566433924147034], [-0.7996337294885392, -1.8999856764883223, 47.46713438325828], [-0.8209688023154711, -1.9012816492467008, 49.36783484236953], [-0.8248329543959285, -1.850088236048933, 51.26853530148078], [-0.8112261857299115, -1.7464054368950177, 53.16923576059203], [-0.7801484963174198, -1.5902332517849558, 55.06993621970328]], "radius": [2.650790558781916, 2.6331928041620074, 2.6155950495420988, 2.59799729492219, 2.5803995403022815, 2.5425061690338526, 2.2643274974882512, 1.776717961342484, 1.251535395344301, 0.8716007602513216, 0.7656321131232358, 0.963297241563476, 1.3860719861236348], "ref_radius": [2.650790558781916, 2.6331928041620074, 2.6155950495420988, 2.59799729492219, 2.5803995403022815, 2.562801785682373, 2.545204031062464, 2.5276062764425555, 2.510008521822647, 2.4924107672027382, 2.4748130125828296, 2.457215257962921, 2.4396175033430123], "length": 22.87708100588123, "seg_id": 2, "type": "Main", "parent": 0, "children": [3, 4]}, {"pos": [[-0.7801484963174198, -1.5902332517849558, 55.06993621970328], [0.5673052915028016, -1.6929047732047524, 56.37685169373728], [1.9146381770435823, -1.8063874537566025, 57.68376716777126], [3.2618501603049217, -1.9306812934405053, 58.99068264180524], [4.608941241286821, -2.0657862922564623, 60.29759811583924], [5.955911419989278, -2.2117024502044726, 61.604513589873235], [7.302760696412296, -2.3684297672845354, 62.91142906390722], [8.649489070555873, -2.535968243496652, 64.2183445379412], [9.996096542420005, -2.7143178788408218, 65.5252600119752], [11.342583112004698, -2.903478673317045, 66.83217548600919], [12.688948779309953, -3.103450626925322, 68.13909096004318], [14.035193544335767, -3.314233739665652, 69.44600643407718], [15.381317407082136, -3.5358280115380354, 70.75292190811116], [16.727320367549066, -3.7682334425424715, 72.05983738214515]], "radius": [1.6654645500758987, 1.6654645500758987, 1.6654645500758987, 1.6654645500758987, 1.6654645500758987, 1.6654645500758987, 1.6654645500758987, 1.6654645500758987, 1.6654645500758987, 1.6654645500758987, 1.6654645500758987, 1.6654645500758987, 1.6654645500758987, 1.6654645500758987], "ref_radius": [1.6654645500758987, 1.6654645500758987, 1.6654645500758987, 1.6654645500758987, 1.6654645500758987, 1.6654645500758987, 1.6654645500758987, 1.6654645500758987, 1.6654645500758987, 1.6654645500758987, 1.6654645500758987, 1.6654645500758987, 1.6654645500758987, 1.6654645500758987], "length": 24.493098872125955, "seg_id": 3, "type": "Side", "parent": 2, "children": []}, {"pos": [[-0.7801484963174198, -1.5902332517849558, 55.06993621970328], [-0.7880968005024127, -1.7326194982953527, 56.8100837236364], [-0.774814429008494, -1.8954522593126126, 58.550231227569526], [-0.7403013818356637, -2.0787315348367343, 60.290378731502656], [-0.684557658983922, -2.2824573248677185, 62.03052623543578], [-0.6075832604532686, -2.506629629405565, 63.7706737393689], [-0.5093781862437038, -2.7512484484502746, 65.51082124330203], [-0.3899424363552273, -3.0163137820018457, 67.25096874723516], [-0.24927601078783934, -3.30182563006028, 68.99111625116828], [-0.08737890954153982, -3.6077839926255764, 70.73126375510141], [0.09574886738367117, -3.934188869697735, 72.47141125903454], [0.3001073199877939, -4.281040261276756, 74.21155876296766], [0.525696448270828, -4.64833816736264, 75.95170626690079], [0.7725162522327738, -5.036082587955386, 77.69185377083392], [1.0405667318736311, -5.444273523054995, 79.43200127476703], [1.3298478871933999, -5.872910972661465, 81.17214877870016], [1.6403597181920802, -6.321994936774798, 82.91229628263329]], "radius": [1.8766496975338909, 2.256777831461367, 2.388672556718682, 2.371998960716471, 2.3553253647142602, 2.338651768712049, 2.321978172709838, 2.3053045767076275, 2.2886309807054164, 2.2719573847032057, 2.2031685790376625, 1.9415514375275753, 1.5475458758829803, 1.1283218126298085, 0.796379912307241, 0.638566060074033, 0.6925996121844513], "ref_radius": [2.4220197487231037, 2.4053461527208926, 2.388672556718682, 2.371998960716471, 2.3553253647142602, 2.338651768712049, 2.321978172709838, 2.3053045767076275, 2.2886309807054164, 2.2719573847032057, 2.2552837887009947, 2.2386101926987836, 2.221936596696573, 2.205263000694362, 2.1885894046921512, 2.17191580868994, 2.155242212687729], "length": 28.345113203758533, "seg_id": 4, "type": "Main", "parent": 2,