{"case_id": "LAD_2076_bc0", "artery_type": "LAD", "segments": [{"pos": [[0.0, 0.0, 0.0], [-0.2073487952886098, 0.020761335338832926, 1.8578722145614237], [-0.38507633410741826, 0.03855676562926116, 3.7157444291228474], [-0.5331826164564253, 0.05338629087128468, 5.573616643684272], [-0.6516676423356309, 0.06524991106490349, 7.431488858245695], [-0.7405314117450351, 0.0741476262101176, 9.289361072807118], [-0.7997739246846378, 0.080079436306927, 11.147233287368543], [-0.8293951811544392, 0.0830453413553317, 13.005105501929965], [-0.8293951811544392, 0.0830453413553317, 14.86297771649139], [-0.7997739246846378, 0.080079436306927, 16.72084993105281], [-0.7405314117450351, 0.0741476262101176, 18.578722145614236], [-0.6516676423356309, 0.0652499110649035, 20.436594360175658], [-0.5331826164564252, 0.053386290871284665, 22.294466574737086], [-0.38507633410741815, 0.03855676562926114, 24.15233878929851], [-0.20734879528860975, 0.020761335338832922, 26.01021100385993], [0.0, 0.0, 27.868083218421354]], "radius": [2.6175550481937244, 2.6175550481937244, 2.6175550481937244, 2.6175550481937244, 2.6175550481937244, 2.6175550481937244, 2.6175550481937244, 2.6175550481937244, 2.601891673637982, 2.530652276206419, 2.4063204565316654, 2.237010360436548, 2.0337715069628284, 1.8098676744277886, 1.5799112794455505, 1.3589097410875874], "ref_radius": [2.6175550481937244, 2.6175550481937244, 2.6175550481937244, 2.6175550481937244, 2.6175550481937244, 2.6175550481937244, 2.6175550481937244, 2.6175550481937244, 2.6175550481937244, 2.6175550481937244, 2.6175550481937244, 2.6175550481937244, 2.6175550481937244, 2.6175550481937244, 2.6175550481937244, 2.6175550481937244], "length": 27.868083218421354, "seg_id": 0, "type": "Root", "parent": null, "children": [1, 2]}, {"pos": [[0.0, 0.0, 27.868083218421354], [0.9143162533353091, -0.3014689884197716, 29.31793876055357], [1.8816522490324754, -0.5511346708678397, 30.76779430268579], [2.902007987091499, -0.7489970473442042, 32.217649844818006], [3.9753834675123807, -0.8950561178488654, 33.667505386950225], [5.10177869029512, -0.9893118823818231, 35.11736092908245], [6.281193655439715, -1.0317643409430772, 36.567216471214664], [7.513628362946168, -1.022413493532628, 38.01707201334689], [8.79908281281448, -0.9612593401504752, 39.4669275554791], [10.137557005044648, -0.848301880796619, 40.91678309761133], [11.529050939636674, -0.6835411154710591, 42.36663863974354], [12.973564616590556, -0.46697704417379604, 43.81649418187576]], "radius": [1.49099017218254, 1.49099017218254, 1.49099017218254, 1.49099017218254, 1.49099017218254, 1.49099017218254, 1.49099017218254, 1.49099017218254, 1.49099017218254, 1.49099017218254, 1.49099017218254, 1.49099017218254], "ref_radius": [1.49099017218254, 1.49099017218254, 1.49099017218254, 1.49099017218254, 1.49099017218254, 1.49099017218254, 1.49099017218254, 1.49099017218254, 1.49099017218254, 1.49099017218254, 1.49099017218254, 1.49099017218254], "length": 20.56412552674848, "seg_id": 1, "type": "Side", "parent": 0, "children": []}, {"pos": [[0.0, 0.0, 27.868083218421354], [-0.04672461139810721, 0.06968099298241921, 29.80927634356336], [-0.1442047781141588, 0.12758897291864676, 31.750469468705372], [-0.2924405001481548, 0.1737239398086826, 33.691662593847376], [-0.49143177750009515, 0.20808589365252672, 35.632855718989376], [-0.7411786101699798, 0.23067483445017917, 37.57404884413138], [-1.0416809981578092, 0.24149076220163995, 39.51524196927339], [-1.3929389414635827, 0.24053367690690897, 41.45643509441539], [-1.7949524400873003, 0.22780357856598638, 43.3976282195574], [-2.2477214940289625, 0.20330046717887207, 45.338821344699404], [-2.751246103288569, 0.16702434274556607, 47.280014469841404]], "radius": [1.1612860663845765, 0.9931285096160429, 0.8733360297342603, 0.8082750924394815, 0.8006625882249692, 0.849438514974584, 0.9498869554256029, 1.0939940737176082, 1.154995822494299, 1.0069320051104134, 0.9478381753514531], "ref_radius": [2.6175550481937244, 2.599730830126149, 2.581906612058573, 2.5640823939909976, 2.5462581759234224, 2.528433957855847, 2.510609739788271, 2.4927855217206956, 2.47496130365312, 2.4571370855855443, 2.439312867517969], "length": 19.606639874333098, "seg_id": 2, "type": "Main", "parent": 0, "children": [3, 4]}, {"pos": [[-2.751246103288569, 0.16702434274556607, 47.280014469841404], [-1.274271695522161, 0.042833490964929555, 48.77350050764158], [0.14618052038262802, -0.08055461971134652, 50.26698654544176], [1.510110544425796, -0.20313998928326213, 51.76047258324194], [2.817518376607346, -0.32492261775081743, 53.25395862104212], [4.068404016927276, -0.4459025051140123, 54.747444658842305], [5.2627674653855845, -0.5660796513728465, 56.24093069664248], [6.400608721982275, -0.6854540565273205, 57.73441673444266], [7.481927786717346, -0.804025720577434, 59.22790277224284], [8.506724659590796, -0.9217946435231873, 60.72138881004303], [9.474999340602627, -1.03876082536458, 62.214874847843205], [10.38675182975284, -1.1549242661016121, 63.70836088564339]], "radius": [1.3476726725910644, 1.3476726725910644, 1.3476726725910644, 1.3476726725910644, 1.3476726725910644, 1.3476726725910644, 1.3476726725910644, 1.3476726725910644, 1.3476726725910644, 1.3476726725910644, 1.3476726725910644, 1.3476726725910644], "ref_radius": [1.3476726725910644, 1.3476726725910644, 1.3476726725910644, 1.3476726725910644, 1.3476726725910644, 1.3476726725910644, 1.3476726725910644, 1.3476726725910644, 1.3476726725910644, 1.3476726725910644, 1.3476726725910644, 1.3476726725910644], "length": 21.0771227583517, "seg_id": 3, "type": "Side", "parent": 2, "children": []}, {"pos": [[-2.751246103288569, 0.16702434274556607, 47.280014469841404], [-3.017343794924104, -0.06933067437487403, 49.083699697768125], [-3.245542596297887, -0.28944880977931753, 50.88738492569487], [-3.435842507409917, -0.4933300634677644, 52.69107015362159], [-3.588243528260194, -0.6809744354402146, 54.49475538154832], [-3.7027456588487175, -0.8523819256966683, 56.29844060947505], [-3.7793488991754884, -1.0075525342371252, 58.10212583740177], [-3.8180532492405064, -1.1464862610615856, 59.90581106532851], [-3.818858709043772, -1.2691831061700496, 61.70949629325524], [-3.7817652785852838, -1.3756430695625168, 63.51318152118197], [-3.7067729578650432, -1.4658661512389872, 65.3168667491087], [-3.5938817468830493, -1.539852351199461, 67.12055197703542], [-3.443091645639303, -1.5976016694439386, 68.92423720496215]], "radius": [0.9822502379507736, 1.103488402252835, 1.2933786281153647, 1.403384729590547, 1.121944158931124, 0.8843467343105884, 0.7143799113575087, 0.6282157360356784, 0.6327766441540228, 0.7251217399923815, 0.8929053488075809, 1.115843071465946, 1.3680126479945751], "ref_radius": [2.4214886494503935, 2.4047755299708764, 2.3880624104913593, 2.3713492910118417, 2.3546361715323245, 2.3379230520528074, 2.3212099325732902, 2.304496813093773, 2.287783693614256, 2.2710705741347383, 2.254357454655221, 2.237644335175704, 2.220931215696187], "length": 21.72705532337239, "seg_id": 4, "type": "Main", "parent": 2, "children": [5, 6]}, {"pos": [[-3.443091645639303, -1.5976016694439386, 68.92423720496215], [-1.8943468110254784, -1.153892910477476, 70.56865726296944], [-0.38053129567576116, -0.9230197764748864, 72.21307732097672], [1.0983549004098483, -0.9049822674361696, 73.857497378984], [2.5423117772313493, -1.0997803833613258, 75.50191743699128], [3.9513393347887424, -1.507414124250355, 77.14633749499856], [5.325437573082029, -2.1278834901032573, 78.79075755300585]], "radius": [1.4969863595783488, 1.4969863595783488, 1.4969863595783488, 1.4969863595783488, 1.4969863595783488, 1.4969863595783488, 1.4969863595783488], "ref_radius": [1.4969863595783488, 1.4969863595783488, 1.4969863595783488, 1.4969863595783488, 1.4969863595783488, 1.4969863595783488, 1.4969863595783488], "length": 13.21047036434553, "seg_id": 5, "type": "Side", "parent": 4,