{"case_id": "LAD_666_bc9", "artery_type": "LAD", "segments": [{"pos": [[0.0, 0.0, 0.0], [-0.1739956451326122, -0.08289330058263422, 1.801326470710553], [-0.32752121436727005, -0.1560344481555468, 3.6026529414211064], [-0.4605767077039735, -0.21942344271873768, 5.403979412131659], [-0.5731621251427226, -0.27306028427220685, 7.205305882842213], [-0.6652774666835173, -0.3169449728159544, 9.006632353552767], [-0.7369227323263576, -0.3510775083499803, 10.807958824263318], [-0.7880979220712436, -0.37545789087428444, 12.60928529497387], [-0.818803035918175, -0.3900861203888669, 14.410611765684425], [-0.8290380738671523, -0.3949621968937278, 16.211938236394978], [-0.818803035918175, -0.3900861203888669, 18.013264707105535], [-0.7880979220712436, -0.37545789087428444, 19.814591177816084], [-0.7369227323263576, -0.3510775083499803, 21.615917648526636], [-0.6652774666835173, -0.3169449728159544, 23.41724411923719], [-0.5731621251427228, -0.27306028427220697, 25.21857058994774], [-0.46057670770397374, -0.21942344271873776, 27.019897060658295], [-0.32752121436727016, -0.15603444815554685, 28.82122353136885], [-0.17399564513261231, -0.08289330058263426, 30.622550002079404], [0.0, 0.0, 32.423876472789956]], "radius": [1.9632808043582817, 1.9021620550244487, 1.6322727461553383, 1.2406520694422631, 0.8692381201607806, 0.6526453138781514, 0.6693750479980374, 0.9133638362526213, 1.2961809446875265, 1.679079023019313, 1.9232813744217736, 1.9632808043582817, 1.9632808043582817, 1.9632808043582817, 1.9632808043582817, 1.9632808043582817, 1.9632808043582817, 1.9632808043582817, 1.9632808043582817], "ref_radius": [1.9632808043582817, 1.9632808043582817, 1.9632808043582817, 1.9632808043582817, 1.9632808043582817, 1.9632808043582817, 1.9632808043582817, 1.9632808043582817, 1.9632808043582817, 1.9632808043582817, 1.9632808043582817, 1.9632808043582817, 1.9632808043582817, 1.9632808043582817, 1.9632808043582817, 1.9632808043582817, 1.9632808043582817, 1.9632808043582817, 1.9632808043582817], "length": 32.423876472789956, "seg_id": 0, "type": "Root", "parent": null, "children": [1, 2]}, {"pos": [[0.0, 0.0, 32.423876472789956], [1.020538688216836, 0.04709385574009535, 33.86011628667864], [2.0656850585470075, 0.08634162783540338, 35.296356100567316], [3.1354391109905144, 0.11774331628592409, 36.732595914456], [4.2298008455473575, 0.14129892109165748, 38.16883572834468], [5.348770262217536, 0.15700844225260355, 39.60507554223337], [6.49234736100105, 0.16487187976876228, 41.04131535612204], [7.660532141897901, 0.16488923364013372, 42.47755517001073], [8.853324604908085, 0.15706050386671783, 43.91379498389941], [10.070724750031605, 0.14138569044851462, 45.35003479778809], [11.312732577268463, 0.11786479338552408, 46.786274611676774], [12.579348086618658, 0.08649781267774617, 48.22251442556545], [13.870571278082185, 0.04728474832518103, 49.65875423945414], [15.186402151659047, 0.0002256003278285598, 51.094994053342816]], "radius": [1.267080179626253, 1.267080179626253, 1.267080179626253, 1.267080179626253, 1.267080179626253, 1.267080179626253, 1.267080179626253, 1.267080179626253, 1.267080179626253, 1.267080179626253, 1.267080179626253, 1.267080179626253, 1.267080179626253, 1.267080179626253], "ref_radius": [1.267080179626253, 1.267080179626253, 1.267080179626253, 1.267080179626253, 1.267080179626253, 1.267080179626253, 1.267080179626253, 1.267080179626253, 1.267080179626253, 1.267080179626253, 1.267080179626253, 1.267080179626253, 1.267080179626253, 1.267080179626253], "length": 24.067352203132778, "seg_id": 1, "type": "Side", "parent": 0, "children": []}, {"pos": [[0.0, 0.0, 32.423876472789956], [-0.16226386765152184, -0.058676817191599756, 34.25159787005572], [-0.3078069216611835, -0.12271423546684378, 36.07931926732148], [-0.43662916202898494, -0.19211225482573208, 37.90704066458724], [-0.5487305887549261, -0.26687087526826464, 39.734762061853004], [-0.6441112018390072, -0.3469900967944415, 41.562483459118766], [-0.722771001281228, -0.4324699194042626, 43.390204856384536], [-0.7847099870815885, -0.523310343097728, 45.21792625365029], [-0.8299281592400889, -0.6195113678748376, 47.04564765091606], [-0.858425517756729, -0.7210729937355915, 48.87336904818182], [-0.870202062631509, -0.8279952206799898, 50.70109044544758], [-0.8652577938644286, -0.9402780487080322, 52.528811842713345], [-0.8435927114554882, -1.057921477819719, 54.356533239979115], [-0.8052068154046875, -1.18092550801505, 56.18425463724487], [-0.7501001057120266, -1.309290139294025, 58.01197603451064], [-0.6782725823775054, -1.4430153716566447, 59.8396974317764], [-0.5897242454011241, -1.5821012051029086, 61.66741882904216]], "radius": [1.9632808043582817, 1.8543577656044095, 1.5015342090960413, 1.0367442466778776, 0.6401572208276463, 0.4619543342902066, 0.5638925685236384, 0.8966530867969382, 1.3212309449320738, 1.6651607340856454, 1.7908464787685936, 1.7737427516446291, 1.7565120195797514, 1.739281287514874, 1.7220505554499965, 1.7048198233851188, 1.6875890913202414], "ref_radius": [1.9632808043582817, 1.9460500722934042, 1.9288193402285267, 1.911588608163649, 1.8943578760987716, 1.8771271440338941, 1.8598964119690167, 1.842665679904139, 1.8254349478392615, 1.808204215774384, 1.7909734837095066, 1.7737427516446291, 1.7565120195797514, 1.739281287514874, 1.7220505554499965, 1.7048198233851188, 1.6875890913202414], "length": 29.292244510291773, "seg_id": 2, "type": "Main", "parent": 0, "children": [3, 4]}, {"pos": [[-0.5897242454011241, -1.5821012051029086, 61.66741882904216], [0.5514283091782941, -1.4856984844393915, 63.30529338174143], [1.6338498226449372, -1.4131410001907576, 64.9431679344407], [2.657540294998805, -1.3644287523570064, 66.58104248713995], [3.6224997262398975, -1.3395617409381382, 68.21891703983923], [4.528728116368216, -1.3385399659341528, 69.85679159253849], [5.376225465383756, -1.3613634273450503, 71.49466614523774], [6.1649917732865225, -1.4080321251708305, 73.132540697937], [6.895027040076515, -1.478546059411494, 74.77041525063628], [7.566331265753732, -1.5729052300670403, 76.40828980333553]], "radius": [1.0609927518396496, 1.0609927518396496, 1.0609927518396496, 1.0609927518396496, 1.0609927518396496, 1.0609927518396496, 1.0609927518396496, 1.0609927518396496, 1.0609927518396496, 1.0609927518396496], "ref_radius": [1.0609927518396496, 1.0609927518396496, 1.0609927518396496, 1.0609927518396496, 1.0609927518396496, 1.0609927518396496, 1.0609927518396496, 1.0609927518396496, 1.0609927518396496, 1.0609927518396496], "length": 16.846798008754106, "seg_id": 3, "type": "Side", "parent": 2, "children": []}, {"pos": [[-0.5897242454011241, -1.5821012051029086, 61.66741882904216], [-0.9637595291703931, -1.7602883081825091, 63.63987764832538], [-1.2799872801819159, -1.8670120200038973, 65.6123364676086], [-1.5384074984356921, -1.9022723405670725, 67.58479528689182], [-1.7390201839317225, -1.8660692698720354, 69.55725410617502], [-1.8818253366700068, -1.7584028079187854, 71.52971292545824], [-1.966822956650545, -1.5792729547073232, 73.50217174474146], [-1.9940130438733372, -1.3286797102376482, 75.47463056402466], [-1.963395598338383, -1.0066230745097609, 77.4470893833079], [-1.874970620045683, -0.613103047523661, 79.4195482025911], [-1.7287381089952367, -0.14811962927934852, 81.39200702187432]], "radius": [1.670358359255364, 1.652349797583592, 1.6343412359118201, 1.6163326742400481, 1.5983241125682763, 1.5803155508965043, 1.5623069892247325, 1.5442984275529605, 1.5262898658811885, 1.5082813042094168, 1.4902727425376447], "ref_radius": [1.670358359255364, 1.652349797583592, 1.6343412359118201, 1.6163326742400481, 1.5983241125682763, 1.5803155508965043, 1.5623069892247325, 1.5442984275529605, 1.5262898658811885, 1.5082813042094168, 1.4902727425376447], "length": 19.809417838949102, "seg_id": 4, "type": "Main", "parent": 2,