{"case_id": "LAD_1822_bc3", "artery_type": "LAD", "segments": [{"pos": [[0.0, 0.0, 0.0], [-0.07280299420450852, 0.11597447822545354, 1.8065727545114856], [-0.13589892251508257, 0.21648569268751328, 3.613145509022971], [-0.18928778493172216, 0.30153364338617916, 5.419718263534457], [-0.23296958145442725, 0.3711183303214513, 7.226291018045942], [-0.2669443120831979, 0.4252397534933296, 9.032863772557427], [-0.29121197681803407, 0.46389791290181415, 10.839436527068914], [-0.3057725756589358, 0.48709280854690484, 12.646009281580397], [-0.310626108605903, 0.49482444042860174, 14.452582036091885], [-0.3057725756589358, 0.48709280854690484, 16.259154790603368], [-0.29121197681803407, 0.46389791290181415, 18.065727545114857], [-0.2669443120831979, 0.4252397534933296, 19.87230029962634], [-0.23296958145442725, 0.3711183303214513, 21.678873054137828], [-0.18928778493172216, 0.30153364338617916, 23.485445808649313], [-0.13589892251508257, 0.21648569268751328, 25.2920185631608], [-0.07280299420450852, 0.11597447822545354, 27.098591317672284], [0.0, 0.0, 28.90516407218377]], "radius": [2.3922960081476297, 2.3922960081476297, 2.3922960081476297, 2.3922960081476297, 2.3922960081476297, 2.3922960081476297, 2.3922960081476297, 2.3922960081476297, 2.3922960081476297, 2.3922960081476297, 2.3922960081476297, 2.3922960081476297, 2.3922960081476297, 2.3922960081476297, 2.3312026513423336, 2.0184824422217105, 1.519556639305804], "ref_radius": [2.3922960081476297, 2.3922960081476297, 2.3922960081476297, 2.3922960081476297, 2.3922960081476297, 2.3922960081476297, 2.3922960081476297, 2.3922960081476297, 2.3922960081476297, 2.3922960081476297, 2.3922960081476297, 2.3922960081476297, 2.3922960081476297, 2.3922960081476297, 2.3922960081476297, 2.3922960081476297, 2.3922960081476297], "length": 28.90516407218377, "seg_id": 0, "type": "Root", "parent": null, "children": [1, 2]}, {"pos": [[0.0, 0.0, 28.90516407218377], [0.81036044539997, 0.3299244000855614, 30.51268659193762], [1.7794289767413691, 0.5732987728841951, 32.120209111691466], [2.907205594024197, 0.7301231183959007, 33.72773163144531], [4.193690297248455, 0.8003974366206789, 35.33525415119916], [5.6388830864141415, 0.7841217275585292, 36.94277667095301], [7.242783961521258, 0.6812959912094516, 38.55029919070685], [9.005392922569804, 0.4919202275734461, 40.1578217104607]], "radius": [1.4804238607158606, 1.4804238607158606, 1.4804238607158606, 1.4804238607158606, 1.4804238607158606, 1.4804238607158606, 1.4804238607158606, 1.4804238607158606], "ref_radius": [1.4804238607158606, 1.4804238607158606, 1.4804238607158606, 1.4804238607158606, 1.4804238607158606, 1.4804238607158606, 1.4804238607158606, 1.4804238607158606], "length": 14.420866517808092, "seg_id": 1, "type": "Side", "parent": 0, "children": []}, {"pos": [[0.0, 0.0, 28.90516407218377], [0.20026734050609532, 0.15141031187077958, 30.81033753129097], [0.3780494011143554, 0.3255654797418884, 32.715510990398165], [0.5333461818247802, 0.5224655036133263, 34.620684449505376], [0.66615768263737, 0.7421103834850935, 36.52585790861258], [0.7764839035521244, 0.9845001193571901, 38.43103136771978], [0.8643248445690436, 1.2496347112296156, 40.336204826826986], [0.9296805056881277, 1.5375141591023704, 42.24137828593419], [0.9725508869093764, 1.8481384629754545, 44.14655174504139], [0.9929359882327901, 2.181507622848868, 46.051725204148596], [0.9908358096583684, 2.5376216387226105, 47.9568986632558], [0.9662503511861116, 2.916480510596682, 49.862072122363]], "radius": [0.9673674882138521, 0.505293768467088, 0.26278913830613426, 0.29821255972755045, 0.5954659073455622, 1.0693665464903084, 1.5892462634807836, 2.014248258074609, 2.230789292708198, 2.2334390866742146, 2.215788317621613, 2.198137548569011], "ref_radius": [2.3922960081476297, 2.374645239095028, 2.356994470042426, 2.339343700989825, 2.321692931937223, 2.3040421628846213, 2.2863913938320195, 2.2687406247794177, 2.2510898557268164, 2.2334390866742146, 2.215788317621613, 2.198137548569011], "length": 21.180922863122007, "seg_id": 2, "type": "Main", "parent": 0, "children": [3, 4]}, {"pos": [[0.9662503511861116, 2.916480510596682, 49.862072122363], [2.24511844643993, 2.850201800135772, 51.19591583772548], [3.530374257613267, 2.81465858076614, 52.529759553087956], [4.822017784706122, 2.8098508524877865, 53.86360326845045], [6.120049027718496, 2.835778615300711, 55.197446983812924], [7.424467986650388, 2.892441869204914, 56.5312906991754], [8.735274661501798, 2.979840614200395, 57.865134414537884], [10.052469052272725, 3.097974850287154, 59.19897812990036], [11.376051158963172, 3.246844577465191, 60.532821845262845], [12.706020981573138, 3.4264497957345066, 61.86666556062532]], "radius": [1.541478659980106, 1.541478659980106, 1.541478659980106, 1.541478659980106, 1.541478659980106, 1.541478659980106, 1.541478659980106, 1.541478659980106, 1.541478659980106, 1.541478659980106], "ref_radius": [1.541478659980106, 1.541478659980106, 1.541478659980106, 1.541478659980106, 1.541478659980106, 1.541478659980106, 1.541478659980106, 1.541478659980106, 1.541478659980106, 1.541478659980106], "length": 16.79858764134213, "seg_id": 3, "type": "Side", "parent": 2, "children": []}, {"pos": [[0.9662503511861116, 2.916480510596682, 49.862072122363], [0.9484148133543507, 3.1790268133344783, 51.67842498037804], [0.915212034606612, 3.411154364916634, 53.494777838393084], [0.8666420149428955, 3.6128631653431507, 55.31113069640813], [0.8027047543632013, 3.7841532146140273, 57.12748355442317], [0.7234002528675291, 3.9250245127292644, 58.943836412438216], [0.628728510455879, 4.035477059688861, 60.76018927045325], [0.5186895271282509, 4.115510855492819, 62.576542128468304], [0.39328330288464525, 4.1651259001411365, 64.39289498648334], [0.2525098377250616, 4.184322193633815, 66.20924784449838], [0.0963691316495, 4.173099735970852, 68.02560070251343], [-0.07513881534203926, 4.13145852715225, 69.84195356052848], [-0.2620140032495564, 4.059398567178008, 71.6583064185435], [-0.4642564320730516, 3.9569198560481267, 73.47465927655855], [-0.6818661018125245, 3.824022393762606, 75.29101213457359], [-0.9148430124679751, 3.6607061803214442, 77.10736499258864], [-1.1631871640394038, 3.4669712157246435, 78.92371785060368]], "radius": [2.18048677951641, 2.1633428054564674, 2.146198831396525, 2.1290548573365826, 2.1119108832766402, 1.9493694731195566, 1.516462943041302, 0.9825192498621553, 0.5545103818950603, 0.3944530444596672, 0.5565980840863136, 0.9679480037531807, 1.4590290405180522, 1.831997096653869, 1.9404711426772168, 1.9233271686172744, 1.906183194557332], "ref_radius": [2.18048677951641, 2.1633428054564674, 2.146198831396525, 2.1290548573365826, 2.1119108832766402, 2.094766909216698, 2.0776229351567554, 2.0604789610968135, 2.043334987036871, 2.0261910129769287, 2.0090470389169863, 1.991903064857044, 1.9747590907971015, 1.9576151167371592, 1.9404711426772168, 1.9233271686172744, 1.906183194557332], "length": 29.144755901902002, "seg_id": 4, "type": "Main", "parent": 2, "children": [5, 6]}, {"pos": [[-1.1631871640394038, 3.4669712157246435, 78.92371785060368], [-0.015306025670769066, 3.702810648375981, 80.38489364271449], [1.1166553499452467, 3.9013915373273993, 81.84606943482532], [2.2326969628086437, 4.062713882578896, 83.30724522693612], [3.332818812919421, 4.186777684130474, 84.76842101904697], [4.417020900277579, 4.273582941982132, 86.22959681115776], [5.485303224883118, 4.32312965613387, 87.69077260326858], [6.5376657867360395, 4.335417826585689, 89.1519483953794], [7.57410858583634, 4.310447453337588, 90.61312418749023], [8.594631622184021, 4.248218536389567, 92.07429997960105], [9.599234895779086, 4.148731075741625, 93.53547577171187], [10.58791840662153, 4.011985071393765, 94.9966515638227], [11.560682154711355, 3.8379805233459843, 96.45782735593352], [12.517526140048561, 3.626717431598284, 97.91900314804434], [13.458450362633148, 3.378195796150663, 99.38017894015515]],