{"case_id": "LAD_492_bc6", "artery_type": "LAD", "segments": [{"pos": [[0.0, 0.0, 0.0], [-0.0989801677937645, -0.03961675419781322, 1.8471487622585527], [-0.18558781461330842, -0.07428141412089978, 3.694297524517105], [-0.25982294045863175, -0.10399397976925968, 5.541446286775657], [-0.3216855453297346, -0.12875445114289294, 7.38859504903421], [-0.37117562922661684, -0.14856282824179956, 9.235743811292764], [-0.40829319214927856, -0.16341911106597953, 11.082892573551316], [-0.4330382340977197, -0.17332329961543283, 12.930041335809868], [-0.4454107550719402, -0.17827539389015948, 14.77719009806842], [-0.4454107550719402, -0.17827539389015948, 16.624338860326972], [-0.4330382340977197, -0.17332329961543283, 18.471487622585528], [-0.40829319214927856, -0.16341911106597953, 20.31863638484408], [-0.3711756292266169, -0.1485628282417996, 22.165785147102632], [-0.3216855453297347, -0.128754451142893, 24.012933909361188], [-0.25982294045863186, -0.10399397976925973, 25.860082671619736], [-0.18558781461330848, -0.07428141412089981, 27.707231433878288], [-0.09898016779376452, -0.03961675419781323, 29.554380196136844], [0.0, 0.0, 31.401528958395396]], "radius": [2.3921797370693456, 2.311233475491393, 1.8807441598216603, 1.268309223107766, 0.7585588175826876, 0.5884002893621263, 0.8369150965533341, 1.3886055704855458, 1.987072648715714, 2.3541777643993815, 2.3921797370693456, 2.3921797370693456, 2.3921797370693456, 2.3921797370693456, 2.3921797370693456, 2.3921797370693456, 2.3921797370693456, 2.3921797370693456], "ref_radius": [2.3921797370693456, 2.3921797370693456, 2.3921797370693456, 2.3921797370693456, 2.3921797370693456, 2.3921797370693456, 2.3921797370693456, 2.3921797370693456, 2.3921797370693456, 2.3921797370693456, 2.3921797370693456, 2.3921797370693456, 2.3921797370693456, 2.3921797370693456, 2.3921797370693456, 2.3921797370693456, 2.3921797370693456, 2.3921797370693456], "length": 31.401528958395396, "seg_id": 0, "type": "Root", "parent": null, "children": [1, 2]}, {"pos": [[0.0, 0.0, 31.401528958395396], [1.1651845245172274, -0.24345304800790057, 33.05825779605943], [2.2921950811868026, -0.4595374076505591, 34.71498663372348], [3.381031670008725, -0.6482530789279755, 36.371715471387525], [4.431694290982996, -0.80960006184015, 38.028444309051565], [5.444182944109615, -0.9435783563870823, 39.685173146715606], [6.418497629388579, -1.0501879625687724, 41.341901984379646], [7.354638346819893, -1.1294288803852208, 42.99863082204369], [8.252605096403554, -1.181301109836427, 44.65535965970773], [9.112397878139564, -1.2058046509223912, 46.312088497371775], [9.934016692027921, -1.2029395036431132, 47.96881733503581], [10.717461538068624, -1.1727056679985932, 49.625546172699856]], "radius": [1.7203295438347177, 1.7203295438347177, 1.7203295438347177, 1.7203295438347177, 1.7203295438347177, 1.7203295438347177, 1.7203295438347177, 1.7203295438347177, 1.7203295438347177, 1.7203295438347177, 1.7203295438347177, 1.7203295438347177], "ref_radius": [1.7203295438347177, 1.7203295438347177, 1.7203295438347177, 1.7203295438347177, 1.7203295438347177, 1.7203295438347177, 1.7203295438347177, 1.7203295438347177, 1.7203295438347177, 1.7203295438347177, 1.7203295438347177, 1.7203295438347177], "length": 21.17437186390665, "seg_id": 1, "type": "Side", "parent": 0, "children": []}, {"pos": [[0.0, 0.0, 31.401528958395396], [-0.11792933817908677, -0.23064770965457232, 33.26402584729814], [-0.21873303189450002, -0.46321268997130804, 35.12652273620089], [-0.3024110811462397, -0.6976949409502072, 36.98901962510363], [-0.3689634859343059, -0.9340944625912699, 38.85151651400638], [-0.4183902462586986, -1.172411254894496, 40.714013402909124], [-0.4506913621194176, -1.4126453178598857, 42.57651029181187], [-0.46586683351646324, -1.6547966514874388, 44.43900718071461], [-0.46391666044983526, -1.8988652557771553, 46.30150406961736], [-0.44484084291953374, -2.1448511307290348, 48.164000958520106], [-0.40863938092555874, -2.3927542763430782, 50.02649784742285], [-0.35531227446791014, -2.642574692619286, 51.8889947363256], [-0.28485952354658806, -2.894312379557656, 53.75149162522834], [-0.1972811281615925, -3.1479673371581893, 55.61398851413109]], "radius": [2.3921797370693456, 2.374551615071292, 2.195116884084847, 1.7749310131150078, 1.2648527953568498, 0.8459002106344671, 0.6635622609246201, 0.7758958673602274, 1.1339190613134917, 1.600885765075312, 2.0029038557480283, 2.19216727710459, 2.182890827421631, 2.1654500849509883], "ref_radius": [2.3921797370693456, 2.3747389945987027, 2.35729825212806, 2.339857509657417, 2.322416767186774, 2.3049760247161313, 2.2875352822454884, 2.2700945397748455, 2.2526537973042027, 2.23521305483356, 2.217772312362917, 2.200331569892274, 2.182890827421631, 2.1654500849509883], "length": 24.41703945890001, "seg_id": 2, "type": "Main", "parent": 0, "children": [3, 4]}, {"pos": [[-0.1972811281615925, -3.1479673371581893, 55.61398851413109], [0.6774249712064999, -3.3616938083934857, 57.17847725859592], [1.6077996931465204, -3.598707127756374, 58.742966003060765], [2.593843037658469, -3.8590072952468537, 60.3074547475256], [3.6355550047423453, -4.142594310864924, 61.87194349199042], [4.73293559439815, -4.449468174610587, 63.43643223645526], [5.885984806625883, -4.77962888648384, 65.0009209809201], [7.094702641425541, -5.133076446484684, 66.56540972538492], [8.359089098797131, -5.5098108546131215, 68.12989846984976], [9.679144178740648, -5.909832110869149, 69.6943872143146]], "radius": [1.3025861651451152, 1.3025861651451152, 1.3025861651451152, 1.3025861651451152, 1.3025861651451152, 1.3025861651451152, 1.3025861651451152, 1.3025861651451152, 1.3025861651451152, 1.3025861651451152], "ref_radius": [1.3025861651451152, 1.3025861651451152, 1.3025861651451152, 1.3025861651451152, 1.3025861651451152, 1.3025861651451152, 1.3025861651451152, 1.3025861651451152, 1.3025861651451152, 1.3025861651451152], "length": 17.41922218203827, "seg_id": 3, "type": "Side", "parent": 2, "children": []}, {"pos": [[-0.1972811281615925, -3.1479673371581893, 55.61398851413109], [-0.6378563525520087, -3.5298597596866625, 57.36067662550071], [-1.057058881099651, -3.8886364017340025, 59.10736473687032], [-1.4548887138045197, -4.22429726330021, 60.854052848239945], [-1.8313458506666138, -4.536842344385284, 62.60074095960955], [-2.186430291685934, -4.826271644989226, 64.34742907097916], [-2.5201420368624805, -5.092585165112034, 66.09411718234878], [-2.8324810861962533, -5.33578290475371, 67.84080529371839], [-3.1234474396872516, -5.555864863914253, 69.58749340508801], [-3.3930410973354768, -5.752831042593662, 71.33418151645762], [-3.641262059140927, -5.926681440791939, 73.08086962782724], [-3.868110325103604, -6.077416058509083, 74.82755773919686], [-4.073585895223507, -6.205034895745095, 76.57424585056647], [-4.257688769500636, -6.309537952499973, 78.32093396193609], [-4.420418947934991, -6.390925228773719, 80.06762207330571], [-4.561776430526572, -6.449196724566331, 81.81431018467532]], "radius": [2.1480093424803455, 2.131280767209077, 2.114552191937808, 2.0978236166665396, 2.0810950413952707, 2.064366466124002, 2.0476378908527337, 2.030909315581465, 2.0141807403101963, 1.9974521650389276, 1.980723589767659, 1.9639950144963902, 1.9472664392251215, 1.9305378639538529, 1.9138092886825842, 1.8970807134113157], "ref_radius": [2.1480093424803455, 2.131280767209077, 2.114552191937808, 2.0978236166665396, 2.0810950413952707, 2.064366466124002, 2.0476378908527337, 2.030909315581465, 2.0141807403101963, 1.9974521650389276, 1.980723589767659, 1.9639950144963902, 1.9472664392251215, 1.9305378639538529, 1.9138092886825842, 1.8970807134113157], "length": 26.76572043402985, "seg_id": 4, "type": "Main", "parent": 2,