{"case_id": "LAD_1735_bc6", "artery_type": "LAD", "segments": [{"pos": [[0.0, 0.0, 0.0], [-0.08974012572342711, 0.03030994535958106, 1.8895969025474622], [-0.16567407825863467, 0.05595682220230349, 3.779193805094924], [-0.22780185760562266, 0.0769406305281673, 5.668790707642386], [-0.2761234637643911, 0.0932613703371725, 7.558387610189848], [-0.31063889673493994, 0.10491904162931903, 9.447984512737309], [-0.3313481565172693, 0.11191364440460697, 11.33758141528477], [-0.3382512431113791, 0.1142451786630363, 13.227178317832234], [-0.33134815651726934, 0.11191364440460698, 15.116775220379695], [-0.31063889673494, 0.10491904162931905, 17.006372122927157], [-0.2761234637643912, 0.0932613703371725, 18.895969025474617], [-0.2278018576056227, 0.07694063052816731, 20.785565928022084], [-0.16567407825863473, 0.05595682220230351, 22.67516283056954], [-0.08974012572342721, 0.030309945359581092, 24.564759733117008], [0.0, 0.0, 26.454356635664467]], "radius": [1.9248692274260821, 1.9248692274260821, 1.9248692274260821, 1.9248692274260821, 1.8286437034934582, 1.4660094404675192, 0.9716487032738278, 0.5397820415093044, 0.3400778250300076, 0.45099427222441557, 0.8289554036251392, 1.3254708292314819, 1.745473482447438, 1.9239560315766648, 1.9248692274260821], "ref_radius": [1.9248692274260821, 1.9248692274260821, 1.9248692274260821, 1.9248692274260821, 1.9248692274260821, 1.9248692274260821, 1.9248692274260821, 1.9248692274260821, 1.9248692274260821, 1.9248692274260821, 1.9248692274260821, 1.9248692274260821, 1.9248692274260821, 1.9248692274260821, 1.9248692274260821], "length": 26.454356635664467, "seg_id": 0, "type": "Root", "parent": null, "children": [1, 2]}, {"pos": [[0.0, 0.0, 26.454356635664467], [1.0646915052324006, -0.13394255095910818, 27.95589211231031], [2.1680932323707998, -0.24845555098948285, 29.457427588956147], [3.3102051814151983, -0.34353900009112404, 30.958963065601985], [4.491027352365595, -0.41919289826403183, 32.46049854224783], [5.710559745221991, -0.4754172455082061, 33.96203401889367], [6.968802359984386, -0.5122120418236469, 35.4635694955395], [8.265755196652778, -0.5295772872103542, 36.965104972185344], [9.60141825522717, -0.527512981668328, 38.466640448831185]], "radius": [1.159388340050365, 1.159388340050365, 1.159388340050365, 1.159388340050365, 1.159388340050365, 1.159388340050365, 1.159388340050365, 1.159388340050365, 1.159388340050365], "ref_radius": [1.159388340050365, 1.159388340050365, 1.159388340050365, 1.159388340050365, 1.159388340050365, 1.159388340050365, 1.159388340050365, 1.159388340050365, 1.159388340050365], "length": 15.387022612113928, "seg_id": 1, "type": "Side", "parent": 0, "children": []}, {"pos": [[0.0, 0.0, 26.454356635664467], [-0.26741297749969223, -0.10774505630774947, 28.2179816975279], [-0.5315679096361056, -0.22694931365274182, 29.981606759391333], [-0.7924647964092401, -0.35761277203497704, 31.74523182125476], [-1.0501036378190958, -0.49973543145445526, 33.508856883118185], [-1.3044844338656723, -0.6533172919111762, 35.27248194498162], [-1.55560718454897, -0.8183583534051402, 37.03610700684504], [-1.8034718898689892, -0.9948586159363471, 38.79973206870848], [-2.0480785498257292, -1.1828180795047967, 40.56335713057191], [-2.28942716441919, -1.382236744110489, 42.32698219243534], [-2.527517733649373, -1.5931146097534246, 44.090607254298774], [-2.7623502575162764, -1.8154516764336033, 45.854232316162204], [-2.993924736019901, -2.0492479441510243, 47.61785737802563], [-3.222241169160246, -2.2945034129056885, 49.38148243988906], [-3.4472995569373133, -2.551218082697596, 51.14510750175249]], "radius": [1.9248692274260821, 1.9081622659193467, 1.891455304412611, 1.8747483429058756, 1.85804138139914, 1.8413344198924047, 1.824627458385669, 1.8079204968789335, 1.791213535372198, 1.7745065738654624, 1.757799612358727, 1.7410926508519915, 1.7243856893452558, 1.7076787278385204, 1.690971766331785], "ref_radius": [1.9248692274260821, 1.9081622659193467, 1.891455304412611, 1.8747483429058756, 1.85804138139914, 1.8413344198924047, 1.824627458385669, 1.8079204968789335, 1.791213535372198, 1.7745065738654624, 1.757799612358727, 1.7410926508519915, 1.7243856893452558, 1.7076787278385204, 1.690971766331785], "length": 25.060442260103272, "seg_id": 2, "type": "Main", "parent": 0, "children": [3, 4]}, {"pos": [[-3.4472995569373133, -2.551218082697596, 51.14510750175249], [-2.0447137271881517, -2.9139205898127583, 52.497337644628736], [-0.6627989158387702, -3.243273752982971, 53.84956778750498], [0.6984448771108335, -3.539277572208234, 55.2017979303812], [2.039017651660658, -3.801932047488547, 56.55402807325745], [3.3589194078107028, -4.031237178823911, 57.90625821613368], [4.65815014556097, -4.227192966214325, 59.25848835900991], [5.9367098649114585, -4.3897994096597905, 60.61071850188616], [7.194598565862167, -4.519056509160306, 61.962948644762406], [8.431816248413096, -4.614964264715872, 63.31517878763863], [9.648362912564247, -4.677522676326488, 64.66740893051488], [10.84423855831562, -4.706731743992155, 66.01963907339112], [12.019443185667214, -4.702591467712873, 67.37186921626736], [13.173976794619028, -4.665101847488641, 68.7240993591436], [14.307839385171064, -4.594262883319459, 70.07632950201983]], "radius": [1.213917624161295, 1.213917624161295, 1.213917624161295, 1.213917624161295, 1.213917624161295, 1.213917624161295, 1.213917624161295, 1.213917624161295, 1.213917624161295, 1.213917624161295, 1.213917624161295, 1.213917624161295, 1.213917624161295, 1.213917624161295, 1.213917624161295], "ref_radius": [1.213917624161295, 1.213917624161295, 1.213917624161295, 1.213917624161295, 1.213917624161295, 1.213917624161295, 1.213917624161295, 1.213917624161295, 1.213917624161295, 1.213917624161295, 1.213917624161295, 1.213917624161295, 1.213917624161295, 1.213917624161295, 1.213917624161295], "length": 26.0347874455377, "seg_id": 3, "type": "Side", "parent": 2, "children": []}, {"pos": [[-3.4472995569373133, -2.551218082697596, 51.14510750175249], [-3.3742913955949945, -2.736207038013225, 53.017991283943175], [-3.324724403192621, -2.8999329354283305, 54.89087506613385], [-3.2985985797301898, -3.042395774942912, 56.763758848324514], [-3.2959139252077043, -3.163595556556971, 58.63664263051519], [-3.316670439625163, -3.2635322802705065, 60.50952641270587], [-3.3608681229825645, -3.3422059460835185, 62.382410194896536], [-3.428506975279912, -3.3996165539960073, 64.25529397708722], [-3.5195869965172024, -3.4357641040079736, 66.12817775927789], [-3.6341081866944376, -3.4506485961194153, 68.00106154146857], [-3.7720705458116166, -3.4442700303303346, 69.87394532365924], [-3.933474073868741, -3.41662840664073, 71.74682910584993], [-4.118318770865808, -3.3677237250506025, 73.6197128880406], [-4.32660463680282, -3.297555985559952, 75.49259667023128], [-4.558331671679776, -3.2061251881687776, 77.36548045242195]], "radius": [1.6742648048250495, 1.6567634238846274, 1.6392620429442053, 1.621760662003783, 1.604259281063361, 1.5867579001229388, 1.5692565191825167, 1.5517551382420947, 1.5342537573016726, 1.5167523763612503, 1.4992509954208282, 1.481749614480406, 1.464248233539984, 1.4467468525995617, 1.4292454716591396], "ref_radius": [1.6742648048250495, 1.6567634238846274, 1.6392620429442053, 1.621760662003783, 1.604259281063361, 1.5867579001229388, 1.5692565191825167, 1.5517551382420947, 1.5342537573016726, 1.5167523763612503, 1.4992509954208282, 1.481749614480406, 1.464248233539984, 1.4467468525995617, 1.4292454716591396], "length": 26.252071410633192, "seg_id": 4, "type": "Main", "parent": 2,