{"case_id": "LAD_1074_bc6", "artery_type": "LAD", "segments": [{"pos": [[0.0, 0.0, 0.0], [0.08817551377572133, -0.036116038647857854, 1.8007556070001018], [0.16278556389363935, -0.06667576365758372, 3.6015112140002032], [0.22383015035375411, -0.0916791750291776, 5.402266821000305], [0.2713092731560656, -0.11112627276263953, 7.203022428000407], [0.3052229323005738, -0.12501705685796946, 9.003778035000508], [0.32557112778727865, -0.13335152731516742, 10.80453364200061], [0.33235385961618036, -0.13612968413423343, 12.605289249000712], [0.3255711277872787, -0.13335152731516745, 14.406044856000813], [0.3052229323005738, -0.1250170568579695, 16.206800463000913], [0.2713092731560656, -0.11112627276263955, 18.007556070001016], [0.22383015035375414, -0.09167917502917763, 19.808311677001118], [0.1627855638936394, -0.06667576365758374, 21.60906728400122], [0.08817551377572141, -0.03611603864785789, 23.409822891001323], [0.0, 0.0, 25.210578498001425]], "radius": [2.502444396801937, 2.502444396801937, 2.4841279248060966, 2.4013435141656374, 2.2590135351855176, 2.0699599421578894, 1.851213838058647, 1.6224812087134373, 1.404367687170219, 1.2165222723522486, 1.075867227159057, 0.9950736176116659, 0.9814198257918942, 1.0361358687058724, 1.1542925908354331], "ref_radius": [2.502444396801937, 2.502444396801937, 2.502444396801937, 2.502444396801937, 2.502444396801937, 2.502444396801937, 2.502444396801937, 2.502444396801937, 2.502444396801937, 2.502444396801937, 2.502444396801937, 2.502444396801937, 2.502444396801937, 2.502444396801937, 2.502444396801937], "length": 25.210578498001425, "seg_id": 0, "type": "Root", "parent": null, "children": [1, 2]}, {"pos": [[0.0, 0.0, 25.210578498001425], [1.2759310930769288, -0.13938761152806267, 26.589875342077942], [2.5376645826416606, -0.2557569741622024, 27.96917218615447], [3.785200468694195, -0.34910808790241926, 29.34846903023099], [5.018538751234533, -0.4194409527487131, 30.727765874307515], [6.237679430262672, -0.466755568701084, 32.107062718384036], [7.4426225057786155, -0.491051935759532, 33.48635956246056], [8.63336797778236, -0.4923300539240571, 34.86565640653708], [9.80991584627391, -0.4705899231946592, 36.244953250613605], [10.97226611125326, -0.4258315435713384, 37.624250094690126], [12.120418772720413, -0.3580549150540947, 39.00354693876665], [13.254373830675371, -0.267260037642928, 40.38284378284317], [14.37413128511813, -0.15344691133783833, 41.76214062691969]], "radius": [1.6770634812136105, 1.6770634812136105, 1.6770634812136105, 1.6770634812136105, 1.6770634812136105, 1.6770634812136105, 1.6770634812136105, 1.6770634812136105, 1.6770634812136105, 1.6770634812136105, 1.6770634812136105, 1.6770634812136105, 1.6770634812136105], "ref_radius": [1.6770634812136105, 1.6770634812136105, 1.6770634812136105, 1.6770634812136105, 1.6770634812136105, 1.6770634812136105, 1.6770634812136105, 1.6770634812136105, 1.6770634812136105, 1.6770634812136105, 1.6770634812136105, 1.6770634812136105, 1.6770634812136105], "length": 21.92244067306038, "seg_id": 1, "type": "Side", "parent": 0, "children": []}, {"pos": [[0.0, 0.0, 25.210578498001425], [-0.09057126273422464, -0.26240287914795923, 27.03694386562218], [-0.17761044874007692, -0.49873856805876254, 28.863309233242937], [-0.26111755801755676, -0.7090070667324101, 30.689674600863693], [-0.34109259056666413, -0.8932083751689016, 32.51603996848445], [-0.4175355463873992, -1.0513424933682372, 34.3424053361052], [-0.4904464254797618, -1.183409421330417, 36.16877070372595], [-0.559825227843752, -1.2894091590554408, 37.99513607134671], [-0.6256719534793698, -1.3693417065433087, 39.82150143896746], [-0.6879866023866152, -1.4232070637940208, 41.64786680658821], [-0.7467691745654882, -1.451005230807577, 43.47423217420897], [-0.8020196700159887, -1.4527362075839774, 45.300597541829724], [-0.853738088738117, -1.4283999941232217, 47.126962909450484], [-0.9019244307318728, -1.37799659042531, 48.953328277071236], [-0.9465786959972561, -1.3015259964902426, 50.779693644691996], [-0.9877008845342671, -1.1989882123180193, 52.60605901231275]], "radius": [1.325245712589505, 1.5230847448901508, 1.4631896018331336, 1.1784835392017001, 0.9542165194261079, 0.8166914692596556, 0.7807766238292313, 0.8481669268159102, 1.0073530752315392, 1.2352782879258344, 1.5004471595836963, 1.5039108174597584, 1.3348685831550808, 1.1938327282555274, 1.0902280598505634, 1.030469818788863], "ref_radius": [2.502444396801937, 2.4852947170675392, 2.4681450373331413, 2.4509953575987433, 2.4338456778643454, 2.4166959981299474, 2.399546318395549, 2.382396638661151, 2.365246958926753, 2.348097279192355, 2.330947599457957, 2.313797919723559, 2.2966482399891612, 2.2794985602547633, 2.2623488805203653, 2.2451992007859674], "length": 27.439487575036797, "seg_id": 2, "type": "Main", "parent": 0, "children": [3, 4]}, {"pos": [[-0.9877008845342671, -1.1989882123180193, 52.60605901231275], [0.2640693139443323, -1.3197558727494236, 54.128700350049066], [1.4773514792116083, -1.4255007103917408, 55.65134168778538], [2.65214561126756, -1.51622272524497, 57.173983025521686], [3.788451710112188, -1.5919219173091121, 58.696624363258], [4.886269775745492, -1.652598286584167, 60.21926570099431], [5.945599808167474, -1.6982518330701346, 61.741907038730616], [6.96644180737813, -1.7288825567670147, 63.264548376466934], [7.948795773377464, -1.7444904576748077, 64.78718971420325], [8.892661706165473, -1.745075535793513, 66.30983105193955], [9.798039605742158, -1.730637791123131, 67.83247238967587]], "radius": [1.2187548344078274, 1.2187548344078274, 1.2187548344078274, 1.2187548344078274, 1.2187548344078274, 1.2187548344078274, 1.2187548344078274, 1.2187548344078274, 1.2187548344078274, 1.2187548344078274, 1.2187548344078274], "ref_radius": [1.2187548344078274, 1.2187548344078274, 1.2187548344078274, 1.2187548344078274, 1.2187548344078274, 1.2187548344078274, 1.2187548344078274, 1.2187548344078274, 1.2187548344078274, 1.2187548344078274, 1.2187548344078274], "length": 18.667043513544794, "seg_id": 3, "type": "Side", "parent": 2, "children": []}, {"pos": [[-0.9877008845342671, -1.1989882123180193, 52.60605901231275], [-1.1139758493215977, -1.131781596213453, 54.42094592708453], [-1.2302682005456138, -1.0833546651590509, 56.23583284185631], [-1.336577938206316, -1.0537074191548135, 58.05071975662807], [-1.4329050623037047, -1.042839858200741, 59.865606671399846], [-1.5192495728377788, -1.0507519822968332, 61.68049358617163], [-1.595611469808539, -1.0774437914430899, 63.495380500943405], [-1.6619907532159852, -1.122915285639511, 65.31026741571517], [-1.7183874230601175, -1.1871664648860967, 67.12515433048695], [-1.7648014793409357, -1.2701973291828472, 68.94004124525873], [-1.8012329220584395, -1.3720078785297622, 70.7549281600305], [-1.82768175121263, -1.4925981129268424, 72.56981507480228], [-1.8441479668035061, -1.6319680323740868, 74.38470198957405], [-1.850631568831068, -1.7901176368714955, 76.19958890434583]], "radius": [1.0175159127551041, 1.0508249496783995, 1.1260840784939499, 1.235956441669382, 1.3705631694854328, 1.518280434023644, 1.666658607384437, 1.8033908962331369, 1.9172560988565615, 1.9989632662931767, 2.04183471657664, 2.0424896992002366, 2.0256206244864794, 2.0087515497727217], "ref_radius": [2.2280495210515694, 2.2111804463378117, 2.1943113716240545, 2.177442296910297, 2.1605732221965392, 2.143704147482782, 2.1268350727690244, 2.1099659980552667, 2.093096923341509, 2.076227848627752, 2.0593587739139942, 2.0424896992002366, 2.0256206244864794, 2.0087515497727217], "length": 23.616704599260515, "seg_id": 4, "type": "Main", "parent": 2,