{"case_id": "LCX_4253_bc9", "artery_type": "LCX", "segments": [{"pos": [[0.0, 0.0, 0.0], [0.047934603166562784, -0.07273867577281935, 1.786859627459315], [0.08902140588075946, -0.13508611214952165, 3.5737192549186303], [0.12326040814259005, -0.18704230913010694, 5.360578882377945], [0.15065160995205448, -0.22860726671457512, 7.147438509837261], [0.17119501130915282, -0.2597809849029263, 8.934298137296574], [0.18489061221388503, -0.28056346369516033, 10.72115776475589], [0.19173841266625113, -0.2909547030912774, 12.508017392215205], [0.19173841266625113, -0.2909547030912774, 14.29487701967452], [0.18489061221388503, -0.28056346369516033, 16.081736647133834], [0.17119501130915282, -0.2597809849029263, 17.86859627459315], [0.1506516099520545, -0.22860726671457515, 19.655455902052463], [0.12326040814259001, -0.18704230913010686, 21.44231552951178], [0.08902140588075945, -0.13508611214952163, 23.229175156971095], [0.04793460316656278, -0.07273867577281933, 25.01603478443041], [0.0, 0.0, 26.802894411889724]], "radius": [2.250075396114565, 2.250075396114565, 2.250075396114565, 2.250075396114565, 2.250075396114565, 2.250075396114565, 2.250075396114565, 2.250075396114565, 2.2422455147685025, 1.9795966002159848, 1.4463535443580908, 0.8627422914357976, 0.4697905263529374, 0.4297847947210731, 0.759247205786437, 1.322111907829592], "ref_radius": [2.250075396114565, 2.250075396114565, 2.250075396114565, 2.250075396114565, 2.250075396114565, 2.250075396114565, 2.250075396114565, 2.250075396114565, 2.250075396114565, 2.250075396114565, 2.250075396114565, 2.250075396114565, 2.250075396114565, 2.250075396114565, 2.250075396114565, 2.250075396114565], "length": 26.802894411889724, "seg_id": 0, "type": "Root", "parent": null, "children": [1, 2]}, {"pos": [[0.0, 0.0, 26.802894411889724], [1.374301966225644, -0.11575793428900653, 28.252680333161038], [2.695717243657663, -0.17115663982673457, 29.702466254432352], [3.9642458322960574, -0.1661961166131841, 31.152252175703666], [5.179887732140827, -0.100876364648355, 32.60203809697498], [6.342642943191971, 0.024802616067752636, 34.05182401824629], [7.45251146544949, 0.21084082553513867, 35.50160993951761], [8.509493298913384, 0.45723826375380305, 36.95139586078891], [9.513588443583656, 0.7639949307237465, 38.40118178206023], [10.4647968994603, 1.1311108264449683, 39.85096770333154]], "radius": [1.370187237606399, 1.370187237606399, 1.370187237606399, 1.370187237606399, 1.370187237606399, 1.370187237606399, 1.370187237606399, 1.370187237606399, 1.370187237606399, 1.370187237606399], "ref_radius": [1.370187237606399, 1.370187237606399, 1.370187237606399, 1.370187237606399, 1.370187237606399, 1.370187237606399, 1.370187237606399, 1.370187237606399, 1.370187237606399, 1.370187237606399], "length": 16.764355116361983, "seg_id": 1, "type": "Side", "parent": 0, "children": []}, {"pos": [[0.0, 0.0, 26.802894411889724], [0.09152038831535701, 0.04901696123337791, 28.555373760171626], [0.19244242989802018, 0.11025607047565508, 30.307853108453532], [0.3027661247479896, 0.18371732772683153, 32.06033245673544], [0.4224914728652651, 0.26940073298690714, 33.81281180501734], [0.5516184742498468, 0.36730628625588213, 35.56529115329923], [0.6901471289017348, 0.4774339875337563, 37.317770501581144], [0.838077436820929, 0.5997838368205297, 39.070249849863046], [0.995409398007429, 0.7343558341162023, 40.82272919814495], [1.1621430124612353, 0.8811499794207742, 42.57520854642684], [1.338278280182348, 1.0401662727342456, 44.32768789470875], [1.5238152011707666, 1.2114047140566158, 46.080167242990655], [1.7187537754264919, 1.3948653033878855, 47.832646591272564], [1.9230940029495232, 1.5905480407280548, 49.58512593955446], [2.1368358837398604, 1.7984529260771227, 51.33760528783637], [2.3599794177975033, 2.01857995943509, 53.09008463611826], [2.592524605122453, 2.2509291408019565, 54.84256398440017], [2.8344714457147093, 2.4955004701777233, 56.59504333268207], [3.085819939574271, 2.752293947562388, 58.347522680963976], [3.3465700867011394, 3.021309572955952, 60.10000202924587], [3.6167218870953137, 3.3025473463584163, 61.85248137752778], [3.8962753407567945, 3.5960072677697794, 63.60496072580968]], "radius": [1.8859194077063763, 2.201162186978021, 2.2162735389259307, 2.1993726103316136, 2.1824716817372964, 2.1655707531429793, 2.148669824548662, 2.1317688959543446, 2.1148679673600275, 2.050408091543911, 1.5768679312305047, 0.9078067826663394, 0.48035166430723564, 0.5653496614869578, 1.0916026873866316, 1.698399464588221, 1.9779739088275896, 1.9627596100111733, 1.9458586814168561, 1.9289577528225388, 1.9120568242282217, 1.8951558956339045], "ref_radius": [2.250075396114565, 2.233174467520248, 2.2162735389259307, 2.1993726103316136, 2.1824716817372964, 2.1655707531429793, 2.148669824548662, 2.1317688959543446, 2.1148679673600275, 2.0979670387657103, 2.081066110171393, 2.064165181577076, 2.047264252982759, 2.030363324388442, 2.0134623957941247, 1.9965614671998075, 1.9796605386054904, 1.9627596100111733, 1.9458586814168561, 1.9289577528225388, 1.9120568242282217, 1.8951558956339045], "length": 37.18204290749776, "seg_id": 2, "type": "Main", "parent": 0, "children": [3, 4]}, {"pos": [[3.8962753407567945, 3.5960072677697794, 63.60496072580968], [4.672343999699589, 4.063302314992216, 65.22813106259738], [5.52313499561671, 4.48052278802661, 66.85130139938508], [6.448648328508156, 4.847668686872956, 68.47447173617277], [7.448883998373931, 5.164740011531262, 70.09764207296045], [8.523842005214032, 5.431736762001524, 71.72081240974815], [9.673522349028461, 5.648658938283742, 73.34398274653584], [10.897925029817218, 5.815506540377918, 74.96715308332354], [12.197050047580301, 5.932279568284048, 76.59032342011123], [13.57089740231771, 5.9989780220021345, 78.21349375689891], [15.019467094029446, 6.015601901532178, 79.83666409368661]], "radius": [1.0610826520225616, 1.0610826520225616, 1.0610826520225616, 1.0610826520225616, 1.0610826520225616, 1.0610826520225616, 1.0610826520225616, 1.0610826520225616, 1.0610826520225616, 1.0610826520225616, 1.0610826520225616], "ref_radius": [1.0610826520225616, 1.0610826520225616, 1.0610826520225616, 1.0610826520225616, 1.0610826520225616, 1.0610826520225616, 1.0610826520225616, 1.0610826520225616, 1.0610826520225616, 1.0610826520225616, 1.0610826520225616], "length": 19.825438890338635, "seg_id": 3, "type": "Side", "parent": 2, "children": []}, {"pos": [[3.8962753407567945, 3.5960072677697794, 63.60496072580968], [3.8714671041152555, 4.3059581166796566, 65.47235390805648], [3.892096384776688, 4.973877857918049, 67.33974709030329], [3.958163182741093, 5.599766491484958, 69.20714027255009], [4.069667498008468, 6.183624017380384, 71.0745334547969], [4.226609330578817, 6.7254504356043245, 72.94192663704371], [4.428988680452135, 7.225245746156779, 74.80931981929052], [4.676805547628426, 7.683009949037752, 76.67671300153732], [4.970059932107688, 8.098743044247238, 78.54410618378412], [5.3087518338899224, 8.472445031785242, 80.41149936603094], [5.692881252975129, 8.80411591165176, 82.27889254827774], [6.122448189363306, 9.093755683846794, 84.14628573052454]], "radius": [1.8782549670395874, 1.8604378576720817, 1.8426207483045758, 1.82480363893707, 1.8069865295695642, 1.7891694202020585, 1.7713523108345526, 1.753535201467047, 1.7357180920995412, 1.7179009827320353, 1.7000838733645296, 1.6822667639970237], "ref_radius": [1.8782549670395874, 1.8604378576720817, 1.8426207483045758, 1.82480363893707, 1.8069865295695642, 1.7891694202020585, 1.7713523108345526, 1.753535201467047, 1.7357180920995412, 1.7179009827320353, 1.7000838733645296, 1.6822667639970237], "length": 21.38053124100694, "seg_id": 4, "type": "Main", "parent": 2,