{"case_id": "LCX_697_bc4", "artery_type": "LCX", "segments": [{"pos": [[0.0, 0.0, 0.0], [0.05896482204753182, -0.1372575778264376, 1.8047876888712409], [0.11172282072163925, -0.2600669895658818, 3.609575377742482], [0.15827399602232226, -0.3684282352183325, 5.414363066613722], [0.1986183479495809, -0.4623413147837899, 7.219150755484965], [0.23275587650341506, -0.5418062282622538, 9.023938444356205], [0.2606865816838249, -0.6068229756537242, 10.828726133227446], [0.2824104634908102, -0.6573915569582012, 12.633513822098688], [0.2979275219243713, -0.6935119721756847, 14.438301510969929], [0.3072377569845079, -0.715184221306175, 16.24308919984117], [0.3103411686712201, -0.7224083043496716, 18.04787688871241], [0.3072377569845079, -0.7151842213061749, 19.852664577583653], [0.2979275219243713, -0.6935119721756847, 21.657452266454893], [0.2824104634908102, -0.6573915569582012, 23.462239955326133], [0.2606865816838248, -0.6068229756537241, 25.267027644197377], [0.23275587650341506, -0.5418062282622538, 27.071815333068614], [0.19861834794958083, -0.46234131478378976, 28.876603021939857], [0.15827399602232217, -0.3684282352183324, 30.681390710811097], [0.11172282072163921, -0.26006698956588176, 32.48617839968234], [0.058964822047531736, -0.13725757782643744, 34.290966088553574], [0.0, 0.0, 36.09575377742482]], "radius": [1.9924345030276722, 1.9525975756382377, 1.8370415840087175, 1.6588950018800825, 1.4383981163606845, 1.2006028830709115, 0.9725266252581288, 0.7800824358684366, 0.6451350377555636, 0.5830166031660562, 0.6007847749454289, 0.6964208059815689, 0.859058921007021, 1.070220841608903, 1.043782680060289, 0.8887357807238605, 0.7779525559045368, 0.7219646593606841, 0.7260946039729357, 0.78994977482357, 0.9074597532984245], "ref_radius": [1.9924345030276722, 1.9924345030276722, 1.9924345030276722, 1.9924345030276722, 1.9924345030276722, 1.9924345030276722, 1.9924345030276722, 1.9924345030276722, 1.9924345030276722, 1.9924345030276722, 1.9924345030276722, 1.9924345030276722, 1.9924345030276722, 1.9924345030276722, 1.9924345030276722, 1.9924345030276722, 1.9924345030276722, 1.9924345030276722, 1.9924345030276722, 1.9924345030276722, 1.9924345030276722], "length": 36.09575377742482, "seg_id": 0, "type": "Root", "parent": null, "children": [1, 2]}, {"pos": [[0.0, 0.0, 36.09575377742482], [1.3721157221837783, -0.24254822114382293, 37.4821794593854], [2.718790496083529, -0.4649042816442677, 38.86860514134599], [4.040024321699252, -0.6670681815013343, 40.25503082330657], [5.335817199030948, -0.8490399207150228, 41.64145650526716], [6.606169128078615, -1.0108194992853328, 43.02788218722773], [7.851080108842255, -1.1524069172122648, 44.41430786918832], [9.070550141321867, -1.2738021744958186, 45.8007335511489], [10.264579225517451, -1.3750052711359944, 47.18715923310949], [11.433167361429007, -1.4560162071327918, 48.57358491507007], [12.576314549056535, -1.516834982486211, 49.96001059703065], [13.694020788400037, -1.557461597196252, 51.34643627899124], [14.786286079459511, -1.577896051262915, 52.73286196095182]], "radius": [1.3690855237351693, 1.3690855237351693, 1.3690855237351693, 1.3690855237351693, 1.3690855237351693, 1.3690855237351693, 1.3690855237351693, 1.3690855237351693, 1.3690855237351693, 1.3690855237351693, 1.3690855237351693, 1.3690855237351693, 1.3690855237351693], "ref_radius": [1.3690855237351693, 1.3690855237351693, 1.3690855237351693, 1.3690855237351693, 1.3690855237351693, 1.3690855237351693, 1.3690855237351693, 1.3690855237351693, 1.3690855237351693, 1.3690855237351693, 1.3690855237351693, 1.3690855237351693, 1.3690855237351693], "length": 22.314062397568723, "seg_id": 1, "type": "Side", "parent": 0, "children": []}, {"pos": [[0.0, 0.0, 36.09575377742482], [0.11943454272749947, -0.3728435330976267, 37.89785095490735], [0.2136453132736893, -0.7067393822026218, 39.69994813238987], [0.28263231163856956, -1.0016875473149855, 41.50204530987239], [0.32639553782214015, -1.257688028434718, 43.30414248735492], [0.3449349918244012, -1.474740825561819, 45.10623966483745], [0.3382506736453525, -1.6528459386962886, 46.908336842319976], [0.3063425832849942, -1.7920033678381269, 48.710434019802506], [0.24921072074332637, -1.8922131129873332, 50.51253119728503], [0.16685508602034896, -1.9534751741439083, 52.31462837476755], [0.059275679116061825, -1.975789551307852, 54.116725552250074], [-0.07352749996953509, -1.9591562444791646, 55.91882272973261], [-0.23155445123644136, -1.9035752536578456, 57.72091990721513], [-0.41480517468465716, -1.8090465788438952, 59.523017084697656]], "radius": [1.0674534039799428, 1.2441498838334808, 1.4270024809175628, 1.5379636758071924, 1.3288244155770215, 1.1168657168108818, 0.9206943380732154, 0.7571338937148528, 0.6396971399462388, 0.5773919479929388, 0.5739661992225928, 0.6276541662261566, 0.7314391647456606, 0.8737989232864873], "ref_radius": [1.9924345030276722, 1.9756483118653632, 1.958862120703054, 1.942075929540745, 1.925289738378436, 1.9085035472161267, 1.8917173560538176, 1.8749311648915086, 1.8581449737291995, 1.8413587825668905, 1.8245725914045814, 1.8077864002422723, 1.791000209079963, 1.774214017917654], "length": 23.500667627232726, "seg_id": 2, "type": "Main", "parent": 0, "children": [3, 4]}, {"pos": [[-0.41480517468465716, -1.8090465788438952, 59.523017084697656], [0.23248057711142192, -1.8316151558846014, 61.162931748430175], [1.074060294309181, -1.8472509010741653, 62.80284641216268], [2.1099339769086205, -1.8559538144125869, 64.44276107589519], [3.3401016249097397, -1.8577238958998665, 66.08267573962769], [4.764563238312539, -1.8525611455360038, 67.72259040336021], [6.383318817117019, -1.8404655633209988, 69.36250506709271]], "radius": [1.0748176255025177, 1.0748176255025177, 1.0748176255025177, 1.0748176255025177, 1.0748176255025177, 1.0748176255025177, 1.0748176255025177], "ref_radius": [1.0748176255025177, 1.0748176255025177, 1.0748176255025177, 1.0748176255025177, 1.0748176255025177, 1.0748176255025177, 1.0748176255025177], "length": 11.95955687791951, "seg_id": 3, "type": "Side", "parent": 2, "children": []}, {"pos": [[-0.41480517468465716, -1.8090465788438952, 59.523017084697656], [-0.274847766743887, -1.765625469697996, 61.35429382975954], [-0.16014328929949487, -1.7082532525340421, 63.185570574821426], [-0.07069174235148085, -1.6369299273520337, 65.01684731988331], [-0.00649312589984484, -1.551655494151971, 66.8481240649452], [0.03245256005541308, -1.4524299529338534, 68.67940081000708], [0.04614531551429296, -1.339253303697682, 70.51067755506897], [0.0345851404767947, -1.2121255464434553, 72.34195430013087], [-0.00222796505708156, -1.0710466811711743, 74.17323104519275], [-0.06429400108733596, -0.9160167078808388, 76.00450779025464], [-0.15161296761396836, -0.7470356265724486, 77.83578453531652], [-0.2641848646369788, -0.5641034372460042, 79.6670612803784], [-0.4020096921563671, -0.36722013990150537, 81.49833802544029], [-0.5650874501721337, -0.15638573453895177, 83.32961477050219], [-0.7534181386842784, 0.06839977884165632, 85.16089151556406], [-0.9670017576928011, 0.3071364002403191, 86.99216826062595], [-1.205838307197702, 0.5598241296570363, 88.82344500568784], [-1.4699277871989809, 0.826462967091808, 90.65472175074973]], "radius": [1.0398557457818884, 1.212412423068174, 1.3746409990643211, 1.5107190633757188, 1.6075574278970222, 1.6559595641549474, 1.6532249141436501, 1.635857762041701, 1.6184906099397518, 1.6011234578378026, 1.5837563057358537, 1.5663891536339045, 1.5490220015319554, 1.5316548494300062, 1.514287697328057, 1.4969205452261078, 1.4795533931241587, 1.4621862410222097], "ref_radius": [1.757427826755345, 1.7400606746533958, 1.7226935225514466, 1.7053263704494974, 1.6879592183475485, 1.6705920662455993, 1.6532249141436501, 1.635857762041701, 1.6184906099397518, 1.6011234578378026, 1.5837563057358537, 1.5663891536339045, 1.5490220015319554, 1.5316548494300062, 1.514287697328057, 1.4969205452261078, 1.4795533931241587, 1.4621862410222097], "length": 31.26087378350844, "seg_id": 4,