{"case_id": "LCX_3885_bc8", "artery_type": "LCX", "segments": [{"pos": [[0.0, 0.0, 0.0], [0.36283040138962086, -0.21528731294869552, 1.9607910143768494], [0.6219949738107786, -0.36906396505490663, 3.921582028753699], [0.7774937172634733, -0.46132995631863327, 5.882373043130548], [0.8293266317477048, -0.4920852867398755, 7.843164057507398], [0.7774937172634733, -0.46132995631863327, 9.803955071884248], [0.6219949738107786, -0.36906396505490663, 11.764746086261097], [0.36283040138962086, -0.21528731294869552, 13.725537100637947], [0.0, 0.0, 15.686328115014796]], "radius": [3.257427947250161, 3.257427947250161, 3.257427947250161, 3.257427947250161, 3.257427947250161, 3.257427947250161, 3.257427947250161, 3.257427947250161, 3.257427947250161], "ref_radius": [3.257427947250161, 3.257427947250161, 3.257427947250161, 3.257427947250161, 3.257427947250161, 3.257427947250161, 3.257427947250161, 3.257427947250161, 3.257427947250161], "length": 15.686328115014796, "seg_id": 0, "type": "Root", "parent": null, "children": [1, 2]}, {"pos": [[0.0, 0.0, 15.686328115014796], [1.4824282816926704, 0.020521991687230335, 17.4289736634694], [2.9861210054003706, 0.07986774039404321, 19.171619211923993], [4.511078171123101, 0.1780372461204386, 20.914264760378593], [6.057299778860861, 0.3150305088664166, 22.656910308833197], [7.624785828613651, 0.49084752863197695, 24.399555857287794]], "radius": [2.211101423149451, 2.211101423149451, 2.211101423149451, 2.211101423149451, 2.211101423149451, 2.211101423149451], "ref_radius": [2.211101423149451, 2.211101423149451, 2.211101423149451, 2.211101423149451, 2.211101423149451, 2.211101423149451], "length": 11.588728485787708, "seg_id": 1, "type": "Side", "parent": 0, "children": []}, {"pos": [[0.0, 0.0, 15.686328115014796], [0.009046358890373618, 0.45133676259374617, 17.565821896014416], [0.024807953754025495, 0.8643843819535877, 19.445315677014037], [0.04728478459095564, 1.2391428580795247, 21.32480945801365], [0.07647685140116404, 1.5756121909715572, 23.204303239013274], [0.11238415418465071, 1.8737923806296848, 25.083797020012888], [0.15500669294141567, 2.1336834270539082, 26.963290801012512], [0.20434446767145886, 2.3552853302442274, 28.842784582012133], [0.2603974783747803, 2.5385980902006415, 30.722278363011753], [0.32316572505137997, 2.683621706923151, 32.60177214401137], [0.392649207701258, 2.7903561804117567, 34.48126592501099], [0.4688479263244143, 2.8588015106664573, 36.36075970601061], [0.5517618809208488, 2.8889576976872533, 38.24025348701023], [0.6413910714905615, 2.880824741474145, 40.119747268009846], [0.7377354980335527, 2.8344026420271318, 41.99924104900947]], "radius": [3.257427947250161, 3.239777672098712, 3.222127396947263, 3.204477121795814, 3.186826846644365, 3.1691765714929163, 3.1515262963414674, 3.1338760211900185, 3.1162257460385696, 3.0985754708871207, 3.080925195735672, 3.063274920584223, 3.045624645432774, 3.027974370281325, 2.93535793825714], "ref_radius": [3.257427947250161, 3.239777672098712, 3.222127396947263, 3.204477121795814, 3.186826846644365, 3.1691765714929163, 3.1515262963414674, 3.1338760211900185, 3.1162257460385696, 3.0985754708871207, 3.080925195735672, 3.063274920584223, 3.045624645432774, 3.027974370281325, 3.010324095129876], "length": 26.47541272717337, "seg_id": 2, "type": "Main", "parent": 0, "children": [3, 4]}, {"pos": [[0.7377354980335527, 2.8344026420271318, 41.99924104900947], [1.5893057545434508, 2.9624483714550593, 43.49437912733286], [2.503213203679369, 3.0961432369414834, 44.989517205656256], [3.4794578454413077, 3.2354872384864026, 46.484655283979656], [4.518039679829267, 3.380480376089818, 47.979793362303056], [5.6189587068432445, 3.5311226497517287, 49.47493144062645], [6.782214926483243, 3.687414059472136, 50.97006951894984], [8.00780833874926, 3.849354605251038, 52.465207597273235], [9.295738943641302, 4.016944287088437, 53.96034567559664], [10.64600674115936, 4.190183104984332, 55.455483753920035]], "radius": [1.7743726414042469, 1.7743726414042469, 1.7743726414042469, 1.7743726414042469, 1.7743726414042469, 1.7743726414042469, 1.7743726414042469, 1.7743726414042469, 1.7743726414042469, 1.7743726414042469], "ref_radius": [1.7743726414042469, 1.7743726414042469, 1.7743726414042469, 1.7743726414042469, 1.7743726414042469, 1.7743726414042469, 1.7743726414042469, 1.7743726414042469, 1.7743726414042469, 1.7743726414042469], "length": 16.765513634379026, "seg_id": 3, "type": "Side", "parent": 2, "children": []}, {"pos": [[0.7377354980335527, 2.8344026420271318, 41.99924104900947], [0.6505243992315434, 3.040809881989898, 43.80918122636729], [0.5872365958995598, 3.2635356770145, 45.619121403725124], [0.5478720880376018, 3.5025800271009353, 47.42906158108294], [0.5324308756456696, 3.7579429322492066, 49.23900175844077], [0.5409129587237631, 4.029624392459311, 51.04894193579859], [0.5733183372718822, 4.317624407731253, 52.858882113156426], [0.6296470112900271, 4.621942978065027, 54.66882229051424], [0.7098989807781979, 4.942580103460638, 56.47876246787207], [0.8140742457363942, 5.2795357839180825, 58.28870264522989], [0.9421728061646161, 5.632810019437362, 60.09864282258772], [1.094194662062864, 6.002402810018476, 61.90858299994554], [1.2701398134311375, 6.388314155661426, 63.71852317730337]], "radius": [2.5274033576195833, 1.8996490989591057, 1.2339879978070805, 0.7219983683138431, 0.5082745383210487, 0.6487958311567588, 1.095618248181799, 1.7120536411833651, 2.313557204199792, 2.7220976670324415, 2.823331032302415, 2.8063967535348135, 2.7894624747672125], "ref_radius": [2.9926738199784273, 2.975739541210826, 2.958805262443225, 2.9418709836756234, 2.9249367049080224, 2.908002426140421, 2.89106814737282, 2.8741338686052185, 2.8571995898376175, 2.840265311070016, 2.823331032302415, 2.8063967535348135, 2.7894624747672125], "length": 22.014562397881612, "seg_id": 4, "type": "Main", "parent": 2, "children": [5, 6]}, {"pos": [[1.2701398134311375, 6.388314155661426, 63.71852317730337], [2.6696956271500447, 6.722565743841563, 65.01072002128677], [4.059553717573085, 7.051751478082081, 66.30291686527018], [5.439714084700258, 7.37587135838298, 67.59511370925358], [6.810176728531562, 7.694925384744261, 68.88731055323697], [8.170941649066998, 8.008913557165922, 70.17950739722038], [9.52200884630657, 8.317835875647964, 71.47170424120377], [10.86337832025027, 8.621692340190389, 72.76390108518717], [12.195050070898105, 8.920482950793193, 74.05609792917056], [13.517024098250072, 9.214207707456382, 75.34829477315397], [14.829300402306174, 9.50286661017995, 76.64049161713737], [16.131878983066404, 9.7864596589639, 77.93268846112078], [17.424759840530772, 10.06498685380823, 79.22488530510418], [18.707942974699268, 10.338448194712942, 80.51708214908757], [19.9814283855719, 10.606843681678034, 81.80927899307098], [21.24521607314866, 10.87017331470351, 83.10147583705438]], "radius": [1.415828053538145, 1.415828053538145, 1.415828053538145, 1.415828053538145, 1.415828053538145, 1.415828053538145, 1.415828053538145, 1.415828053538145, 1.415828053538145, 1.415828053538145, 1.415828053538145, 1.415828053538145, 1.415828053538145, 1.415828053538145, 1.415828053538145, 1.415828053538145], "ref_radius": [1.415828053538145, 1.415828053538145, 1.415828053538145, 1.415828053538145, 1.415828053538145, 1.415828053538145, 1.415828053538145, 1.415828053538145, 1.415828053538145, 1.415828053538145, 1.415828053538145, 1.415828053538145, 1.415828053538145, 1.415828053538145, 1.415828053538145, 1.415828053538145], "length": 28.192012821243694, "seg_id": 5, "type": "Side", "parent": 4,