{"case_id": "LCX_4017_bc1", "artery_type": "LCX", "segments": [{"pos": [[0.0, 0.0, 0.0], [0.19163317390267126, 0.21000032927141266, 1.8728507939301946], [0.3513274854882307, 0.38500060366425654, 3.7457015878603888], [0.4790829347566781, 0.5250008231785316, 5.618552381790583], [0.5748995217080138, 0.630000987814238, 7.491403175720778], [0.6387772463422375, 0.7000010975713756, 9.364253969650973], [0.6707161086593494, 0.7350011524499442, 11.237104763581168], [0.6707161086593494, 0.7350011524499442, 13.109955557511363], [0.6387772463422375, 0.7000010975713755, 14.982806351441557], [0.5748995217080138, 0.630000987814238, 16.855657145371747], [0.4790829347566781, 0.5250008231785316, 18.728507939301945], [0.3513274854882304, 0.3850006036642563, 20.601358733232143], [0.19163317390267115, 0.21000032927141254, 22.474209527162337], [0.0, 0.0, 24.347060321092528]], "radius": [1.6654277934710808, 1.6654277934710808, 1.6654277934710808, 1.6654277934710808, 1.6654277934710808, 1.6654277934710808, 1.6579146084109468, 1.595396437189567, 1.4761041472638476, 1.3134240590711226, 1.1256112315986708, 0.9337409807143785, 0.7593439238816877, 0.6219899334498014], "ref_radius": [1.6654277934710808, 1.6654277934710808, 1.6654277934710808, 1.6654277934710808, 1.6654277934710808, 1.6654277934710808, 1.6654277934710808, 1.6654277934710808, 1.6654277934710808, 1.6654277934710808, 1.6654277934710808, 1.6654277934710808, 1.6654277934710808, 1.6654277934710808], "length": 24.347060321092528, "seg_id": 0, "type": "Root", "parent": null, "children": [1, 2]}, {"pos": [[0.0, 0.0, 24.347060321092528], [0.7783794263448957, -0.36351883393521384, 25.9878193530378], [1.7176011738870787, -0.6070787615257603, 27.62857838498307], [2.8176652426265485, -0.7306797827716395, 29.26933741692833], [4.078571632563306, -0.7343218976728514, 30.910096448873603], [5.500320343697351, -0.6180051062293961, 32.550855480818875], [7.082911376028683, -0.38172940844127323, 34.19161451276415], [8.826344729557302, -0.02549480430848298, 35.83237354470941]], "radius": [1.118201521471121, 1.118201521471121, 1.118201521471121, 1.118201521471121, 1.118201521471121, 1.118201521471121, 1.118201521471121, 1.118201521471121], "ref_radius": [1.118201521471121, 1.118201521471121, 1.118201521471121, 1.118201521471121, 1.118201521471121, 1.118201521471121, 1.118201521471121, 1.118201521471121], "length": 14.485076151495354, "seg_id": 1, "type": "Side", "parent": 0, "children": []}, {"pos": [[0.0, 0.0, 24.347060321092528], [-0.26014589511133074, 0.111780033665871, 26.168962843530508], [-0.4908237035163096, 0.2076939281359937, 27.990865365968492], [-0.6920334252149368, 0.2877416834103681, 29.81276788840647], [-0.8637750602072122, 0.3519232994889941, 31.634670410844443], [-1.0060486084931357, 0.4002387763718719, 33.45657293328242], [-1.1188540700727077, 0.43268811405900137, 35.27847545572041], [-1.2021914449459277, 0.44927131255038255, 37.100377978158384], [-1.256060733112796, 0.44998837184601537, 38.922280500596365], [-1.2804619345733124, 0.4348392919458999, 40.744183023034346], [-1.2753950493274773, 0.40382407285003613, 42.566085545472326], [-1.2408600773752902, 0.356942714558424, 44.38798806791031], [-1.1768570187167513, 0.2941952170710636, 46.20989059034828], [-1.0833858733518609, 0.215581580387955, 48.03179311278626], [-0.9604466412806185, 0.12110180450909795, 49.85369563522424], [-0.8080393225030245, 0.010755889434492641, 51.67559815766222], [-0.6261639170190786, -0.11545616483586098, 53.4975006801002]], "radius": [0.5370921139069698, 0.5088819745181663, 0.5443685036261818, 0.6370290776547102, 0.7740907604343494, 0.760312079431865, 0.5885105463886797, 0.4710320505953858, 0.4200232942285278, 0.4390340638459005, 0.5227590863360542, 0.6578997315255585, 0.8250126290599992, 1.0010904683513617, 1.1278881764446822, 0.9482872651922931, 0.7717263660172976], "ref_radius": [1.6654277934710808, 1.6482763856430107, 1.6311249778149404, 1.6139735699868702, 1.5968221621588, 1.5796707543307298, 1.5625193465026594, 1.5453679386745893, 1.528216530846519, 1.5110651230184489, 1.4939137151903785, 1.4767623073623084, 1.459610899534238, 1.442459491706168, 1.4253080838780976, 1.4081566760500275, 1.3910052682219571], "length": 29.15739330771938, "seg_id": 2, "type": "Main", "parent": 0, "children": [3, 4]}, {"pos": [[-0.6261639170190786, -0.11545616483586098, 53.4975006801002], [0.12635044637181808, -0.09429632754096146, 55.236534798187776], [0.9271606538309269, -0.05266381863567992, 56.975568916275364], [1.7762667053582484, 0.009441361879983637, 58.71460303436295], [2.673668600953782, 0.09201921400602926, 60.453637152450526], [3.6193663406175283, 0.19506973774245698, 62.192671270538106], [4.613359924349487, 0.31859293308926656, 63.93170538862568], [5.655649352149656, 0.46258880004645814, 65.67073950671326], [6.74623462401804, 0.627057338614032, 67.40977362480083], [7.885115739954636, 0.8119985487919879, 69.14880774288842]], "radius": [0.8081321319808306, 0.8081321319808306, 0.8081321319808306, 0.8081321319808306, 0.8081321319808306, 0.8081321319808306, 0.8081321319808306, 0.8081321319808306, 0.8081321319808306, 0.8081321319808306], "ref_radius": [0.8081321319808306, 0.8081321319808306, 0.8081321319808306, 0.8081321319808306, 0.8081321319808306, 0.8081321319808306, 0.8081321319808306, 0.8081321319808306, 0.8081321319808306, 0.8081321319808306], "length": 17.839996256129922, "seg_id": 3, "type": "Side", "parent": 2, "children": []}, {"pos": [[-0.6261639170190786, -0.11545616483586098, 53.4975006801002], [-0.80235861060937, 0.321961178324289, 55.24607383376601], [-0.9850173271611188, 0.7364581296827459, 56.99464698743181], [-1.1741400666743254, 1.1280346892395103, 58.74322014109763], [-1.369726829148989, 1.4966908569945814, 60.49179329476343], [-1.5717776145851108, 1.8424266329479595, 62.24036644842924], [-1.7802924229826895, 2.1652420170996445, 63.988939602095044], [-1.9952712543417257, 2.465137009449637, 65.73751275576085], [-2.2167141086622197, 2.742111609997936, 67.48608590942666], [-2.444620985944171, 2.996165818744543, 69.23465906309247], [-2.67899188618758, 3.227299635689456, 70.98323221675827], [-2.919826809392446, 3.435513060832676, 72.73180537042407], [-3.1671257555587706, 3.6208060941742044, 74.4803785240899], [-3.420888724686552, 3.7831787357140385, 76.2289516777557], [-3.68111571677579, 3.9226309854521797, 77.97752483142149], [-3.947806731826487, 4.039162843388629, 79.7260979850873], [-4.220961769838642, 4.132774309523385, 81.47467113875312], [-4.500580830812252, 4.2034653838564475, 83.22324429241893], [-4.786663914747321, 4.2512360663878175, 84.97181744608473]], "radius": [0.6196200675948154, 0.5097817960173209, 0.4538568888452208, 0.4563282483455581, 0.5139508061165294, 0.616366478038967, 0.7476362402404395, 0.8884656182957115, 1.0188139950349824, 1.1205351836953241, 1.1797013486949486, 1.1883185820465634, 1.171451738560443, 1.1545848950743227, 1.1377180515882024, 1.120851208102082, 1.1039843646159617, 1.0871175211298414, 1.070250677643721], "ref_radius": [1.373853860393887, 1.3569870169077667, 1.3401201734216464, 1.323253329935526, 1.3063864864494057, 1.2895196429632854, 1.272652799477165, 1.2557859559910447, 1.2389191125049244, 1.222052269018804, 1.2051854255326837, 1.1883185820465634, 1.171451738560443, 1.1545848950743227, 1.1377180515882024, 1.120851208102082, 1.1039843646159617, 1.0871175211298414, 1.070250677643721], "length": 32.04700262362863, "seg_id": 4, "type": "Main", "parent": 2,