{"case_id": "LCX_603_bc4", "artery_type": "LCX", "segments": [{"pos": [[0.0, 0.0, 0.0], [-0.13501876019395884, 0.13934464861026952, 1.7539261811456084], [-0.2571785908456359, 0.26541837830527526, 3.5078523622912163], [-0.36647949195503116, 0.37822118908501723, 5.261778543436825], [-0.46292146352214464, 0.4777530809494955, 7.0157047245824335], [-0.5465045055469763, 0.56401405389871, 8.769630905728041], [-0.6172286180295261, 0.6370041079326606, 10.523557086873648], [-0.6750938009697943, 0.6967232430513477, 12.277483268019258], [-0.7201000543677805, 0.7431714592547708, 14.031409449164865], [-0.7522473782234849, 0.77634875654293, 15.785335630310474], [-0.7715357725369076, 0.7962551349158258, 17.539261811456086], [-0.7779652373080486, 0.8028905943734577, 19.29318799260169], [-0.7715357725369076, 0.7962551349158258, 21.047114173747296], [-0.752247378223485, 0.7763487565429301, 22.801040354892912], [-0.7201000543677805, 0.7431714592547708, 24.554966536038513], [-0.6750938009697941, 0.6967232430513475, 26.308892717184126], [-0.6172286180295261, 0.6370041079326606, 28.06281889832973], [-0.5465045055469763, 0.56401405389871, 29.81674507947534], [-0.4629214635221445, 0.47775308094949537, 31.57067126062095], [-0.36647949195503116, 0.37822118908501723, 33.32459744176656], [-0.25717859084563566, 0.26541837830527504, 35.07852362291217], [-0.13501876019395873, 0.1393446486102694, 36.83244980405778], [0.0, 0.0, 38.58637598520338]], "radius": [1.956960865386903, 1.956960865386903, 1.956960865386903, 1.956960865386903, 1.956960865386903, 1.956960865386903, 1.9180980723871643, 1.6312054183701457, 1.1849140972405559, 0.7788079849745306, 0.5944999162973907, 0.714413449496478, 1.0849226084329517, 1.5403337071125747, 1.8769844560537259, 1.956960865386903, 1.956960865386903, 1.956960865386903, 1.956960865386903, 1.956960865386903, 1.956960865386903, 1.956960865386903, 1.956960865386903], "ref_radius": [1.956960865386903, 1.956960865386903, 1.956960865386903, 1.956960865386903, 1.956960865386903, 1.956960865386903, 1.956960865386903, 1.956960865386903, 1.956960865386903, 1.956960865386903, 1.956960865386903, 1.956960865386903, 1.956960865386903, 1.956960865386903, 1.956960865386903, 1.956960865386903, 1.956960865386903, 1.956960865386903, 1.956960865386903, 1.956960865386903, 1.956960865386903, 1.956960865386903, 1.956960865386903], "length": 38.58637598520338, "seg_id": 0, "type": "Root", "parent": null, "children": [1, 2]}, {"pos": [[0.0, 0.0, 38.58637598520338], [1.3894509825757726, -0.26110172128314213, 40.00749187358336], [2.7330447235468096, -0.4629887672704403, 41.428607761963335], [4.03078122291311, -0.6056611379618946, 42.84972365034332], [5.282660480674675, -0.6891188333575048, 44.270839538723294], [6.488682496831505, -0.7133618534572712, 45.69195542710327], [7.648847271383598, -0.6783901982611936, 47.11307131548324], [8.763154804330954, -0.5842038677692721, 48.53418720386321], [9.831605095673577, -0.4308028619815067, 49.9553030922432], [10.854198145411463, -0.21818718089789713, 51.37641898062317]], "radius": [1.3620357034530692, 1.3620357034530692, 1.3620357034530692, 1.3620357034530692, 1.3620357034530692, 1.3620357034530692, 1.3620357034530692, 1.3620357034530692, 1.3620357034530692, 1.3620357034530692], "ref_radius": [1.3620357034530692, 1.3620357034530692, 1.3620357034530692, 1.3620357034530692, 1.3620357034530692, 1.3620357034530692, 1.3620357034530692, 1.3620357034530692, 1.3620357034530692, 1.3620357034530692], "length": 16.776365007070172, "seg_id": 1, "type": "Side", "parent": 0, "children": []}, {"pos": [[0.0, 0.0, 38.58637598520338], [-0.1344565358097255, -0.005188462744755967, 40.35120596608599], [-0.2780223984168479, -0.023969834331844696, 42.1160359469686], [-0.4306975878213673, -0.056344114761266204, 43.88086592785121], [-0.5924821040232835, -0.10231130403302044, 45.64569590873381], [-0.7633759470225966, -0.16187140214710743, 47.41052588961642], [-0.9433791168193068, -0.2350244091035273, 49.17535587049902], [-1.1324916134134138, -0.3217703249022798, 50.940185851381635], [-1.3307134368049176, -0.4221091495433651, 52.70501583226424], [-1.5380445869938184, -0.5360408830267831, 54.46984581314685], [-1.754485063980116, -0.6635655253525339, 56.23467579402946], [-1.9800348677638107, -0.8046830765206174, 57.99950577491206], [-2.2146939983449028, -0.9593935365310341, 59.764335755794676], [-2.4584624557233905, -1.1276969053837833, 61.52916573667727], [-2.7113402398992763, -1.309593183078865, 63.29399571755989], [-2.9733273508725584, -1.5050823696162796, 65.05882569844249]], "radius": [1.956960865386903, 1.940284996988709, 1.923609128590515, 1.9069321901241958, 1.7473041560623472, 1.3652819268623455, 0.9130522283384284, 0.5681449340705185, 0.46209429508749333, 0.6287387398699609, 0.9924689755990498, 1.4004033001442613, 1.6848388031037105, 1.7401745762103804, 1.7234987078121864, 1.7068228394139924], "ref_radius": [1.956960865386903, 1.940284996988709, 1.923609128590515, 1.906933260192321, 1.890257391794127, 1.8735815233959328, 1.8569056549977387, 1.8402297865995447, 1.8235539182013507, 1.8068780498031567, 1.7902021814049627, 1.7735263130067687, 1.7568504446085746, 1.7401745762103804, 1.7234987078121864, 1.7068228394139924], "length": 26.681389437110468, "seg_id": 2, "type": "Main", "parent": 0, "children": [3, 4]}, {"pos": [[-2.9733273508725584, -1.5050823696162796, 65.05882569844249], [-1.7814146557087416, -1.4772757235320138, 66.59607711189983], [-0.5844472304132589, -1.4816726764000185, 68.13332852535719], [0.6175749250138892, -1.5182732282202946, 69.67057993881454], [1.8246518105727045, -1.5870773789928423, 71.20783135227191], [3.0367834262631863, -1.6880851287176606, 72.74508276572925], [4.253969772085332, -1.8212964773947498, 74.2823341791866], [5.4762108480391465, -1.9867114250241098, 75.81958559264396], [6.7035066541246255, -2.184329971605741, 77.35683700610132], [7.935857190341773, -2.4141521171396443, 78.89408841955868], [9.173262456690585, -2.6761778616258174, 80.43133983301603], [10.415722453171062, -2.970407205064262, 81.96859124647338]], "radius": [1.1566080645491177, 1.1566080645491177, 1.1566080645491177, 1.1566080645491177, 1.1566080645491177, 1.1566080645491177, 1.1566080645491177, 1.1566080645491177, 1.1566080645491177, 1.1566080645491177, 1.1566080645491177, 1.1566080645491177], "ref_radius": [1.1566080645491177, 1.1566080645491177, 1.1566080645491177, 1.1566080645491177, 1.1566080645491177, 1.1566080645491177, 1.1566080645491177, 1.1566080645491177, 1.1566080645491177, 1.1566080645491177, 1.1566080645491177, 1.1566080645491177], "length": 21.618371872504966, "seg_id": 3, "type": "Side", "parent": 2,