{"case_id": "LCX_1553_bc9", "artery_type": "LCX", "segments": [{"pos": [[0.0, 0.0, 0.0], [0.14123674340995307, -0.22939452833469584, 1.8106719136864786], [0.2607447570645287, -0.42349759077174615, 3.621343827372957], [0.358524040963727, -0.5823091873111509, 5.432015741059435], [0.43457459510754787, -0.7058293179529103, 7.242687654745914], [0.4888964194959913, -0.794057982697024, 9.053359568432391], [0.5214895141290574, -0.8469951815434922, 10.864031482118868], [0.5323538790067461, -0.8646409144923151, 12.674703395805349], [0.5214895141290574, -0.8469951815434923, 14.485375309491827], [0.4888964194959914, -0.7940579826970241, 16.296047223178306], [0.4345745951075479, -0.7058293179529104, 18.106719136864783], [0.35852404096372703, -0.582309187311151, 19.917391050551263], [0.2607447570645288, -0.4234975907717463, 21.72806296423774], [0.1412367434099532, -0.2293945283346961, 23.538734877924217], [0.0, 0.0, 25.349406791610697]], "radius": [2.1224706568065024, 2.1224706568065024, 2.1224706568065024, 2.109882610295029, 1.9222743835356937, 1.5600042123345825, 1.1270157604926152, 0.7475433968476228, 0.5304664907875944, 0.5380694110962942, 0.7681707046613884, 1.1547490056630294, 1.5868860874671546, 1.9405918589270559, 2.114379979969034], "ref_radius": [2.1224706568065024, 2.1224706568065024, 2.1224706568065024, 2.1224706568065024, 2.1224706568065024, 2.1224706568065024, 2.1224706568065024, 2.1224706568065024, 2.1224706568065024, 2.1224706568065024, 2.1224706568065024, 2.1224706568065024, 2.1224706568065024, 2.1224706568065024, 2.1224706568065024], "length": 25.349406791610697, "seg_id": 0, "type": "Root", "parent": null, "children": [1, 2]}, {"pos": [[0.0, 0.0, 25.349406791610697], [0.9944750438938057, -0.2445595075317336, 26.986737918754685], [2.055106369737395, -0.39530676365899015, 28.624069045898676], [3.181893977530767, -0.4522417683817696, 30.261400173042666], [4.374837867273923, -0.4153645217000721, 31.898731300186657], [5.633938038966863, -0.2846750236138974, 33.53606242733065], [6.959194492609585, -0.0601732741232458, 35.173393554474636], [8.350607228202092, 0.2581407267718829, 36.81072468161862], [9.808176245744383, 0.6702669790714887, 38.44805580876262]], "radius": [1.5733895987095465, 1.5733895987095465, 1.5733895987095465, 1.5733895987095465, 1.5733895987095465, 1.5733895987095465, 1.5733895987095465, 1.5733895987095465, 1.5733895987095465], "ref_radius": [1.5733895987095465, 1.5733895987095465, 1.5733895987095465, 1.5733895987095465, 1.5733895987095465, 1.5733895987095465, 1.5733895987095465, 1.5733895987095465, 1.5733895987095465], "length": 16.377551256685262, "seg_id": 1, "type": "Side", "parent": 0, "children": []}, {"pos": [[0.0, 0.0, 25.349406791610697], [0.16987240538144635, -0.0075807133661617366, 27.13395217219301], [0.31421217137002855, -0.0071206779198169645, 28.91849755277532], [0.4330192979657466, 0.0013801063390343135, 30.703042933357636], [0.5262937851686005, 0.0179216394103921, 32.48758831393995], [0.5940356329785903, 0.04250392129425638, 34.27213369452227], [0.6362448413957159, 0.07512695199062719, 36.05667907510457], [0.6529214104199774, 0.11579073149950447, 37.841224455686884], [0.6440653400513747, 0.1644952598208883, 39.6257698362692], [0.6096766302899079, 0.22124053695477863, 41.410315216851515], [0.5497552811355769, 0.28602656290117545, 43.19486059743383], [0.4643012925883818, 0.35885333766007876, 44.979405978016146], [0.3533146646483225, 0.4397208612314886, 46.763951358598455], [0.21679539731539915, 0.528629133615405, 48.54849673918077], [0.05474349058961153, 0.6255781548118278, 50.333042119763086], [-0.13284105552904013, 0.7305679248207572, 52.117587500345394], [-0.345958241040556, 0.843598443642193, 53.90213288092771]], "radius": [2.1224706568065024, 2.1056663741861654, 2.0888620915658285, 2.0720578089454915, 2.055253526325154, 2.038449243704817, 2.02164496108448, 1.9452348692326824, 1.691370218549474, 1.3241695113151233, 0.9435680424521213, 0.6515004738033265, 0.5238123471242329, 0.5898319682375248, 0.8251002426413241, 1.1590357385418755, 1.4951651881165533], "ref_radius": [2.1224706568065024, 2.1056663741861654, 2.0888620915658285, 2.0720578089454915, 2.055253526325154, 2.038449243704817, 2.02164496108448, 2.0048406784641433, 1.9880363958438063, 1.9712321132234694, 1.9544278306031322, 1.9376235479827952, 1.9208192653624583, 1.9040149827421213, 1.8872107001217842, 1.8704064175014472, 1.8536021348811103], "length": 28.56728045457292, "seg_id": 2, "type": "Main", "parent": 0, "children": [3, 4]}, {"pos": [[-0.345958241040556, 0.843598443642193, 53.90213288092771], [0.9924708653438641, 0.9677380925186919, 55.31357539700662], [2.3095796500060572, 1.0832274957048562, 56.72501791308553], [3.605368112946023, 1.1900666532006863, 58.13646042916443], [4.879836254163762, 1.2882555650061822, 59.547902945243344], [6.132984073659274, 1.3777942311213436, 60.95934546132226], [7.3648115714325595, 1.4586826515461708, 62.370787977401164], [8.575318747483617, 1.5309208262806637, 63.78223049348008], [9.764505601812447, 1.5945087553248223, 65.19367300955898], [10.932372134419047, 1.6494464386786467, 66.60511552563788], [12.078918345303425, 1.6957338763421366, 68.01655804171679], [13.204144234465577, 1.7333710683152925, 69.42800055779571], [14.308049801905499, 1.7623580145981137, 70.83944307387462], [15.390635047623192, 1.7826947151906007, 72.25088558995353]], "radius": [1.1881936964530389, 1.1881936964530389, 1.1881936964530389, 1.1881936964530389, 1.1881936964530389, 1.1881936964530389, 1.1881936964530389, 1.1881936964530389, 1.1881936964530389, 1.1881936964530389, 1.1881936964530389, 1.1881936964530389, 1.1881936964530389, 1.1881936964530389], "ref_radius": [1.1881936964530389, 1.1881936964530389, 1.1881936964530389, 1.1881936964530389, 1.1881936964530389, 1.1881936964530389, 1.1881936964530389, 1.1881936964530389, 1.1881936964530389, 1.1881936964530389, 1.1881936964530389, 1.1881936964530389, 1.1881936964530389, 1.1881936964530389], "length": 24.190886633545198, "seg_id": 3, "type": "Side", "parent": 2, "children": []}, {"pos": [[-0.345958241040556, 0.843598443642193, 53.90213288092771], [-0.38735563811810264, 0.9529160325508589, 55.74559185798778], [-0.4248869534482608, 1.0522089981479015, 57.58905083504786], [-0.4585521870310308, 1.141477340433321, 59.43250981210792], [-0.48835133886641247, 1.2207210594071176, 61.27596878916799], [-0.5142844089544059, 1.2899401550692917, 63.119427766228064], [-0.5363513972950109, 1.3491346274198421, 64.96288674328814], [-0.5545523038882277, 1.3983044764587702, 66.8063457203482], [-0.5688871287340562, 1.4374497021860748, 68.64980469740827], [-0.5793558718324965, 1.4665703046017566, 70.49326367446834], [-0.5859585331835484, 1.4856662837058154, 72.33672265152842], [-0.588695112787212, 1.4947376394982514, 74.18018162858849], [-0.5875656106434873, 1.4937843719790644, 76.02364060564855], [-0.5825700267523743, 1.4828064811482542, 77.86709958270862]], "radius": [1.738127321563686, 1.8195717316334425, 1.8025483415814199, 1.7854235862417434, 1.7682988309020666, 1.75117407556239, 1.7340493202227132, 1.7169245648830367, 1.69979980954336, 1.6826750542036832, 1.6655502988640065, 1.64842554352433, 1.6313007881846533, 1.6141760328449766], "ref_radius": [1.8367978522607733, 1.8196730969210966, 1.8025483415814199, 1.7854235862417434, 1.7682988309020666, 1.75117407556239, 1.7340493202227132, 1.7169245648830367, 1.69979980954336, 1.6826750542036832, 1.6655502988640065, 1.64842554352433, 1.6313007881846533, 1.6141760328449766], "length": 23.974657475547335, "seg_id": 4, "type": "Main", "parent": 2,