{"case_id": "LCX_74_bc3", "artery_type": "LCX", "segments": [{"pos": [[0.0, 0.0, 0.0], [0.1800677784963463, 0.16350353137200835, 1.8340523657545063], [0.33441158863607173, 0.3036494154051584, 3.668104731509013], [0.4630314304191763, 0.42043765209945017, 5.50215709726352], [0.5659273038456598, 0.5138682414548834, 7.336209463018026], [0.6430992089155225, 0.5839411834714585, 9.170261828772531], [0.6945471456287643, 0.6306564781491751, 11.004314194527039], [0.7202711139853852, 0.6540141254880334, 12.838366560281544], [0.7202711139853852, 0.6540141254880334, 14.67241892603605], [0.6945471456287643, 0.6306564781491751, 16.506471291790554], [0.6430992089155225, 0.5839411834714585, 18.340523657545063], [0.5659273038456599, 0.5138682414548835, 20.17457602329957], [0.46303143041917616, 0.42043765209945, 22.00862838905408], [0.3344115886360717, 0.30364941540515833, 23.842680754808583], [0.18006777849634625, 0.16350353137200832, 25.676733120563092], [0.0, 0.0, 27.510785486317594]], "radius": [2.127246370836999, 2.127246370836999, 2.127246370836999, 2.127246370836999, 2.127246370836999, 2.127246370836999, 2.127246370836999, 2.127246370836999, 2.127246370836999, 2.127246370836999, 2.127246370836999, 2.127246370836999, 2.127246370836999, 2.127246370836999, 2.010452554142678, 1.6921042570500708], "ref_radius": [2.127246370836999, 2.127246370836999, 2.127246370836999, 2.127246370836999, 2.127246370836999, 2.127246370836999, 2.127246370836999, 2.127246370836999, 2.127246370836999, 2.127246370836999, 2.127246370836999, 2.127246370836999, 2.127246370836999, 2.127246370836999, 2.127246370836999, 2.127246370836999], "length": 27.510785486317594, "seg_id": 0, "type": "Root", "parent": null, "children": [1, 2]}, {"pos": [[0.0, 0.0, 27.510785486317594], [1.1832888392287793, -0.0470022325379667, 29.2097229339973], [2.3115478021872056, -0.10075327975763756, 30.908660381677002], [3.384776888875278, -0.1612531416590126, 32.607597829356706], [4.402976099292998, -0.2285018182420919, 34.30653527703642], [5.366145433440365, -0.30249930950687537, 36.00547272471613], [6.274284891317377, -0.3832456154533629, 37.704410172395825], [7.1273944729240375, -0.47074073608155476, 39.403347620075536], [7.925474178260344, -0.5649846713914507, 41.10228506775524], [8.668524007326297, -0.6659774213830509, 42.801222515434944], [9.356543960121899, -0.7737189860563554, 44.50015996311465], [9.989534036647145, -0.8882093654113639, 46.19909741079435]], "radius": [1.3532248559418323, 1.3532248559418323, 1.3532248559418323, 1.3532248559418323, 1.3532248559418323, 1.3532248559418323, 1.3532248559418323, 1.3532248559418323, 1.3532248559418323, 1.3532248559418323, 1.3532248559418323, 1.3532248559418323], "ref_radius": [1.3532248559418323, 1.3532248559418323, 1.3532248559418323, 1.3532248559418323, 1.3532248559418323, 1.3532248559418323, 1.3532248559418323, 1.3532248559418323, 1.3532248559418323, 1.3532248559418323, 1.3532248559418323, 1.3532248559418323], "length": 21.209259976073575, "seg_id": 1, "type": "Side", "parent": 0, "children": []}, {"pos": [[0.0, 0.0, 27.510785486317594], [-0.06828429208607864, -0.12515430642411662, 29.431287026292026], [-0.12920924986862978, -0.27827564097184815, 31.351788566266467], [-0.18277487334765335, -0.4593640036431945, 33.272290106240895], [-0.22898116252314943, -0.6684193944381558, 35.19279164621534], [-0.2678281173951179, -0.9054418133567317, 37.113293186189765], [-0.2993157379635589, -1.1704312603989229, 39.0337947261642], [-0.3234440242284724, -1.4633877355647282, 40.954296266138634], [-0.34021297618985835, -1.7843112388541496, 42.874797806113065], [-0.3496225938477167, -2.133201770267185, 44.7952993460875], [-0.35167287720204754, -2.510059329803835, 46.71580088606194], [-0.34636382625285095, -2.9148839174641004, 48.63630242603637], [-0.3336954410001267, -3.347675533247981, 50.556803966010804]], "radius": [1.2653761048685817, 0.8479648733091101, 0.5717456814532809, 0.5113316641036749, 0.6773570978983963, 1.014474146393905, 1.418575727426189, 1.7679040883619368, 1.9587533385582454, 1.9660059545756614, 1.9480903527688462, 1.930174750962031, 1.9122591491552157], "ref_radius": [2.127246370836999, 2.1093307690301835, 2.0914151672233685, 2.073499565416553, 2.0555839636097377, 2.0376683618029228, 2.0197527599961074, 2.001837158189292, 1.9839215563824768, 1.9660059545756614, 1.9480903527688462, 1.930174750962031, 1.9122591491552157], "length": 23.29028234885984, "seg_id": 2, "type": "Main", "parent": 0, "children": [3, 4]}, {"pos": [[-0.3336954410001267, -3.347675533247981, 50.556803966010804], [1.2922522749072587, -3.8123130842180935, 52.059507964586786], [2.852349388119703, -4.23066872061465, 53.56221196316277], [4.346595898637204, -4.60274244243765, 55.064915961738755], [5.774991806459766, -4.928534249687095, 56.56761996031474], [7.137537111587385, -5.208044142362984, 58.070323958890725], [8.434231814020063, -5.441272120465317, 59.57302795746671], [9.6650759137578, -5.628218183994093, 61.07573195604269], [10.830069410800593, -5.768882332949314, 62.57843595461867]], "radius": [1.2787659499228627, 1.2787659499228627, 1.2787659499228627, 1.2787659499228627, 1.2787659499228627, 1.2787659499228627, 1.2787659499228627, 1.2787659499228627, 1.2787659499228627], "ref_radius": [1.2787659499228627, 1.2787659499228627, 1.2787659499228627, 1.2787659499228627, 1.2787659499228627, 1.2787659499228627, 1.2787659499228627, 1.2787659499228627, 1.2787659499228627], "length": 16.583471400847923, "seg_id": 3, "type": "Side", "parent": 2, "children": []}, {"pos": [[-0.3336954410001267, -3.347675533247981, 50.556803966010804], [-0.4787956134195475, -3.9195253776390118, 52.32417554784723], [-0.6242515305247304, -4.461271329265987, 54.09154712968365], [-0.7700631923156753, -4.97291338812891, 55.858918711520055], [-0.9162305987923827, -5.454451554227779, 57.626290293356476], [-1.062753749954852, -5.905885827562593, 59.39366187519291], [-1.2096326458030835, -6.327216208133354, 61.161033457029326], [-1.3568672863370774, -6.718442695940062, 62.92840503886575], [-1.5044576715568332, -7.079565290982715, 64.69577662070216], [-1.6524038014623512, -7.410583993261314, 66.46314820253858], [-1.8007056760536315, -7.711498802775861, 68.230519784375], [-1.949363295330674, -7.982309719526353, 69.99789136621143], [-2.0983766592934785, -8.223016743512792, 71.76526294804785], [-2.247745767942045, -8.433619874735175, 73.53263452988426]], "radius": [1.8943435473484005, 1.8774794566404065, 1.8606153659324127, 1.8437512752244187, 1.826887184516425, 1.810023093808431, 1.7931590031004372, 1.7762949123924432, 1.7594308216844494, 1.7425667309764554, 1.7257026402684614, 1.7088385495604677, 1.6919744588524739, 1.6751103681444799], "ref_radius": [1.8943435473484005, 1.8774794566404065, 1.8606153659324127, 1.8437512752244187, 1.826887184516425, 1.810023093808431, 1.7931590031004372, 1.7762949123924432, 1.7594308216844494, 1.7425667309764554, 1.7257026402684614, 1.7088385495604677, 1.6919744588524739, 1.6751103681444799], "length": 23.60972699119145, "seg_id": 4, "type": "Main", "parent": 2, "children": [5, 6]}, {"pos": [[-2.247745767942045, -8.433619874735175, 73.53263452988426], [-1.3609205788665926, -9.023721811731061, 75.10365107083146], [-0.4419673701412812, -9.538744604291713, 76.67466761177866], [0.5091138582338897, -9.978688252417133, 78.24568415272583], [1.4923231062589184, -10.34355275610732, 79.816700693673], [2.507660373933806, -10.633338115362271, 81.3877172346202], [3.555125661258553, -10.848044330181992, 82.95873377556738], [4.634718968233158, -10.98767140056648, 84.52975031651457], [5.7464402948576225, -11.052219326515736, 86.10076685746176], [6.890289641131945, -11.041688108029756, 87.67178339840895], [8.066267007056126, -10.956077745108546, 89.24279993935613]], "radius": [1.0673773999749474, 1.0673773999749474, 1.0673773999749474, 1.0673773999749474, 1.0673773999749474, 1.0673773999749474, 1.0673773999749474, 1.0673773999749474, 1.0673773999749474, 1.0673773999749474, 1.0673773999749474],