{"case_id": "LCX_2491_bc4", "artery_type": "LCX", "segments": [{"pos": [[0.0, 0.0, 0.0], [0.004854672929960421, 0.2213663843425636, 1.8429857761530057], [0.008900233704927438, 0.4058383712946999, 3.685971552306011], [0.012136682324901052, 0.5534159608564089, 5.528957328459017], [0.014564018789881263, 0.6640991530276907, 7.371943104612022], [0.01618224309986807, 0.7378879478085453, 9.21492888076503], [0.016991355254861472, 0.7747823451989725, 11.057914656918033], [0.016991355254861472, 0.7747823451989725, 12.90090043307104], [0.016182243099868068, 0.7378879478085452, 14.743886209224046], [0.014564018789881263, 0.6640991530276907, 16.58687198537705], [0.012136682324901052, 0.5534159608564089, 18.42985776153006], [0.008900233704927433, 0.40583837129469963, 20.272843537683066], [0.004854672929960418, 0.22136638434256345, 22.11582931383607], [0.0, 0.0, 23.958815089989073]], "radius": [2.7328870625208053, 2.7328870625208053, 2.7328870625208053, 2.7328870625208053, 2.7328870625208053, 2.7328870625208053, 2.7328870625208053, 2.7101849558733115, 2.388122640550389, 1.804022454837066, 1.1900957033676796, 0.7904113582048324, 0.7638654880406466, 1.121011506988407], "ref_radius": [2.7328870625208053, 2.7328870625208053, 2.7328870625208053, 2.7328870625208053, 2.7328870625208053, 2.7328870625208053, 2.7328870625208053, 2.7328870625208053, 2.7328870625208053, 2.7328870625208053, 2.7328870625208053, 2.7328870625208053, 2.7328870625208053, 2.7328870625208053], "length": 23.958815089989073, "seg_id": 0, "type": "Root", "parent": null, "children": [1, 2]}, {"pos": [[0.0, 0.0, 23.958815089989073], [0.9672245775549946, 0.002050686958754775, 25.41720865353373], [1.9641335222483702, 0.010470868048451449, 26.875602217078395], [2.990726834080127, 0.025260543269090024, 28.333995780623052], [4.047004513050265, 0.046419712620670496, 29.792389344167717], [5.132966559158783, 0.07394837610319287, 31.250782907712374], [6.248612972405684, 0.10784653371665714, 32.70917647125703], [7.393943752790964, 0.14811418546106328, 34.16757003480169], [8.568958900314627, 0.19475133133641137, 35.62596359834635], [9.77365841497667, 0.24775797134270136, 37.084357161891006], [11.008042296777093, 0.3071341054799332, 38.54275072543567], [12.272110545715899, 0.37287973374810696, 40.00114428898033], [13.565863161793086, 0.4449948561472227, 41.45953785252499]], "radius": [2.1133614535773666, 2.1133614535773666, 2.1133614535773666, 2.1133614535773666, 2.1133614535773666, 2.1133614535773666, 2.1133614535773666, 2.1133614535773666, 2.1133614535773666, 2.1133614535773666, 2.1133614535773666, 2.1133614535773666, 2.1133614535773666], "ref_radius": [2.1133614535773666, 2.1133614535773666, 2.1133614535773666, 2.1133614535773666, 2.1133614535773666, 2.1133614535773666, 2.1133614535773666, 2.1133614535773666, 2.1133614535773666, 2.1133614535773666, 2.1133614535773666, 2.1133614535773666, 2.1133614535773666], "length": 22.147369165605987, "seg_id": 1, "type": "Side", "parent": 0, "children": []}, {"pos": [[0.0, 0.0, 23.958815089989073], [-0.15354608844899562, 0.08243346842119943, 25.73676471741579], [-0.3207948168640167, 0.1470350972963454, 27.514714344842513], [-0.5017461852450631, 0.1938048866254379, 29.29266397226924], [-0.696400193592135, 0.22274283640847692, 31.070613599695957], [-0.9047568419052325, 0.2338489466454625, 32.84856322712268], [-1.1268161301843551, 0.2271232173363946, 34.626512854549404], [-1.362578058429503, 0.20256564848127323, 36.40446248197612], [-1.6120426266406769, 0.16017624008009826, 38.18241210940284], [-1.875209834817876, 0.09995499213286996, 39.96036173682956], [-2.1520796829611006, 0.021901904639588077, 41.73831136425628], [-2.44265217107035, -0.07398302239974702, 43.516260991683], [-2.746927299145626, -0.18769978898513578, 45.29421061910972], [-3.0649050671869267, -0.3192483951165781, 47.07216024653644], [-3.3965854751942524, -0.46862884079407346, 48.85010987396316], [-3.7419685231676043, -0.6358411260176227, 50.628059501389885], [-4.101054211106981, -0.8208852507872255, 52.406009128816606], [-4.473842539012384, -1.0237612151028814, 54.18395875624333], [-4.860333506883812, -1.2444690189645913, 55.96190838367005]], "radius": [1.7198646236830193, 2.3078601853084204, 2.6553925681191837, 2.6817386831596015, 2.664689223372534, 2.647639763585466, 2.630590303798398, 2.61354084401133, 2.5964913842242625, 2.5794419244371944, 2.5623924646501264, 2.53288731000609, 2.1178219301503645, 1.3555787868104157, 0.6624363307218024, 0.4112490003944398, 0.7279819191371002, 1.4261374595730243, 2.11309483584094], "ref_radius": [2.7328870625208053, 2.715837602733737, 2.6987881429466696, 2.6817386831596015, 2.664689223372534, 2.647639763585466, 2.630590303798398, 2.61354084401133, 2.5964913842242625, 2.5794419244371944, 2.5623924646501264, 2.5453430048630588, 2.5282935450759907, 2.511244085288923, 2.494194625501855, 2.4771451657147874, 2.4600957059277193, 2.4430462461406512, 2.4259967863535836], "length": 32.39397359542895, "seg_id": 2, "type": "Main", "parent": 0, "children": [3, 4]}, {"pos": [[-4.860333506883812, -1.2444690189645913, 55.96190838367005], [-3.8453269130283014, -1.5689009894043797, 57.485059078402564], [-2.816581544236584, -1.8674614990154406, 59.00820977313509], [-1.7740974005086567, -2.1401505477977727, 60.5313604678676], [-0.7178744818445213, -2.3869681357513772, 62.05451116260012], [0.3520872117558229, -2.6079142628762533, 63.57766185733263], [1.4357876802923761, -2.8029889291724017, 65.10081255206515], [2.5332269237651364, -2.972192134639822, 66.62396324679767], [3.6444049421741074, -3.1155238792785145, 68.14711394153018], [4.769321735519287, -3.232984163088479, 69.67026463626269], [5.907977303800672, -3.324572986069715, 71.19341533099521], [7.060371647018269, -3.3902903482222237, 72.71656602572772], [8.226504765172074, -3.430136249546004, 74.23971672046024]], "radius": [1.3409279310752404, 1.3409279310752404, 1.3409279310752404, 1.3409279310752404, 1.3409279310752404, 1.3409279310752404, 1.3409279310752404, 1.3409279310752404, 1.3409279310752404, 1.3409279310752404, 1.3409279310752404, 1.3409279310752404, 1.3409279310752404], "ref_radius": [1.3409279310752404, 1.3409279310752404, 1.3409279310752404, 1.3409279310752404, 1.3409279310752404, 1.3409279310752404, 1.3409279310752404, 1.3409279310752404, 1.3409279310752404, 1.3409279310752404, 1.3409279310752404, 1.3409279310752404, 1.3409279310752404], "length": 22.585852979204063, "seg_id": 3, "type": "Side", "parent": 2, "children": []}, {"pos": [[-4.860333506883812, -1.2444690189645913, 55.96190838367005], [-4.747101771192821, -1.4658128172930776, 57.903222846134554], [-4.7024625272479765, -1.6747096231476566, 59.84453730859907], [-4.726415775049277, -1.8711594365283284, 61.785851771063584], [-4.818961514596721, -2.0551622574350925, 63.72716623352809], [-4.98009974589031, -2.22671808586795, 65.6684806959926], [-5.209830468930043, -2.3858269218269, 67.6097951584571], [-5.508153683715921, -2.532488765311942, 69.55110962092161], [-5.875069390247946, -2.666703616323078, 71.49242408338613], [-6.3105775885261135, -2.788471474860306, 73.43373854585063]], "radius": [2.407799603022703, 2.3913475538209306, 2.3737477810753456, 2.356148008329761, 2.338548235584176, 2.320948462838591, 2.303348690093006, 2.285748917347421, 2.268149144601836, 2.2505493718562515], "ref_radius": [2.4089473265665156, 2.3913475538209306, 2.3737477810753456, 2.356148008329761, 2.338548235584176, 2.320948462838591, 2.303348690093006, 2.285748917347421, 2.268149144601836, 2.2505493718562515], "length": 17.599772745584914, "seg_id": 4, "type": "Main", "parent": 2,