{"case_id": "LCX_3165_bc8", "artery_type": "LCX", "segments": [{"pos": [[0.0, 0.0, 0.0], [0.20451111418518672, -0.05903762392113876, 1.8865637609547807], [0.3681200055333361, -0.10626772305804977, 3.773127521909562], [0.4908266740444481, -0.141690297410733, 5.659691282864342], [0.5726311197185229, -0.16530534697918853, 7.546255043819124], [0.6135333425555602, -0.17711287176341628, 9.432818804773905], [0.6135333425555602, -0.17711287176341628, 11.319382565728684], [0.5726311197185229, -0.16530534697918853, 13.205946326683467], [0.4908266740444481, -0.141690297410733, 15.092510087638246], [0.36812000553333607, -0.10626772305804975, 16.979073848593032], [0.20451111418518655, -0.05903762392113871, 18.86563760954781], [0.0, 0.0, 20.75220137050259]], "radius": [2.1183475507451015, 2.1183475507451015, 2.1183475507451015, 2.1183475507451015, 2.1183475507451015, 2.1183475507451015, 2.1183475507451015, 2.1183475507451015, 2.1183475507451015, 2.1183475507451015, 2.1183475507451015, 2.06270192131106], "ref_radius": [2.1183475507451015, 2.1183475507451015, 2.1183475507451015, 2.1183475507451015, 2.1183475507451015, 2.1183475507451015, 2.1183475507451015, 2.1183475507451015, 2.1183475507451015, 2.1183475507451015, 2.1183475507451015, 2.1183475507451015], "length": 20.75220137050259, "seg_id": 0, "type": "Root", "parent": null, "children": [1, 2]}, {"pos": [[0.0, 0.0, 20.75220137050259], [1.312477271062427, 0.26660058953799054, 22.28594936341218], [2.573228738397767, 0.4792424574565858, 23.819697356321768], [3.782254402006019, 0.6379256037557853, 25.353445349231357], [4.939554261887186, 0.7426500284355898, 26.887193342140947], [6.0451283180412645, 0.7934157314959986, 28.420941335050543], [7.098976570468254, 0.7902227129370122, 29.954689327960132], [8.10109901916816, 0.7330709727586303, 31.488437320869718], [9.051495664140976, 0.6219605109608528, 33.02218531377931], [9.950166505386708, 0.45689132754368017, 34.5559333066889], [10.797111542905348, 0.23786342250711184, 36.08968129959849], [11.592330776696905, -0.03512320414885149, 37.62342929250808]], "radius": [1.4996889319357718, 1.4996889319357718, 1.4996889319357718, 1.4996889319357718, 1.4996889319357718, 1.4996889319357718, 1.4996889319357718, 1.4996889319357718, 1.4996889319357718, 1.4996889319357718, 1.4996889319357718, 1.4996889319357718], "ref_radius": [1.4996889319357718, 1.4996889319357718, 1.4996889319357718, 1.4996889319357718, 1.4996889319357718, 1.4996889319357718, 1.4996889319357718, 1.4996889319357718, 1.4996889319357718, 1.4996889319357718, 1.4996889319357718, 1.4996889319357718], "length": 20.470019493690806, "seg_id": 1, "type": "Side", "parent": 0, "children": []}, {"pos": [[0.0, 0.0, 20.75220137050259], [0.18642327320609273, 0.22303184161671954, 22.63815340371731], [0.3427403943098149, 0.4114675380144828, 24.524105436932032], [0.46895136331116655, 0.5653070891932899, 26.410057470146743], [0.5650561802101478, 0.6845504951531408, 28.296009503361468], [0.6310548450067583, 0.7691977558940352, 30.181961536576186], [0.6669473577009984, 0.8192488714159736, 32.0679135697909], [0.6727337182928681, 0.8347038417189558, 33.953865603005625], [0.6484139267823672, 0.8155626668029817, 35.839817636220346], [0.5939879831694959, 0.7618253466680514, 37.72576966943506], [0.509455887454254, 0.673491881314165, 39.61172170264978], [0.39481763963664146, 0.5505622707413221, 41.4976737358645], [0.2500732397166585, 0.3930365149495232, 43.38362576907922], [0.07522268769430511, 0.20091461393876803, 45.26957780229394], [-0.12973401643041912, -0.02580343229094373, 47.15552983550866]], "radius": [1.8126201093604843, 1.416625200770385, 1.00091044862856, 0.6781994541669303, 0.533484055072388, 0.6008599537111317, 0.8549090102845558, 1.2187812873433603, 1.5864439684452014, 1.852663009158649, 1.9422408573502146, 1.9247207122216279, 1.9071182723558575, 1.8895158324900871, 1.8719133926243168], "ref_radius": [2.1183475507451015, 2.1007451108793314, 2.0831426710135608, 2.0655402311477906, 2.04793779128202, 2.03033535141625, 2.0127329115504793, 1.9951304716847091, 1.9775280318189388, 1.9599255919531684, 1.9423231520873983, 1.9247207122216279, 1.9071182723558575, 1.8895158324900871, 1.8719133926243168], "length": 26.403659798655504, "seg_id": 2, "type": "Main", "parent": 0, "children": [3, 4]}, {"pos": [[-0.12973401643041912, -0.02580343229094373, 47.15552983550866], [0.9960934912573083, 0.32060604502225143, 48.60269660304894], [2.132867568192277, 0.6151974302521419, 50.049863370589236], [3.2805882143744856, 0.8579707233987275, 51.4970301381295], [4.439255429803936, 1.0489259244620086, 52.9441969056698], [5.6088692144806265, 1.1880630334419848, 54.39136367321007], [6.789429568404559, 1.2753820503386564, 55.838530440750354], [7.98093649157573, 1.3108829751520232, 57.28569720829063], [9.183389983994145, 1.2945658078820852, 58.732863975830924], [10.396790045659799, 1.2264305485288425, 60.180030743371205], [11.621136676572695, 1.1064771970922953, 61.627197510911486], [12.85642987673283, 0.9347057535724432, 63.07436427845177], [14.102669646140209, 0.7111162179692863, 64.52153104599205]], "radius": [1.3462373668946153, 1.3462373668946153, 1.3462373668946153, 1.3462373668946153, 1.3462373668946153, 1.3462373668946153, 1.3462373668946153, 1.3462373668946153, 1.3462373668946153, 1.3462373668946153, 1.3462373668946153, 1.3462373668946153, 1.3462373668946153], "ref_radius": [1.3462373668946153, 1.3462373668946153, 1.3462373668946153, 1.3462373668946153, 1.3462373668946153, 1.3462373668946153, 1.3462373668946153, 1.3462373668946153, 1.3462373668946153, 1.3462373668946153, 1.3462373668946153, 1.3462373668946153, 1.3462373668946153], "length": 22.465136603809107, "seg_id": 3, "type": "Side", "parent": 2, "children": []}, {"pos": [[-0.12973401643041912, -0.02580343229094373, 47.15552983550866], [-0.2202189075704646, -0.23117143657014974, 49.03743223155588], [-0.2699841638412017, -0.39581997939083596, 50.91933462760308], [-0.27902978524263045, -0.5197490607530024, 52.80123702365029], [-0.247355771774751, -0.6029586806566491, 54.6831394196975], [-0.17496212343756307, -0.6454488391017763, 56.56504181574472], [-0.06184884023106674, -0.6472195360883833, 58.44694421179193], [0.09198407784473794, -0.6082707716164708, 60.32884660783914], [0.28653663078985075, -0.5286025456860385, 62.210749003886335], [0.5218088186042719, -0.40821485829708654, 64.09265139993354], [0.7978006412880017, -0.2471077094496147, 65.97455379598077], [1.1145120988410402, -0.04528109914362283, 67.85645619202798], [1.4719431912633862, 0.19726497262088824, 69.73835858807519], [1.8700939185550405, 0.4805305058439191, 71.6202609841224]], "radius": [1.8543109527585464, 1.836774129168373, 1.8192373055781996, 1.8017004819880265, 1.784163658397853, 1.7666268348076797, 1.7065603085999774, 1.4375444870978233, 1.0359198446601436, 0.6482539082406062, 0.4130083161611795, 0.4096786394631904, 0.6307103238654574, 0.9860857162759429], "ref_radius": [1.8543109527585464, 1.836774129168373, 1.8192373055781996, 1.8017004819880265, 1.784163658397853, 1.7666268348076797, 1.7490900112175063, 1.731553187627333, 1.7140163640371595, 1.6964795404469863, 1.678942716856813, 1.6614058932666396, 1.6438690696764662, 1.6263322460862928], "length": 24.551553026242686, "seg_id": 4, "type": "Main", "parent": 2, "children": [5, 6]}, {"pos": [[1.8700939185550405, 0.4805305058439191, 71.6202609841224], [3.2394732432737747, 0.5377099341714945, 73.08846708671538], [4.560690702520243, 0.5579464083822407, 74.55667318930838], [5.833746296294446, 0.5412399284761574, 76.02487929190134], [7.058640024596384, 0.4875904944532451, 77.49308539449433], [8.235371887426055, 0.3969981063135035, 78.96129149708732], [9.363941884783465, 0.2694627640569326, 80.4294975996803], [10.444350016668604, 0.10498446768353242, 81.89770370227328], [11.47659628308148, -0.09643678280669687, 83.36590980486628], [12.46068068402209, -0.3348009874137554, 84.83411590745925], [13.396603219490435, -0.6101081461376432, 86.30232201005224]],