{"case_id": "LCX_4414_bc7", "artery_type": "LCX", "segments": [{"pos": [[0.0, 0.0, 0.0], [-0.028100645952045044, -0.01084621156323818, 1.7660273869209124], [-0.05339122730888558, -0.020607801970152544, 3.532054773841825], [-0.07587174407052164, -0.02928477122074309, 5.298082160762738], [-0.09554219623695316, -0.03687711931500982, 7.064109547683651], [-0.11240258380818018, -0.04338484625295272, 8.830136934604562], [-0.12645290678420273, -0.04880795203457182, 10.596164321525475], [-0.13769316516502075, -0.0531464366598671, 12.362191708446389], [-0.14612335895063425, -0.05640030012883855, 14.128219095367301], [-0.15174348814104324, -0.058569542441486176, 15.894246482288212], [-0.15455355273624777, -0.05965416359781, 17.660273869209128], [-0.15455355273624777, -0.059654163597810006, 19.42630125613004], [-0.15174348814104327, -0.05856954244148618, 21.19232864305095], [-0.14612335895063425, -0.05640030012883855, 22.958356029971867], [-0.13769316516502075, -0.0531464366598671, 24.724383416892778], [-0.12645290678420273, -0.048807952034571826, 26.49041080381369], [-0.1124025838081802, -0.04338484625295273, 28.2564381907346], [-0.09554219623695316, -0.03687711931500982, 30.022465577655513], [-0.07587174407052165, -0.029284771220743102, 31.788492964576427], [-0.053391227308885646, -0.020607801970152568, 33.55452035149734], [-0.02810064595204508, -0.010846211563238194, 35.32054773841825], [0.0, 0.0, 37.08657512533917]], "radius": [2.6370481653148565, 2.6370481653148565, 2.6370481653148565, 2.6370481653148565, 2.6370481653148565, 2.6370481653148565, 2.6370481653148565, 2.6370481653148565, 2.6370481653148565, 2.6370481653148565, 2.6370481653148565, 2.6370481653148565, 2.6370481653148565, 2.6205162584652975, 2.372511391343043, 1.895600740282753, 1.3317382841887402, 0.8487594845239625, 0.5904245240111541, 0.6336276289657699, 0.9655092571744135, 1.487283781717835], "ref_radius": [2.6370481653148565, 2.6370481653148565, 2.6370481653148565, 2.6370481653148565, 2.6370481653148565, 2.6370481653148565, 2.6370481653148565, 2.6370481653148565, 2.6370481653148565, 2.6370481653148565, 2.6370481653148565, 2.6370481653148565, 2.6370481653148565, 2.6370481653148565, 2.6370481653148565, 2.6370481653148565, 2.6370481653148565, 2.6370481653148565, 2.6370481653148565, 2.6370481653148565, 2.6370481653148565, 2.6370481653148565], "length": 37.08657512533917, "seg_id": 0, "type": "Root", "parent": null, "children": [1, 2]}, {"pos": [[0.0, 0.0, 37.08657512533917], [0.5318937471030617, -0.3884493439291284, 38.85330383623887], [1.2251603791138392, -0.6658918707063076, 40.62003254713855], [2.079799896032333, -0.8323275803315379, 42.38676125803824], [3.0958122978585427, -0.8877564728048192, 44.15348996893793], [4.273197584592468, -0.8321785481261513, 45.92021867983763], [5.611955756234111, -0.6655938062955344, 47.68694739073732], [7.1120868127834695, -0.38800224731296845, 49.453676101637015]], "radius": [1.8621121752751855, 1.8621121752751855, 1.8621121752751855, 1.8621121752751855, 1.8621121752751855, 1.8621121752751855, 1.8621121752751855, 1.8621121752751855], "ref_radius": [1.8621121752751855, 1.8621121752751855, 1.8621121752751855, 1.8621121752751855, 1.8621121752751855, 1.8621121752751855, 1.8621121752751855, 1.8621121752751855], "length": 14.271563023524632, "seg_id": 1, "type": "Side", "parent": 0, "children": []}, {"pos": [[0.0, 0.0, 37.08657512533917], [-0.23598882071913982, 0.22389032585691424, 38.8708956235407], [-0.4678657955004982, 0.40196390424730305, 40.65521612174222], [-0.6956309243440751, 0.5342207351711663, 42.439536619943745], [-0.9192842072498707, 0.6206608186285043, 44.22385711814528], [-1.1388256442178848, 0.6612841546193169, 46.008177616346806], [-1.3542552352481174, 0.6560907431436039, 47.79249811454834], [-1.5655729803405687, 0.6050805842013656, 49.57681861274986], [-1.7727788794952386, 0.5082536777926019, 51.36113911095139], [-1.9758729327121267, 0.36561002391731273, 53.14545960915292], [-2.1748551399912337, 0.17714962257549804, 54.929780107354446], [-2.3697255013325593, -0.05712752623284234, 56.71410060555598], [-2.5604840167361034, -0.33722142250770765, 58.49842110375751], [-2.747130686201866, -0.6631320662490983, 60.28274160195903]], "radius": [2.0436433484200496, 2.45335830404589, 2.6033283959011615, 2.5869745588144397, 2.5702833566476344, 2.5535921544808287, 2.536900952314023, 2.5202097501472176, 2.503518547980412, 2.4868273458136065, 2.470136143646801, 2.4534449414799955, 2.4367537393131897, 2.420062537146384], "ref_radius": [2.6370481653148565, 2.6203569631480508, 2.6036657609812455, 2.5869745588144397, 2.5702833566476344, 2.5535921544808287, 2.536900952314023, 2.5202097501472176, 2.503518547980412, 2.4868273458136065, 2.470136143646801, 2.4534449414799955, 2.4367537393131897, 2.420062537146384], "length": 23.367683033527797, "seg_id": 2, "type": "Main", "parent": 0, "children": [3, 4]}, {"pos": [[-2.747130686201866, -0.6631320662490983, 60.28274160195903], [-1.8920959151311414, -0.18128076919011785, 62.12616877317996], [-0.9203005977021876, 0.10882882184494296, 63.96959594440088], [0.16825526608499564, 0.20719670685608405, 65.8130231156218], [1.3735716762304073, 0.11382288584330552, 67.65645028684271], [2.695648632734048, -0.17129264119339255, 69.49987745806364], [4.134486135595919, -0.6481498742540106, 71.34330462928456]], "radius": [1.3602463576650465, 1.3602463576650465, 1.3602463576650465, 1.3602463576650465, 1.3602463576650465, 1.3602463576650465, 1.3602463576650465], "ref_radius": [1.3602463576650465, 1.3602463576650465, 1.3602463576650465, 1.3602463576650465, 1.3602463576650465, 1.3602463576650465, 1.3602463576650465], "length": 13.026623853845162, "seg_id": 3, "type": "Side", "parent": 2, "children": []}, {"pos": [[-2.747130686201866, -0.6631320662490983, 60.28274160195903], [-2.9777312536680753, -0.5905767940855501, 62.09142650867292], [-3.2431358394758845, -0.5055592216986978, 63.90011141538679], [-3.543344443625295, -0.40807934908854177, 65.70879632210067], [-3.878357066116306, -0.298137176255082, 67.51748122881455], [-4.2481737069489185, -0.17573270319831855, 69.32616613552842], [-4.65279436612313, -0.040865929918251, 71.1348510422423], [-5.092219043638943, 0.10646314358512038, 72.94353594895618], [-5.566447739496358, 0.2662545173117953, 74.75222085567006], [-6.07548045369537, 0.438508191261774, 76.56090576238392], [-6.619317186235986, 0.6232241654350568, 78.36959066909782], [-7.197957937118202, 0.8204024398316435, 80.17827557581168], [-7.811402706342019, 1.0300430144515338, 81.98696048252556], [-8.459651493907435, 1.2521458892947277, 83.79564538923944]], "radius": [2.4033713349795787, 2.3860337824233353, 2.3686962298670924, 2.351358677310849, 2.334021124754606, 2.3166835721983627, 2.29934601964212, 2.2820084670858765, 2.2646709145296335, 2.24733336197339, 2.2299958094171473, 2.212658256860904, 2.195320704304661, 2.1779831517484176], "ref_radius": [2.4033713349795787, 2.3860337824233353, 2.3686962298670924, 2.351358677310849, 2.334021124754606, 2.3166835721983627, 2.29934601964212, 2.2820084670858765, 2.2646709145296335, 2.24733336197339, 2.2299958094171473, 2.212658256860904, 2.195320704304661, 2.1779831517484176], "length": 24.2725735787404, "seg_id": 4, "type": "Main", "parent": 2, "children": [5, 6]}, {"pos": [[-8.459651493907435, 1.2521458892947277, 83.79564538923944], [-7.5359080594689924, 1.1716410455200423, 85.4448852417573], [-6.625624335624983, 1.1731404899095834, 87.09412509427516], [-5.728800322375407, 1.2566442224633503, 88.74336494679304], [-4.845436019720264, 1.4221522431813431, 90.3926047993109], [-3.9755314276595537, 1.6696645520635625, 92.04184465182874], [-3.119086546193277, 1.9991811491100075, 93.6910845043466], [-2.276101375321433, 2.4107020343206784, 95.34032435686447], [-1.446575915044023, 2.904227207695576, 96.98956420938234]], "radius": [1.5601222712248435, 1.5601222712248435, 1.5601222712248435, 1.5601222712248435, 1.5601222712248435, 1.5601222712248435, 1.5601222712248435, 1.5601222712248435, 1.5601222712248435],