{"case_id": "LCX_1360_bc5", "artery_type": "LCX", "segments": [{"pos": [[0.0, 0.0, 0.0], [0.04542220578265368, -0.17049492060431728, 1.8119404056071775], [0.08258582869573397, -0.3099907647351224, 3.6238808112143555], [0.11149086873924086, -0.4184875323924152, 5.435821216821533], [0.13213732591317437, -0.49598522357619584, 7.24776162242871], [0.14452520021753443, -0.5424838382864642, 9.059702028035888], [0.14865449165232114, -0.5579833765232203, 10.871642433643066], [0.14452520021753446, -0.5424838382864642, 12.683582839250242], [0.13213732591317437, -0.49598522357619584, 14.49552324485742], [0.11149086873924086, -0.4184875323924152, 16.307463650464598], [0.082585828695734, -0.3099907647351225, 18.119404056071776], [0.0454222057826537, -0.1704949206043174, 19.931344461678954], [0.0, 0.0, 21.743284867286132]], "radius": [2.617413339158568, 2.617413339158568, 2.617413339158568, 2.617413339158568, 2.617413339158568, 2.617413339158568, 2.617413339158568, 2.617413339158568, 2.617413339158568, 2.617413339158568, 2.617413339158568, 2.617413339158568, 2.617413339158568], "ref_radius": [2.617413339158568, 2.617413339158568, 2.617413339158568, 2.617413339158568, 2.617413339158568, 2.617413339158568, 2.617413339158568, 2.617413339158568, 2.617413339158568, 2.617413339158568, 2.617413339158568, 2.617413339158568, 2.617413339158568], "length": 21.743284867286132, "seg_id": 0, "type": "Root", "parent": null, "children": [1, 2]}, {"pos": [[0.0, 0.0, 21.743284867286132], [1.2995615387009998, -0.12406915671327173, 23.148565612070154], [2.586110382347076, -0.23353814173900245, 24.553846356854184], [3.859646530938229, -0.32840695507719214, 25.959127101638206], [5.120169984474459, -0.40867559672784093, 27.36440784642223], [6.3676807429557645, -0.4743440666909486, 28.769688591206247], [7.602178806382148, -0.5254123649665152, 30.17496933599027], [8.82366417475361, -0.561880491554541, 31.5802500807743], [10.032136848070145, -0.5837484464550257, 32.98553082555832], [11.227596826331759, -0.5910162296679693, 34.39081157034234], [12.41004410953845, -0.5836838411933721, 35.796092315126366], [13.579478697690218, -0.5617512810312337, 37.201373059910395], [14.735900590787061, -0.5252185491815545, 38.60665380469442], [15.879309788828984, -0.4740856456443342, 40.01193454947844], [17.00970629181598, -0.4083525704195728, 41.41721529426246]], "radius": [1.7691129113108504, 1.7691129113108504, 1.7691129113108504, 1.7691129113108504, 1.7691129113108504, 1.7691129113108504, 1.7691129113108504, 1.7691129113108504, 1.7691129113108504, 1.7691129113108504, 1.7691129113108504, 1.7691129113108504, 1.7691129113108504, 1.7691129113108504, 1.7691129113108504], "ref_radius": [1.7691129113108504, 1.7691129113108504, 1.7691129113108504, 1.7691129113108504, 1.7691129113108504, 1.7691129113108504, 1.7691129113108504, 1.7691129113108504, 1.7691129113108504, 1.7691129113108504, 1.7691129113108504, 1.7691129113108504, 1.7691129113108504, 1.7691129113108504, 1.7691129113108504], "length": 26.01077465976585, "seg_id": 1, "type": "Side", "parent": 0, "children": []}, {"pos": [[0.0, 0.0, 21.743284867286132], [0.009814470649517175, -0.37704390980804636, 23.600241648980194], [0.020680534693985356, -0.7339819988329611, 25.457198430674257], [0.03259819213340454, -1.070814267074744, 27.314155212368323], [0.04556744296777473, -1.3875407145333951, 29.171111994062382], [0.05958828719709591, -1.6841613412089147, 31.028068775756445], [0.07466072482136811, -1.9606761471013026, 32.885025557450504], [0.0907847558405913, -2.217085132210559, 34.74198233914456], [0.10796038025476551, -2.453388296536683, 36.59893912083863], [0.12618759806389068, -2.6695856400796756, 38.45589590253269], [0.1454664092679669, -2.8656771628395363, 40.312852684226755], [0.1657968138669941, -3.041662864816266, 42.16980946592081], [0.18717881186097235, -3.197542746009864, 44.02676624761487], [0.20961240324990157, -3.3333168064203296, 45.88372302930893], [0.23309758803378178, -3.448985046047664, 47.740679811003], [0.257634366212613, -3.544547464891866, 49.59763659269706]], "radius": [2.617413339158568, 2.5998632423123205, 2.582313145466073, 2.564763048619825, 2.468265081067594, 2.0659649846223296, 1.491290505283382, 0.9647377768850298, 0.6851160927294981, 0.7528682424691815, 1.1325567225813231, 1.668500611631552, 2.1467579327737347, 2.378787426987644, 2.3717119833111027, 2.3541618864648552], "ref_radius": [2.617413339158568, 2.5998632423123205, 2.582313145466073, 2.564763048619825, 2.5472129517735778, 2.5296628549273303, 2.512112758081083, 2.494562661234835, 2.4770125643885876, 2.45946246754234, 2.441912370696093, 2.4243622738498454, 2.4068121770035975, 2.38926208015735, 2.3717119833111027, 2.3541618864648552], "length": 28.080154953996033, "seg_id": 2, "type": "Main", "parent": 0, "children": [3, 4]}, {"pos": [[0.257634366212613, -3.544547464891866, 49.59763659269706], [1.6510483613570632, -4.153775895703845, 50.99346839856483], [3.0176184788823956, -4.6669819302513815, 52.38930020443261], [4.357344718788611, -5.084165568534475, 53.7851320103004], [5.6702270810757085, -5.405326810553126, 55.18096381616817], [6.956265565743689, -5.630465656307335, 56.57679562203596], [8.215460172792552, -5.7595821057971, 57.97262742790373], [9.447810902222296, -5.792676159022422, 59.3684592337715], [10.653317754032926, -5.729747815983304, 60.76429103963929], [11.831980728224435, -5.570797076679741, 62.16012284550707]], "radius": [1.7159420734058792, 1.7159420734058792, 1.7159420734058792, 1.7159420734058792, 1.7159420734058792, 1.7159420734058792, 1.7159420734058792, 1.7159420734058792, 1.7159420734058792, 1.7159420734058792], "ref_radius": [1.7159420734058792, 1.7159420734058792, 1.7159420734058792, 1.7159420734058792, 1.7159420734058792, 1.7159420734058792, 1.7159420734058792, 1.7159420734058792, 1.7159420734058792, 1.7159420734058792], "length": 17.201373260560544, "seg_id": 3, "type": "Side", "parent": 2, "children": []}, {"pos": [[0.257634366212613, -3.544547464891866, 49.59763659269706], [-0.01639125690109258, -4.092100542376264, 51.413775168161735], [-0.27043899244497527, -4.616788657317583, 53.229913743626405], [-0.5045088404190351, -5.118611809715825, 55.04605231909108], [-0.7186008008232723, -5.597569999570988, 56.862190894555766], [-0.9127148736576866, -6.0536632268830735, 58.678329470020444], [-1.086851058922278, -6.486891491652081, 60.49446804548513], [-1.2410093566170464, -6.89725479387801, 62.3106066209498], [-1.3751897667419923, -7.284753133560861, 64.12674519641449], [-1.4893922892971154, -7.6493865107006345, 65.94288377187917], [-1.5836169242824152, -7.99115492529733, 67.75902234734383], [-1.657863671697893, -8.310058377350947, 69.57516092280852], [-1.7121325315435472, -8.606096866861485, 71.39129949827318], [-1.7464235038193792, -8.879270393828946, 73.20743807373788], [-1.7607365885253876, -9.12957895825333, 75.02357664920255], [-1.7550717856615738, -9.357022560134634, 76.83971522466723], [-1.729429095227937, -9.561601199472861, 78.65585380013191], [-1.6838085172244772, -9.743314876268009, 80.47199237559659]], "radius": [2.3366117896186074, 2.3190838598525905, 2.3015559300865736, 2.2840280003205566, 2.2665000705545397, 2.248972140788523, 2.231444211022506, 2.213916281256489, 2.196388351490472, 2.178860421724455, 2.1613324919584382, 2.143804562192421, 2.126276632426404, 2.108748702660387, 2.09122077289437, 2.0736928431283532, 2.0561649133623363, 2.0386369835963194], "ref_radius": [2.3366117896186074, 2.3190838598525905, 2.3015559300865736, 2.2840280003205566, 2.2665000705545397, 2.248972140788523, 2.231444211022506, 2.213916281256489, 2.196388351490472, 2.178860421724455, 2.1613324919584382, 2.143804562192421, 2.126276632426404, 2.108748702660387, 2.09122077289437, 2.0736928431283532, 2.0561649133623363, 2.0386369835963194], "length": 31.550273578830485, "seg_id": 4, "type": "Main", "parent": 2,