{"case_id": "LCX_3416_bc1", "artery_type": "LCX", "segments": [{"pos": [[0.0, 0.0, 0.0], [-0.01185119895467408, -0.07387849953545672, 1.7556025315152932], [-0.022517278013880752, -0.14036914911736778, 3.511205063030587], [-0.03199823717762002, -0.19947194874573318, 5.26680759454588], [-0.04029407644589188, -0.2511868984205529, 7.022410126061175], [-0.04740479581869632, -0.2955139981418269, 8.778012657576467], [-0.053330395296033374, -0.3324532479095553, 10.533615189091762], [-0.05807087487790301, -0.362004647723738, 12.289217720607056], [-0.06162623456430523, -0.38416819758437504, 14.04482025212235], [-0.06399647435524004, -0.39894389749146636, 15.800422783637641], [-0.06518159425070745, -0.40633174744501205, 17.556025315152937], [-0.06518159425070746, -0.4063317474450121, 19.311627846668227], [-0.06399647435524004, -0.39894389749146636, 21.067230378183524], [-0.06162623456430523, -0.38416819758437504, 22.822832909698818], [-0.05807087487790301, -0.362004647723738, 24.57843544121411], [-0.05333039529603338, -0.3324532479095554, 26.3340379727294], [-0.04740479581869634, -0.295513998141827, 28.089640504244695], [-0.04029407644589188, -0.2511868984205529, 29.845243035759992], [-0.031998237177620036, -0.19947194874573326, 31.600845567275286], [-0.02251727801388078, -0.14036914911736795, 33.35644809879058], [-0.011851198954674095, -0.07387849953545682, 35.11205063030587], [0.0, 0.0, 36.86765316182117]], "radius": [1.8978114742684462, 1.8978114742684462, 1.8978114742684462, 1.8978114742684462, 1.8978114742684462, 1.8978114742684462, 1.8978114742684462, 1.8978114742684462, 1.8978114742684462, 1.8978114742684462, 1.8978114742684462, 1.8978114742684462, 1.8978114742684462, 1.8978114742684462, 1.8978114742684462, 1.8978114742684462, 1.8978114742684462, 1.8978114742684462, 1.8978114742684462, 1.8978114742684462, 1.8968139020374581, 1.6692770486107948], "ref_radius": [1.8978114742684462, 1.8978114742684462, 1.8978114742684462, 1.8978114742684462, 1.8978114742684462, 1.8978114742684462, 1.8978114742684462, 1.8978114742684462, 1.8978114742684462, 1.8978114742684462, 1.8978114742684462, 1.8978114742684462, 1.8978114742684462, 1.8978114742684462, 1.8978114742684462, 1.8978114742684462, 1.8978114742684462, 1.8978114742684462, 1.8978114742684462, 1.8978114742684462, 1.8978114742684462, 1.8978114742684462], "length": 36.86765316182117, "seg_id": 0, "type": "Root", "parent": null, "children": [1, 2]}, {"pos": [[0.0, 0.0, 36.86765316182117], [1.1854389310153812, 0.13510021986337753, 38.40134118309282], [2.3799713414809327, 0.2594287515579704, 39.93502920436447], [3.583597231396655, 0.3729855950837787, 41.46871722563613], [4.796316600762546, 0.47577075044080236, 43.00240524690778], [6.018129449578609, 0.5677842176290415, 44.53609326817943], [7.24903577784484, 0.6490259966484959, 46.069781289451086], [8.489035585561242, 0.7194960874991656, 47.60346931072273], [9.738128872727817, 0.7791944901810509, 49.13715733199439], [10.996315639344559, 0.8281212046941515, 50.67084535326604]], "radius": [1.3934735713923416, 1.3934735713923416, 1.3934735713923416, 1.3934735713923416, 1.3934735713923416, 1.3934735713923416, 1.3934735713923416, 1.3934735713923416, 1.3934735713923416, 1.3934735713923416], "ref_radius": [1.3934735713923416, 1.3934735713923416, 1.3934735713923416, 1.3934735713923416, 1.3934735713923416, 1.3934735713923416, 1.3934735713923416, 1.3934735713923416, 1.3934735713923416, 1.3934735713923416], "length": 17.66728210686982, "seg_id": 1, "type": "Side", "parent": 0, "children": []}, {"pos": [[0.0, 0.0, 36.86765316182117], [0.3415340977808467, 0.2842999917963526, 38.64461135322216], [0.6643252890434967, 0.564735484728828, 40.421569544623146], [0.96837357378795, 0.8413064787974259, 42.19852773602415], [1.2536789520142064, 1.1140129740021463, 43.975485927425126], [1.5202414237222661, 1.3828549703429895, 45.75244411882612], [1.7680609889121293, 1.6478324678199554, 47.5294023102271], [1.9971376475837954, 1.9089454664330434, 49.30636050162809], [2.2074713997372646, 2.1661939661822545, 51.083318693029085], [2.3990622453725376, 2.419577967067588, 52.86027688443007], [2.5719101844896137, 2.6690974690890448, 54.637235075831065], [2.7260152170884924, 2.914752472246623, 56.41419326723205], [2.861377343169176, 3.156542976540325, 58.191151458633044], [2.9779965627316614, 3.3944689819701495, 59.96810965003403], [3.0758728757759504, 3.628530488536096, 61.745067841435024], [3.1550062823020424, 3.8587274962381652, 63.52202603283601]], "radius": [1.1748994281929905, 0.7026753000394281, 0.5400874715197341, 0.7714106856976939, 1.246055672032069, 1.6720402077978513, 1.7961249544428988, 1.7791772011386409, 1.762229447834383, 1.745281694530125, 1.7283339412258671, 1.7113861879216092, 1.6944384346173513, 1.6774906813130934, 1.6605429280088355, 1.6270203668375265], "ref_radius": [1.8978114742684462, 1.8808637209641883, 1.8639159676599304, 1.8469682143556725, 1.8300204610514146, 1.8130727077471567, 1.7961249544428988, 1.7791772011386409, 1.762229447834383, 1.745281694530125, 1.7283339412258671, 1.7113861879216092, 1.6944384346173513, 1.6774906813130934, 1.6605429280088355, 1.6435951747045774], "length": 27.11640528681266, "seg_id": 2, "type": "Main", "parent": 0, "children": [3, 4]}, {"pos": [[3.1550062823020424, 3.8587274962381652, 63.52202603283601], [4.764163678637315, 3.6994565903977157, 64.8786460110246], [6.3337240050217085, 3.5947768639280895, 66.2352659892132], [7.863687261455221, 3.5446883168292884, 67.59188596740182], [9.354053447937853, 3.5491909491013107, 68.94850594559043], [10.804822564469603, 3.608284760744156, 70.30512592377903], [12.215994611050471, 3.7219697517578254, 71.66174590196763], [13.58756958768046, 3.8902459221423187, 73.01836588015624], [14.91954749435957, 4.113113271897635, 74.37498585834484], [16.211928331087798, 4.390571801023777, 75.73160583653345], [17.464712097865142, 4.722621509520741, 77.08822581472205], [18.677898794691608, 5.1092623973885285, 78.44484579291066]], "radius": [1.1464223429735454, 1.1464223429735454, 1.1464223429735454, 1.1464223429735454, 1.1464223429735454, 1.1464223429735454, 1.1464223429735454, 1.1464223429735454, 1.1464223429735454, 1.1464223429735454, 1.1464223429735454, 1.1464223429735454], "ref_radius": [1.1464223429735454, 1.1464223429735454, 1.1464223429735454, 1.1464223429735454, 1.1464223429735454, 1.1464223429735454, 1.1464223429735454, 1.1464223429735454, 1.1464223429735454, 1.1464223429735454, 1.1464223429735454, 1.1464223429735454], "length": 21.568833512312835, "seg_id": 3, "type": "Side", "parent": 2, "children": []}, {"pos": [[3.1550062823020424, 3.8587274962381652, 63.52202603283601], [3.4719909481846027, 4.37144653783634, 65.50965513877351], [3.7630039343932786, 4.788291194679906, 67.497284244711], [4.02804524092807, 5.1092614667688645, 69.4849133506485], [4.267114867788974, 5.334357354103213, 71.47254245658598], [4.480212814975994, 5.463578856682956, 73.46017156252347], [4.66733908248913, 5.496925974508089, 75.44780066846097], [4.828493670328379, 5.434398707578615, 77.43542977439846], [4.963676578493744, 5.275997055894534, 79.42305888033596], [5.072887806985223, 5.021721019455843, 81.41068798627344]], "radius": [1.3540308938643162, 0.9065009645088072, 0.5240754067781168, 0.4049977797761388, 0.6013147707450768, 0.9941371373825498, 1.36154261197226, 1.5004275917606011, 1.4824175937030775, 1.4643888652409223], "ref_radius": [1.6266474214003197, 1.6086186929381645, 1.590589964476009, 1.572561236013854, 1.5545325075516987, 1.5365037790895433, 1.518475050627388, 1.5004463221652329, 1.4824175937030775, 1.4643888652409223], "length": 18.028728462155268, "seg_id": 4, "type": "Main", "parent": 2,