{"case_id": "LCX_88_bc3", "artery_type": "LCX", "segments": [{"pos": [[0.0, 0.0, 0.0], [-0.16538206802517863, 0.029270731170271784, 1.8683731949097204], [-0.28941861904406263, 0.05122377954797562, 3.7367463898194413], [-0.37210965305665195, 0.06585914513311152, 5.605119584729161], [-0.4134551700629466, 0.07317682792567946, 7.473492779638882], [-0.4134551700629466, 0.07317682792567946, 9.341865974548604], [-0.37210965305665195, 0.06585914513311152, 11.210239169458323], [-0.2894186190440627, 0.05122377954797564, 13.078612364368041], [-0.1653820680251787, 0.029270731170271798, 14.946985559277763], [0.0, 0.0, 16.815358754187486]], "radius": [2.2475260654927762, 2.2475260654927762, 2.2475260654927762, 2.2475260654927762, 2.1664338940737937, 1.6074374859337746, 0.8504921513089789, 0.37933852224484954, 0.49507648520407255, 1.123741444868416], "ref_radius": [2.2475260654927762, 2.2475260654927762, 2.2475260654927762, 2.2475260654927762, 2.2475260654927762, 2.2475260654927762, 2.2475260654927762, 2.2475260654927762, 2.2475260654927762, 2.2475260654927762], "length": 16.815358754187486, "seg_id": 0, "type": "Root", "parent": null, "children": [1, 2]}, {"pos": [[0.0, 0.0, 16.815358754187486], [1.9523838770651278, -0.011176768435394127, 18.38000281255022], [3.7534053306129658, 0.026701208355453622, 19.944646870912948], [5.403064360643514, 0.11363393037254327, 21.50929092927568], [6.901360967156773, 0.24962139761587476, 23.07393498763841], [8.24829515015274, 0.43466361008544807, 24.63857904600114], [9.44386690963142, 0.6687605677812635, 26.20322310436387]], "radius": [1.486162684905628, 1.486162684905628, 1.486162684905628, 1.486162684905628, 1.486162684905628, 1.486162684905628, 1.486162684905628], "ref_radius": [1.486162684905628, 1.486162684905628, 1.486162684905628, 1.486162684905628, 1.486162684905628, 1.486162684905628, 1.486162684905628], "length": 13.332886407719938, "seg_id": 1, "type": "Side", "parent": 0, "children": []}, {"pos": [[0.0, 0.0, 16.815358754187486], [-0.08393799728401054, 0.10012684030872315, 18.583642355884148], [-0.16182335941235187, 0.1906451004801754, 20.351925957580818], [-0.23365608638502405, 0.27155478051435683, 22.120209559277487], [-0.29943617820202695, 0.34285588041126736, 23.88849316097415], [-0.3591636348633606, 0.404548400170907, 25.656776762670813], [-0.41283845636902516, 0.4566323397932758, 27.425060364367482], [-0.4604606427190205, 0.49910769927837373, 29.193343966064152], [-0.5020301939133465, 0.5319744786262007, 30.961627567760814], [-0.5375471099520033, 0.5552326778367568, 32.72991116945747], [-0.567011390834991, 0.568882296910042, 34.49819477115415], [-0.5904230365623094, 0.5729233358460565, 36.26647837285081], [-0.6077820471339587, 0.5673557946447999, 38.03476197454748], [-0.6190884225499387, 0.5521796733062725, 39.803045576244145], [-0.6243421628102495, 0.5273949718304743, 41.57132917794081], [-0.6235432679148911, 0.49300169021740514, 43.33961277963748], [-0.6166917378638634, 0.4489998284670651, 45.10789638133414], [-0.6037875726571664, 0.39538938657945416, 46.87617998303081], [-0.5848307722948005, 0.3321703645545725, 48.644463584727475], [-0.5598213367767653, 0.25934276239241993, 50.41274718642414], [-0.5287592661030608, 0.17690658009299629, 52.18103078812081], [-0.49164456027368697, 0.08486181765630176, 53.949314389817474]], "radius": [1.863572836740056, 2.2249296871494058, 2.213764877239498, 2.1968842831128588, 2.1800036889862198, 2.1631230948595808, 2.1462425007329418, 2.1293619066063028, 2.1124813124796633, 2.0956007183530243, 2.0787201242263853, 2.0618395300997463, 1.8339014618298677, 1.1835301990250482, 0.5998799508563379, 0.5222317191056294, 0.993746295837898, 1.6349119245719217, 1.9422961290326353, 1.9267947770866334, 1.9099141829599944, 1.8930335888333554], "ref_radius": [2.2475260654927762, 2.2306454713661372, 2.213764877239498, 2.1968842831128588, 2.1800036889862198, 2.1631230948595808, 2.1462425007329418, 2.1293619066063028, 2.1124813124796633, 2.0956007183530243, 2.0787201242263853, 2.0618395300997463, 2.0449589359731073, 2.028078341846468, 2.011197747719829, 1.9943171535931898, 1.9774365594665508, 1.9605559653399116, 1.9436753712132726, 1.9267947770866334, 1.9099141829599944, 1.8930335888333554], "length": 37.137307078606, "seg_id": 2, "type": "Main", "parent": 0, "children": [3, 4]}, {"pos": [[-0.49164456027368697, 0.08486181765630176, 53.949314389817474], [0.5809748752686317, 0.1433083576247485, 55.34889629611526], [1.6816407296802014, 0.17290574643696546, 56.74847820241306], [2.8103530029610218, 0.17365398409295252, 58.14806010871085], [3.967111695111094, 0.1455530705927098, 59.547642015008655], [5.151916806130417, 0.0886030059362373, 60.947223921306446], [6.364768336018991, 0.0028037901235348217, 62.346805827604236], [7.605666284776815, -0.11184457684539728, 63.746387733902026], [8.874610652403891, -0.2553420949705595, 65.14596964019982], [10.171601438900218, -0.4276887642519514, 66.54555154649762], [11.496638644265797, -0.6288845846895729, 67.94513345279542], [12.849722268500626, -0.8589295562834245, 69.3447153590932], [14.230852311604707, -1.117823679033506, 70.744297265391]], "radius": [1.2288336498725874, 1.2288336498725874, 1.2288336498725874, 1.2288336498725874, 1.2288336498725874, 1.2288336498725874, 1.2288336498725874, 1.2288336498725874, 1.2288336498725874, 1.2288336498725874, 1.2288336498725874, 1.2288336498725874, 1.2288336498725874], "ref_radius": [1.2288336498725874, 1.2288336498725874, 1.2288336498725874, 1.2288336498725874, 1.2288336498725874, 1.2288336498725874, 1.2288336498725874, 1.2288336498725874, 1.2288336498725874, 1.2288336498725874, 1.2288336498725874, 1.2288336498725874, 1.2288336498725874], "length": 22.36671223799388, "seg_id": 3, "type": "Side", "parent": 2, "children": []}, {"pos": [[-0.49164456027368697, 0.08486181765630176, 53.949314389817474], [-0.7483841462408233, -0.33080694639899155, 55.814182490652954], [-1.0017206982644502, -0.6807241818152182, 57.67905059148843], [-1.251654216344568, -0.9648898885923778, 59.54391869232391], [-1.4981847004811768, -1.1833040667304706, 61.40878679315939], [-1.7413121506742764, -1.335966716229497, 63.27365489399487], [-1.9810365669238663, -1.4228778370894566, 65.13852299483035], [-2.2173579492299473, -1.444037429310349, 67.00339109566583], [-2.450276297592519, -1.3994454928921751, 68.86825919650133], [-2.6797916120115817, -1.2891020278349343, 70.73312729733681], [-2.9059038924871348, -1.1130070341386267, 72.59799539817229], [-3.128613139019179, -0.8711605118032525, 74.46286349900777]], "radius": [1.8761529947067161, 1.858899305909605, 1.8416456171124942, 1.824391928315383, 1.807138239518272, 1.789884550721161, 1.77263086192405, 1.755377173126939, 1.7381234843298279, 1.720869795532717, 1.703616106735606, 1.6863624179384948], "ref_radius": [1.8761529947067161, 1.858899305909605, 1.8416456171124942, 1.824391928315383, 1.807138239518272, 1.789884550721161, 1.77263086192405, 1.755377173126939, 1.7381234843298279, 1.720869795532717, 1.703616106735606, 1.6863624179384948], "length": 20.70442655653323, "seg_id": 4, "type": "Main", "parent": 2, "children": [5, 6]}, {"pos": [[-3.128613139019179, -0.8711605118032525, 74.46286349900777], [-1.7845437995646638, -0.768381426389892, 75.85123534871845], [-0.45956168475752496, -0.6959246773426571, 77.23960719842916], [0.8463332054022392, -0.6537902646615472, 78.62797904813984], [2.1331408709146276, -0.6419781883465628, 80.01635089785053], [3.4008613117796402, -0.6604884483977038, 81.40472274756121], [4.649494527997279, -0.70932104481497, 82.7930945972719], [5.879040519567539, -0.7884759775983616, 84.1814664469826], [7.089499286490427, -0.8979532467478786, 85.56983829669328], [8.280870828765938, -1.0377528522635209, 86.95821014640396], [9.453155146394073, -1.2078747941452885, 88.34658199611465], [10.606352239374834, -1.4083190723931815, 89.73495384582533], [11.740462107708218, -1.6390856870072001, 91.12332569553602]],