{"case_id": "LCX_438_bc4", "artery_type": "LCX", "segments": [{"pos": [[0.0, 0.0, 0.0], [-0.09818378614889768, -0.14383188620114126, 1.8649770318125818], [-0.17851597481617762, -0.26151252036571143, 3.729954063625164], [-0.24099656600183977, -0.3530419024937104, 5.594931095437746], [-0.2856255597058842, -0.4184200325851383, 7.459908127250328], [-0.3124029559283108, -0.45764691063999496, 9.324885159062909], [-0.3213287546691197, -0.47072253665828057, 11.189862190875491], [-0.31240295592831085, -0.457646910639995, 13.054839222688072], [-0.2856255597058842, -0.4184200325851383, 14.919816254500656], [-0.24099656600183977, -0.3530419024937104, 16.78479328631324], [-0.1785159748161777, -0.26151252036571154, 18.649770318125817], [-0.09818378614889772, -0.14383188620114135, 20.5147473499384], [0.0, 0.0, 22.379724381750982]], "radius": [2.6582280998596453, 2.6582280998596453, 2.6582280998596453, 2.6582280998596453, 2.6582280998596453, 2.6582280998596453, 2.624209804727895, 2.211526757881684, 1.502118172781147, 0.8136795033095148, 0.45451521626085745, 0.5854703642453014, 1.1478991174109725], "ref_radius": [2.6582280998596453, 2.6582280998596453, 2.6582280998596453, 2.6582280998596453, 2.6582280998596453, 2.6582280998596453, 2.6582280998596453, 2.6582280998596453, 2.6582280998596453, 2.6582280998596453, 2.6582280998596453, 2.6582280998596453, 2.6582280998596453], "length": 22.379724381750982, "seg_id": 0, "type": "Root", "parent": null, "children": [1, 2]}, {"pos": [[0.0, 0.0, 22.379724381750982], [1.0748686962860856, -0.2208183905139644, 23.961974043430175], [2.1359970532575887, -0.4008258269481624, 25.544223705109374], [3.1833850709145093, -0.540022309302594, 27.126473366788574], [4.217032749256849, -0.6384078375772593, 28.70872302846777], [5.236940088284607, -0.6959824117721582, 30.290972690146965], [6.24310708799778, -0.7127460318872907, 31.873222351826165], [7.235533748396373, -0.6886986979226568, 33.45547201350536], [8.214220069480383, -0.6238404098782564, 35.03772167518456], [9.179166051249812, -0.5181711677540898, 36.619971336863756], [10.130371693704658, -0.37169097155015673, 38.202220998542955], [11.067836996844921, -0.18439982126645746, 39.78447066022215]], "radius": [1.565187918750674, 1.565187918750674, 1.565187918750674, 1.565187918750674, 1.565187918750674, 1.565187918750674, 1.565187918750674, 1.565187918750674, 1.565187918750674, 1.565187918750674, 1.565187918750674, 1.565187918750674], "ref_radius": [1.565187918750674, 1.565187918750674, 1.565187918750674, 1.565187918750674, 1.565187918750674, 1.565187918750674, 1.565187918750674, 1.565187918750674, 1.565187918750674, 1.565187918750674, 1.565187918750674, 1.565187918750674], "length": 20.62658992903985, "seg_id": 1, "type": "Side", "parent": 0, "children": []}, {"pos": [[0.0, 0.0, 22.379724381750982], [0.2636828217202999, 0.09424700579385333, 24.2579324185767], [0.49390031217541003, 0.14519135538119357, 26.136140455402423], [0.6906524713653303, 0.15283304876202075, 28.014348492228144], [0.853939299290061, 0.11717208593633485, 29.892556529053866], [0.9837607959496016, 0.03820846690413582, 31.77076456587959], [1.0801169613439525, -0.0840578083345761, 33.64897260270531], [1.1430077954731137, -0.2496267397798012, 35.527180639531025], [1.172433298337085, -0.4584983274315394, 37.40538867635675], [1.1683934699358667, -0.7106725712897908, 39.283596713182476], [1.1308883102694582, -1.0061494713545553, 41.161804750008194], [1.0599178193378604, -1.3449290276258323, 43.04001278683391]], "radius": [1.8899282086918623, 2.4631409169982623, 2.6236762154901325, 2.606400273305376, 2.58912433112062, 2.571848388935863, 2.554572446751107, 2.5372965045663505, 2.5200205623815943, 2.5027446201968377, 2.4854686780120816, 2.468192735827325], "ref_radius": [2.6582280998596453, 2.6409521576748887, 2.6236762154901325, 2.606400273305376, 2.58912433112062, 2.571848388935863, 2.554572446751107, 2.5372965045663505, 2.5200205623815943, 2.5027446201968377, 2.4854686780120816, 2.468192735827325], "length": 20.731130621707656, "seg_id": 2, "type": "Main", "parent": 0, "children": [3, 4]}, {"pos": [[1.0599178193378604, -1.3449290276258323, 43.04001278683391], [2.478004171342197, -1.3119689708922453, 44.56532460209009], [3.852221405803994, -1.3290793027120447, 46.09063641734628], [5.18256952272325, -1.3962600230852296, 47.61594823260246], [6.469048522099967, -1.5135111320118007, 49.141260047858644], [7.711658403934142, -1.6808326294917575, 50.666571863114825], [8.910399168225778, -1.8982245155251003, 52.191883678371006], [10.065270814974873, -2.1656867901118284, 53.71719549362719], [11.176273344181428, -2.4832194532519436, 55.24250730888337], [12.243406755845442, -2.850822504945444, 56.76781912413956], [13.266671049966915, -3.26849594519233, 58.29313093939573], [14.24606622654585, -3.7362397739926023, 59.81844275465192], [15.181592285582244, -4.254053991346261, 61.3437545699081]], "radius": [1.5123685866655543, 1.5123685866655543, 1.5123685866655543, 1.5123685866655543, 1.5123685866655543, 1.5123685866655543, 1.5123685866655543, 1.5123685866655543, 1.5123685866655543, 1.5123685866655543, 1.5123685866655543, 1.5123685866655543, 1.5123685866655543], "ref_radius": [1.5123685866655543, 1.5123685866655543, 1.5123685866655543, 1.5123685866655543, 1.5123685866655543, 1.5123685866655543, 1.5123685866655543, 1.5123685866655543, 1.5123685866655543, 1.5123685866655543, 1.5123685866655543, 1.5123685866655543, 1.5123685866655543], "length": 23.300464824689143, "seg_id": 3, "type": "Side", "parent": 2, "children": []}, {"pos": [[1.0599178193378604, -1.3449290276258323, 43.04001278683391], [1.3049382263752536, -1.6566166642848674, 44.84711414540075], [1.5239895240026327, -1.95866404339178, 46.65421550396758], [1.7170717122199979, -2.25107116494657, 48.46131686253442], [1.88418479102735, -2.5338380289492375, 50.26841822110126], [2.0253287604246877, -2.806964635399783, 52.0755195796681], [2.1405036204120127, -3.070450984298205, 53.882620938234936], [2.229709370989323, -3.324297075644505, 55.689722296801776], [2.29294601215662, -3.568502909438682, 57.49682365536861], [2.3302135439139033, -3.803068485680737, 59.30392501393544], [2.3415119662611725, -4.02799380437067, 61.11102637250228], [2.3268412791984283, -4.243278865508479, 62.91812773106912], [2.2862014827256703, -4.448923669094166, 64.72522908963595], [2.2195925768428983, -4.644928215127731, 66.5323304482028], [2.127014561550113, -4.831292503609173, 68.33943180676964], [2.008467436847314, -5.008016534538492, 70.14653316533646], [1.8639512027345009, -5.17510030791569, 71.9536345239033], [1.693465859211674, -5.332543823740764, 73.76073588247014]], "radius": [2.450916793642569, 2.4337029490637097, 2.4164891044848504, 2.3992752599059917, 2.3820614153271324, 2.3648475707482732, 2.347633726169414, 2.3304198815905552, 2.313206037011696, 2.295992192432837, 2.2787783478539776, 2.2615645032751184, 2.2443506586962596, 2.2271368141174004, 2.209922969538541, 2.1927091249596824, 2.175495280380823, 2.158281435801964], "ref_radius": [2.450916793642569, 2.4337029490637097, 2.4164891044848504, 2.3992752599059917, 2.3820614153271324, 2.3648475707482732, 2.347633726169414, 2.3304198815905552, 2.313206037011696, 2.295992192432837, 2.2787783478539776, 2.2615645032751184, 2.2443506586962596, 2.2271368141174004, 2.209922969538541, 2.1927091249596824, 2.175495280380823, 2.158281435801964], "length": 30.984920241946405, "seg_id": 4, "type": "Main", "parent": 2,