{"case_id": "LCX_69_bc7", "artery_type": "LCX", "segments": [{"pos": [[0.0, 0.0, 0.0], [-0.02823604336125221, 0.045228579762549834, 1.813667005815781], [-0.05133826065682221, 0.08223378138645426, 3.6273340116315627], [-0.06930665188670998, 0.11101560487171325, 5.441001017447344], [-0.08214121705091554, 0.13157405021832683, 7.254668023263125], [-0.08984195614943886, 0.14390911742629495, 9.068335029078906], [-0.09240886918227997, 0.14802080649561766, 10.882002034894688], [-0.08984195614943888, 0.14390911742629497, 12.695669040710467], [-0.08214121705091554, 0.13157405021832683, 14.50933604652625], [-0.06930665188670998, 0.11101560487171325, 16.32300305234203], [-0.05133826065682223, 0.08223378138645429, 18.13667005815781], [-0.02823604336125223, 0.04522857976254986, 19.950337063973592], [0.0, 0.0, 21.764004069789376]], "radius": [2.4648384153628586, 2.4648384153628586, 2.4648384153628586, 2.4648384153628586, 2.4648384153628586, 2.458701413508038, 2.2522042496550654, 1.8221171034384027, 1.3223033436680358, 0.9315709852598846, 0.7897042498457738, 0.9474558605073033, 1.3483902914095385], "ref_radius": [2.4648384153628586, 2.4648384153628586, 2.4648384153628586, 2.4648384153628586, 2.4648384153628586, 2.4648384153628586, 2.4648384153628586, 2.4648384153628586, 2.4648384153628586, 2.4648384153628586, 2.4648384153628586, 2.4648384153628586, 2.4648384153628586], "length": 21.764004069789376, "seg_id": 0, "type": "Root", "parent": null, "children": [1, 2]}, {"pos": [[0.0, 0.0, 21.764004069789376], [1.4638660626673057, 0.4075284219745355, 23.124439224101476], [2.883664195418251, 0.7680538647730728, 24.48487437841357], [4.259394398252836, 1.0815763283956121, 25.845309532725665], [5.591056671171062, 1.3480958128421534, 27.20574468703776], [6.8786510141729265, 1.5676123181126969, 28.56617984134986], [8.122177427258432, 1.7401258442072423, 29.926614995661957], [9.321635910427577, 1.8656363911257894, 31.287050149974053], [10.47702646368036, 1.9441439588683385, 32.64748530428615], [11.588349087016784, 1.9756485474348895, 34.00792045859825], [12.655603780436847, 1.9601501568254425, 35.36835561291034], [13.678790543940552, 1.8976487870399978, 36.72879076722244], [14.657909377527895, 1.7881444380785547, 38.08922592153454], [15.592960281198877, 1.6316371099411138, 39.449661075846635]], "radius": [1.5956441588242771, 1.5956441588242771, 1.5956441588242771, 1.5956441588242771, 1.5956441588242771, 1.5956441588242771, 1.5956441588242771, 1.5956441588242771, 1.5956441588242771, 1.5956441588242771, 1.5956441588242771, 1.5956441588242771, 1.5956441588242771, 1.5956441588242771], "ref_radius": [1.5956441588242771, 1.5956441588242771, 1.5956441588242771, 1.5956441588242771, 1.5956441588242771, 1.5956441588242771, 1.5956441588242771, 1.5956441588242771, 1.5956441588242771, 1.5956441588242771, 1.5956441588242771, 1.5956441588242771, 1.5956441588242771, 1.5956441588242771], "length": 23.634405296632387, "seg_id": 1, "type": "Side", "parent": 0, "children": []}, {"pos": [[0.0, 0.0, 21.764004069789376], [-0.49088638819640157, 0.13876502786345637, 23.581670910402025], [-0.9498474606408113, 0.268204712666698, 25.399337751014674], [-1.3768832173332288, 0.38831905440972486, 27.217004591627326], [-1.7719936582736542, 0.49910805309253686, 29.03467143223997], [-2.135178783462088, 0.6005717087151341, 30.852338272852617], [-2.466438592898529, 0.6927100212775166, 32.670005113465265], [-2.7657730865829784, 0.7755229907796842, 34.48767195407791], [-3.0331822645154354, 0.8490106172216372, 36.305338794690556], [-3.2686661266959005, 0.9131729006033753, 38.1230056353032], [-3.472224673124374, 0.9680098409248987, 39.940672475915854], [-3.643857903800855, 1.0135214381862072, 41.7583393165285], [-3.7835658187253447, 1.049707692387301, 43.57600615714115], [-3.8913484178978415, 1.07656860352818, 45.3936729977538], [-3.967205701318347, 1.0941041716088442, 47.21133983836645], [-4.011137668986859, 1.1023143966292936, 49.029006678979094]], "radius": [1.8490735367859916, 2.2545086005083377, 2.427174419964833, 2.4131249537473987, 2.395887133208912, 2.3786493126704253, 2.3614114921319387, 2.344173671593452, 2.3269358510549654, 2.3096980305164787, 2.2924602099779925, 2.275222389439506, 2.257984568901019, 2.2407467483625325, 2.223508927824046, 2.206271107285559], "ref_radius": [2.4648384153628586, 2.447600594824372, 2.4303627742858853, 2.4131249537473987, 2.395887133208912, 2.3786493126704253, 2.3614114921319387, 2.344173671593452, 2.3269358510549654, 2.3096980305164787, 2.2924602099779925, 2.275222389439506, 2.257984568901019, 2.2407467483625325, 2.223508927824046, 2.206271107285559], "length": 27.58051286157862, "seg_id": 2, "type": "Main", "parent": 0, "children": [3, 4]}, {"pos": [[-4.011137668986859, 1.1023143966292936, 49.029006678979094], [-3.319600063671037, 1.4046492598586138, 50.75647556518264], [-2.635202323536146, 1.6824343924773024, 52.48394445138617], [-1.9579444485821864, 1.9356697944853594, 54.211413337589704], [-1.287826438809159, 2.1643554658827857, 55.93888222379325], [-0.6248482942170629, 2.3684914066695804, 57.666351109996796], [0.030989985194102232, 2.5480776168457435, 59.39381999620032], [0.6796883994243359, 2.703114096411275, 61.12128888240387], [1.3212469484736373, 2.833600845366176, 62.848757768607406], [1.9556656323420072, 2.9395378637104446, 64.57622665481094], [2.5829444510294457, 3.0209251514440822, 66.30369554101448], [3.2030834045359544, 3.0777627085670893, 68.03116442721802], [3.8160824928615296, 3.1100505350794645, 69.75863331342157], [4.421941716006173, 3.1177886309812077, 71.4861021996251]], "radius": [1.3334492302192427, 1.3334492302192427, 1.3334492302192427, 1.3334492302192427, 1.3334492302192427, 1.3334492302192427, 1.3334492302192427, 1.3334492302192427, 1.3334492302192427, 1.3334492302192427, 1.3334492302192427, 1.3334492302192427, 1.3334492302192427, 1.3334492302192427], "ref_radius": [1.3334492302192427, 1.3334492302192427, 1.3334492302192427, 1.3334492302192427, 1.3334492302192427, 1.3334492302192427, 1.3334492302192427, 1.3334492302192427, 1.3334492302192427, 1.3334492302192427, 1.3334492302192427, 1.3334492302192427, 1.3334492302192427, 1.3334492302192427], "length": 24.07280838469724, "seg_id": 3, "type": "Side", "parent": 2, "children": []}, {"pos": [[-4.011137668986859, 1.1023143966292936, 49.029006678979094], [-4.303446360233134, 1.0339347498144336, 50.714441668001506], [-4.622175270242246, 0.9920249560431789, 52.39987665702392], [-4.967324399014196, 0.9765850153155295, 54.085311646046314], [-5.338893746548985, 0.9876149276314856, 55.77074663506873], [-5.7368833128466115, 1.025114692991047, 57.45618162409114], [-6.161293097907076, 1.0890843113942137, 59.14161661311356], [-6.612123101730377, 1.1795237828409855, 60.82705160213597], [-7.089373324316517, 1.2964331073313629, 62.51248659115838], [-7.593043765665495, 1.4398122848653454, 64.19792158018079], [-8.123134425777312, 1.6096613154429331, 65.8833565692032], [-8.679645304651965, 1.8059801990641264, 67.56879155822561], [-9.262576402289454, 2.0287689357289245, 69.25422654724801], [-9.871927718689784, 2.2780275254373286, 70.93966153627044], [-10.507699253852952, 2.5537559681893374, 72.62509652529283], [-11.169891007778956, 2.8559542639849522, 74.31053151431524], [-11.8585029804678, 3.1846224128241722, 75.99596650333766], [-12.573535171919481, 3.539760414706997, 77.68140149236007]], "radius": [2.1890332867470725, 2.1723646246199437, 2.1556959624928154, 2.1390273003656866, 2.1223586382385577, 2.1056899761114294, 2.0890213139843006, 2.0723526518571718, 2.055683989730043, 2.0390153276029146, 2.022346665475786, 2.005678003348657, 1.9890093412215286, 1.9723406790943998, 1.9556720169672712, 1.9390033548401426, 1.9223346927130138, 1.9056660305858852],