{"case_id": "LCX_1130_bc1", "artery_type": "LCX", "segments": [{"pos": [[0.0, 0.0, 0.0], [0.28741842721454564, 0.020811194187610453, 1.8133498928044296], [0.5225789585719012, 0.03783853488656446, 3.6266997856088596], [0.7054815940720667, 0.05108202209686202, 5.440049678413289], [0.836126333715042, 0.06054165581850314, 7.253399571217718], [0.9145131775008271, 0.0662174360514878, 9.066749464022148], [0.9406421254294222, 0.06810936279581603, 10.880099356826578], [0.9145131775008272, 0.06621743605148782, 12.693449249631007], [0.836126333715042, 0.06054165581850314, 14.506799142435437], [0.7054815940720667, 0.05108202209686202, 16.32014903523987], [0.5225789585719014, 0.03783853488656448, 18.133498928044297], [0.2874184272145458, 0.020811194187610463, 19.94684882084873], [0.0, 0.0, 21.760198713653157]], "radius": [2.112577767281161, 2.112577767281161, 2.089357180514917, 1.8743093155900594, 1.4907920626122615, 1.0478545574937899, 0.6714414658820616, 0.4685819294065925, 0.4969569441437016, 0.7484983702260053, 1.151683023370573, 1.5918695472964979, 1.943895489202406], "ref_radius": [2.112577767281161, 2.112577767281161, 2.112577767281161, 2.112577767281161, 2.112577767281161, 2.112577767281161, 2.112577767281161, 2.112577767281161, 2.112577767281161, 2.112577767281161, 2.112577767281161, 2.112577767281161, 2.112577767281161], "length": 21.760198713653157, "seg_id": 0, "type": "Root", "parent": null, "children": [1, 2]}, {"pos": [[0.0, 0.0, 21.760198713653157], [1.3183748274361125, -0.032263182452583986, 23.23619799729202], [2.652765077753994, -0.08449590454123691, 24.712197280930873], [4.003170750953646, -0.15669816626595878, 26.18819656456973], [5.369591847035067, -0.2488699676267496, 27.664195848208585], [6.752028365998257, -0.3610113086236093, 29.14019513184745], [8.150480307843218, -0.49312218925653806, 30.616194415486305]], "radius": [1.552347280084573, 1.552347280084573, 1.552347280084573, 1.552347280084573, 1.552347280084573, 1.552347280084573, 1.552347280084573], "ref_radius": [1.552347280084573, 1.552347280084573, 1.552347280084573, 1.552347280084573, 1.552347280084573, 1.552347280084573, 1.552347280084573], "length": 12.045835737422472, "seg_id": 1, "type": "Side", "parent": 0, "children": []}, {"pos": [[0.0, 0.0, 21.760198713653157], [0.29695621318253934, -0.03964319508179566, 23.536132080977982], [0.5613387752904102, -0.08454307331181585, 25.312065448302796], [0.7931476863236127, -0.1346996346900606, 27.087998815627625], [0.9923829462821463, -0.19011287921652986, 28.863932182952443], [1.1590445551660116, -0.2507828068912237, 30.63986555027726], [1.293132512975208, -0.31670941771414207, 32.41579891760208], [1.3946468197097361, -0.38789271168528494, 34.1917322849269], [1.4635874753695957, -0.46433268880465234, 35.967665652251725], [1.4999544799547868, -0.5460293490722443, 37.74359901957654], [1.5037478334653094, -0.6329826924880607, 39.51953238690136], [1.4749675359011634, -0.7251927190521017, 41.295465754226186], [1.4136135872623488, -0.8226594287643676, 43.07139912155101], [1.3196859875488656, -0.9253828216248576, 44.84733248887582], [1.1931847367607138, -1.0333628976335723, 46.623265856200646], [1.0341098348978937, -1.1465996567905115, 48.399199223525464]], "radius": [2.1076659394447845, 2.095900448030804, 2.079223128780446, 2.062545809530089, 2.045868490279731, 2.0291911710293737, 2.0125138517790164, 1.9958365325286587, 1.9791592132783014, 1.9518286504152351, 1.6603051549636207, 1.135773724734027, 0.6454939762295242, 0.4346086674197973, 0.6009681560757256, 1.0475708492050853], "ref_radius": [2.112577767281161, 2.095900448030804, 2.079223128780446, 2.062545809530089, 2.045868490279731, 2.0291911710293737, 2.0125138517790164, 1.9958365325286587, 1.9791592132783014, 1.9624818940279438, 1.9458045747775863, 1.9291272555272287, 1.9124499362768714, 1.895772617026514, 1.8790952977761564, 1.8624179785257988], "length": 26.68371080057198, "seg_id": 2, "type": "Main", "parent": 0, "children": [3, 4]}, {"pos": [[1.0341098348978937, -1.1465996567905115, 48.399199223525464], [2.920071862433442, -0.8311671234310336, 49.809479780528015], [4.650923265380558, -0.5966438114737537, 51.21976033753055], [6.226664043739243, -0.4430297209186717, 52.63004089453309], [7.6472941975094955, -0.3703248517657878, 54.04032145153565], [8.912813726691317, -0.37852920401510187, 55.45060200853819], [10.023222631284707, -0.4676427776666139, 56.860882565540734], [10.978520911289666, -0.637665572720324, 58.27116312254328]], "radius": [0.9674966668269821, 0.9674966668269821, 0.9674966668269821, 0.9674966668269821, 0.9674966668269821, 0.9674966668269821, 0.9674966668269821, 0.9674966668269821], "ref_radius": [0.9674966668269821, 0.9674966668269821, 0.9674966668269821, 0.9674966668269821, 0.9674966668269821, 0.9674966668269821, 0.9674966668269821, 0.9674966668269821], "length": 14.021626039147623, "seg_id": 3, "type": "Side", "parent": 2, "children": []}, {"pos": [[1.0341098348978937, -1.1465996567905115, 48.399199223525464], [0.9610570356912196, -1.2990832522306819, 50.20939603552119], [0.9030511020316795, -1.4411609504429828, 52.01959284751689], [0.8600920339192738, -1.5728327514274147, 53.8297896595126], [0.8321798313540028, -1.694098655183978, 55.63998647150831], [0.819314494335866, -1.8049586617126725, 57.45018328350403], [0.8214960228648635, -1.9054127710134978, 59.26038009549975], [0.8387244169409953, -1.9954609830864543, 61.07057690749546], [0.8709996765642616, -2.0751032979315416, 62.88077371949117], [0.9183218017346622, -2.1443397155487602, 64.69097053148688], [0.980690792452197, -2.20317023593811, 66.50116734348259], [1.0581066487168667, -2.2515948590995905, 68.31136415547832], [1.1505693705286704, -2.2896135850332024, 70.12156096747403], [1.2580789578876082, -2.317226413738945, 71.93175777946973]], "radius": [1.5356472127170984, 1.809279686018801, 1.8120796286559022, 1.7952491133461328, 1.7784185980363632, 1.7615880827265935, 1.7447575674168239, 1.7279270521070542, 1.7110965367972848, 1.6942660214875152, 1.6774355061777455, 1.6606049908679759, 1.6437744755582062, 1.6269439602484368], "ref_radius": [1.8457406592754415, 1.8289101439656719, 1.8120796286559022, 1.7952491133461328, 1.7784185980363632, 1.7615880827265935, 1.7447575674168239, 1.7279270521070542, 1.7110965367972848, 1.6942660214875152, 1.6774355061777455, 1.6606049908679759, 1.6437744755582062, 1.6269439602484368], "length": 23.56272143367744, "seg_id": 4, "type": "Main", "parent": 2, "children": [5, 6]}, {"pos": [[1.2580789578876082, -2.317226413738945, 71.93175777946973], [2.696212633423502, -2.178162078652655, 73.49050069937157], [4.093498025120429, -2.0682575895167497, 75.04924361927338], [5.449935132978387, -1.9875129463312298, 76.6079865391752], [6.765523956997378, -1.9359281490960945, 78.16672945907703], [8.040264497177402, -1.9135031978113446, 79.72547237897885], [9.274156753518458, -1.9202380924769797, 81.28421529888067], [10.467200726020543, -1.9561328330929997, 82.8429582187825], [11.619396414683667, -2.0211874196594057, 84.40170113868434], [12.730743819507818, -2.115401852176196, 85.96044405858616]], "radius": [0.9839041892713416, 0.9839041892713416, 0.9839041892713416, 0.9839041892713416, 0.9839041892713416, 0.9839041892713416, 0.9839041892713416, 0.9839041892713416, 0.9839041892713416, 0.9839041892713416], "ref_radius": [0.9839041892713416, 0.9839041892713416, 0.9839041892713416, 0.9839041892713416, 0.9839041892713416, 0.9839041892713416, 0.9839041892713416, 0.9839041892713416, 0.9839041892713416, 0.9839041892713416], "length": 18.123653354072253, "seg_id": 5, "type": "Side", "parent": 4,