{"case_id": "LCX_4030_bc9", "artery_type": "LCX", "segments": [{"pos": [[0.0, 0.0, 0.0], [0.35590813375044217, -0.26706558726808827, 2.0769410037703038], [0.6101282292864723, -0.4578267210310084, 4.1538820075406075], [0.7626602866080904, -0.5722834012887605, 6.230823011310911], [0.8135043057152964, -0.6104356280413445, 8.307764015081215], [0.7626602866080904, -0.5722834012887605, 10.384705018851518], [0.6101282292864723, -0.4578267210310084, 12.461646022621823], [0.35590813375044217, -0.26706558726808827, 14.538587026392126], [0.0, 0.0, 16.61552803016243]], "radius": [1.7352432462115126, 1.7319162475427643, 1.6192623188322415, 1.3701526141774398, 1.0400065050537632, 0.7022715108504611, 0.43208344825493494, 0.2895509855743881, 0.30638328286560457], "ref_radius": [1.7352432462115126, 1.7352432462115126, 1.7352432462115126, 1.7352432462115126, 1.7352432462115126, 1.7352432462115126, 1.7352432462115126, 1.7352432462115126, 1.7352432462115126], "length": 16.61552803016243, "seg_id": 0, "type": "Root", "parent": null, "children": [1, 2]}, {"pos": [[0.0, 0.0, 16.61552803016243], [1.3314546078183014, -0.1321708633857912, 18.07408265859917], [2.65401180469375, -0.22567786104466583, 19.53263728703591], [3.9676715906263462, -0.280520992976624, 20.991191915472655], [5.272433965616088, -0.29670025918166554, 22.44974654390939], [6.568298929662979, -0.27421565965979056, 23.908301172346135], [7.855266482767016, -0.21306719441099903, 25.366855800782876], [9.133336624928198, -0.11325486343529105, 26.82541042921961], [10.402509356146531, 0.025221333267333612, 28.28396505765636], [11.66278467642201, 0.20236139569687486, 29.742519686093097]], "radius": [1.2791435758074754, 1.2791435758074754, 1.2791435758074754, 1.2791435758074754, 1.2791435758074754, 1.2791435758074754, 1.2791435758074754, 1.2791435758074754, 1.2791435758074754, 1.2791435758074754], "ref_radius": [1.2791435758074754, 1.2791435758074754, 1.2791435758074754, 1.2791435758074754, 1.2791435758074754, 1.2791435758074754, 1.2791435758074754, 1.2791435758074754, 1.2791435758074754, 1.2791435758074754], "length": 17.560734793223368, "seg_id": 1, "type": "Side", "parent": 0, "children": []}, {"pos": [[0.0, 0.0, 16.61552803016243], [-0.2660883266796938, -0.20681789219184768, 18.490573490154045], [-0.49184603141094707, -0.3871399907446208, 20.365618950145656], [-0.6772731141937598, -0.5409662956583194, 22.24066441013727], [-0.8223695750281322, -0.6682968069329437, 24.115709870128885], [-0.927135413914064, -0.7691315245684933, 25.9907553301205], [-0.9915706308515553, -0.8434704485649683, 27.865800790112115], [-1.015675225840606, -0.891313578922369, 29.74084625010373], [-0.9994491988812162, -0.9126609156406951, 31.61589171009534], [-0.942892549973386, -0.9075124587199466, 33.49093717008695], [-0.8460052791171153, -0.8758682081601237, 35.36598263007857], [-0.7087873863124038, -0.8177281639612262, 37.24102809007019], [-0.5312388715592522, -0.7330923261232543, 39.1160735500618], [-0.31335973485766005, -0.6219606946462078, 40.99111901005341]], "radius": [0.47883566330975436, 0.7608281166574068, 1.0887479775222566, 1.3871014967604083, 1.5884500428237913, 1.6481520389589144, 1.6307337975083946, 1.6133155560578751, 1.5958973146073554, 1.5784790731568357, 1.5610608317063162, 1.5436425902557964, 1.526224348805277, 1.5088061073547572], "ref_radius": [1.7352432462115126, 1.7178250047609929, 1.7004067633104734, 1.6829885218599536, 1.6655702804094341, 1.6481520389589144, 1.6307337975083946, 1.6133155560578751, 1.5958973146073554, 1.5784790731568357, 1.5610608317063162, 1.5436425902557964, 1.526224348805277, 1.5088061073547572], "length": 24.385538030727506, "seg_id": 2, "type": "Main", "parent": 0, "children": [3, 4]}, {"pos": [[-0.31335973485766005, -0.6219606946462078, 40.99111901005341], [0.8537049042072955, -0.4988303210406349, 42.40700813868117], [2.041321359445684, -0.42636740302929815, 43.82289726730893], [3.249489630857504, -0.40457194061219737, 45.23878639593669], [4.478209718442756, -0.433443933789333, 46.654675524564446], [5.7274816222014415, -0.5129833825607046, 48.07056465319221], [6.99730534213356, -0.6431902869263126, 49.486453781819975], [8.287680878239108, -0.8240646468861568, 50.90234291044773], [9.59860823051809, -1.055606462440237, 52.3182320390755], [10.930087398970505, -1.3378157335885534, 53.73412116770325], [12.282118383596352, -1.670692460331106, 55.15001029633101]], "radius": [0.8911278417551599, 0.8911278417551599, 0.8911278417551599, 0.8911278417551599, 0.8911278417551599, 0.8911278417551599, 0.8911278417551599, 0.8911278417551599, 0.8911278417551599, 0.8911278417551599, 0.8911278417551599], "ref_radius": [0.8911278417551599, 0.8911278417551599, 0.8911278417551599, 0.8911278417551599, 0.8911278417551599, 0.8911278417551599, 0.8911278417551599, 0.8911278417551599, 0.8911278417551599, 0.8911278417551599, 0.8911278417551599], "length": 18.979465477337293, "seg_id": 3, "type": "Side", "parent": 2, "children": []}, {"pos": [[-0.31335973485766005, -0.6219606946462078, 40.99111901005341], [-0.8470371945175544, -0.5885088501780731, 42.80196657523186], [-1.3527024906637033, -0.5610794203816365, 44.61281414041031], [-1.8303556232961062, -0.5396724052568985, 46.423661705588756], [-2.279996592414763, -0.5242878048038586, 48.2345092707672], [-2.701625398019674, -0.5149256190225173, 50.04535683594565], [-3.09524204011084, -0.5115858479128741, 51.856204401124096], [-3.460846518688259, -0.5142684914749296, 53.66705196630254], [-3.798438833751933, -0.5229735497086833, 55.477899531480986], [-4.108018985301861, -0.5377010226141353, 57.288747096659435], [-4.389586973338043, -0.5584509101912858, 59.099594661837884], [-4.643142797860479, -0.5852232124401345, 60.91044222701632], [-4.8686864588691705, -0.6180179293606819, 62.72128979219478], [-5.066217956364115, -0.6568350609529273, 64.53213735737322], [-5.235737290345313, -0.7016746072168714, 66.34298492255166], [-5.377244460812767, -0.7525365681525136, 68.15383248773011]], "radius": [1.4913878659042374, 1.4741184816183963, 1.4568490973325552, 1.439579713046714, 1.422310328760873, 1.4050409444750318, 1.3877715601891907, 1.3705021759033496, 1.3532327916175086, 1.3359634073316675, 1.3186940230458264, 1.3014246387599853, 1.2841552544741441, 1.266885870188303, 1.2496164859024619, 1.2323471016166208], "ref_radius": [1.4913878659042374, 1.4741184816183963, 1.4568490973325552, 1.439579713046714, 1.422310328760873, 1.4050409444750318, 1.3877715601891907, 1.3705021759033496, 1.3532327916175086, 1.3359634073316675, 1.3186940230458264, 1.3014246387599853, 1.2841552544741441, 1.266885870188303, 1.2496164859024619, 1.2323471016166208], "length": 27.631014857345782, "seg_id": 4, "type": "Main", "parent": 2, "children": [5, 6]}, {"pos": [[-5.377244460812767, -0.7525365681525136, 68.15383248773011], [-4.202447351743771, -0.4696032606198926, 69.79297859140787], [-3.0879064506283993, -0.28762112772980214, 71.43212469508563], [-2.0336217574666513, -0.20659016948224226, 73.0712707987634], [-1.0395932722585268, -0.2265103858772129, 74.71041690244115], [-0.10582099500402609, -0.34738177691471406, 76.34956300611891], [0.7676950742968508, -0.5692043425947457, 77.98870910979667], [1.580954935644104, -0.8919780829173081, 79.62785521347445], [2.3339585890377332, -1.3157029978824009, 81.26700131715221]], "radius": [0.845606688940959, 0.845606688940959, 0.845606688940959, 0.845606688940959, 0.845606688940959, 0.845606688940959, 0.845606688940959, 0.845606688940959, 0.845606688940959], "ref_radius": [0.845606688940959, 0.845606688940959, 0.845606688940959, 0.845606688940959, 0.845606688940959, 0.845606688940959, 0.845606688940959, 0.845606688940959, 0.845606688940959], "length": 15.222844860686372, "seg_id": 5, "type": "Side", "parent": 4,