{"case_id": "LCX_952_bc1", "artery_type": "LCX", "segments": [{"pos": [[0.0, 0.0, 0.0], [-0.1328092353400879, -0.014080251179031788, 1.7896939160114815], [-0.2516385511706929, -0.026678370655007604, 3.5793878320229635], [-0.3564879474918149, -0.03779435842792743, 5.369081748034445], [-0.44735742430345404, -0.0474282144977913, 7.158775664045928], [-0.5242469816056101, -0.055579938864599165, 8.948469580057408], [-0.5871566193982833, -0.06224953152835107, 10.738163496068891], [-0.6360863376814736, -0.06743699248904698, 12.527857412080373], [-0.6710361364551809, -0.07114232174668693, 14.317551328091852], [-0.6920060157194055, -0.0733655193012709, 16.107245244103336], [-0.6989959754741468, -0.07410658515279889, 17.896939160114815], [-0.6920060157194053, -0.0733655193012709, 19.6866330761263], [-0.6710361364551809, -0.07114232174668693, 21.476326992137782], [-0.6360863376814736, -0.06743699248904698, 23.26602090814926], [-0.5871566193982832, -0.062249531528351054, 25.055714824160745], [-0.5242469816056101, -0.055579938864599165, 26.845408740172225], [-0.4473574243034539, -0.047428214497791284, 28.635102656183708], [-0.3564879474918147, -0.037794358427927416, 30.42479657219519], [-0.2516385511706928, -0.026678370655007593, 32.214490488206664], [-0.13280923534008773, -0.01408025117903177, 34.00418440421815], [0.0, 0.0, 35.79387832022963]], "radius": [2.372808692649549, 2.372808692649549, 2.372808692649549, 2.372808692649549, 2.372808692649549, 2.372808692649549, 2.372808692649549, 2.372808692649549, 2.372808692649549, 2.372808692649549, 2.372808692649549, 2.372808692649549, 2.372808692649549, 2.372808692649549, 2.3375847849572398, 2.2306332426050983, 2.064113917947217, 1.857037626885151, 1.6330454048065066, 1.417709508301118, 1.2356139374174515], "ref_radius": [2.372808692649549, 2.372808692649549, 2.372808692649549, 2.372808692649549, 2.372808692649549, 2.372808692649549, 2.372808692649549, 2.372808692649549, 2.372808692649549, 2.372808692649549, 2.372808692649549, 2.372808692649549, 2.372808692649549, 2.372808692649549, 2.372808692649549, 2.372808692649549, 2.372808692649549, 2.372808692649549, 2.372808692649549, 2.372808692649549, 2.372808692649549], "length": 35.79387832022963, "seg_id": 0, "type": "Root", "parent": null, "children": [1, 2]}, {"pos": [[0.0, 0.0, 35.79387832022963], [0.7173294270495385, 0.2182658897543113, 37.561505813583715], [1.5011494360400002, 0.3394204940452093, 39.32913330693781], [2.351460026971385, 0.3634638128726941, 41.09676080029191], [3.2682611998436926, 0.2903958462367654, 42.864388293645995], [4.2515529546569235, 0.12021659413742347, 44.632015787000086], [5.301335291411077, -0.14707394342533153, 46.39964328035418], [6.4176082101061525, -0.5114757664514997, 48.16727077370826], [7.600371710742154, -0.9729888749410818, 49.93489826706236], [8.849625793319078, -1.531613268894077, 51.70252576041645]], "radius": [1.7376876335231064, 1.7376876335231064, 1.7376876335231064, 1.7376876335231064, 1.7376876335231064, 1.7376876335231064, 1.7376876335231064, 1.7376876335231064, 1.7376876335231064, 1.7376876335231064], "ref_radius": [1.7376876335231064, 1.7376876335231064, 1.7376876335231064, 1.7376876335231064, 1.7376876335231064, 1.7376876335231064, 1.7376876335231064, 1.7376876335231064, 1.7376876335231064, 1.7376876335231064], "length": 18.26873775780345, "seg_id": 1, "type": "Side", "parent": 0, "children": []}, {"pos": [[0.0, 0.0, 35.79387832022963], [-0.34685716304891345, -0.10843569617290094, 37.573495536015145], [-0.6748788487799928, -0.23739644061896747, 39.353112751800666], [-0.9840650571932381, -0.38688223333819954, 41.13272996758617], [-1.274415788288649, -0.5568930743305972, 42.9123471833717], [-1.545931042066226, -0.7474289635961603, 44.69196439915721], [-1.7986108185259688, -0.9584899011348891, 46.47158161494272], [-2.0324551176678773, -1.1900758869467831, 48.251198830728235], [-2.247463939491952, -1.4421869210318432, 50.030816046513756], [-2.443637283998193, -1.7148230033900687, 51.81043326229927], [-2.6209751511865984, -2.0079841340214593, 53.590050478084784], [-2.779477541057171, -2.321670312926016, 55.3696676938703], [-2.919144453609909, -2.655881540103738, 57.14928490965582]], "radius": [1.1075477830413258, 1.0407526135169125, 1.0491653729949657, 1.1294027997462959, 1.2699666195090877, 1.4526663536695827, 1.6547838852162626, 1.5543933651499335, 1.303290260425845, 1.0798108222239253, 0.9072944579038726, 0.8030226233783087, 0.7763706428571211], "ref_radius": [2.372808692649549, 2.356103300725184, 2.339397908800819, 2.322692516876454, 2.3059871249520896, 2.2892817330277246, 2.2725763411033597, 2.2558709491789948, 2.23916555725463, 2.222460165330265, 2.2057547734059004, 2.1890493814815355, 2.1723439895571706], "length": 21.717009501674315, "seg_id": 2, "type": "Main", "parent": 0, "children": [3, 4]}, {"pos": [[-2.919144453609909, -2.655881540103738, 57.14928490965582], [-1.4234246484345376, -3.1235674401067035, 58.73684470615347], [-0.02765353064064774, -3.4608435892113483, 60.32440450265111], [1.268168899771759, -3.6677099874176733, 61.91196429914875], [2.464042642802683, -3.7441666347256786, 63.4995240956464], [3.5599676984521254, -3.690213531135364, 65.08708389214405], [4.555944066720085, -3.5058506766467294, 66.67464368864168], [5.451971747606563, -3.1910780712597746, 68.26220348513934]], "radius": [1.3457922089083807, 1.3457922089083807, 1.3457922089083807, 1.3457922089083807, 1.3457922089083807, 1.3457922089083807, 1.3457922089083807, 1.3457922089083807], "ref_radius": [1.3457922089083807, 1.3457922089083807, 1.3457922089083807, 1.3457922089083807, 1.3457922089083807, 1.3457922089083807, 1.3457922089083807, 1.3457922089083807], "length": 13.923325071496283, "seg_id": 3, "type": "Side", "parent": 2, "children": []}, {"pos": [[-2.919144453609909, -2.655881540103738, 57.14928490965582], [-3.228556117359958, -2.9947520426449388, 59.113596942504586], [-3.5351313681483973, -3.273934378630168, 61.07790897535335], [-3.8388702059752267, -3.4934285480594243, 63.042221008202105], [-4.139772630840448, -3.6532345509327104, 65.00653304105086], [-4.437838642744059, -3.7533523872500254, 66.97084507389962], [-4.733068241686061, -3.7937820570113683, 68.93515710674839], [-5.025461427666453, -3.77452356021674, 70.89946913959716], [-5.315018200685238, -3.695576896866141, 72.86378117244591], [-5.601738560742411, -3.5569420669595693, 74.82809320529466], [-5.885622507837976, -3.358619070497027, 76.79240523814343]], "radius": [0.8278747201460757, 0.9486992310635733, 1.1232764355277842, 1.2763767178207202, 1.089199364310785, 0.9366697716493728, 0.8308228091276539, 0.7792674399458024, 0.7845744130639847, 0.8441312581302693, 0.950469738961027], "ref_radius": [2.1556385976328056, 2.1375674341664794, 2.1194962707001532, 2.101425107233827, 2.0833539437675013, 2.065282780301175, 2.047211616834849, 2.0291404533685227, 2.0110692899021965, 1.9929981264358705, 1.9749269629695443], "length": 19.878279812958745, "seg_id": 4, "type": "Main", "parent": 2, "children": [5, 6]}, {"pos": [[-5.885622507837976, -3.358619070497027, 76.79240523814343], [-4.676016319743617, -3.2269216750363436, 78.34907269279026], [-3.489821915892074, -3.124987061680094, 79.90574014743707], [-2.327039296283341, -3.052815230428276, 81.46240760208387], [-1.1876684609174248, -3.0104061812808927, 83.0190750567307], [-0.07170940979432272, -2.9977599142379425, 84.57574251137753], [1.0208378570859666, -3.0148764292994246, 86.13240996602433], [2.0899733397234415, -3.0617557264653406, 87.68907742067115], [3.1356970381181015, -3.138397805735689, 89.24574487531797], [4.158008952269948, -3.2448026671104717, 90.8024123299648], [5.156909082178981, -3.380970310589687, 92.35907978461161], [6.1323974278452, -3.546900736173336, 93.91574723925842], [7.084473989268605, -3.7425939438614177, 95.47241469390524], [8.013138766449195, -3.968049933653933, 97.02908214855206], [8.918391759386973, -4.223268705550881, 98.58574960319888]],