{"case_id": "LCX_4357_bc3", "artery_type": "LCX", "segments": [{"pos": [[0.0, 0.0, 0.0], [-0.2595934070907458, -0.15413992501237683, 1.8571808051946692], [-0.475921246333034, -0.28258986252269086, 3.714361610389338], [-0.6489835177268645, -0.385349812530942, 5.571542415584007], [-0.7787802212722374, -0.4624197750371305, 7.428723220778677], [-0.8653113569691527, -0.5137997500412561, 9.285904025973347], [-0.9085769248176103, -0.5394897375433189, 11.143084831168014], [-0.9085769248176103, -0.5394897375433189, 13.000265636362686], [-0.8653113569691526, -0.5137997500412561, 14.857446441557354], [-0.7787802212722374, -0.4624197750371305, 16.71462724675202], [-0.6489835177268645, -0.385349812530942, 18.571808051946693], [-0.4759212463330337, -0.28258986252269064, 20.428988857141363], [-0.2595934070907457, -0.15413992501237675, 22.286169662336032], [0.0, 0.0, 24.1433504675307]], "radius": [2.755124523550066, 2.755124523550066, 2.755124523550066, 2.755124523550066, 2.755124523550066, 2.755124523550066, 2.755124523550066, 2.755124523550066, 2.755124523550066, 2.755124523550066, 2.755124523550066, 2.755124523550066, 2.755124523550066, 2.755124523550066], "ref_radius": [2.755124523550066, 2.755124523550066, 2.755124523550066, 2.755124523550066, 2.755124523550066, 2.755124523550066, 2.755124523550066, 2.755124523550066, 2.755124523550066, 2.755124523550066, 2.755124523550066, 2.755124523550066, 2.755124523550066, 2.755124523550066], "length": 24.1433504675307, "seg_id": 0, "type": "Root", "parent": null, "children": [1, 2]}, {"pos": [[0.0, 0.0, 24.1433504675307], [1.073710813633678, -0.1731827801004499, 25.60450183280443], [2.206484532595196, -0.2885025278863247, 27.065653198078156], [3.3983211568845535, -0.3459592433576242, 28.52680456335188], [4.64922068650175, -0.3455529265143485, 29.987955928625603], [5.959183121446786, -0.2872835773564977, 31.44910729389933], [7.328208461719664, -0.17115119588407163, 32.91025865917306], [8.75629670732038, 0.0028442179029296577, 34.37141002444678], [10.243447858248937, 0.23470266400450596, 35.83256138972051], [11.78966191450533, 0.5244241424206575, 37.29371275499424], [13.394938876089567, 0.8720086531513841, 38.75486412026796]], "radius": [1.5190392315424086, 1.5190392315424086, 1.5190392315424086, 1.5190392315424086, 1.5190392315424086, 1.5190392315424086, 1.5190392315424086, 1.5190392315424086, 1.5190392315424086, 1.5190392315424086, 1.5190392315424086], "ref_radius": [1.5190392315424086, 1.5190392315424086, 1.5190392315424086, 1.5190392315424086, 1.5190392315424086, 1.5190392315424086, 1.5190392315424086, 1.5190392315424086, 1.5190392315424086, 1.5190392315424086, 1.5190392315424086], "length": 19.8413990890127, "seg_id": 1, "type": "Side", "parent": 0, "children": []}, {"pos": [[0.0, 0.0, 24.1433504675307], [-0.19845272979425158, 0.3450189391262272, 25.938314428334838], [-0.4008979844081753, 0.6800055368715706, 27.73327838913897], [-0.6073357638417713, 1.0049597932360304, 29.52824234994311], [-0.8177660680950394, 1.3198817082196062, 31.323206310747246], [-1.03218889716798, 1.6247712818222984, 33.11817027155138], [-1.2506042510605926, 1.9196285140441067, 34.91313423235552], [-1.473012129772877, 2.204453404885031, 36.70809819315966], [-1.6994125333048342, 2.479245954345072, 38.50306215396379], [-1.9298054616564635, 2.7440061624242285, 40.29802611476793], [-2.164190914827765, 2.998734029122502, 42.09299007557207], [-2.402568892818738, 3.2434295544398912, 43.8879540363762], [-2.6449393956293843, 3.4780927383763967, 45.68291799718034], [-2.8913024232597024, 3.7027235809320183, 47.47788195798448], [-3.141657975709692, 3.9173220821067556, 49.272845918788605], [-3.3960060529793545, 4.12188824190061, 51.06780987959275], [-3.6543466550686894, 4.316422060313581, 52.86277384039689], [-3.916679781977696, 4.500923537345668, 54.65773780120103], [-4.183005433706375, 4.67539267299687, 56.45270176200516]], "radius": [2.755124523550066, 2.559849997626122, 1.9319767176807061, 1.1970211849391628, 0.7450809931427891, 0.8093139732319092, 1.3427258484940654, 2.047006664331084, 2.535974670037619, 2.5992218868528894, 2.581899371664314, 2.564576856475739, 2.5472543412871635, 2.5299318260985886, 2.512609310910013, 2.495286795721438, 2.4779642805328628, 2.460641765344288, 2.443319250155713], "ref_radius": [2.755124523550066, 2.737802008361491, 2.7204794931729155, 2.7031569779843405, 2.685834462795765, 2.66851194760719, 2.6511894324186147, 2.6338669172300397, 2.6165444020414643, 2.5992218868528894, 2.581899371664314, 2.564576856475739, 2.5472543412871635, 2.5299318260985886, 2.512609310910013, 2.495286795721438, 2.4779642805328628, 2.460641765344288, 2.443319250155713], "length": 32.912778858292846, "seg_id": 2, "type": "Main", "parent": 0, "children": [3, 4]}, {"pos": [[-4.183005433706375, 4.67539267299687, 56.45270176200516], [-2.964807674743252, 5.02326266559094, 57.842311120909564], [-1.7392143896742924, 5.361091829261875, 59.23192047981397], [-0.5062255784994938, 5.6888801640096744, 60.621529838718374], [0.7341587587811416, 6.006627669834341, 62.01113919762278], [1.981938622167614, 6.314334346735872, 63.40074855652718], [3.237114011659925, 6.612000194714269, 64.79035791543158], [4.4996849272580715, 6.89962521376953, 66.17996727433598], [5.769651368962058, 7.177209403901658, 67.56957663324039], [7.047013336771881, 7.444752765110652, 68.9591859921448], [8.33177083068754, 7.702255297396512, 70.34879535104919], [9.623923850709037, 7.949717000759235, 71.7384047099536], [10.923472396836374, 8.187137875198825, 73.12801406885801]], "radius": [1.7127205626212607, 1.7127205626212607, 1.7127205626212607, 1.7127205626212607, 1.7127205626212607, 1.7127205626212607, 1.7127205626212607, 1.7127205626212607, 1.7127205626212607, 1.7127205626212607, 1.7127205626212607, 1.7127205626212607, 1.7127205626212607], "ref_radius": [1.7127205626212607, 1.7127205626212607, 1.7127205626212607, 1.7127205626212607, 1.7127205626212607, 1.7127205626212607, 1.7127205626212607, 1.7127205626212607, 1.7127205626212607, 1.7127205626212607, 1.7127205626212607, 1.7127205626212607, 1.7127205626212607], "length": 22.772880084454535, "seg_id": 3, "type": "Side", "parent": 2, "children": []}, {"pos": [[-4.183005433706375, 4.67539267299687, 56.45270176200516], [-4.419179692329697, 5.025186662821491, 58.206455305674716], [-4.662665620090985, 5.375290518972906, 59.96020884934427], [-4.913463216990241, 5.72570424145112, 61.71396239301383], [-5.171572483027462, 6.0764278302561285, 63.467715936683376], [-5.4369934182026505, 6.427461285387933, 65.22146948035292], [-5.709726022515805, 6.778804606846533, 66.97522302402245], [-5.9897702959669274, 7.130457794631932, 68.72897656769202], [-6.277126238556017, 7.482420848744124, 70.48273011136158], [-6.571793850283072, 7.834693769183113, 72.23648365503112], [-6.873773131148095, 8.187276555948898, 73.99023719870067], [-7.183064081151085, 8.540169209041482, 75.74399074237022], [-7.499666700292041, 8.893371728460862, 77.49774428603978], [-7.823580988570964, 9.246884114207035, 79.25149782970934], [-8.154806945987854, 9.600706366280006, 81.00525137337888], [-8.49334457254271, 9.954838484679772, 82.75900491704843]], "radius": [2.4259967349671374, 2.409012445842983, 2.3920281567188293, 2.197583294648151, 1.7150828132985718, 1.1460254560723449, 0.7253269697138434, 0.6224149028175952, 0.8712332974769181, 1.3580009724974822, 1.8710130606205586, 2.190718145759023, 2.2221852654772882, 2.205200976353134, 2.18821668722898, 2.171232398104826], "ref_radius": [2.4259967349671374, 2.409012445842983, 2.3920281567188293, 2.375043867594675, 2.358059578470521, 2.341075289346367, 2.3240910002222126, 2.3071067110980588, 2.2901224219739045, 2.2731381328497506, 2.2561538437255964, 2.2391695546014425, 2.2221852654772882, 2.205200976353134, 2.18821668722898, 2.171232398104826], "length": 27.174862598646563, "seg_id": 4, "type": "Main", "parent": 2,