{"case_id": "LCX_4106_bc7", "artery_type": "LCX", "segments": [{"pos": [[0.0, 0.0, 0.0], [0.061903056529508206, 0.07071218072812942, 1.7668011009910674], [0.11606823099282788, 0.13258533886524262, 3.5336022019821343], [0.162495523389959, 0.18561947441133966, 5.300403302973201], [0.20118493372090165, 0.22981458736642055, 7.0672044039642685], [0.23213646198565577, 0.26517067773048525, 8.834005504955336], [0.2553501081842213, 0.2916877455035338, 10.600806605946403], [0.2708258723165984, 0.30936579068556613, 12.36760770693747], [0.2785637543827869, 0.31820481327658234, 14.134408807928539], [0.2785637543827869, 0.31820481327658234, 15.901209908919606], [0.2708258723165984, 0.30936579068556613, 17.66801100991067], [0.2553501081842213, 0.2916877455035338, 19.434812110901742], [0.2321364619856558, 0.2651706777304853, 21.201613211892806], [0.2011849337209017, 0.22981458736642063, 22.968414312883873], [0.16249552338995907, 0.18561947441133975, 24.735215413874943], [0.11606823099282791, 0.13258533886524268, 26.502016514866007], [0.06190305652950821, 0.07071218072812942, 28.268817615857078], [0.0, 0.0, 30.035618716848145]], "radius": [2.4042293393511245, 2.4042293393511245, 2.4037702975100905, 2.3534001431211764, 2.225991916882798, 2.037912713772415, 1.8133235339976017, 1.581075516490364, 1.3710036685582785, 1.2100942059953053, 1.1190178541878297, 1.1094744487292334, 1.1826899530298924, 1.329258968803598, 1.5303529708228463, 1.3871746710684423, 1.159905303416032, 0.994126580177751], "ref_radius": [2.4042293393511245, 2.4042293393511245, 2.4042293393511245, 2.4042293393511245, 2.4042293393511245, 2.4042293393511245, 2.4042293393511245, 2.4042293393511245, 2.4042293393511245, 2.4042293393511245, 2.4042293393511245, 2.4042293393511245, 2.4042293393511245, 2.4042293393511245, 2.4042293393511245, 2.4042293393511245, 2.4042293393511245, 2.4042293393511245], "length": 30.035618716848145, "seg_id": 0, "type": "Root", "parent": null, "children": [1, 2]}, {"pos": [[0.0, 0.0, 30.035618716848145], [1.4930204611232865, -0.35752278973249996, 31.442643146753436], [2.944679994420151, -0.6629587563646605, 32.84966757665874], [4.354978599890593, -0.9163078998964818, 34.25669200656403], [5.723916277534614, -1.1175702203279638, 35.66371643646933], [7.051493027352212, -1.2667457176591064, 37.07074086637462], [8.33770884934339, -1.3638343918899094, 38.47776529627992], [9.582563743508143, -1.4088362430203734, 39.88478972618522], [10.786057709846476, -1.4017512710504978, 41.29181415609051], [11.948190748358389, -1.342579475980283, 42.6988385859958], [13.068962859043875, -1.2313208578097288, 44.1058630159011], [14.148374041902942, -1.067975416538835, 45.51288744580639], [15.186424296935588, -0.8525431521676022, 46.91991187571169]], "radius": [1.6319961704541157, 1.6319961704541157, 1.6319961704541157, 1.6319961704541157, 1.6319961704541157, 1.6319961704541157, 1.6319961704541157, 1.6319961704541157, 1.6319961704541157, 1.6319961704541157, 1.6319961704541157, 1.6319961704541157, 1.6319961704541157], "ref_radius": [1.6319961704541157, 1.6319961704541157, 1.6319961704541157, 1.6319961704541157, 1.6319961704541157, 1.6319961704541157, 1.6319961704541157, 1.6319961704541157, 1.6319961704541157, 1.6319961704541157, 1.6319961704541157, 1.6319961704541157, 1.6319961704541157], "length": 22.725176968008626, "seg_id": 1, "type": "Side", "parent": 0, "children": []}, {"pos": [[0.0, 0.0, 30.035618716848145], [0.179122586299959, 0.08714304625588974, 31.91442526078306], [0.34958556998754764, 0.15981497915404577, 33.79323180471797], [0.5113889510627659, 0.21801579869446816, 35.67203834865288], [0.6645327295256137, 0.2617455048771568, 37.55084489258779], [0.8090169053760912, 0.2910040977021118, 39.4296514365227], [0.9448414786141982, 0.30579157716933303, 41.308457980457604], [1.0720064492399348, 0.3061079432788206, 43.18726452439251], [1.1905118172533011, 0.29195319603057457, 45.066071068327425], [1.3003575826542968, 0.26332733542459474, 46.94487761226233], [1.4015437454429225, 0.22023036146088132, 48.82368415619724], [1.4940703056191778, 0.16266227413943418, 50.702490700132145], [1.5779372631830626, 0.09062307346025317, 52.58129724406706], [1.6531446181345768, 0.004112759423338663, 54.46010378800197], [1.7196923704737206, -0.0968686679713096, 56.33891033193688], [1.7775805202004942, -0.21232120872369148, 58.21771687587179]], "radius": [0.9104911425014801, 0.9126688587873233, 1.0048232593570119, 1.1727107533123373, 1.3929087489000447, 1.635857595355892, 1.5643518614027636, 1.3008596057902464, 1.0603393261610974, 0.8656154977503479, 0.7345197108241404, 0.6781586064052325, 0.6998916052781381, 0.7951114698384671, 0.9518375686747254, 1.0895746010440996], "ref_radius": [2.4042293393511245, 2.386580026228797, 2.368930713106469, 2.3512813999841415, 2.333632086861814, 2.3159827737394862, 2.2983334606171586, 2.280684147494831, 2.2630348343725033, 2.2453855212501757, 2.227736208127848, 2.2100868950055204, 2.192437581883193, 2.1747882687608655, 2.157138955638538, 2.13948964251621], "length": 28.238900995724208, "seg_id": 2, "type": "Main", "parent": 0, "children": [3, 4]}, {"pos": [[1.7775805202004942, -0.21232120872369148, 58.21771687587179], [2.853969720034656, -0.37425907930344493, 59.590988449594995], [3.9684081320291518, -0.5059627767320168, 60.96426002331823], [5.120895756183979, -0.6074323010094069, 62.33753159704145], [6.31143259249914, -0.6786676521356154, 63.71080317076468], [7.540018640974633, -0.7196688301106422, 65.08407474448789], [8.80665390161046, -0.7304358349344873, 66.45734631821111], [10.111338374406618, -0.7109686666071507, 67.83061789193432], [11.454072059363114, -0.6612673251286325, 69.20388946565754], [12.834854956479939, -0.5813318104989327, 70.57716103938077], [14.253687065757095, -0.47116212271805125, 71.95043261310397], [15.710568387194588, -0.330758261785988, 73.3237041868272], [17.20549892079241, -0.16012022770274298, 74.69697576055042]], "radius": [1.3803177193452774, 1.3803177193452774, 1.3803177193452774, 1.3803177193452774, 1.3803177193452774, 1.3803177193452774, 1.3803177193452774, 1.3803177193452774, 1.3803177193452774, 1.3803177193452774, 1.3803177193452774, 1.3803177193452774, 1.3803177193452774], "ref_radius": [1.3803177193452774, 1.3803177193452774, 1.3803177193452774, 1.3803177193452774, 1.3803177193452774, 1.3803177193452774, 1.3803177193452774, 1.3803177193452774, 1.3803177193452774, 1.3803177193452774, 1.3803177193452774, 1.3803177193452774, 1.3803177193452774], "length": 22.574086127814827, "seg_id": 3, "type": "Side", "parent": 2, "children": []}, {"pos": [[1.7775805202004942, -0.21232120872369148, 58.21771687587179], [1.977745736520127, -0.16775729616197346, 60.07772025073008], [2.153230012870265, -0.14435936904113555, 61.93772362558838], [2.3040333492509077, -0.14212742736117773, 63.79772700044666], [2.430155745662056, -0.16106147112210006, 65.65773037530496], [2.53159720210371, -0.20116150032390245, 67.51773375016326], [2.608357718575869, -0.262427514966585, 69.37773712502155], [2.660437295078533, -0.34485951505014767, 71.23774049987985], [2.687835931611702, -0.44845750057459044, 73.09774387473814], [2.690553628175377, -0.5732214715399132, 74.95774724959642], [2.6685903847695567, -0.7191514279461162, 76.81775062445473], [2.621946201394242, -0.8862473697931994, 78.67775399931303], [2.5506210780494323, -1.0745092970811625, 80.53775737417132], [2.454615014735128, -1.283937209810006, 82.39776074902962], [2.3339280114513286, -1.5145311079797295, 84.25776412388791]], "radius": [0.8419560301784044, 0.6732926951721174, 0.6046268310146405, 0.64251070216003, 0.7781752517516236, 0.9890361344737055, 1.2421511811380892, 1.1267428379489202, 0.9898341183220013, 0.9079863564740607, 0.8883482499130066, 0.9306450215840434, 1.027340461811379, 1.1646502952885995, 1.324272675868683],