{"case_id": "LCX_550_bc7", "artery_type": "LCX", "segments": [{"pos": [[0.0, 0.0, 0.0], [0.08272810695550047, -0.07967910562903283, 1.8138823935011072], [0.15442579965026754, -0.14873433050752793, 3.6277647870022145], [0.21509307808430123, -0.20716567463548535, 5.441647180503322], [0.2647299422576015, -0.25497313801290505, 7.255529574004429], [0.3033363921701684, -0.29215672063978704, 9.069411967505536], [0.33091242782200186, -0.3187164225161313, 10.883294361006644], [0.34745804921310197, -0.3346522436419379, 12.697176754507751], [0.35297325634346866, -0.33996418401720674, 14.511059148008858], [0.34745804921310197, -0.3346522436419379, 16.324941541509965], [0.33091242782200186, -0.3187164225161313, 18.13882393501107], [0.3033363921701684, -0.29215672063978704, 19.95270632851218], [0.2647299422576015, -0.25497313801290505, 21.76658872201329], [0.21509307808430123, -0.20716567463548535, 23.580471115514396], [0.15442579965026754, -0.14873433050752793, 25.394353509015502], [0.08272810695550047, -0.07967910562903283, 27.20823590251661], [0.0, 0.0, 29.022118296017716]], "radius": [2.769504809787519, 2.769504809787519, 2.769504809787519, 2.769504809787519, 2.769504809787519, 2.769504809787519, 2.769504809787519, 2.769504809787519, 2.769504809787519, 2.769504809787519, 2.769504809787519, 2.769504809787519, 2.769504809787519, 2.769504809787519, 2.769504809787519, 2.622064862031338, 2.1029016572606367], "ref_radius": [2.769504809787519, 2.769504809787519, 2.769504809787519, 2.769504809787519, 2.769504809787519, 2.769504809787519, 2.769504809787519, 2.769504809787519, 2.769504809787519, 2.769504809787519, 2.769504809787519, 2.769504809787519, 2.769504809787519, 2.769504809787519, 2.769504809787519, 2.769504809787519, 2.769504809787519], "length": 29.022118296017716, "seg_id": 0, "type": "Root", "parent": null, "children": [1, 2]}, {"pos": [[0.0, 0.0, 29.022118296017716], [1.2375736398241766, 0.2082623250366983, 30.424050790421504], [2.4933628924988405, 0.3733921265872869, 31.8259832848253], [3.7673677580239913, 0.49538940465176573, 33.227915779229086], [5.059588236399631, 0.5742541592301349, 34.62984827363288], [6.370024327625758, 0.6099863903223944, 36.031780768036676], [7.69867603170237, 0.6025860979285442, 37.43371326244046], [9.045543348629472, 0.5520532820485842, 38.83564575684426], [10.410626278407062, 0.4583879426825144, 40.237578251248046], [11.793924821035137, 0.32159007983033505, 41.63951074565184], [13.195438976513701, 0.14165969349204577, 43.041443240055635], [14.615168744842752, -0.08140321633235285, 44.44337573445942]], "radius": [1.875322767358284, 1.875322767358284, 1.875322767358284, 1.875322767358284, 1.875322767358284, 1.875322767358284, 1.875322767358284, 1.875322767358284, 1.875322767358284, 1.875322767358284, 1.875322767358284, 1.875322767358284], "ref_radius": [1.875322767358284, 1.875322767358284, 1.875322767358284, 1.875322767358284, 1.875322767358284, 1.875322767358284, 1.875322767358284, 1.875322767358284, 1.875322767358284, 1.875322767358284, 1.875322767358284, 1.875322767358284], "length": 21.24676363370552, "seg_id": 1, "type": "Side", "parent": 0, "children": []}, {"pos": [[0.0, 0.0, 29.022118296017716], [0.24909399919044817, 0.03317087066837236, 30.880165264514794], [0.48307308900878965, 0.06276168875689446, 32.73821223301188], [0.7019372694550244, 0.08877245426556628, 34.59625920150896], [0.9056865405291523, 0.1112031671943878, 36.45430617000603], [1.0943209022311735, 0.1300538275433591, 38.31235313850311], [1.2678403545610881, 0.14532443531248007, 40.17040010700019], [1.4262448975188957, 0.15701499050175077, 42.02844707549726], [1.5695345311045967, 0.1651254931111712, 43.88649404399434], [1.697709255318191, 0.1696559431407414, 45.74454101249142], [1.8107690701596786, 0.1706063405904613, 47.6025879809885], [1.9087139756290594, 0.1679766854603309, 49.460634949485566], [1.9915439717263337, 0.16176697775035023, 51.31868191798266], [2.059259058451501, 0.1519772174605193, 53.17672888647973], [2.1118592358045616, 0.1386074045908381, 55.034775854976814], [2.1493445037855152, 0.12165753914130661, 56.892822823473885]], "radius": [1.4248034653234705, 0.870871776536396, 0.6823987651934851, 0.9298844418414216, 1.4984562840558209, 2.1388445225404675, 2.5745960947636375, 2.6472072698118962, 2.6297361926725213, 2.612265115533147, 2.594794038393772, 2.5773229612543975, 2.5598518841150226, 2.542380806975648, 2.5249097298362733, 2.507438652696899], "ref_radius": [2.769504809787519, 2.7520337326481443, 2.7345626555087694, 2.717091578369395, 2.69962050123002, 2.6821494240906456, 2.6646783469512707, 2.6472072698118962, 2.6297361926725213, 2.612265115533147, 2.594794038393772, 2.5773229612543975, 2.5598518841150226, 2.542380806975648, 2.5249097298362733, 2.507438652696899], "length": 27.953723422999467, "seg_id": 2, "type": "Main", "parent": 0, "children": [3, 4]}, {"pos": [[2.1493445037855152, 0.12165753914130661, 56.892822823473885], [3.469414527303408, -0.12590698563919356, 58.31259210524957], [4.783739374124281, -0.30910386882501795, 59.732361387025264], [6.092319044248131, -0.4279331104161666, 61.152130668800964], [7.395153537674961, -0.48239471041263937, 62.57189995057664], [8.692242854404771, -0.47248866881443646, 63.991669232352336], [9.983586994437557, -0.3982149856215577, 65.41143851412802], [11.269185957773322, -0.25957366083400335, 66.83120779590371], [12.54903974441207, -0.056564694451773034, 68.25097707767941], [13.823148354353794, 0.21081191352513312, 69.6707463594551]], "radius": [1.82398437796866, 1.82398437796866, 1.82398437796866, 1.82398437796866, 1.82398437796866, 1.82398437796866, 1.82398437796866, 1.82398437796866, 1.82398437796866, 1.82398437796866], "ref_radius": [1.82398437796866, 1.82398437796866, 1.82398437796866, 1.82398437796866, 1.82398437796866, 1.82398437796866, 1.82398437796866, 1.82398437796866, 1.82398437796866, 1.82398437796866], "length": 17.307829867877633, "seg_id": 3, "type": "Side", "parent": 2, "children": []}, {"pos": [[2.1493445037855152, 0.12165753914130661, 56.892822823473885], [2.500912292022519, 0.10522035814823891, 58.735152618150664], [2.8224374499615923, 0.09769614274635945, 60.57748241282744], [3.113919977602737, 0.09908489293566816, 62.419812207504215], [3.375359874945952, 0.10938660871616511, 64.262142002181], [3.6067571419912383, 0.12860129008785026, 66.10447179685777], [3.808111778738595, 0.15672893705072366, 67.94680159153454], [3.9794237851880228, 0.19376954960478526, 69.78913138621132], [4.120693161339521, 0.23972312775003507, 71.6314611808881], [4.231919907193089, 0.2945896714864731, 73.47379097556487], [4.313104022748729, 0.3583691808140993, 75.31612077024164], [4.364245508006439, 0.43106165573291383, 77.15845056491843], [4.3853443629662205, 0.5126670962429165, 79.00078035959521], [4.376400587628072, 0.6031855023441074, 80.84311015427198], [4.337414181991994, 0.7026168740364865, 82.68543994894875]], "radius": [2.4899675755575243, 2.4727063890288883, 2.455445202500252, 2.438184015971616, 2.42092282944298, 2.403661642914344, 2.386400456385708, 2.369139269857072, 2.351878083328436, 2.3346168967997993, 2.3173557102711633, 2.300094523742527, 2.282833337213891, 2.265572150685255, 2.248310964156619], "ref_radius": [2.4899675755575243, 2.4727063890288883, 2.455445202500252, 2.438184015971616, 2.42092282944298, 2.403661642914344, 2.386400456385708, 2.369139269857072, 2.351878083328436, 2.3346168967997993, 2.3173557102711633, 2.300094523742527, 2.282833337213891, 2.265572150685255, 2.248310964156619], "length": 25.891779792954132, "seg_id": 4, "type": "Main", "parent": 2,