{"case_id": "LCX_652_bc9", "artery_type": "LCX", "segments": [{"pos": [[0.0, 0.0, 0.0], [-0.1378198316131694, -0.09867197080520958, 1.7590333183340368], [-0.26251396497746554, -0.18794661105754204, 3.518066636668073], [-0.37408240009288835, -0.2678239207569974, 5.27709995500211], [-0.47252513695943793, -0.3383038999035757, 7.036133273336147], [-0.5578421755771142, -0.39938654849727684, 8.795166591670183], [-0.6300335159459172, -0.45107186653810083, 10.554199910004218], [-0.6890991580658471, -0.49335985402604793, 12.313233228338257], [-0.7350391019369035, -0.5262505109611177, 14.072266546672292], [-0.7678533475590865, -0.5497438373433104, 15.83129986500633], [-0.7875418949323966, -0.5638398331726261, 17.59033318334037], [-0.7941047440568332, -0.5685384984490647, 19.349366501674403], [-0.7875418949323966, -0.5638398331726261, 21.108399820008437], [-0.7678533475590866, -0.5497438373433104, 22.867433138342477], [-0.7350391019369035, -0.5262505109611177, 24.62646645667651], [-0.6890991580658469, -0.4933598540260478, 26.38549977501055], [-0.6300335159459172, -0.45107186653810083, 28.144533093344585], [-0.5578421755771142, -0.39938654849727684, 29.90356641167862], [-0.4725251369594379, -0.3383038999035756, 31.662599730012662], [-0.37408240009288835, -0.2678239207569974, 33.4216330483467], [-0.2625139649774653, -0.1879466110575419, 35.18066636668074], [-0.1378198316131693, -0.0986719708052095, 36.93969968501477], [0.0, 0.0, 38.698733003348806]], "radius": [2.461541710003038, 2.461541710003038, 2.461541710003038, 2.452117926363892, 2.3873239924181093, 2.2666737340327177, 2.101339726955536, 1.9066323960665472, 1.7005822241191644, 1.5022700749651623, 1.3300602483398811, 1.19989989063354, 1.1238422413111717, 1.1089304667913735, 1.1565454421140038, 1.2622778777703467, 1.416336633134757, 1.6044554054495128, 1.5558289949176471, 1.2973894218946767, 1.0718136956961937, 0.901838090568438, 0.8045948221025272], "ref_radius": [2.461541710003038, 2.461541710003038, 2.461541710003038, 2.461541710003038, 2.461541710003038, 2.461541710003038, 2.461541710003038, 2.461541710003038, 2.461541710003038, 2.461541710003038, 2.461541710003038, 2.461541710003038, 2.461541710003038, 2.461541710003038, 2.461541710003038, 2.461541710003038, 2.461541710003038, 2.461541710003038, 2.461541710003038, 2.461541710003038, 2.461541710003038, 2.461541710003038, 2.461541710003038], "length": 38.698733003348806, "seg_id": 0, "type": "Root", "parent": null, "children": [1, 2]}, {"pos": [[0.0, 0.0, 38.698733003348806], [1.7278352225662599, 0.2852914143158667, 40.09319646173148], [3.3895165921236527, 0.5106448181290902, 41.48765992011417], [4.985044108672178, 0.6760602114396709, 42.88212337849686], [6.514417772211836, 0.7815375942476084, 44.276586836879524], [7.977637582742628, 0.8270769665529027, 45.67105029526221], [9.374703540264552, 0.8126783283555541, 47.065513753644886], [10.705615644777605, 0.7383416796555623, 48.45997721202757], [11.970373896281798, 0.6040670204529276, 49.85444067041025], [13.16897829477712, 0.4098543507476496, 51.24890412879293]], "radius": [1.657804040221576, 1.657804040221576, 1.657804040221576, 1.657804040221576, 1.657804040221576, 1.657804040221576, 1.657804040221576, 1.657804040221576, 1.657804040221576, 1.657804040221576], "ref_radius": [1.657804040221576, 1.657804040221576, 1.657804040221576, 1.657804040221576, 1.657804040221576, 1.657804040221576, 1.657804040221576, 1.657804040221576, 1.657804040221576, 1.657804040221576], "length": 18.196064552398937, "seg_id": 1, "type": "Side", "parent": 0, "children": []}, {"pos": [[0.0, 0.0, 38.698733003348806], [0.02823024785346445, -0.1646997528924448, 40.56403385504823], [0.053773745273370185, -0.3203336115575101, 42.42933470674765], [0.0766304922597172, -0.4669015759951958, 44.29463555844708], [0.09680048881250553, -0.604403646205502, 46.1599364101465], [0.11428373493173513, -0.7328398221884288, 48.02523726184592], [0.12908023061740603, -0.852210103943976, 49.89053811354536], [0.1411899758695182, -0.9625144914721437, 51.75583896524478], [0.15061297068807167, -1.063752984772932, 53.6211398169442], [0.15734921507306643, -1.1559255838463405, 55.486440668643624], [0.16139870902450248, -1.2390322886923697, 57.351741520343055], [0.1627614525423798, -1.3130730993110191, 59.21704237204247], [0.16143744562669843, -1.3780480157022894, 61.0823432237419], [0.15742668827745837, -1.43395703786618, 62.94764407544132], [0.15072918049465955, -1.480800165802691, 64.81294492714075], [0.14134492227830206, -1.5185773995118224, 66.67824577884016], [0.12927391362838583, -1.5472887389935746, 68.5435466305396]], "radius": [0.7898852534934364, 0.8530559301166538, 0.991167149905092, 1.137095858009351, 0.855906983304793, 0.6902910029040061, 0.6642095631373366, 0.7780718228410544, 1.0090126650263507, 1.3150415847134336, 1.642314083660481, 1.6978002112031363, 1.479214460874715, 1.2655001884367476, 1.0718719236546648, 0.9117847216235944, 0.7959396994769932], "ref_radius": [2.461541710003038, 2.443962195003407, 2.4263826800037758, 2.408803165004145, 2.391223650004514, 2.373644135004883, 2.3560646200052515, 2.3384851050056206, 2.3209055900059896, 2.303326075006358, 2.2857465600067273, 2.2681670450070963, 2.250587530007465, 2.233008015007834, 2.215428500008203, 2.197848985008572, 2.1802694700089407], "length": 29.88517549937284, "seg_id": 2, "type": "Main", "parent": 0, "children": [3, 4]}, {"pos": [[0.12927391362838583, -1.5472887389935746, 68.5435466305396], [1.3600416894207061, -1.7334073902247673, 69.96825799831934], [2.5878695243565337, -1.9101612650354949, 71.39296936609908], [3.8127574184358695, -2.0775503634257566, 72.81768073387883], [5.034705371658714, -2.235574685395554, 74.2423921016586], [6.253713384025067, -2.3842342309448856, 75.66710346943833], [7.4697814555349265, -2.5235290000737516, 77.09181483721808], [8.682909586188295, -2.653458992782152, 78.51652620499783], [9.89309777598517, -2.7740242090700873, 79.94123757277757], [11.100346024925557, -2.885224648937558, 81.36594894055733], [12.304654333009449, -2.9870603123845627, 82.79066030833707], [13.506022700236848, -3.079531199411102, 84.21537167611682]], "radius": [1.3725553853568333, 1.3725553853568333, 1.3725553853568333, 1.3725553853568333, 1.3725553853568333, 1.3725553853568333, 1.3725553853568333, 1.3725553853568333, 1.3725553853568333, 1.3725553853568333, 1.3725553853568333, 1.3725553853568333], "ref_radius": [1.3725553853568333, 1.3725553853568333, 1.3725553853568333, 1.3725553853568333, 1.3725553853568333, 1.3725553853568333, 1.3725553853568333, 1.3725553853568333, 1.3725553853568333, 1.3725553853568333, 1.3725553853568333, 1.3725553853568333], "length": 20.66134737418445, "seg_id": 3, "type": "Side", "parent": 2,