{"case_id": "LCX_3215_bc5", "artery_type": "LCX", "segments": [{"pos": [[0.0, 0.0, 0.0], [0.07909080363657181, -0.09971513314805455, 1.797009044269833], [0.14688292103934766, -0.18518524727495847, 3.5940180885396664], [0.20337635220832756, -0.25641034238071175, 5.3910271328095005], [0.24857109714351142, -0.31339041846531435, 7.188036177079333], [0.28246715584489934, -0.3561254755287663, 8.985045221349166], [0.30506452831249126, -0.38461551357106755, 10.782054265619], [0.31636321454628724, -0.3988605325922182, 12.57906330988883], [0.31636321454628724, -0.3988605325922182, 14.376072354158666], [0.30506452831249126, -0.38461551357106755, 16.173081398428497], [0.28246715584489934, -0.3561254755287663, 17.970090442698332], [0.24857109714351147, -0.3133904184653144, 19.767099486968164], [0.20337635220832748, -0.2564103423807117, 21.564108531238], [0.14688292103934764, -0.18518524727495841, 23.36111757550783], [0.0790908036365718, -0.09971513314805452, 25.15812661977766], [0.0, 0.0, 26.955135664047496]], "radius": [1.9776794430768572, 1.9776794430768572, 1.976922141577984, 1.686237165399612, 1.0736740571814547, 0.5778360976898302, 0.5537498186303529, 1.0186613141200354, 1.6396878093850336, 1.9721661266862314, 1.9776794430768572, 1.9776794430768572, 1.9776794430768572, 1.9776794430768572, 1.9776794430768572, 1.9776794430768572], "ref_radius": [1.9776794430768572, 1.9776794430768572, 1.9776794430768572, 1.9776794430768572, 1.9776794430768572, 1.9776794430768572, 1.9776794430768572, 1.9776794430768572, 1.9776794430768572, 1.9776794430768572, 1.9776794430768572, 1.9776794430768572, 1.9776794430768572, 1.9776794430768572, 1.9776794430768572, 1.9776794430768572], "length": 26.955135664047496, "seg_id": 0, "type": "Root", "parent": null, "children": [1, 2]}, {"pos": [[0.0, 0.0, 26.955135664047496], [0.9398859781354685, -0.4149963757654792, 28.40919203376352], [1.9637991631625908, -0.7545885889378314, 29.863248403479552], [3.0717395550813684, -1.0187766395170568, 31.31730477319558], [4.263707153891799, -1.207560527503155, 32.7713611429116], [5.539701959593884, -1.320940252896126, 34.22541751262763], [6.899723972187624, -1.3589158156959704, 35.67947388234366], [8.343773191673016, -1.3214872159026876, 37.133530252059685], [9.871849618050064, -1.208654453516278, 38.58758662177571], [11.483953251318766, -1.0204175285367412, 40.04164299149174]], "radius": [1.2216398775100932, 1.2216398775100932, 1.2216398775100932, 1.2216398775100932, 1.2216398775100932, 1.2216398775100932, 1.2216398775100932, 1.2216398775100932, 1.2216398775100932, 1.2216398775100932], "ref_radius": [1.2216398775100932, 1.2216398775100932, 1.2216398775100932, 1.2216398775100932, 1.2216398775100932, 1.2216398775100932, 1.2216398775100932, 1.2216398775100932, 1.2216398775100932, 1.2216398775100932], "length": 17.4407312989528, "seg_id": 1, "type": "Side", "parent": 0, "children": []}, {"pos": [[0.0, 0.0, 26.955135664047496], [-0.1439024815580741, 0.05656252606135194, 28.87567505593711], [-0.30790650923240886, 0.05933502058025397, 30.796214447826724], [-0.49201208302300425, 0.008317483556706085, 32.71675383971633], [-0.6962192029298604, -0.09649008500929171, 34.63729323160595], [-0.9205278689529772, -0.2550876851177395, 36.55783262349557], [-1.1649380810923544, -0.46747531676863696, 38.478372015385176], [-1.4294498393479924, -0.7336529799619845, 40.39891140727479], [-1.7140631437198912, -1.053620674697782, 42.3194507991644], [-2.0187779942080506, -1.4273784009760297, 44.23999019105402], [-2.343594390812471, -1.854926158796727, 46.16052958294364], [-2.688512333533151, -2.336263948159874, 48.081068974833244]], "radius": [1.9776794430768572, 1.9598260414780255, 1.9419726398791939, 1.9241192382803622, 1.9062041737909088, 1.7828940021183224, 1.4943881932628134, 1.1286469141562128, 0.7956574382736668, 0.5932666770672859, 0.5773897945580619, 0.7456633457331414], "ref_radius": [1.9776794430768572, 1.9598260414780255, 1.9419726398791939, 1.9241192382803622, 1.9062658366815304, 1.8884124350826987, 1.870559033483867, 1.8527056318850355, 1.8348522302862038, 1.8169988286873722, 1.7991454270885403, 1.7812920254897087], "length": 21.424081918598013, "seg_id": 2, "type": "Main", "parent": 0, "children": [3, 4]}, {"pos": [[-2.688512333533151, -2.336263948159874, 48.081068974833244], [-1.3203643862586585, -2.086791385659606, 49.54107652447377], [0.007602741035595495, -1.9262002775904792, 51.00108407411432], [1.295389048349611, -1.8544906239524939, 52.46109162375486], [2.542994535683388, -1.871662424745649, 53.9210991733954], [3.750419203036927, -1.977715679969946, 55.381106723035934], [4.917663050410226, -2.172650389625384, 56.84111427267648], [6.044726077803287, -2.4564665537119623, 58.30112182231701], [7.131608285216111, -2.8291641722296834, 59.76112937195755], [8.178309672648696, -3.290743245178545, 61.22113692159809]], "radius": [1.3747244234500282, 1.3747244234500282, 1.3747244234500282, 1.3747244234500282, 1.3747244234500282, 1.3747244234500282, 1.3747244234500282, 1.3747244234500282, 1.3747244234500282, 1.3747244234500282], "ref_radius": [1.3747244234500282, 1.3747244234500282, 1.3747244234500282, 1.3747244234500282, 1.3747244234500282, 1.3747244234500282, 1.3747244234500282, 1.3747244234500282, 1.3747244234500282, 1.3747244234500282], "length": 17.078063030919875, "seg_id": 3, "type": "Side", "parent": 2, "children": []}, {"pos": [[-2.688512333533151, -2.336263948159874, 48.081068974833244], [-2.7832816455958342, -2.7349239368559712, 49.857216997467326], [-2.9194875039406507, -3.1064900015020998, 51.633365020101415], [-3.0971299085676005, -3.450962142098259, 53.4095130427355], [-3.3162088594766836, -3.7683403586444495, 55.185661065369594], [-3.5767243566679006, -4.05862465114067, 56.961809088003676], [-3.8786764001412504, -4.321815019586921, 58.737957110637765], [-4.222064989896733, -4.557911463983205, 60.514105133271855], [-4.606890125934349, -4.766913984329518, 62.29025315590594], [-5.033151808254099, -4.948822580625862, 64.06640117854002], [-5.500850036855983, -5.103637252872237, 65.84254920117411], [-6.009984811739999, -5.231358001068642, 67.6186972238082]], "radius": [1.0393062252554046, 1.3631714678333948, 1.613585668616758, 1.7118393587914618, 1.6966776350664132, 1.679987387860297, 1.6632971406541812, 1.646606893448065, 1.6299166462419492, 1.6132263990358333, 1.5965361518297172, 1.5798459046236013], "ref_radius": [1.763438623890877, 1.7467483766847611, 1.730058129478645, 1.7133678822725291, 1.6966776350664132, 1.679987387860297, 1.6632971406541812, 1.646606893448065, 1.6299166462419492, 1.6132263990358333, 1.5965361518297172, 1.5798459046236013], "length": 20.028296647339168, "seg_id": 4, "type": "Main", "parent": 2, "children": [5, 6]}, {"pos": [[-6.009984811739999, -5.231358001068642, 67.6186972238082], [-5.307076980217966, -5.7573505914020755, 69.23852316838807], [-4.515975922522742, -6.208514428402993, 70.85834911296794], [-3.6366816386543293, -6.584849512071396, 72.47817505754782], [-2.669194128612726, -6.88635584240728, 74.09800100212766], [-1.6135133923979315, -7.11303341941065, 75.71782694670753], [-0.46963943000994823, -7.264882243081503, 77.3376528912874], [0.7624277585512245, -7.34190231341984, 78.95747883586726], [2.0826881732855895, -7.344093630425661, 80.57730478044714], [3.491141814193144, -7.271456194098966, 82.19713072502701]], "radius": [1.2258699908150994, 1.2258699908150994, 1.2258699908150994, 1.2258699908150994, 1.2258699908150994, 1.2258699908150994, 1.2258699908150994, 1.2258699908150994, 1.2258699908150994, 1.2258699908150994], "ref_radius": [1.2258699908150994, 1.2258699908150994, 1.2258699908150994, 1.2258699908150994, 1.2258699908150994, 1.2258699908150994, 1.2258699908150994, 1.2258699908150994, 1.2258699908150994, 1.2258699908150994], "length": 17.520391866299114, "seg_id": 5, "type": "Side", "parent": 4,