{"case_id": "LCX_525_bc5", "artery_type": "LCX", "segments": [{"pos": [[0.0, 0.0, 0.0], [-0.0956269592189523, 0.1614220948593633, 1.7524301295989426], [-0.18169122251600936, 0.30670198023279027, 3.5048602591978857], [-0.2581927898911712, 0.4358396561202809, 5.257290388796829], [-0.3251316613444379, 0.5488351225218352, 7.009720518395771], [-0.3825078368758092, 0.6456883794374532, 8.762150647994714], [-0.43032131648528543, 0.7263994268671349, 10.514580777593658], [-0.4685721001728664, 0.7909682648108802, 12.267010907192603], [-0.49726018793855203, 0.8393948932686892, 14.019441036791545], [-0.5163855797823425, 0.8716793122405617, 15.771871166390486], [-0.5259482757042377, 0.8878215217264982, 17.52430129598943], [-0.5259482757042377, 0.8878215217264983, 19.27673142558837], [-0.5163855797823425, 0.8716793122405618, 21.029161555187315], [-0.49726018793855203, 0.8393948932686892, 22.78159168478626], [-0.4685721001728664, 0.7909682648108802, 24.534021814385206], [-0.4303213164852855, 0.726399426867135, 26.286451943984144], [-0.3825078368758093, 0.6456883794374534, 28.038882073583085], [-0.3251316613444379, 0.5488351225218352, 29.79131220318203], [-0.25819278989117134, 0.4358396561202811, 31.543742332780976], [-0.18169122251600958, 0.3067019802327906, 33.296172462379914], [-0.09562695921895241, 0.16142209485936349, 35.048602591978856], [0.0, 0.0, 36.801032721577805]], "radius": [2.403017984089446, 2.403017984089446, 2.3931221440557366, 2.3156929580452092, 2.169997110380569, 1.9732912554002553, 1.7488738261080403, 1.5233254977042958, 1.3233608924810396, 1.1726644196206313, 1.0890850225477302, 1.0825220963941875, 1.1537529738698618, 1.2943408556388467, 1.487634090204217, 1.6181604965085947, 1.3751319153549404, 1.148282382726395, 0.9568611213865432, 0.8171111028703988, 0.7408907568888892, 0.7346677292066539], "ref_radius": [2.403017984089446, 2.403017984089446, 2.403017984089446, 2.403017984089446, 2.403017984089446, 2.403017984089446, 2.403017984089446, 2.403017984089446, 2.403017984089446, 2.403017984089446, 2.403017984089446, 2.403017984089446, 2.403017984089446, 2.403017984089446, 2.403017984089446, 2.403017984089446, 2.403017984089446, 2.403017984089446, 2.403017984089446, 2.403017984089446, 2.403017984089446, 2.403017984089446], "length": 36.801032721577805, "seg_id": 0, "type": "Root", "parent": null, "children": [1, 2]}, {"pos": [[0.0, 0.0, 36.801032721577805], [1.256899723498881, 0.2779998256626098, 38.3367083097184], [2.490584871419136, 0.47034735116389437, 39.872383897858974], [3.7010554437607652, 0.5770425765038538, 41.408059485999566], [4.888311440523768, 0.598085501682488, 42.94373507414015], [6.052352861708146, 0.533476126699797, 44.479410662280735], [7.193179707313895, 0.3832144515557808, 46.01508625042132], [8.310791977341022, 0.1473004762504394, 47.550761838561904], [9.40518967178952, -0.17426579921622715, 49.08643742670249]], "radius": [1.6417388367433976, 1.6417388367433976, 1.6417388367433976, 1.6417388367433976, 1.6417388367433976, 1.6417388367433976, 1.6417388367433976, 1.6417388367433976, 1.6417388367433976], "ref_radius": [1.6417388367433976, 1.6417388367433976, 1.6417388367433976, 1.6417388367433976, 1.6417388367433976, 1.6417388367433976, 1.6417388367433976, 1.6417388367433976, 1.6417388367433976], "length": 15.473174532067183, "seg_id": 1, "type": "Side", "parent": 0, "children": []}, {"pos": [[0.0, 0.0, 36.801032721577805], [0.14715067039001625, -0.07224628139597394, 38.672131937066055], [0.2716030468115935, -0.12955740362654716, 40.54323115255433], [0.37335712926473175, -0.17193336669171963, 42.414330368042584], [0.452412917749431, -0.19937417059149137, 44.28542958353085], [0.5087704122656912, -0.21187981532586234, 46.15652879901909], [0.5424296128135124, -0.20945030089483258, 48.02762801450736], [0.5533905193928946, -0.19208562729840212, 49.898727229995615], [0.5416531320038379, -0.15978579453657085, 51.76982644548388], [0.507217450646342, -0.11255080260933886, 53.64092566097214], [0.45008347532040727, -0.050380651516706204, 55.512024876460394], [0.37025120602603345, 0.02672465874132729, 57.38312409194865], [0.2677206427632206, 0.11876512816476155, 59.25422330743692]], "radius": [0.7989700722500355, 0.9216684183140249, 1.0958205344294498, 1.3050280391114457, 1.5301652415616838, 1.751037549470729, 1.6066450437928754, 1.4214161418883933, 1.2552285745416192, 1.1194071297353583, 1.0228095845182354, 0.971193003804302, 0.9668247551840528], "ref_radius": [2.403017984089446, 2.3857448297127783, 2.36847167533611, 2.3511985209594424, 2.3339253665827746, 2.3166522122061064, 2.2993790578294386, 2.282105903452771, 2.2648327490761027, 2.247559594699435, 2.230286440322767, 2.213013285946099, 2.195740131569431], "length": 22.455100689668296, "seg_id": 2, "type": "Main", "parent": 0, "children": [3, 4]}, {"pos": [[0.2677206427632206, 0.11876512816476155, 59.25422330743692], [1.5840327348859957, 0.43388194101293337, 60.60929566020986], [2.922144161895203, 0.6880793664268543, 61.96436801298281], [4.282054923790842, 0.8813574044065238, 63.319440365755746], [5.663765020572911, 1.0137160549519422, 64.67451271852869], [7.067274452241413, 1.0851553180631097, 66.02958507130163], [8.492583218796348, 1.0956751937400262, 67.38465742407458], [9.939691320237712, 1.0452756819826914, 68.7397297768475], [11.40859875656551, 0.9339567827911056, 70.09480212962046], [12.899305527779738, 0.7617184961652688, 71.4498744823934], [14.411811633880397, 0.5285608221051808, 72.80494683516633]], "radius": [1.154607438017706, 1.154607438017706, 1.154607438017706, 1.154607438017706, 1.154607438017706, 1.154607438017706, 1.154607438017706, 1.154607438017706, 1.154607438017706, 1.154607438017706, 1.154607438017706], "ref_radius": [1.154607438017706, 1.154607438017706, 1.154607438017706, 1.154607438017706, 1.154607438017706, 1.154607438017706, 1.154607438017706, 1.154607438017706, 1.154607438017706, 1.154607438017706, 1.154607438017706], "length": 19.591971585339078, "seg_id": 3, "type": "Side", "parent": 2, "children": []}, {"pos": [[0.2677206427632206, 0.11876512816476155, 59.25422330743692], [0.4222449235136636, 0.26842240376516685, 61.018870169625984], [0.5898369304571771, 0.40920700221390444, 62.78351703181506], [0.7704966635937613, 0.5411189235109741, 64.54816389400412], [0.9642241229234163, 0.6641581676563761, 66.3128107561932], [1.1710193084461413, 0.77832473465011, 68.07745761838225], [1.3908822201619375, 0.8836186244921763, 69.84210448057132], [1.623812858070804, 0.9800398371825747, 71.60675134276039], [1.8698112221727412, 1.0675883727213051, 73.37139820494946], [2.128877312467749, 1.1462642311083682, 75.13604506713854], [2.4010111289558274, 1.216067412343763, 76.90069192932759], [2.6862126716369765, 1.27699791642749, 78.66533879151666], [2.9844819405111966, 1.3290557433595493, 80.42998565370573], [3.295818935578486, 1.3722408931399408, 82.1946325158948], [3.6202236568388475, 1.4065533657686644, 83.95927937808386], [3.957696104292278, 1.4319931612457202, 85.72392624027293], [4.30823627793878, 1.4485602795711083, 87.488573102462], [4.671844177778353, 1.4562547207448284, 89.25321996465107], [5.048519803810996, 1.455076484766881, 91.01786682684013], [5.43826315603671, 1.4450255716372653, 92.7825136890292], [5.841074234455494, 1.426101981355982, 94.54716055121827]], "radius": [1.0083641264391634, 1.0911443242070682, 1.207243168266517, 1.346449203200231, 1.4969635577681668, 1.6463185825572986, 1.7823328792858328, 1.8940295728437149, 1.972448606577893, 2.011292988324669, 2.0082088818508357, 1.9911830723166426, 1.97415726278245, 1.957131453248257, 1.9401056437140642, 1.9230798341798716, 1.9060540246456787, 1.8890282151114859, 1.8720024055772932, 1.8549765960431004, 1.8379507865089075],