{"case_id": "LCX_4125_bc2", "artery_type": "LCX", "segments": [{"pos": [[0.0, 0.0, 0.0], [0.020737542237965444, -0.1030357625970248, 1.8684244226774314], [0.03871007884420216, -0.1923334235144463, 3.7368488453548627], [0.053917609818710154, -0.2678929827522645, 5.605273268032294], [0.06636013516148942, -0.32971444031047936, 7.4736976907097254], [0.07603765487253997, -0.37779779618909093, 9.342122113387157], [0.08295016895186177, -0.4121430503880992, 11.210546536064587], [0.08709767739945487, -0.43275020290750416, 13.078970958742019], [0.08848018021531923, -0.4396192537473058, 14.947395381419451], [0.08709767739945487, -0.43275020290750416, 16.815819804096883], [0.08295016895186177, -0.4121430503880992, 18.684244226774315], [0.07603765487253997, -0.37779779618909093, 20.552668649451746], [0.06636013516148942, -0.32971444031047936, 22.421093072129175], [0.053917609818710154, -0.2678929827522645, 24.289517494806606], [0.03871007884420216, -0.1923334235144463, 26.157941917484038], [0.020737542237965444, -0.1030357625970248, 28.02636634016147], [0.0, 0.0, 29.894790762838902]], "radius": [2.5211692605086586, 2.5211692605086586, 2.5211692605086586, 2.5211692605086586, 2.5211692605086586, 2.5211692605086586, 2.5211692605086586, 2.5211692605086586, 2.5211692605086586, 2.5211692605086586, 2.4878743539159958, 2.322348376194392, 2.0438301589966543, 1.697868274803598, 1.3410409615355796, 1.0317033778068159, 0.8204442624627335], "ref_radius": [2.5211692605086586, 2.5211692605086586, 2.5211692605086586, 2.5211692605086586, 2.5211692605086586, 2.5211692605086586, 2.5211692605086586, 2.5211692605086586, 2.5211692605086586, 2.5211692605086586, 2.5211692605086586, 2.5211692605086586, 2.5211692605086586, 2.5211692605086586, 2.5211692605086586, 2.5211692605086586, 2.5211692605086586], "length": 29.894790762838902, "seg_id": 0, "type": "Root", "parent": null, "children": [1, 2]}, {"pos": [[0.0, 0.0, 29.894790762838902], [1.4628408637778336, 0.30834813764772895, 31.47521889424117], [2.8699380390716405, 0.510166728110048, 33.05564702564344], [4.221291525881421, 0.6054557713869573, 34.6360751570457], [5.516901324207175, 0.5942152674784567, 36.21650328844797], [6.756767434048902, 0.4764452163845461, 37.79693141985024], [7.940889855406602, 0.25214561810522584, 39.377359551252496], [9.069268588280275, -0.07868352735950435, 40.95778768265477], [10.141903632669923, -0.5160422200096444, 42.53821581405703]], "radius": [1.4919678115053703, 1.4919678115053703, 1.4919678115053703, 1.4919678115053703, 1.4919678115053703, 1.4919678115053703, 1.4919678115053703, 1.4919678115053703, 1.4919678115053703], "ref_radius": [1.4919678115053703, 1.4919678115053703, 1.4919678115053703, 1.4919678115053703, 1.4919678115053703, 1.4919678115053703, 1.4919678115053703, 1.4919678115053703, 1.4919678115053703], "length": 16.216679866512937, "seg_id": 1, "type": "Side", "parent": 0, "children": []}, {"pos": [[0.0, 0.0, 29.894790762838902], [-0.13247206028553332, -0.3748740027939388, 31.763345978288008], [-0.24192236403437004, -0.7233316420219716, 33.631901193737114], [-0.3283509112465101, -1.0453729176840987, 35.500456409186214], [-0.3917577019219536, -1.3409978297803202, 37.36901162463533], [-0.43214273606070036, -1.6102063783106355, 39.237566840084426], [-0.4495060136627505, -1.8529985632750452, 41.10612205553353], [-0.4438475347281041, -2.0693743846735497, 42.97467727098264], [-0.4151672992567611, -2.2593338425061478, 44.843232486431745], [-0.3634653072487214, -2.42287693677284, 46.71178770188085], [-0.2887415587039851, -2.560003667473627, 48.58034291732996], [-0.19099605362255212, -2.6707140346085083, 50.448898132779064], [-0.07022879200442256, -2.755008038177483, 52.31745334822817], [0.07356022615040358, -2.812885678180553, 54.18600856367728], [0.2403710008419266, -2.8443469546177162, 56.05456377912638]], "radius": [0.7418127061312221, 0.8030409742735505, 0.9960196987206249, 1.2856894599214577, 1.6217521202399963, 1.4372856982826137, 1.1919867347363138, 0.9797998091436397, 0.8166136280767122, 0.7140893953841787, 0.6787693847459826, 0.7116170860443172, 0.8080203716802636, 0.9582507070242794, 1.1483341281930257], "ref_radius": [2.5211692605086586, 2.503625894404693, 2.4860825283007277, 2.468539162196762, 2.450995796092797, 2.433452429988831, 2.415909063884866, 2.3983656977809003, 2.3808223316769346, 2.3632789655729693, 2.3457355994690037, 2.3281922333650384, 2.3106488672610728, 2.293105501157107, 2.275562135053142], "length": 26.31504915594823, "seg_id": 2, "type": "Main", "parent": 0, "children": [3, 4]}, {"pos": [[0.2403710008419266, -2.8443469546177162, 56.05456377912638], [1.7427340927241923, -2.651624061337293, 57.41614842568098], [3.204181132275784, -2.5283635318549442, 58.77773307223559], [4.6247121194967, -2.474565366170668, 60.13931771879017], [6.004327054386942, -2.4902295642844674, 61.500902365344764], [7.34302593694651, -2.5753561261963407, 62.862487011899354], [8.640808767175404, -2.729945051906288, 64.22407165845395], [9.897675545073623, -2.9539963414143093, 65.58565630500854], [11.113626270641166, -3.2475099947204047, 66.94724095156315], [12.288660943878037, -3.610486011824574, 68.30882559811774], [13.422779564784232, -4.0429243927268175, 69.67041024467233]], "radius": [1.4981465013298407, 1.4981465013298407, 1.4981465013298407, 1.4981465013298407, 1.4981465013298407, 1.4981465013298407, 1.4981465013298407, 1.4981465013298407, 1.4981465013298407, 1.4981465013298407, 1.4981465013298407], "ref_radius": [1.4981465013298407, 1.4981465013298407, 1.4981465013298407, 1.4981465013298407, 1.4981465013298407, 1.4981465013298407, 1.4981465013298407, 1.4981465013298407, 1.4981465013298407, 1.4981465013298407, 1.4981465013298407], "length": 18.98956972643571, "seg_id": 3, "type": "Side", "parent": 2, "children": []}, {"pos": [[0.2403710008419266, -2.8443469546177162, 56.05456377912638], [0.40790955866851886, -3.1847798420551063, 57.90364873349083], [0.6120460252230611, -3.4586731621479774, 59.75273368785529], [0.8527804005055533, -3.6660269148963307, 61.601818642219726], [1.1301126845159954, -3.806841100300166, 63.450903596584176], [1.4440428772543874, -3.881115718359482, 65.29998855094863], [1.7945709787207296, -3.888850769074281, 67.14907350531308], [2.1816969889150215, -3.8300462524445607, 68.99815845967751], [2.6054209078372637, -3.704702168470323, 70.84724341404197], [3.0657427354874556, -3.5128185171515667, 72.69632836840643], [3.5626624718655973, -3.2543952984882925, 74.54541332277087]], "radius": [1.3612565812347557, 1.2714929582397905, 1.053446540787353, 0.8935538449882683, 0.8084916182908377, 0.8058048736022907, 0.883151058318995, 1.0287309739626762, 1.2228370028480866, 1.4403171980810892, 1.6536478186882748], "ref_radius": [2.258018768949176, 2.2409356644180844, 2.223852559886993, 2.2067694553559014, 2.1896863508248097, 2.1726032462937184, 2.1555201417626266, 2.138437037231535, 2.121353932700443, 2.104270828169352, 2.08718772363826], "length": 18.791414984200767, "seg_id": 4, "type": "Main", "parent": 2, "children": [5, 6]}, {"pos": [[3.5626624718655973, -3.2543952984882925, 74.54541332277087], [5.035855641156361, -3.1597288666812458, 75.82840882962144], [6.489103873736459, -3.1351086212461703, 77.11140433647199], [7.9224071696058935, -3.180534562183067, 78.39439984332257], [9.335765528764664, -3.2960066894919358, 79.67739535017313], [10.72917895121277, -3.4815250031727767, 80.9603908570237], [12.10264743695021, -3.7370895032255893, 82.24338636387427], [13.456170985976987, -4.062700189650374, 83.52638187072483], [14.789749598293099, -4.4583570624471305, 84.8093773775754]], "radius": [1.1998584376294017, 1.1998584376294017, 1.1998584376294017, 1.1998584376294017, 1.1998584376294017, 1.1998584376294017, 1.1998584376294017, 1.1998584376294017, 1.1998584376294017], "ref_radius": [1.1998584376294017, 1.1998584376294017, 1.1998584376294017, 1.1998584376294017, 1.1998584376294017, 1.1998584376294017, 1.1998584376294017, 1.1998584376294017, 1.1998584376294017], "length": 15.259291182482512,