{"case_id": "LCX_2103_bc9", "artery_type": "LCX", "segments": [{"pos": [[0.0, 0.0, 0.0], [-0.07548418107416115, 0.01998776387021357, 1.8706449617608305], [-0.1341940996873976, 0.035533802435935236, 3.741289923521661], [-0.17612975583970933, 0.04663811569716499, 5.611934885282492], [-0.20129114953109634, 0.05330070365390284, 7.482579847043322], [-0.2096782807615587, 0.055521566306148795, 9.353224808804152], [-0.20129114953109634, 0.05330070365390284, 11.223869770564985], [-0.17612975583970927, 0.04663811569716498, 13.094514732325813], [-0.13419409968739754, 0.03553380243593522, 14.965159694086644], [-0.07548418107416112, 0.019987763870213563, 16.835804655847475], [0.0, 0.0, 18.706449617608303]], "radius": [1.8833465057918848, 1.8833465057918848, 1.8612568069206068, 1.5678458095533763, 1.0803242825512835, 0.662183198404048, 0.5394154513688043, 0.7783733792707279, 1.249907286517534, 1.6991670364468372, 1.8833410159237531], "ref_radius": [1.8833465057918848, 1.8833465057918848, 1.8833465057918848, 1.8833465057918848, 1.8833465057918848, 1.8833465057918848, 1.8833465057918848, 1.8833465057918848, 1.8833465057918848, 1.8833465057918848, 1.8833465057918848], "length": 18.706449617608303, "seg_id": 0, "type": "Root", "parent": null, "children": [1, 2]}, {"pos": [[0.0, 0.0, 18.706449617608303], [1.9480606943927696, -0.021295041371263985, 20.261984279814016], [3.663654221487377, -0.05236088827386898, 21.817518942019724], [5.1467805812838225, -0.09319754070781498, 23.373053604225433], [6.397439773782106, -0.143804998673102, 24.92858826643114], [7.415631798982227, -0.20418326216973, 26.48412292863685]], "radius": [1.1405595171893477, 1.1405595171893477, 1.1405595171893477, 1.1405595171893477, 1.1405595171893477, 1.1405595171893477], "ref_radius": [1.1405595171893477, 1.1405595171893477, 1.1405595171893477, 1.1405595171893477, 1.1405595171893477, 1.1405595171893477], "length": 10.748278369846608, "seg_id": 1, "type": "Side", "parent": 0, "children": []}, {"pos": [[0.0, 0.0, 18.706449617608303], [0.3497469800584421, 0.17959497848549094, 20.671021021805938], [0.6540084358565068, 0.2827091956621832, 22.635592426003573], [0.9127843673941942, 0.30934265153007684, 24.600163830201204], [1.126074774671504, 0.2594953460891718, 26.56473523439884], [1.2938796576884366, 0.1331672793394681, 28.529306638596474], [1.4161990164449916, -0.06964154871903427, 30.49387804279411], [1.4930328509411694, -0.34893113808633536, 32.45844944699174], [1.5243811611769695, -0.704701488762435, 34.42302085118938]], "radius": [1.8833465057918848, 1.8657842372633617, 1.8482219687348385, 1.8306597002063154, 1.8130974316777921, 1.795535163149269, 1.7779728946207458, 1.7604106260922228, 1.7428483575636995], "ref_radius": [1.8833465057918848, 1.8657842372633617, 1.8482219687348385, 1.8306597002063154, 1.8130974316777921, 1.795535163149269, 1.7779728946207458, 1.7604106260922228, 1.7428483575636995], "length": 15.806041675670842, "seg_id": 2, "type": "Main", "parent": 0, "children": [3, 4]}, {"pos": [[1.5243811611769695, -0.704701488762435, 34.42302085118938], [2.651995929248041, -0.6736545466522411, 35.69943449826476], [3.803850079711954, -0.6476163712574675, 36.97584814534014], [4.979943612568707, -0.6265869625781142, 38.25226179241551], [6.180276527818303, -0.6105663206141813, 39.52867543949088], [7.40484882546074, -0.5995544453656686, 40.80508908656627], [8.653660505496019, -0.5935513368325762, 42.081502733641635], [9.92671156792414, -0.5925569950149043, 43.357916380717015], [11.2240020127451, -0.5965714199126527, 44.634330027792394], [12.545531839958905, -0.6055946115258213, 45.91074367486777], [13.891301049565548, -0.6196265698544104, 47.18715732194315], [15.261309641565036, -0.6386672948984198, 48.46357096901852], [16.655557615957363, -0.6627167866578494, 49.7399846160939], [18.074044972742534, -0.6917750451326994, 51.01639826316928], [19.516771711920544, -0.7258420703229698, 52.29281191024466]], "radius": [1.0956692499917864, 1.0956692499917864, 1.0956692499917864, 1.0956692499917864, 1.0956692499917864, 1.0956692499917864, 1.0956692499917864, 1.0956692499917864, 1.0956692499917864, 1.0956692499917864, 1.0956692499917864, 1.0956692499917864, 1.0956692499917864, 1.0956692499917864, 1.0956692499917864], "ref_radius": [1.0956692499917864, 1.0956692499917864, 1.0956692499917864, 1.0956692499917864, 1.0956692499917864, 1.0956692499917864, 1.0956692499917864, 1.0956692499917864, 1.0956692499917864, 1.0956692499917864, 1.0956692499917864, 1.0956692499917864, 1.0956692499917864, 1.0956692499917864, 1.0956692499917864], "length": 25.358548798166023, "seg_id": 3, "type": "Side", "parent": 2, "children": []}, {"pos": [[1.5243811611769695, -0.704701488762435, 34.42302085118938], [1.8500587989881803, -0.4465490154981514, 36.223873644753716], [2.1520418439303524, -0.22080535060755396, 38.024726438318055], [2.4303302960034867, -0.02747049409064249, 39.8255792318824], [2.6849241552075824, 0.13345555405258283, 41.62643202544674], [2.9158234215426395, 0.26197279382212224, 43.42728481901107], [3.1230280950086593, 0.3580812252179754, 45.2281376125754], [3.30653817560564, 0.4217808482401426, 47.02899040613975], [3.466353663333583, 0.45307166288862377, 48.82984319970409], [3.602474558192487, 0.45195366916341867, 50.63069599326842], [3.7149008601823534, 0.41842686706452786, 52.431548786832764], [3.803632569303182, 0.3524912565919508, 54.232401580397095], [3.868669685554972, 0.25414683774568747, 56.03325437396144], [3.910012208937723, 0.12339361052573816, 57.83410716752577], [3.9276601394514365, -0.039768425067897156, 59.63495996109011], [3.9216134770961117, -0.23533926903521846, 61.43581275465445]], "radius": [1.7252860890351764, 1.6343933547890814, 1.2190629745550217, 0.7211001063281078, 0.4711211835493143, 0.6256030793761531, 1.0646611753054747, 1.478659933887358, 1.589671013353147, 1.5727191288928934, 1.5557672444326398, 1.5388153599723862, 1.5218634755121323, 1.5049115910518787, 1.487959706591625, 1.4710078221313714], "ref_radius": [1.7252860890351764, 1.7083342045749228, 1.6913823201146692, 1.6744304356544155, 1.6574785511941617, 1.640526666733908, 1.6235747822736544, 1.6066228978134007, 1.589671013353147, 1.5727191288928934, 1.5557672444326398, 1.5388153599723862, 1.5218634755121323, 1.5049115910518787, 1.487959706591625, 1.4710078221313714], "length": 27.123015136405876, "seg_id": 4, "type": "Main", "parent": 2, "children": [5, 6]}, {"pos": [[3.9216134770961117, -0.23533926903521846, 61.43581275465445], [5.544360702397418, -0.4575685351824235, 62.68744507416474], [7.120113037218441, -0.6364891855116445, 63.93907739367505], [8.648870481559179, -0.772101220022881, 65.19070971318534], [10.130633035419633, -0.8644046387161334, 66.44234203269565], [11.565400698799802, -0.9133994415914013, 67.69397435220594], [12.953173471699689, -0.9190856286486849, 68.94560667171623], [14.29395135411929, -0.8814631998879846, 70.19723899122653], [15.587734346058609, -0.8005321553092998, 71.44887131073683], [16.834522447517646, -0.6762924949126305, 72.70050363024713], [18.034315658496393, -0.5087442186979774, 73.95213594975743], [19.187113978994862, -0.2978873266653397, 75.20376826926773], [20.292917409013043, -0.04372181881471765, 76.45540058877802]], "radius": [1.0244677519142162, 1.0244677519142162, 1.0244677519142162, 1.0244677519142162, 1.0244677519142162, 1.0244677519142162, 1.0244677519142162, 1.0244677519142162, 1.0244677519142162, 1.0244677519142162, 1.0244677519142162, 1.0244677519142162, 1.0244677519142162], "ref_radius": [1.0244677519142162, 1.0244677519142162, 1.0244677519142162, 1.0244677519142162, 1.0244677519142162, 1.0244677519142162, 1.0244677519142162, 1.0244677519142162, 1.0244677519142162, 1.0244677519142162, 1.0244677519142162, 1.0244677519142162, 1.0244677519142162], "length": 22.218108118950646, "seg_id": 5, "type": "Side", "parent": 4,