{"case_id": "LCX_800_bc2", "artery_type": "LCX", "segments": [{"pos": [[0.0, 0.0, 0.0], [-0.17868206162658196, -0.025916183271680823, 1.753990450619448], [-0.3394959170905057, -0.049240748216193564, 3.507980901238896], [-0.4824415663917713, -0.06997369483353823, 5.261971351858344], [-0.6075190095303787, -0.08811502312371482, 7.015961802477792], [-0.7147282465063278, -0.10366473308672329, 8.76995225309724], [-0.8040692773196189, -0.11662282472256373, 10.523942703716688], [-0.8755421019702517, -0.12698929803123607, 12.277933154336138], [-0.9291467204582262, -0.1347641530127403, 14.031923604955583], [-0.9648831327835425, -0.13994738966707645, 15.78591405557503], [-0.9827513389462008, -0.14253900799424454, 17.539904506194482], [-0.9827513389462009, -0.14253900799424457, 19.293894956813926], [-0.9648831327835427, -0.13994738966707645, 21.047885407433377], [-0.9291467204582262, -0.1347641530127403, 22.801875858052824], [-0.8755421019702517, -0.12698929803123607, 24.55586630867227], [-0.804069277319619, -0.11662282472256374, 26.30985675929172], [-0.714728246506328, -0.10366473308672332, 28.06384720991117], [-0.6075190095303787, -0.08811502312371482, 29.817837660530614], [-0.4824415663917715, -0.06997369483353826, 31.57182811115006], [-0.3394959170905061, -0.04924074821619362, 33.32581856176951], [-0.17868206162658215, -0.025916183271680854, 35.07980901238896], [0.0, 0.0, 36.83379946300841]], "radius": [2.6891259926340716, 2.6891259926340716, 2.6891259926340716, 2.6891259926340716, 2.6891259926340716, 2.6827420101894557, 2.4889440544322308, 2.0771185667239664, 1.565194928188719, 1.0997663917385174, 0.8141119818613509, 0.7900310256450944, 1.0344192892533766, 1.4772943224942758, 1.9918354691815148, 2.4306999329054815, 2.6682155147638777, 2.6891259926340716, 2.6891259926340716, 2.6891259926340716, 2.6891259926340716, 2.6891259926340716], "ref_radius": [2.6891259926340716, 2.6891259926340716, 2.6891259926340716, 2.6891259926340716, 2.6891259926340716, 2.6891259926340716, 2.6891259926340716, 2.6891259926340716, 2.6891259926340716, 2.6891259926340716, 2.6891259926340716, 2.6891259926340716, 2.6891259926340716, 2.6891259926340716, 2.6891259926340716, 2.6891259926340716, 2.6891259926340716, 2.6891259926340716, 2.6891259926340716, 2.6891259926340716, 2.6891259926340716, 2.6891259926340716], "length": 36.83379946300841, "seg_id": 0, "type": "Root", "parent": null, "children": [1, 2]}, {"pos": [[0.0, 0.0, 36.83379946300841], [1.0420918759843083, 0.02190924167075703, 38.11754729979734], [2.115383540923377, 0.05130975842864537, 39.401295136586256], [3.2198749948172076, 0.08820155027366502, 40.68504297337517], [4.3555662376657995, 0.132584617205816, 41.96879081016409], [5.522457269469151, 0.18445895922509825, 43.252538646953006], [6.720548090227265, 0.24382457633151183, 44.53628648374193], [7.94983869994014, 0.31068146852505674, 45.82003432053085], [9.210329098607776, 0.3850296358057329, 47.10378215731977], [10.502019286230173, 0.46686907817354034, 48.38752999410869], [11.824909262807331, 0.5561997956284792, 49.671277830897616], [13.17899902833925, 0.6530217881705493, 50.95502566768654], [14.564288582825931, 0.7573350557997508, 52.23877350447545], [15.980777926267372, 0.8691395985160836, 53.52252134126438], [17.428467058663575, 0.9884354163195477, 54.8062691780533]], "radius": [1.8965181419051391, 1.8965181419051391, 1.8965181419051391, 1.8965181419051391, 1.8965181419051391, 1.8965181419051391, 1.8965181419051391, 1.8965181419051391, 1.8965181419051391, 1.8965181419051391, 1.8965181419051391, 1.8965181419051391, 1.8965181419051391, 1.8965181419051391, 1.8965181419051391], "ref_radius": [1.8965181419051391, 1.8965181419051391, 1.8965181419051391, 1.8965181419051391, 1.8965181419051391, 1.8965181419051391, 1.8965181419051391, 1.8965181419051391, 1.8965181419051391, 1.8965181419051391, 1.8965181419051391, 1.8965181419051391, 1.8965181419051391, 1.8965181419051391, 1.8965181419051391], "length": 25.05470287681261, "seg_id": 1, "type": "Side", "parent": 0, "children": []}, {"pos": [[0.0, 0.0, 36.83379946300841], [0.1396288801075967, 0.47210886870582547, 38.70693918709443], [0.27914075714293024, 0.8938062922548377, 40.58007891118047], [0.41853563110600067, 1.2650922706470362, 42.453218635266495], [0.557813501996808, 1.5859668038824215, 44.32635835935251], [0.6969743698153521, 1.856429891960993, 46.19949808343854], [0.8360182345616332, 2.0764815348827517, 48.072637807524565], [0.974945096235651, 2.2461217326476963, 49.94577753161059], [1.1137549548374057, 2.365350485255828, 51.81891725569662], [1.2524478103668975, 2.434167792707146, 53.69205697978264], [1.391023662824126, 2.452573655001651, 55.565196703868665], [1.5294825122090914, 2.420568072139342, 57.43833642795469], [1.6678243585217936, 2.33815104412022, 59.31147615204072]], "radius": [2.6891259926340716, 2.6716949019701084, 2.654263811306145, 2.636832720642182, 2.4643630615494523, 2.0165542416825133, 1.4360118832268958, 0.905837539055983, 0.5906528832955251, 0.5844475933629212, 0.8816172326490364, 1.380102058756731, 1.9151914696111647], "ref_radius": [2.6891259926340716, 2.6716949019701084, 2.654263811306145, 2.636832720642182, 2.619401629978219, 2.6019705393142556, 2.5845394486502924, 2.567108357986329, 2.549677267322366, 2.532246176658403, 2.5148150859944396, 2.4973839953304764, 2.479952904666513], "length": 22.66041786315216, "seg_id": 2, "type": "Main", "parent": 0, "children": [3, 4]}, {"pos": [[1.6678243585217936, 2.33815104412022, 59.31147615204072], [2.8028692424379167, 2.676737139711844, 60.60344077958913], [3.9702483951644, 2.9686638616879493, 61.89540540713754], [5.169961816701242, 3.213931210048534, 63.18737003468595], [6.402009507048447, 3.4125391847936006, 64.47933466223436], [7.6663914662060115, 3.5644877859231476, 65.77129928978279], [8.963107694173933, 3.669777013437174, 67.0632639173312], [10.292158190952218, 3.7284068673356816, 68.35522854487961], [11.653542956540862, 3.7403773476186695, 69.64719317242802], [13.04726199093987, 3.705688454286138, 70.93915779997644], [14.473315294149232, 3.624340187338087, 72.23112242752484], [15.931702866168957, 3.4963325467745165, 73.52308705507326]], "radius": [1.4418557345073895, 1.4418557345073895, 1.4418557345073895, 1.4418557345073895, 1.4418557345073895, 1.4418557345073895, 1.4418557345073895, 1.4418557345073895, 1.4418557345073895, 1.4418557345073895, 1.4418557345073895, 1.4418557345073895], "ref_radius": [1.4418557345073895, 1.4418557345073895, 1.4418557345073895, 1.4418557345073895, 1.4418557345073895, 1.4418557345073895, 1.4418557345073895, 1.4418557345073895, 1.4418557345073895, 1.4418557345073895, 1.4418557345073895, 1.4418557345073895], "length": 20.16852743591368, "seg_id": 3, "type": "Side", "parent": 2, "children": []}, {"pos": [[1.6678243585217936, 2.33815104412022, 59.31147615204072], [1.8811854935179362, 2.614661433749773, 61.14019213429689], [2.0769272847227396, 2.8821449811254327, 62.96890811655305], [2.2550497321362037, 3.140601686247199, 64.79762409880922], [2.4155528357583282, 3.3900315491150703, 66.6263400810654], [2.558436595589114, 3.6304345697290485, 68.45505606332155], [2.68370101162856, 3.861810748089132, 70.2837720455777], [2.7913460838766664, 4.0841600841953225, 72.11248802783388], [2.881371812333434, 4.297482578047619, 73.94120401009003], [2.953778196998862, 4.501778229646022, 75.7699199923462], [3.0085652378729506, 4.697047038990531, 77.59863597460236], [3.0457329349556996, 4.883289006081146, 79.42735195685853], [3.0652812882471103, 5.060504130917868, 81.2560679391147], [3.067210297747181, 5.228692413500695, 83.08478392137086], [3.0515199634559123, 5.387853853829629, 84.91349990362703], [3.0182102853733044, 5.537988451904669, 86.74221588588318]],