{"case_id": "LCX_3630_bc4", "artery_type": "LCX", "segments": [{"pos": [[0.0, 0.0, 0.0], [-0.21467187535113436, 0.2566990024592386, 1.8701467663018254], [-0.38640937563204186, 0.4620582044266295, 3.740293532603651], [-0.5152125008427224, 0.6160776059021725, 5.610440298905475], [-0.6010812509831762, 0.7187572068858681, 7.480587065207301], [-0.644015626053403, 0.7700970073777158, 9.350733831509128], [-0.644015626053403, 0.7700970073777158, 11.22088059781095], [-0.6010812509831762, 0.7187572068858681, 13.091027364112776], [-0.5152125008427224, 0.6160776059021725, 14.961174130414603], [-0.38640937563204175, 0.46205820442662937, 16.83132089671643], [-0.21467187535113416, 0.2566990024592384, 18.701467663018256], [0.0, 0.0, 20.57161442932008]], "radius": [2.180107117701733, 2.179801219299276, 2.135996006523305, 2.0225626349297863, 1.8516127490833325, 1.6413992160780562, 1.4143672084294574, 1.194757661082889, 1.0060189891131364, 0.8683034253100907, 0.7963153017090794, 0.7977410209417133], "ref_radius": [2.180107117701733, 2.180107117701733, 2.180107117701733, 2.180107117701733, 2.180107117701733, 2.180107117701733, 2.180107117701733, 2.180107117701733, 2.180107117701733, 2.180107117701733, 2.180107117701733, 2.180107117701733], "length": 20.57161442932008, "seg_id": 0, "type": "Root", "parent": null, "children": [1, 2]}, {"pos": [[0.0, 0.0, 20.57161442932008], [1.1086121115314636, 0.2118543339741812, 22.079939256756493], [2.2088870061683705, 0.40639785351637975, 23.588264084192893], [3.3008246839107214, 0.5836305586265956, 25.096588911629304], [4.3844251447585165, 0.743552449304829, 26.604913739065715], [5.459688388711756, 0.8861635255510796, 28.113238566502126], [6.526614415770439, 1.0114637873653476, 29.62156339393853], [7.585203225934565, 1.1194532347476331, 31.12988822137494], [8.635454819204135, 1.2101318676979358, 32.63821304881135], [9.677369195579148, 1.2834996862162558, 34.146537876247756], [10.710946355059606, 1.339556690302593, 35.65486270368417], [11.73618629764551, 1.378302879956948, 37.16318753112058], [12.753089023336855, 1.3997382551793203, 38.67151235855699], [13.761654532133644, 1.4038628159697095, 40.17983718599339]], "radius": [1.3850529412396673, 1.3850529412396673, 1.3850529412396673, 1.3850529412396673, 1.3850529412396673, 1.3850529412396673, 1.3850529412396673, 1.3850529412396673, 1.3850529412396673, 1.3850529412396673, 1.3850529412396673, 1.3850529412396673, 1.3850529412396673, 1.3850529412396673], "ref_radius": [1.3850529412396673, 1.3850529412396673, 1.3850529412396673, 1.3850529412396673, 1.3850529412396673, 1.3850529412396673, 1.3850529412396673, 1.3850529412396673, 1.3850529412396673, 1.3850529412396673, 1.3850529412396673, 1.3850529412396673, 1.3850529412396673, 1.3850529412396673], "length": 23.99659071499904, "seg_id": 1, "type": "Side", "parent": 0, "children": []}, {"pos": [[0.0, 0.0, 20.57161442932008], [-0.35018705026295444, 0.33694837601889316, 22.432412620130204], [-0.6597028664999907, 0.6459381902932275, 24.29321081094032], [-0.9285474487111085, 0.9269694428230034, 26.15400900175044], [-1.1567207968963082, 1.1800421336082205, 28.01480719256056], [-1.3442229110555894, 1.405156262648879, 29.875605383370683], [-1.4910537911889525, 1.602311829944979, 31.7364035741808], [-1.5972134372963973, 1.7715088354965203, 33.59720176499093], [-1.6627018493779238, 1.9127472793035025, 35.45799995580104], [-1.6875190274335319, 2.026027161365926, 37.31879814661116], [-1.6716649714632217, 2.1113484816837915, 39.17959633742128], [-1.6151396814669932, 2.168711240257098, 41.0403945282314], [-1.5179431574448468, 2.198115437085846, 42.901192719041525], [-1.3800753993967816, 2.199561072170035, 44.76199090985164]], "radius": [0.872428354397029, 1.004332616381048, 1.1835442806183503, 1.3890248065418682, 1.4710372050767893, 1.2649771309662519, 1.074161105695611, 0.9129156275435684, 0.7929192936067013, 0.7222926237351375, 0.7049939826248222, 0.7405660893420221, 0.8242480971755741, 0.9474379654416358], "ref_radius": [2.180107117701733, 2.162729014671111, 2.14535091164049, 2.127972808609868, 2.1105947055792464, 2.093216602548625, 2.0758384995180035, 2.0584603964873818, 2.0410822934567605, 2.023704190426139, 2.006326087395517, 1.9889479843648956, 1.9715698813342741, 1.9541917783036524], "length": 24.329344242870185, "seg_id": 2, "type": "Main", "parent": 0, "children": [3, 4]}, {"pos": [[-1.3800753993967816, 2.199561072170035, 44.76199090985164], [-0.04262098526191535, 2.0300650149955275, 46.172982560967945], [1.2922676513163034, 1.9144171327683515, 47.58397421208424], [2.6245905103378737, 1.8526174254885073, 48.994965863200555], [3.9543475918027977, 1.8446658931559945, 50.40595751431687], [5.2815388957110745, 1.8905625357708131, 51.816949165433165], [6.606164422062702, 1.990307353332963, 53.22794081654947], [7.928224170857684, 2.143900345842445, 54.63893246766578], [9.247718142096018, 2.351341513299258, 56.04992411878208], [10.564646335777704, 2.6126308557034026, 57.46091576989839], [11.879008751902742, 2.9277683730548785, 58.8719074210147], [13.190805390471132, 3.296754065353686, 60.282899072131]], "radius": [1.3377335191240924, 1.3377335191240924, 1.3377335191240924, 1.3377335191240924, 1.3377335191240924, 1.3377335191240924, 1.3377335191240924, 1.3377335191240924, 1.3377335191240924, 1.3377335191240924, 1.3377335191240924, 1.3377335191240924], "ref_radius": [1.3377335191240924, 1.3377335191240924, 1.3377335191240924, 1.3377335191240924, 1.3377335191240924, 1.3377335191240924, 1.3377335191240924, 1.3377335191240924, 1.3377335191240924, 1.3377335191240924, 1.3377335191240924, 1.3377335191240924], "length": 21.31696483176588, "seg_id": 3, "type": "Side", "parent": 2, "children": []}, {"pos": [[-1.3800753993967816, 2.199561072170035, 44.76199090985164], [-1.585071696903804, 2.1540912482398604, 46.5774247887945], [-1.7276649067091763, 2.1078607856920835, 48.392858667737364], [-1.8078550288128996, 2.0608696845267054, 50.20829254668023], [-1.8256420632149732, 2.013117944743725, 52.02372642562308], [-1.781026009915397, 1.964605566343142, 53.839160304565944], [-1.6740068689141714, 1.9153325493249573, 55.654594183508806], [-1.5045846402112957, 1.8652988936891703, 57.47002806245167], [-1.2727593238067705, 1.8145045994357814, 59.28546194139452], [-0.9785309197005958, 1.7629496665647906, 61.10089582033739], [-0.6218994278927712, 1.7106340950761973, 62.91632969928025], [-0.20286484838329755, 1.6575578849700023, 64.73176357822311]], "radius": [1.0984613333384077, 1.017945027575231, 0.8543745808188417, 0.7316588860585267, 0.6591142462741713, 0.6413748270238651, 0.6780560534572979, 0.7638775218497353, 0.88922634150773, 1.0411022026978074, 1.204351856476718, 1.3630760500306491], "ref_radius": [1.936813675273031, 1.9201371904032196, 1.9034607055334083, 1.8867842206635967, 1.8701077357937854, 1.853431250923974, 1.8367547660541628, 1.8200782811843512, 1.80340179631454, 1.7867253114447286, 1.7700488265749172, 1.7533723417051057], "length": 20.011781843773655, "seg_id": 4, "type": "Main", "parent": 2,