{"case_id": "LCX_329_bc7", "artery_type": "LCX", "segments": [{"pos": [[0.0, 0.0, 0.0], [-0.01710916286264314, 0.15116710276405676, 1.8641262746510892], [-0.0319371040102672, 0.2821785918262393, 3.7282525493021783], [-0.04448382344287217, 0.3930344671865476, 5.5923788239532675], [-0.05474932116045805, 0.48373472884498164, 7.456505098604357], [-0.06273359716302485, 0.5542793768015415, 9.320631373255445], [-0.06843665145057257, 0.604668411056227, 11.184757647906535], [-0.07185848402310119, 0.6349018316090385, 13.048883922557625], [-0.07299909488061074, 0.6449796384599755, 14.913010197208713], [-0.07185848402310119, 0.6349018316090385, 16.777136471859805], [-0.06843665145057257, 0.604668411056227, 18.641262746510893], [-0.06273359716302485, 0.5542793768015415, 20.50538902116198], [-0.05474932116045805, 0.48373472884498164, 22.36951529581307], [-0.04448382344287217, 0.3930344671865476, 24.233641570464158], [-0.0319371040102672, 0.2821785918262393, 26.097767845115246], [-0.01710916286264314, 0.15116710276405676, 27.961894119766338], [0.0, 0.0, 29.826020394417426]], "radius": [1.9054665383979577, 1.9054665383979577, 1.9054665383979577, 1.9054665383979577, 1.9054665383979577, 1.9054665383979577, 1.9054665383979577, 1.9054665383979577, 1.9054665383979577, 1.9054665383979577, 1.9054665383979577, 1.9054665383979577, 1.9054665383979577, 1.9054665383979577, 1.9054665383979577, 1.9054665383979577, 1.9054665383979577], "ref_radius": [1.9054665383979577, 1.9054665383979577, 1.9054665383979577, 1.9054665383979577, 1.9054665383979577, 1.9054665383979577, 1.9054665383979577, 1.9054665383979577, 1.9054665383979577, 1.9054665383979577, 1.9054665383979577, 1.9054665383979577, 1.9054665383979577, 1.9054665383979577, 1.9054665383979577, 1.9054665383979577, 1.9054665383979577], "length": 29.826020394417426, "seg_id": 0, "type": "Root", "parent": null, "children": [1, 2]}, {"pos": [[0.0, 0.0, 29.826020394417426], [1.2736724412298042, -0.21213999830686464, 31.28021505935003], [2.6101033061982353, -0.2504750299919801, 32.73440972428262], [4.009292594905295, -0.11500509505534656, 34.18860438921522], [5.471240307350981, 0.19426980650303605, 35.64279905414782], [6.995946443535294, 0.6773496746831675, 37.096993719080416]], "radius": [1.2163179900999856, 1.2163179900999856, 1.2163179900999856, 1.2163179900999856, 1.2163179900999856, 1.2163179900999856], "ref_radius": [1.2163179900999856, 1.2163179900999856, 1.2163179900999856, 1.2163179900999856, 1.2163179900999856, 1.2163179900999856], "length": 10.112819701278582, "seg_id": 1, "type": "Side", "parent": 0, "children": []}, {"pos": [[0.0, 0.0, 29.826020394417426], [-0.1768772718481257, 0.30794311436129407, 31.73064045546069], [-0.3089985561217019, 0.5972465084871301, 33.635260516503934], [-0.39636385282072856, 0.8679101823775077, 35.539880577547194], [-0.43897316194520575, 1.1199341360324275, 37.44450063859045], [-0.43682648349513337, 1.3533183694518889, 39.34912069963371], [-0.38992381747051136, 1.5680628826358922, 41.25374076067696], [-0.2982651638713399, 1.7641676755844373, 43.15836082172022], [-0.1618505226976189, 1.941632748297524, 45.06298088276347], [0.019320106050651376, 2.100458100775153, 46.96760094380673], [0.24524672237347156, 2.2406437330173232, 48.87222100484999], [0.5159293262708415, 2.362189645024036, 50.776841065893244], [0.8313679177427604, 2.4650958367952898, 52.6814611269365], [1.1915624967892287, 2.549362308331086, 54.58608118797975]], "radius": [1.9054665383979577, 1.8876669213437218, 1.8698673042894858, 1.85206768723525, 1.834268070181014, 1.8164684531267778, 1.798668836072542, 1.7808692190183062, 1.7575636481630803, 1.5583966743358941, 1.1774451931990586, 0.76792564324437, 0.49149177119670173, 0.45262945272673494], "ref_radius": [1.9054665383979577, 1.8876669213437218, 1.8698673042894858, 1.85206768723525, 1.834268070181014, 1.8164684531267778, 1.798668836072542, 1.7808692190183062, 1.7630696019640701, 1.745269984909834, 1.7274703678555983, 1.7096707508013624, 1.6918711337471264, 1.6740715166928906], "length": 24.91946387593031, "seg_id": 2, "type": "Main", "parent": 0, "children": [3, 4]}, {"pos": [[1.1915624967892287, 2.549362308331086, 54.58608118797975], [2.405428402163381, 2.754690771842166, 56.026106093853286], [3.598862423768469, 2.962716703173752, 57.466130999726815], [4.771864561604494, 3.173440102325845, 58.90615590560036], [5.9244348156714555, 3.3868609692984455, 60.346180811473886], [7.056573185969355, 3.6029793040915528, 61.78620571734743], [8.168279672498189, 3.8217951067051676, 63.226230623220964], [9.259554275257962, 4.043308377139288, 64.6662555290945], [10.33039699424867, 4.267519115393918, 66.10628043496803], [11.380807829470314, 4.494427321469053, 67.54630534084157], [12.410786780922894, 4.724032995364695, 68.98633024671511], [13.420333848606413, 4.956336137080845, 70.42635515258864], [14.409449032520865, 5.1913367466175, 71.86638005846217], [15.378132332666258, 5.429034823974664, 73.30640496433571], [16.326383749042584, 5.669430369152335, 74.74642987020924], [17.254203281649847, 5.912523382150511, 76.18645477608278], [18.16159093048805, 6.158313862969196, 77.62647968195631], [19.048546695557185, 6.406801811608387, 79.06650458782985]], "radius": [0.9601265970270425, 0.9601265970270425, 0.9601265970270425, 0.9601265970270425, 0.9601265970270425, 0.9601265970270425, 0.9601265970270425, 0.9601265970270425, 0.9601265970270425, 0.9601265970270425, 0.9601265970270425, 0.9601265970270425, 0.9601265970270425, 0.9601265970270425, 0.9601265970270425, 0.9601265970270425, 0.9601265970270425, 0.9601265970270425], "ref_radius": [0.9601265970270425, 0.9601265970270425, 0.9601265970270425, 0.9601265970270425, 0.9601265970270425, 0.9601265970270425, 0.9601265970270425, 0.9601265970270425, 0.9601265970270425, 0.9601265970270425, 0.9601265970270425, 0.9601265970270425, 0.9601265970270425, 0.9601265970270425, 0.9601265970270425, 0.9601265970270425, 0.9601265970270425, 0.9601265970270425], "length": 30.545750179565424, "seg_id": 3, "type": "Side", "parent": 2, "children": []}, {"pos": [[1.1915624967892287, 2.549362308331086, 54.58608118797975], [1.4207070008854252, 2.9265723772840335, 56.39728398221497], [1.6245205186756282, 3.299353678338871, 58.208486776450194], [1.803003050159838, 3.6677062114956, 60.019689570685415], [1.9561545953380535, 4.0316299767542185, 61.83089236492063], [2.0839751542102753, 4.391124974114727, 63.64209515915584], [2.186464726776504, 4.746191203577126, 65.45329795339106], [2.2636233130367382, 5.096828665141415, 67.26450074762627], [2.31545091299098, 5.4430373588075955, 69.07570354186149], [2.341947526639227, 5.7848172845756665, 70.8869063360967], [2.343113153981481, 6.122168442445627, 72.69810913033193], [2.318947795017741, 6.455090832417477, 74.50931192456714], [2.269451449748008, 6.78358445449122, 76.32051471880237], [2.194624118172281, 7.1076493086668515, 78.13171751303759], [2.0944658002905605, 7.427285394944374, 79.9429203072728], [1.968976496102846, 7.742492713323786, 81.75412310150801]], "radius": [0.657547690257311, 1.0140296225617922, 1.3702512365207846, 1.5777937739760015, 1.5870947955260573, 1.569800519497908, 1.5525062434697587, 1.5352119674416094, 1.5179176914134602, 1.5006234153853109, 1.4831602059346816, 1.387141450059878, 1.1721876905830493, 0.8970466447622015, 0.6356265067021568, 0.45630493595243526], "ref_radius": [1.6562718996386545, 1.6389776236105051, 1.621683347582356, 1.6043890715542066, 1.5870947955260573, 1.569800519497908, 1.5525062434697587, 1.5352119674416094, 1.5179176914134602, 1.5006234153853109, 1.4833291393571617, 1.4660348633290123, 1.448740587300863, 1.4314463112727138, 1.4141520352445645, 1.3968577592164153], "length": 27.670841645038863, "seg_id": 4, "type": "Main", "parent": 2,