{"case_id": "LCX_2188_bc5", "artery_type": "LCX", "segments": [{"pos": [[0.0, 0.0, 0.0], [0.19144089374521073, 0.12728199128887882, 1.8002796799927254], [0.3509749718662197, 0.23335031736294448, 3.600559359985451], [0.4786022343630268, 0.318204978222197, 5.400839039978177], [0.5743226812356322, 0.38184597386663643, 7.201118719970902], [0.6381363124840358, 0.4242733042962627, 9.001398399963627], [0.6700431281082375, 0.4454869695110758, 10.801678079956353], [0.6700431281082375, 0.4454869695110758, 12.60195775994908], [0.6381363124840358, 0.4242733042962627, 14.402237439941803], [0.5743226812356322, 0.38184597386663643, 16.202517119934527], [0.4786022343630268, 0.318204978222197, 18.002796799927253], [0.35097497186621945, 0.23335031736294434, 19.803076479919984], [0.19144089374521062, 0.12728199128887874, 21.603356159912707], [0.0, 0.0, 23.40363583990543]], "radius": [2.2931716371691087, 2.2724540254102723, 2.1980333515474126, 2.0752188284333273, 1.91367720978976, 1.726123466156381, 1.5273199872190655, 1.3329146314002878, 1.1582090800422662, 1.0169544392518135, 0.9202688878073986, 0.8757625632608808, 0.886938566609945, 0.9529172325737316], "ref_radius": [2.2931716371691087, 2.2931716371691087, 2.2931716371691087, 2.2931716371691087, 2.2931716371691087, 2.2931716371691087, 2.2931716371691087, 2.2931716371691087, 2.2931716371691087, 2.2931716371691087, 2.2931716371691087, 2.2931716371691087, 2.2931716371691087, 2.2931716371691087], "length": 23.40363583990543, "seg_id": 0, "type": "Root", "parent": null, "children": [1, 2]}, {"pos": [[0.0, 0.0, 23.40363583990543], [1.1550832309409287, -0.1308680034738144, 24.69433389081048], [2.3305310882922616, -0.24098540581096475, 25.985031941715533], [3.526343572054, -0.3303522070114511, 27.275729992620583], [4.742520682226143, -0.3989684070752735, 28.566428043525633], [5.97906241880869, -0.4468340060024318, 29.85712609443069], [7.235968781801642, -0.47394900379292615, 31.14782414533574], [8.513239771204999, -0.4803134004467564, 32.4385221962408], [9.81087538701876, -0.4659271959639227, 33.72922024714585], [11.128875629242923, -0.43079039034442496, 35.0199182980509], [12.467240497877494, -0.37490298358826324, 36.310616348955946], [13.825969992922474, -0.29826497569543736, 37.601314399860996], [15.205064114377851, -0.2008763666659477, 38.89201245076605], [16.604522862243634, -0.08273715649979396, 40.1827105016711]], "radius": [1.7120605108153073, 1.7120605108153073, 1.7120605108153073, 1.7120605108153073, 1.7120605108153073, 1.7120605108153073, 1.7120605108153073, 1.7120605108153073, 1.7120605108153073, 1.7120605108153073, 1.7120605108153073, 1.7120605108153073, 1.7120605108153073, 1.7120605108153073], "ref_radius": [1.7120605108153073, 1.7120605108153073, 1.7120605108153073, 1.7120605108153073, 1.7120605108153073, 1.7120605108153073, 1.7120605108153073, 1.7120605108153073, 1.7120605108153073, 1.7120605108153073, 1.7120605108153073, 1.7120605108153073, 1.7120605108153073, 1.7120605108153073], "length": 23.60623585887729, "seg_id": 1, "type": "Side", "parent": 0, "children": []}, {"pos": [[0.0, 0.0, 23.40363583990543], [0.5491002281389066, -0.11525536759213127, 25.188921926590258], [1.0651539601727606, -0.1914950448932135, 26.97420801327509], [1.5481611961015624, -0.22871903190324677, 28.759494099959912], [1.9981219359253124, -0.22692732862223103, 30.544780186644743], [2.4150361796440096, -0.18611993505016622, 32.330066273329564], [2.798903927257655, -0.10629685118705245, 34.11535236001439], [3.149725178766248, 0.01254192296711032, 35.900638446699226], [3.4674999341697887, 0.170396387412322, 37.68592453338405], [3.7522281934682766, 0.3672665421485827, 39.471210620068874], [4.003909956661713, 0.6031523871758924, 41.25649670675371], [4.222545223750097, 0.8780539224942514, 43.041782793438536], [4.408133994733428, 1.191971148103659, 44.82706888012336], [4.560676269611708, 1.5449040640041158, 46.61235496680819], [4.680172048384935, 1.936852670195622, 48.39764105349302]], "radius": [1.0685053682090195, 1.21552589150054, 1.3775456759123275, 1.1242118832761687, 0.9211267321507257, 0.7911102700558637, 0.7476413390055177, 0.7933379927893627, 0.9198005562867231, 1.1088160862249639, 1.2655987630939767, 1.024641009719768, 0.833332089359808, 0.7130015216914753, 0.6759020775588951], "ref_radius": [2.2931716371691087, 2.2761702554568233, 2.259168873744538, 2.2421674920322525, 2.225166110319967, 2.2081647286076818, 2.1911633468953964, 2.174161965183111, 2.1571605834708256, 2.1401592017585402, 2.123157820046255, 2.1061564383339695, 2.089155056621684, 2.0721536749093987, 2.0551522931971133], "length": 25.502072568428062, "seg_id": 2, "type": "Main", "parent": 0, "children": [3, 4]}, {"pos": [[4.680172048384935, 1.936852670195622, 48.39764105349302], [6.168014721717218, 1.6961742681436491, 49.620836691772865], [7.63509627086216, 1.5242681755017613, 50.84403233005272], [9.081416695819758, 1.4211343922699575, 52.067227968332574], [10.506975996590011, 1.3867729184482378, 53.29042360661242], [11.911774173172924, 1.4211837540366026, 54.513619244892276], [13.295811225568492, 1.5243668990350518, 55.73681488317213], [14.659087153776717, 1.6963223534435852, 56.96001052145198], [16.0016019577976, 1.9370501172622032, 58.18320615973183], [17.323355637631142, 2.2465501904909058, 59.40640179801168]], "radius": [1.2113737976601324, 1.2113737976601324, 1.2113737976601324, 1.2113737976601324, 1.2113737976601324, 1.2113737976601324, 1.2113737976601324, 1.2113737976601324, 1.2113737976601324, 1.2113737976601324], "ref_radius": [1.2113737976601324, 1.2113737976601324, 1.2113737976601324, 1.2113737976601324, 1.2113737976601324, 1.2113737976601324, 1.2113737976601324, 1.2113737976601324, 1.2113737976601324, 1.2113737976601324], "length": 16.767194665641497, "seg_id": 3, "type": "Side", "parent": 2, "children": []}, {"pos": [[4.680172048384935, 1.936852670195622, 48.39764105349302], [4.85161084832634, 2.3322078628120844, 50.234318305412586], [5.072994618371492, 2.691102894893299, 52.070995557332175], [5.344323358520392, 3.0135377664392644, 53.90767280925175], [5.665597068773039, 3.299512477449981, 55.74435006117133], [6.036815749129433, 3.5490270279254497, 57.5810273130909], [6.457979399589574, 3.76208141786567, 59.41770456501048], [6.929088020153461, 3.9386756472706415, 61.25438181693005], [7.450141610821099, 4.078809716140365, 63.091059068849646], [8.021140171592481, 4.182483624474839, 64.92773632076921]], "radius": [0.7238468065847403, 0.8481503045101124, 1.030882351805566, 1.2472184441889707, 1.4686161653755139, 1.666393318863226, 1.8152632266171613, 1.8963914469191758, 1.9020453110878814, 1.885032111038263], "ref_radius": [2.038150911484828, 2.02113771143521, 2.0041245113855912, 1.987111311335973, 1.9700981112863547, 1.9530849112367363, 1.936071711187118, 1.9190585111374998, 1.9020453110878814, 1.885032111038263], "length": 17.01320004961832, "seg_id": 4, "type": "Main", "parent": 2, "children": [5, 6]}, {"pos": [[8.021140171592481, 4.182483624474839, 64.92773632076921], [9.566932019439477, 4.211096634417896, 66.18991583788812], [11.07961408048185, 4.258913128549684, 67.45209535500705], [12.559186354719607, 4.325933106870205, 68.71427487212596], [14.005648842152748, 4.412156569379459, 69.97645438924486], [15.419001542781272, 4.517583516077444, 71.23863390636379], [16.799244456605177, 4.64221394696416, 72.5008134234827], [18.146377583624464, 4.786047862039609, 73.7629929406016], [19.460400923839128, 4.94908526130379, 75.02517245772053], [20.741314477249176, 5.131326144756704, 76.28735197483944], [21.989118243854612, 5.332770512398349, 77.54953149195835], [23.203812223655426, 5.553418364228726, 78.81171100907727], [24.38539641665162, 5.793269700247835, 80.07389052619618], [25.5338708228432, 6.052324520455676, 81.33607004331509]],