{"case_id": "LCX_2730_bc9", "artery_type": "LCX", "segments": [{"pos": [[0.0, 0.0, 0.0], [0.18270001162352012, 0.15676604970214297, 1.7534022994860845], [0.3461684430761435, 0.2970304099619552, 3.5068045989721695], [0.49040529435786984, 0.42079308077943645, 5.260206898458254], [0.6154105654686995, 0.528054062154587, 7.013609197944339], [0.7211842564086322, 0.6188133540874066, 8.767011497430422], [0.807726367177668, 0.6930709565778953, 10.52041379691651], [0.8750368977758068, 0.7508268696260532, 12.27381609640259], [0.923115848203049, 0.7920810932318803, 14.027218395888676], [0.9519632184593945, 0.8168336273953767, 15.780620695374761], [0.9615790085448428, 0.825084472116542, 17.534022994860845], [0.9519632184593944, 0.8168336273953766, 19.28742529434693], [0.923115848203049, 0.7920810932318803, 21.040827593833015], [0.8750368977758068, 0.7508268696260532, 22.7942298933191], [0.8077263671776678, 0.6930709565778952, 24.547632192805185], [0.7211842564086322, 0.6188133540874066, 26.301034492291265], [0.6154105654686993, 0.5280540621545868, 28.054436791777356], [0.4904052943578696, 0.4207930807794362, 29.80783909126344], [0.34616844307614336, 0.29703040996195507, 31.561241390749522], [0.1827000116235199, 0.15676604970214278, 33.314643690235606], [0.0, 0.0, 35.06804598972169]], "radius": [2.471384642367024, 2.471384642367024, 2.471384642367024, 2.471384642367024, 2.471384642367024, 2.471384642367024, 2.471384642367024, 2.471384642367024, 2.471384642367024, 2.471384642367024, 2.471384642367024, 2.471384642367024, 2.471384642367024, 2.3665041109219516, 1.8524137245365764, 1.1533389335146795, 0.6186661746356548, 0.5156163697048439, 0.8956921685359487, 1.568937745564778, 2.1988756934287443], "ref_radius": [2.471384642367024, 2.471384642367024, 2.471384642367024, 2.471384642367024, 2.471384642367024, 2.471384642367024, 2.471384642367024, 2.471384642367024, 2.471384642367024, 2.471384642367024, 2.471384642367024, 2.471384642367024, 2.471384642367024, 2.471384642367024, 2.471384642367024, 2.471384642367024, 2.471384642367024, 2.471384642367024, 2.471384642367024, 2.471384642367024, 2.471384642367024], "length": 35.06804598972169, "seg_id": 0, "type": "Root", "parent": null, "children": [1, 2]}, {"pos": [[0.0, 0.0, 35.06804598972169], [1.2914633423917317, 0.13783689050092865, 36.35844423396274], [2.597088490562932, 0.25718371759856906, 37.64884247820381], [3.9168754445136003, 0.3580404812929211, 38.939240722444865], [5.250824204243738, 0.440407181583985, 40.22963896668593], [6.5989347697533445, 0.5042838184717606, 41.52003721092699], [7.9612071410424186, 0.5496703919562479, 42.810435455168054], [9.337641318110961, 0.5765669020374471, 44.100833699409115], [10.728237300958973, 0.5849733487153579, 45.391231943650176], [12.132995089586457, 0.5748897319899804, 46.681630187891244], [13.551914683993406, 0.5463160518613146, 47.972028432132305], [14.984996084179823, 0.49925230832936074, 49.26242667637336]], "radius": [1.8009629010077475, 1.8009629010077475, 1.8009629010077475, 1.8009629010077475, 1.8009629010077475, 1.8009629010077475, 1.8009629010077475, 1.8009629010077475, 1.8009629010077475, 1.8009629010077475, 1.8009629010077475, 1.8009629010077475], "ref_radius": [1.8009629010077475, 1.8009629010077475, 1.8009629010077475, 1.8009629010077475, 1.8009629010077475, 1.8009629010077475, 1.8009629010077475, 1.8009629010077475, 1.8009629010077475, 1.8009629010077475, 1.8009629010077475, 1.8009629010077475], "length": 20.646544591961305, "seg_id": 1, "type": "Side", "parent": 0, "children": []}, {"pos": [[0.0, 0.0, 35.06804598972169], [0.029967851131084498, -0.1392139792832061, 37.03176539624271], [0.04916933466351277, -0.2288263423395029, 38.995484802763734], [0.0576044505972848, -0.2688370891688903, 40.95920420928475], [0.05527319893240061, -0.2592462197713684, 42.92292361580578], [0.04217557966886017, -0.2000537341469372, 44.8866430223268], [0.018311592806663543, -0.0912596322955967, 46.850362428847816], [-0.016318761654189357, 0.06713608578265329, 48.81408183536884], [-0.06171548371369849, 0.2751334200878126, 50.77780124188986], [-0.11787857337186386, 0.5327323706198812, 52.741520648410884], [-0.18480803062868548, 0.8399329373788593, 54.705240054931906], [-0.2625038554841632, 1.1967351203647463, 56.66895946145293]], "radius": [2.4706730674659685, 2.45335494953448, 2.435325256701936, 2.4172955638693923, 2.399265871036848, 2.381236178204304, 2.36320648537176, 2.345176792539216, 2.3271470997066723, 2.3091174068741283, 2.291087714041584, 2.27305802120904], "ref_radius": [2.471384642367024, 2.45335494953448, 2.435325256701936, 2.4172955638693923, 2.399265871036848, 2.381236178204304, 2.36320648537176, 2.345176792539216, 2.3271470997066723, 2.3091174068741283, 2.291087714041584, 2.27305802120904], "length": 21.635631399052784, "seg_id": 2, "type": "Main", "parent": 0, "children": [3, 4]}, {"pos": [[-0.2625038554841632, 1.1967351203647463, 56.66895946145293], [0.9215372342707399, 1.2566425139753066, 58.00828042477995], [2.1225301366824953, 1.323509487406403, 59.34760138810697], [3.340474851751104, 1.397336040658037, 60.68692235143399], [4.5753713794765645, 1.4781221737302075, 62.02624331476102], [5.827219719858877, 1.565867886622915, 63.36556427808803], [7.096019872898042, 1.6605731793361589, 64.70488524141504], [8.381771838594059, 1.7622380518699399, 66.04420620474207], [9.68447561694693, 1.870862504224258, 67.38352716806908], [11.00413120795665, 1.9864465363991126, 68.72284813139609], [12.340738611623227, 2.108990148394504, 70.06216909472312], [13.694297827946654, 2.2384933402104323, 71.40149005805013], [15.064808856926936, 2.374956111846898, 72.74081102137716], [16.452271698564065, 2.5183784633039, 74.08013198470417], [17.856686352858052, 2.6687603945814393, 75.41945294803119], [19.278052819808888, 2.826101905679515, 76.7587739113582]], "radius": [1.4191947187164948, 1.4191947187164948, 1.4191947187164948, 1.4191947187164948, 1.4191947187164948, 1.4191947187164948, 1.4191947187164948, 1.4191947187164948, 1.4191947187164948, 1.4191947187164948, 1.4191947187164948, 1.4191947187164948, 1.4191947187164948, 1.4191947187164948, 1.4191947187164948, 1.4191947187164948], "ref_radius": [1.4191947187164948, 1.4191947187164948, 1.4191947187164948, 1.4191947187164948, 1.4191947187164948, 1.4191947187164948, 1.4191947187164948, 1.4191947187164948, 1.4191947187164948, 1.4191947187164948, 1.4191947187164948, 1.4191947187164948, 1.4191947187164948, 1.4191947187164948, 1.4191947187164948, 1.4191947187164948], "length": 28.07291997518337, "seg_id": 3, "type": "Side", "parent": 2, "children": []}, {"pos": [[-0.2625038554841632, 1.1967351203647463, 56.66895946145293], [-0.3391451171990147, 1.0016946843907064, 58.52615721689222], [-0.37433790936956307, 0.8540437208533572, 60.38335497233154], [-0.36808223199580825, 0.753782229752698, 62.24055272777083], [-0.3203780850777503, 0.7009102110887294, 64.09775048321015], [-0.23122546861538906, 0.695427664861451, 65.95494823864945], [-0.10062438260872464, 0.7373345910708631, 67.81214599408875], [0.07142517294224277, 0.8266309897169652, 69.66934374952805], [0.2849231980375136, 0.9633168607997582, 71.52654150496737], [0.5398696926770876, 1.1473922043192413, 73.38373926040667], [0.8362646568609644, 1.3788570202754145, 75.24093701584599], [1.1741080905891448, 1.6577113086682784, 77.09813477128529], [1.5533999938616285, 1.9839550694978327, 78.95533252672459]], "radius": [2.255028328376496, 2.2378174943308706, 2.220606660285245, 2.2033958262396194, 2.186184992193994, 2.168974158148368, 2.1517633241027427, 2.134552490057117, 2.1173416560114915, 2.100130821965866, 2.0829199879202402, 2.065709153874615, 2.0484983198289894], "ref_radius": [2.255028328376496, 2.2378174943308706, 2.220606660285245, 2.2033958262396194, 2.186184992193994, 2.168974158148368, 2.1517633241027427, 2.134552490057117, 2.1173416560114915, 2.100130821965866, 2.0829199879202402, 2.065709153874615, 2.0484983198289894], "length": 22.37408425931323, "seg_id": 4, "type": "Main", "parent": 2,