{"case_id": "LCX_3514_bc9", "artery_type": "LCX", "segments": [{"pos": [[0.0, 0.0, 0.0], [-0.021075901655004815, 0.16970218356917152, 1.8225532381256309], [-0.038319821190917855, 0.308549424671221, 3.645106476251262], [-0.0517317586077391, 0.4165417233061483, 5.467659714376893], [-0.061311713905468565, 0.49367907947395356, 7.290212952502523], [-0.06705968708410624, 0.5399614931746367, 9.112766190628154], [-0.06897567814365213, 0.5553889644081977, 10.935319428753786], [-0.06705968708410624, 0.5399614931746367, 12.757872666879415], [-0.061311713905468565, 0.49367907947395356, 14.580425905005047], [-0.0517317586077391, 0.4165417233061483, 16.40297914313068], [-0.03831982119091787, 0.3085494246712211, 18.225532381256308], [-0.021075901655004826, 0.1697021835691716, 20.04808561938194], [0.0, 0.0, 21.870638857507572]], "radius": [2.5546561219212616, 2.5546561219212616, 2.5546561219212616, 2.5546561219212616, 2.5546561219212616, 2.4841620015778276, 1.9558072755981182, 1.2211136645099299, 0.7440093401839969, 0.8257656538823945, 1.4147569257563366, 2.139059894347791, 2.5413076423080736], "ref_radius": [2.5546561219212616, 2.5546561219212616, 2.5546561219212616, 2.5546561219212616, 2.5546561219212616, 2.5546561219212616, 2.5546561219212616, 2.5546561219212616, 2.5546561219212616, 2.5546561219212616, 2.5546561219212616, 2.5546561219212616, 2.5546561219212616], "length": 21.870638857507572, "seg_id": 0, "type": "Root", "parent": null, "children": [1, 2]}, {"pos": [[0.0, 0.0, 21.870638857507572], [1.3440309290463972, -0.10154925671976542, 23.37868489285743], [2.659699031871159, -0.2123114498283307, 24.88673092820729], [3.947004308474286, -0.3322865793256958, 26.39477696355714], [5.205946758855776, -0.46147464521186066, 27.90282299890699], [6.436526383015632, -0.5998756474868253, 29.410869034256848], [7.6387431809538535, -0.74748958615059, 30.918915069606705], [8.812597152670438, -0.9043164612031543, 32.42696110495656], [9.95808829816539, -1.0703562726445184, 33.93500714030642], [11.075216617438702, -1.2456090204746826, 35.44305317565627], [12.163982110490382, -1.4300747046936462, 36.951099211006124]], "radius": [1.6222774469950634, 1.6222774469950634, 1.6222774469950634, 1.6222774469950634, 1.6222774469950634, 1.6222774469950634, 1.6222774469950634, 1.6222774469950634, 1.6222774469950634, 1.6222774469950634, 1.6222774469950634], "ref_radius": [1.6222774469950634, 1.6222774469950634, 1.6222774469950634, 1.6222774469950634, 1.6222774469950634, 1.6222774469950634, 1.6222774469950634, 1.6222774469950634, 1.6222774469950634, 1.6222774469950634, 1.6222774469950634], "length": 19.427502642356693, "seg_id": 1, "type": "Side", "parent": 0, "children": []}, {"pos": [[0.0, 0.0, 21.870638857507572], [0.22854575699245058, -0.09435707528185665, 23.63931410616196], [0.4320556346866445, -0.19733031491839575, 25.40798935481636], [0.6105296330825818, -0.3089197189096173, 27.176664603470744], [0.7639677521802624, -0.4291252872555213, 28.945339852125137], [0.8923699919796864, -0.5579470199561077, 30.714015100779527], [0.9957363524808538, -0.6953849170113766, 32.48269034943392], [1.0740668336837644, -0.8414389784213281, 34.25136559808831], [1.1273614355884185, -0.9961092041859618, 36.0200408467427], [1.1556201581948158, -1.159395594305278, 37.78871609539709], [1.1588430015029567, -1.3312981487792768, 39.55739134405149], [1.1370299655128409, -1.511816867607958, 41.32606659270588], [1.0901810502244682, -1.7009517507913217, 43.094741841360275], [1.018296255637839, -1.8987027983293676, 44.863417090014664], [0.9213755817529532, -2.1050700102220965, 46.632092338669054], [0.7994190285698107, -2.320053386469507, 48.40076758732345], [0.6524265960884116, -2.5436529270716006, 50.16944283597784]], "radius": [2.5546561219212616, 2.5379382499054657, 2.52122037788967, 2.504502505873874, 2.4877846338580785, 2.4710667618422826, 2.4543488898264867, 2.437631017810691, 2.420913145794895, 2.4041952737790995, 2.3874774017633036, 2.3707595297475077, 2.354041657731712, 2.337323785715916, 2.32060591370012, 2.303888041684324, 2.2871701696685287], "ref_radius": [2.5546561219212616, 2.5379382499054657, 2.52122037788967, 2.504502505873874, 2.4877846338580785, 2.4710667618422826, 2.4543488898264867, 2.437631017810691, 2.420913145794895, 2.4041952737790995, 2.3874774017633036, 2.3707595297475077, 2.354041657731712, 2.337323785715916, 2.32060591370012, 2.303888041684324, 2.2871701696685287], "length": 28.420382426852882, "seg_id": 2, "type": "Main", "parent": 0, "children": [3, 4]}, {"pos": [[0.6524265960884116, -2.5436529270716006, 50.16944283597784], [2.582782369466365, -2.163627778259635, 51.87527055412912], [4.2713752073137945, -2.068151055766648, 53.58109827228039], [5.718205109630702, -2.2572227595926417, 55.286925990431676], [6.923272076417088, -2.730842889737616, 56.99275370858295], [7.886576107672949, -3.48901144620157, 58.69858142673423]], "radius": [1.5673190560763717, 1.5673190560763717, 1.5673190560763717, 1.5673190560763717, 1.5673190560763717, 1.5673190560763717], "ref_radius": [1.5673190560763717, 1.5673190560763717, 1.5673190560763717, 1.5673190560763717, 1.5673190560763717, 1.5673190560763717], "length": 11.22376171281181, "seg_id": 3, "type": "Side", "parent": 2, "children": []}, {"pos": [[0.6524265960884116, -2.5436529270716006, 50.16944283597784], [0.4906908810183157, -3.0160383271653064, 51.94052118044816], [0.3384071477728006, -3.4736765037166455, 53.711599524918455], [0.19557539635186671, -3.9165674567256183, 55.48267786938875], [0.06219562675551389, -4.344711186192227, 57.25375621385908], [-0.061732161016257885, -4.758107692116469, 59.02483455832939], [-0.17620796696344873, -5.156756974498346, 60.79591290279969], [-0.28123179108605856, -5.540659033337855, 62.56699124726999], [-0.3768036333840874, -5.909813868635, 64.33806959174031], [-0.46292349385753506, -6.2642214803897796, 66.1091479362106], [-0.5395913725064018, -6.603881868602192, 67.88022628068092], [-0.6068072693306875, -6.928795033272239, 69.65130462515123], [-0.6645711843303921, -7.2389609743999195, 71.42238296962154], [-0.7128831175055157, -7.534379691985235, 73.19346131409183], [-0.7517430688560582, -7.8150511860281835, 74.96453965856215], [-0.7811510383820199, -8.080975456528769, 76.73561800303246], [-0.8011070260834005, -8.332152503486984, 78.50669634750275], [-0.8116110319602, -8.568582326902836, 80.27777469197306], [-0.8126630560124184, -8.790264926776324, 82.04885303644338], [-0.8042630982400559, -8.997200303107444, 83.81993138091369]], "radius": [2.270452297652733, 2.2533049538503156, 2.236157610047899, 2.2190102662454816, 2.201862922443065, 2.1847155786406476, 2.167568234838231, 2.1504208910358136, 2.1332735472333964, 2.1161262034309796, 2.0989788596285623, 2.0818315158261456, 2.0646841720237283, 2.047536828221311, 2.0303894844188943, 2.013242140616477, 1.9960947968140603, 1.978947453011643, 1.961800109209226, 1.944652765406809], "ref_radius": [2.270452297652733, 2.2533049538503156, 2.236157610047899, 2.2190102662454816, 2.201862922443065, 2.1847155786406476, 2.167568234838231, 2.1504208910358136, 2.1332735472333964, 2.1161262034309796, 2.0989788596285623, 2.0818315158261456, 2.0646841720237283, 2.047536828221311, 2.0303894844188943, 2.013242140616477, 1.9960947968140603, 1.978947453011643, 1.961800109209226, 1.944652765406809], "length": 34.294687604834074, "seg_id": 4, "type": "Main", "parent": 2, "children": [5, 6]}, {"pos": [[-0.8042630982400559, -8.997200303107444, 83.81993138091369], [0.13582605275804496, -8.891262777099598, 85.23855678609284], [1.158306016381896, -8.867334261349722, 86.657182191272], [2.263176792631497, -8.925414755857808, 88.07580759645117], [3.450438381506849, -9.065504260623864, 89.49443300163031], [4.720090783007951, -9.287602775647887, 90.91305840680947], [6.072133997134802, -9.591710300929874, 92.33168381198863], [7.506568023887405, -9.977826836469829, 93.75030921716778], [9.023392863265757, -10.44595238226775, 95.16893462234694]],