{"case_id": "LCX_582_bc9", "artery_type": "LCX", "segments": [{"pos": [[0.0, 0.0, 0.0], [0.09003255920870598, -0.13744973204659014, 1.8812082919925373], [0.16505969188262762, -0.2519911754187486, 3.7624165839850745], [0.22508139802176494, -0.34362433011647536, 5.643624875977612], [0.2700976776261179, -0.41234919613977045, 7.52483316797015], [0.3001085306956866, -0.45816577348863385, 9.406041459962687], [0.3151139572304709, -0.48107406216306553, 11.287249751955224], [0.3151139572304709, -0.48107406216306553, 13.168458043947764], [0.30010853069568655, -0.4581657734886338, 15.049666335940298], [0.2700976776261179, -0.41234919613977045, 16.930874627932834], [0.22508139802176494, -0.34362433011647536, 18.812082919925373], [0.1650596918826275, -0.25199117541874844, 20.693291211917916], [0.09003255920870593, -0.13744973204659008, 22.57449950391045], [0.0, 0.0, 24.455707795902985]], "radius": [2.6365394782393223, 2.6365394782393223, 2.6365394782393223, 2.6365394782393223, 2.6365394782393223, 2.6365394782393223, 2.6365394782393223, 2.6365394782393223, 2.6365394782393223, 2.6365394782393223, 2.6365394782393223, 2.6365394782393223, 2.6365394782393223, 2.6365394782393223], "ref_radius": [2.6365394782393223, 2.6365394782393223, 2.6365394782393223, 2.6365394782393223, 2.6365394782393223, 2.6365394782393223, 2.6365394782393223, 2.6365394782393223, 2.6365394782393223, 2.6365394782393223, 2.6365394782393223, 2.6365394782393223, 2.6365394782393223, 2.6365394782393223], "length": 24.455707795902985, "seg_id": 0, "type": "Root", "parent": null, "children": [1, 2]}, {"pos": [[0.0, 0.0, 24.455707795902985], [1.2373741850657867, -0.44938322074414044, 26.07076219299382], [2.504182661513242, -0.7758854659524532, 27.68581659008465], [3.800425429342366, -0.9795067356249382, 29.300870987175475], [5.126102488553158, -1.0602470297615958, 30.91592538426631], [6.481213839145619, -1.0181063483624255, 32.53097978135714], [7.86575948111975, -0.8530846914274276, 34.14603417844797], [9.279739414475548, -0.5651820589566019, 35.7610885755388]], "radius": [1.8309653935777255, 1.8309653935777255, 1.8309653935777255, 1.8309653935777255, 1.8309653935777255, 1.8309653935777255, 1.8309653935777255, 1.8309653935777255], "ref_radius": [1.8309653935777255, 1.8309653935777255, 1.8309653935777255, 1.8309653935777255, 1.8309653935777255, 1.8309653935777255, 1.8309653935777255, 1.8309653935777255], "length": 14.637097694997339, "seg_id": 1, "type": "Side", "parent": 0, "children": []}, {"pos": [[0.0, 0.0, 24.455707795902985], [-0.002839061451299374, -0.14605776318128458, 26.23287164187295], [-0.020840653502403658, -0.27721612021564523, 28.010035487842913], [-0.05400477615331284, -0.3934750711030819, 29.787199333812875], [-0.10233142940402695, -0.4948346158435948, 31.56436317978284], [-0.16582061325454595, -0.5812947544371838, 33.341527025752804], [-0.24447232770486982, -0.6528554868838489, 35.11869087172278], [-0.3382865727549986, -0.70951681318359, 36.89585471769274], [-0.4472633484049324, -0.7512787333364073, 38.6730185636627], [-0.5714026546546711, -0.7781412473423006, 40.45018240963267], [-0.7107044915042147, -0.79010435520127, 42.22734625560264], [-0.8651688589535631, -0.7871680569133155, 44.0045101015726], [-1.0347957570027162, -0.7693323524784372, 45.78167394754256], [-1.2195851856516746, -0.7365972418966349, 47.558837793512524], [-1.4195371449004377, -0.6889627251679087, 49.33600163948249], [-1.6346516347490059, -0.6264288022922586, 51.113165485452456], [-1.864928655197379, -0.5489954732696847, 52.89032933142242], [-2.110368206245557, -0.4566627381001867, 54.66749317739239]], "radius": [2.6365394782393223, 2.619712341767559, 2.602885205295796, 2.5860580688240327, 2.5692309323522693, 2.5512127327173917, 2.3998918054716034, 2.059541079831086, 1.6111857831816518, 1.1605056122760737, 0.8123234988343402, 0.645638299909062, 0.6951480669007526, 0.9435827967182397, 1.3265289068508839, 1.7484250354276094, 2.1057618854940503, 2.311854772481037], "ref_radius": [2.6365394782393223, 2.619712341767559, 2.602885205295796, 2.5860580688240327, 2.5692309323522693, 2.552403795880506, 2.535576659408743, 2.5187495229369796, 2.5019223864652163, 2.485095249993453, 2.46826811352169, 2.4514409770499266, 2.434613840578163, 2.4177867041064, 2.400959567634637, 2.3841324311628735, 2.36730529469111, 2.350478158219347], "length": 30.28884564917386, "seg_id": 2, "type": "Main", "parent": 0, "children": [3, 4]}, {"pos": [[-2.110368206245557, -0.4566627381001867, 54.66749317739239], [-1.402418656771493, -0.308953614906821, 56.301193477795245], [-0.6780058323975066, -0.16386098244011443, 57.9348937781981], [0.06287026687640218, -0.021384840700067194, 59.56859407860096], [0.8202096410502332, 0.11847481031332079, 61.2022943790038], [1.5940122901239864, 0.2557179706000496, 62.83599467940666], [2.3842782140976624, 0.39034464016011916, 64.4696949798095], [3.1910074129712602, 0.5223548189935294, 66.10339528021237], [4.01419988674478, 0.6517485071002803, 67.73709558061522], [4.853855635418222, 0.7785257044803722, 69.37079588101807], [5.709974658991587, 0.9026864111338047, 71.00449618142093], [6.582556957464874, 1.0242306270605779, 72.63819648182377], [7.471602530838085, 1.143158352260692, 74.27189678222663], [8.377111379111216, 1.2594695867341468, 75.9055970826295], [9.29908350228427, 1.3731643304809422, 77.53929738303233], [10.237518900357246, 1.4842425835010784, 79.1729976834352]], "radius": [1.4112352046747745, 1.4112352046747745, 1.4112352046747745, 1.4112352046747745, 1.4112352046747745, 1.4112352046747745, 1.4112352046747745, 1.4112352046747745, 1.4112352046747745, 1.4112352046747745, 1.4112352046747745, 1.4112352046747745, 1.4112352046747745, 1.4112352046747745, 1.4112352046747745, 1.4112352046747745], "ref_radius": [1.4112352046747745, 1.4112352046747745, 1.4112352046747745, 1.4112352046747745, 1.4112352046747745, 1.4112352046747745, 1.4112352046747745, 1.4112352046747745, 1.4112352046747745, 1.4112352046747745, 1.4112352046747745, 1.4112352046747745, 1.4112352046747745, 1.4112352046747745, 1.4112352046747745, 1.4112352046747745], "length": 27.50921991915642, "seg_id": 3, "type": "Side", "parent": 2, "children": []}, {"pos": [[-2.110368206245557, -0.4566627381001867, 54.66749317739239], [-2.42944786895494, -0.6293596762745576, 56.54892431738715], [-2.7222803161677813, -0.7773258783031135, 58.43035545738191], [-2.9888655478840787, -0.9005613441858547, 60.31178659737667], [-3.229203564103834, -0.9990660739227805, 62.19321773737142], [-3.443294364827046, -1.0728400675138916, 64.07464887736617], [-3.631137950053716, -1.1218833249591875, 65.95608001736093], [-3.7927343197838432, -1.1461958462586688, 67.83751115735569], [-3.928083474017427, -1.145777631412335, 69.71894229735044], [-4.037185412754469, -1.1206286804201862, 71.6003734373452], [-4.120040135994968, -1.0707489932822225, 73.48180457733994], [-4.176647643738924, -0.996138569998444, 75.3632357173347], [-4.207007935986338, -0.8967974105688502, 77.24466685732946], [-4.211121012737209, -0.7727255149934417, 79.12609799732422], [-4.188986873991537, -0.6239228832722181, 81.00752913731898], [-4.140605519749323, -0.45038951540517974, 82.88896027731373]], "radius": [2.333651021747584, 2.3159670213409838, 2.298283020934384, 2.280599020527784, 2.262915020121184, 2.245231019714584, 2.227547019307984, 2.209863018901384, 2.192179018494784, 2.174495018088184, 2.156811017681584, 2.139127017274984, 2.121443016868384, 2.103759016461784, 2.086075016055184, 2.0683910156485843], "ref_radius": [2.333651021747584, 2.3159670213409838, 2.298283020934384, 2.280599020527784, 2.262915020121184, 2.245231019714584, 2.227547019307984, 2.209863018901384, 2.192179018494784, 2.174495018088184, 2.156811017681584, 2.139127017274984, 2.121443016868384, 2.103759016461784, 2.086075016055184, 2.0683910156485843], "length": 28.294400650559968, "seg_id": 4, "type": "Main", "parent": 2,