{"case_id": "LCX_1903_bc8", "artery_type": "LCX", "segments": [{"pos": [[0.0, 0.0, 0.0], [0.20180666584650217, 0.13443714493298375, 1.9030299004476565], [0.366921210630004, 0.24443117260542505, 3.8060598008953135], [0.4953436343505054, 0.3299820830173238, 5.70908970134297], [0.5870739370080064, 0.3910898761686801, 7.612119601790626], [0.6421121186025069, 0.4277545520594938, 9.515149502238282], [0.6604581791340072, 0.43997611068976505, 11.41817940268594], [0.642112118602507, 0.42775455205949386, 13.321209303133596], [0.5870739370080064, 0.3910898761686801, 15.224239203581252], [0.4953436343505054, 0.3299820830173238, 17.127269104028912], [0.36692121063000416, 0.24443117260542513, 19.030299004476564], [0.20180666584650228, 0.13443714493298384, 20.933328904924224], [0.0, 0.0, 22.83635880537188]], "radius": [2.4720813567529576, 2.444803178134172, 2.3628702205261383, 2.2314632371546717, 2.0589036463602395, 1.8561188776204733, 1.6359503861644944, 1.4123404608706307, 1.1994493212775246, 1.010758414018229, 0.8582166929159072, 0.7514839450161146, 0.6973190793441879], "ref_radius": [2.4720813567529576, 2.4720813567529576, 2.4720813567529576, 2.4720813567529576, 2.4720813567529576, 2.4720813567529576, 2.4720813567529576, 2.4720813567529576, 2.4720813567529576, 2.4720813567529576, 2.4720813567529576, 2.4720813567529576, 2.4720813567529576], "length": 22.83635880537188, "seg_id": 0, "type": "Root", "parent": null, "children": [1, 2]}, {"pos": [[0.0, 0.0, 22.83635880537188], [1.630537921764384, -0.04644868707809287, 24.248077875254523], [3.196214669943353, -0.07953868216145764, 25.659796945137167], [4.697030244536906, -0.09926998525009433, 27.071516015019807], [6.132984645545045, -0.10564259634400297, 28.483235084902454], [7.504077872967771, -0.09865651544318349, 29.894954154785097], [8.810309926805079, -0.07831174254763595, 31.30667322466774], [10.051680807056972, -0.04460827765736035, 32.718392294550384], [11.228190513723451, 0.0024538792276433963, 34.13011136443303], [12.339839046804517, 0.0628747281073752, 35.54183043431567], [13.386626406300167, 0.1366542689818351, 36.953549504198314], [14.3685525922104, 0.22379250185102298, 38.36526857408096]], "radius": [1.3931095621050509, 1.3931095621050509, 1.3931095621050509, 1.3931095621050509, 1.3931095621050509, 1.3931095621050509, 1.3931095621050509, 1.3931095621050509, 1.3931095621050509, 1.3931095621050509, 1.3931095621050509, 1.3931095621050509], "ref_radius": [1.3931095621050509, 1.3931095621050509, 1.3931095621050509, 1.3931095621050509, 1.3931095621050509, 1.3931095621050509, 1.3931095621050509, 1.3931095621050509, 1.3931095621050509, 1.3931095621050509, 1.3931095621050509, 1.3931095621050509], "length": 21.157798214457692, "seg_id": 1, "type": "Side", "parent": 0, "children": []}, {"pos": [[0.0, 0.0, 22.83635880537188], [0.4912784267766413, 0.4758632922777332, 24.709569559596556], [0.9030418602423494, 0.8730474579345733, 26.582780313821235], [1.235290300397124, 1.19155249697052, 28.455991068045904], [1.4880237472409654, 1.4313784093855737, 30.32920182227058], [1.6612422007738736, 1.5925251951797341, 32.202412576495256], [1.7549456609958487, 1.6749928543530017, 34.075623330719935], [1.7691341279068902, 1.6787813869053756, 35.94883408494461], [1.7038076015069987, 1.6038907928368569, 37.82204483916928], [1.5589660817961737, 1.4503210721474447, 39.69525559339395], [1.3346095687744155, 1.2180722248371394, 41.56846634761863]], "radius": [0.6991521153332436, 0.751629018767495, 0.8548111989357012, 0.9843333831892145, 0.8520629846161687, 0.7955581172024968, 0.8182030143991106, 0.9155028496531321, 1.075640791066648, 1.2807530628748944, 1.5087852962981951], "ref_radius": [2.4720813567529576, 2.4549731272407738, 2.43786489772859, 2.4207566682164066, 2.4036484387042227, 2.386540209192039, 2.369431979679855, 2.3523237501676713, 2.3352155206554874, 2.318107291143304, 2.3009990616311202], "length": 18.819052463402123, "seg_id": 2, "type": "Main", "parent": 0, "children": [3, 4]}, {"pos": [[1.3346095687744155, 1.2180722248371394, 41.56846634761863], [2.558265602682563, 1.2629033043693776, 42.946400878770454], [3.781542524555447, 1.3094327807368935, 44.32433540992227], [5.004440334393069, 1.357660653939688, 45.702269941074086], [6.226959032195424, 1.4075869239777605, 47.0802044722259], [7.449098617962516, 1.4592115908511112, 48.45813900337772], [8.670859091694345, 1.5125346545597398, 49.836073534529525], [9.89224045339091, 1.5675561151036466, 51.21400806568134], [11.113242703052212, 1.624275972482832, 52.59194259683316], [12.333865840678246, 1.6826942266972948, 53.96987712798497], [13.554109866269021, 1.7428108777470364, 55.347811659136795], [14.773974779824531, 1.8046259256320556, 56.7257461902886], [15.99346058134478, 1.8681393703523534, 58.10368072144042], [17.21256727082976, 1.9333512119079292, 59.48161525259224], [18.431294848279478, 2.000261450298783, 60.85954978374406], [19.649643313693932, 2.068870085524915, 62.237484314895866]], "radius": [1.5187520084486004, 1.5187520084486004, 1.5187520084486004, 1.5187520084486004, 1.5187520084486004, 1.5187520084486004, 1.5187520084486004, 1.5187520084486004, 1.5187520084486004, 1.5187520084486004, 1.5187520084486004, 1.5187520084486004, 1.5187520084486004, 1.5187520084486004, 1.5187520084486004, 1.5187520084486004], "ref_radius": [1.5187520084486004, 1.5187520084486004, 1.5187520084486004, 1.5187520084486004, 1.5187520084486004, 1.5187520084486004, 1.5187520084486004, 1.5187520084486004, 1.5187520084486004, 1.5187520084486004, 1.5187520084486004, 1.5187520084486004, 1.5187520084486004, 1.5187520084486004, 1.5187520084486004, 1.5187520084486004], "length": 27.62919871818437, "seg_id": 3, "type": "Side", "parent": 2, "children": []}, {"pos": [[1.3346095687744155, 1.2180722248371394, 41.56846634761863], [1.9753565460052958, 1.2619588549128344, 43.35321818749651], [2.59632753445787, 1.3089599807583039, 45.13797002737439], [3.1975225341321365, 1.3590756023735486, 46.92272186725228], [3.7789415450280948, 1.4123057197585673, 48.70747370713014], [4.340584567145747, 1.468650332913361, 50.492225547008026], [4.882451600485092, 1.5281094418379293, 52.27697738688591], [5.40454264504613, 1.5906830465322719, 54.06172922676378], [5.90685770082886, 1.6563711469963893, 55.84648106664166], [6.389396767833284, 1.7251737432302816, 57.63123290651954], [6.852159846059401, 1.797090835233948, 59.41598474639743], [7.2951469355072085, 1.8721224230073892, 61.2007365862753], [7.718358036176712, 1.9502685065506054, 62.98548842615318], [8.121793148067905, 2.0315290858635957, 64.77024026603107], [8.505452271180792, 2.1159041609463607, 66.55499210590894], [8.869335405515374, 2.2033937317989007, 68.33974394578682], [9.213442551071648, 2.2939977984212154, 70.1244957856647], [9.537773707849613, 2.3877163608133047, 71.90924762554258], [9.842328875849272, 2.4845494189751682, 73.69399946542046]], "radius": [1.377383485848328, 1.169978132829433, 0.9905173735986927, 0.8510301047682745, 0.7603882158527209, 0.7236943866150618, 0.7419604116979841, 0.812095652295123, 0.9272017103495562, 1.0771465630760395, 1.2493708906795358, 1.429862682095804, 1.604224604140904, 1.758752862816323, 1.8814467143822353, 1.9628742703064321, 1.9968322025482368, 1.9863272479624614, 1.9688235077179628], "ref_radius": [2.2838908321189364, 2.2663870918744378, 2.248883351629939, 2.231379611385441, 2.2138758711409423, 2.1963721308964437, 2.178868390651945, 2.161364650407447, 2.143860910162948, 2.1263571699184496, 2.108853429673951, 2.0913496894294528, 2.073845949184954, 2.0563422089404555, 2.038838468695957, 2.0213347284514587, 2.00383098820696, 1.9863272479624614, 1.9688235077179628], "length": 33.257106464547206, "seg_id": 4, "type": "Main", "parent": 2,