{"case_id": "LCX_3131_bc5", "artery_type": "LCX", "segments": [{"pos": [[0.0, 0.0, 0.0], [0.03157040095121687, 0.042665568766356125, 1.7789642711091913], [0.06013409704993689, 0.08126775003115452, 3.5579285422183826], [0.08569108829616007, 0.11580654379439519, 5.336892813327573], [0.10824137468988641, 0.14628195005607814, 7.115857084436765], [0.12778495623111588, 0.17269396881620336, 8.894821355545956], [0.14432183291984851, 0.19504260007477084, 10.673785626655146], [0.15785200475608435, 0.21332784383178063, 12.45274989776434], [0.1683754717398233, 0.22754970008723266, 14.23171416887353], [0.1758922338710654, 0.23770816884112694, 16.01067843998272], [0.18040229114981068, 0.24380325009346357, 17.789642711091915], [0.1819056435760591, 0.24583494384424243, 19.568606982201104], [0.18040229114981068, 0.24380325009346357, 21.347571253310292], [0.1758922338710654, 0.23770816884112697, 23.126535524419488], [0.1683754717398233, 0.22754970008723266, 24.905499795528677], [0.15785200475608432, 0.21332784383178058, 26.68446406663787], [0.14432183291984851, 0.19504260007477084, 28.46342833774706], [0.12778495623111588, 0.17269396881620336, 30.24239260885625], [0.10824137468988639, 0.1462819500560781, 32.021356879965445], [0.08569108829616007, 0.11580654379439519, 33.800321151074634], [0.060134097049936844, 0.08126775003115445, 35.57928542218382], [0.03157040095121685, 0.04266556876635609, 37.35824969329302], [0.0, 0.0, 39.13721396440221]], "radius": [2.4473049983353694, 2.4473049983353694, 2.4473049983353694, 2.4473049983353694, 2.4473049983353694, 2.4473049983353694, 2.4473049983353694, 2.4473049983353694, 2.4473049983353694, 2.4473049983353694, 2.4473049983353694, 2.4473049983353694, 2.4473049983353694, 2.4473049983353694, 2.4473049983353694, 2.4473049983353694, 2.4473049983353694, 2.4473049983353694, 2.4473049983353694, 2.4473049983353694, 2.4473049983353694, 2.4473049983353694, 2.4473049983353694], "ref_radius": [2.4473049983353694, 2.4473049983353694, 2.4473049983353694, 2.4473049983353694, 2.4473049983353694, 2.4473049983353694, 2.4473049983353694, 2.4473049983353694, 2.4473049983353694, 2.4473049983353694, 2.4473049983353694, 2.4473049983353694, 2.4473049983353694, 2.4473049983353694, 2.4473049983353694, 2.4473049983353694, 2.4473049983353694, 2.4473049983353694, 2.4473049983353694, 2.4473049983353694, 2.4473049983353694, 2.4473049983353694, 2.4473049983353694], "length": 39.13721396440221, "seg_id": 0, "type": "Root", "parent": null, "children": [1, 2]}, {"pos": [[0.0, 0.0, 39.13721396440221], [0.8584689024228132, 0.16098204124057727, 40.59137507353362], [1.7764881344856172, 0.27755529917569166, 42.045536182665025], [2.754057696188412, 0.34971977380534314, 43.499697291796444], [3.791177587531198, 0.3774754651295319, 44.95385840092786], [4.887847808513975, 0.3608223731482576, 46.408019510059276], [6.044068359136741, 0.2997604978615206, 47.86218061919068], [7.2598392393995, 0.19428983926932059, 49.3163417283221], [8.53516044930225, 0.04441039737165764, 50.770502837453506], [9.870031988844989, -0.1498778278314682, 52.22466394658493], [11.264453858027721, -0.38857483634005685, 53.67882505571634], [12.718426056850442, -0.6716806281541081, 55.13298616484775]], "radius": [1.351237049792182, 1.351237049792182, 1.351237049792182, 1.351237049792182, 1.351237049792182, 1.351237049792182, 1.351237049792182, 1.351237049792182, 1.351237049792182, 1.351237049792182, 1.351237049792182, 1.351237049792182], "ref_radius": [1.351237049792182, 1.351237049792182, 1.351237049792182, 1.351237049792182, 1.351237049792182, 1.351237049792182, 1.351237049792182, 1.351237049792182, 1.351237049792182, 1.351237049792182, 1.351237049792182, 1.351237049792182], "length": 20.446863928689808, "seg_id": 1, "type": "Side", "parent": 0, "children": []}, {"pos": [[0.0, 0.0, 39.13721396440221], [0.1101320587033012, -0.3404016118555224, 40.95480179306181], [0.20236627743549182, -0.6532437298766983, 42.772389621721416], [0.2767026561965718, -0.9385263540635278, 44.58997745038101], [0.33314119498654127, -1.196249484416011, 46.40756527904061], [0.37168189380540007, -1.4264131209341475, 48.22515310770021], [0.39232475265314837, -1.6290172636179379, 50.042740936359806], [0.39506977152978606, -1.804061912467382, 51.86032876501942], [0.37991695043531315, -1.9515470674824795, 53.67791659367901], [0.3468662893697297, -2.0714727286632306, 55.495504422338605], [0.2959177883330356, -2.1638388960096355, 57.31309225099821], [0.22707144732523096, -2.2286455695216936, 59.13068007965781], [0.1403272663463157, -2.2658927491994056, 60.94826790831741], [0.03568524539628995, -2.2755804350427713, 62.76585573697702], [-0.08685461552484662, -2.25770862705179, 64.58344356563661]], "radius": [2.4473049983353694, 2.4302741062351934, 2.4132432141350173, 2.3962123220348412, 2.379181429934665, 2.3494330169123283, 2.134941905690658, 1.7452019120041222, 1.3056114857043666, 0.9559475456875939, 0.8047245160392269, 0.8943833809889989, 1.1884737428077539, 1.5846735896297166, 1.9490293924361726], "ref_radius": [2.4473049983353694, 2.4302741062351934, 2.4132432141350173, 2.3962123220348412, 2.379181429934665, 2.362150537834489, 2.345119645734313, 2.3280887536341366, 2.3110578615339605, 2.2940269694337845, 2.2769960773336084, 2.2599651852334324, 2.2429342931332563, 2.2259034010330803, 2.208872508932904], "length": 25.546338150264127, "seg_id": 2, "type": "Main", "parent": 0, "children": [3, 4]}, {"pos": [[-0.08685461552484662, -2.25770862705179, 64.58344356563661], [1.2975547927211486, -1.770602526349129, 66.16814510857354], [2.729689391877727, -1.4827195243003675, 67.75284665151045], [4.209549181944889, -1.3940596209055063, 69.33754819444738], [5.737134162922635, -1.5046228161645452, 70.92224973738429], [7.312444334810962, -1.8144091100774837, 72.50695128032122], [8.935479697609875, -2.323418502644323, 74.09165282325813]], "radius": [1.3094641379987928, 1.3094641379987928, 1.3094641379987928, 1.3094641379987928, 1.3094641379987928, 1.3094641379987928, 1.3094641379987928], "ref_radius": [1.3094641379987928, 1.3094641379987928, 1.3094641379987928, 1.3094641379987928, 1.3094641379987928, 1.3094641379987928, 1.3094641379987928], "length": 13.107741130051279, "seg_id": 3, "type": "Side", "parent": 2, "children": []}, {"pos": [[-0.08685461552484662, -2.25770862705179, 64.58344356563661], [-0.1292294896383064, -1.9643647945441558, 66.47042001572687], [-0.13782739936380325, -1.708746263391418, 68.35739646581713], [-0.1126483447013371, -1.4908530335935766, 70.24437291590736], [-0.05369232565090801, -1.310685105150632, 72.13134936599761], [0.03904065778748406, -1.1682424780625844, 74.01832581608787], [0.1655506056138391, -1.063525152329433, 75.90530226617811], [0.3258375178281571, -0.9965331279511784, 77.79227871626837], [0.519901394430438, -0.9672664049278206, 79.67925516635862], [0.7477422354206817, -0.9757249832593592, 81.56623161644887], [1.0093600407988887, -1.0219088629457946, 83.45320806653913], [1.3047548105650588, -1.1058180439871266, 85.34018451662938], [1.6339265447191913, -1.2274525263833551, 87.22716096671962], [1.996875243261287, -1.3868123101344805, 89.11413741680988], [2.393600906191346, -1.5838973952405024, 91.00111386690013]], "radius": [2.1599646576573046, 2.1741466710971347, 2.156451725361541, 2.138756779625948, 2.1210618338903546, 2.103366888154761, 2.0856719424191676, 2.0679769966835746, 2.050282050947981, 2.0325871052123876, 2.014892159476794, 1.9971972137412008, 1.9795022680056076, 1.961807322270014, 1.9441123765344208], "ref_radius": [2.191841616832728, 2.1741466710971347, 2.156451725361541, 2.138756779625948, 2.1210618338903546, 2.103366888154761, 2.0856719424191676, 2.0679769966835746, 2.050282050947981, 2.0325871052123876, 2.014892159476794, 1.9971972137412008, 1.9795022680056076, 1.961807322270014, 1.9441123765344208], "length": 26.54241860339008, "seg_id": 4, "type": "Main", "parent": 2,