{"case_id": "LCX_2918_bc6", "artery_type": "LCX", "segments": [{"pos": [[0.0, 0.0, 0.0], [-0.02958510976027467, 0.08754551112263523, 1.833948889623661], [-0.0542393678938369, 0.16050010372483123, 3.6678977792473226], [-0.07396277440068667, 0.21886377780658806, 5.501846668870984], [-0.08875532928082402, 0.26263653336790566, 7.335795558494645], [-0.09861703253424892, 0.2918183704087841, 9.169744448118307], [-0.10354788416096135, 0.30640928892922326, 11.003693337741968], [-0.10354788416096135, 0.30640928892922326, 12.837642227365631], [-0.0986170325342489, 0.29181837040878406, 14.67159111698929], [-0.08875532928082402, 0.26263653336790566, 16.50554000661295], [-0.07396277440068667, 0.21886377780658806, 18.339488896236613], [-0.05423936789383686, 0.16050010372483114, 20.173437785860276], [-0.029585109760274654, 0.08754551112263517, 22.00738667548394], [0.0, 0.0, 23.841335565107595]], "radius": [1.9401774181753013, 1.9401774181753013, 1.8080614265272001, 1.3690354792564983, 0.8439258993117809, 0.5040147673506163, 0.5249069526020174, 0.8958091355362203, 1.4251058519725532, 1.8393518630426182, 1.9401774181753013, 1.9401774181753013, 1.9401774181753013, 1.9401774181753013], "ref_radius": [1.9401774181753013, 1.9401774181753013, 1.9401774181753013, 1.9401774181753013, 1.9401774181753013, 1.9401774181753013, 1.9401774181753013, 1.9401774181753013, 1.9401774181753013, 1.9401774181753013, 1.9401774181753013, 1.9401774181753013, 1.9401774181753013, 1.9401774181753013], "length": 23.841335565107595, "seg_id": 0, "type": "Root", "parent": null, "children": [1, 2]}, {"pos": [[0.0, 0.0, 23.841335565107595], [1.0155444485490166, -0.3128979014747555, 25.18352689859449], [2.1096670493074736, -0.5749510379076463, 26.525718232081385], [3.282367802275371, -0.7861594092986727, 27.867909565568272], [4.533646707452708, -0.9465230156478343, 29.210100899055163], [5.863503764839486, -1.0560418569551313, 30.552292232542058], [7.271938974435704, -1.1147159332205638, 31.894483566028953], [8.758952336241363, -1.1225452444441315, 33.23667489951584], [10.324543850256461, -1.079529790625835, 34.578866233002735], [11.968713516481, -0.9856695717656734, 35.92105756648963], [13.691461334914978, -0.8409645878636475, 37.26324889997652]], "radius": [1.2325163148407923, 1.2325163148407923, 1.2325163148407923, 1.2325163148407923, 1.2325163148407923, 1.2325163148407923, 1.2325163148407923, 1.2325163148407923, 1.2325163148407923, 1.2325163148407923, 1.2325163148407923], "ref_radius": [1.2325163148407923, 1.2325163148407923, 1.2325163148407923, 1.2325163148407923, 1.2325163148407923, 1.2325163148407923, 1.2325163148407923, 1.2325163148407923, 1.2325163148407923, 1.2325163148407923, 1.2325163148407923], "length": 19.191432788935916, "seg_id": 1, "type": "Side", "parent": 0, "children": []}, {"pos": [[0.0, 0.0, 23.841335565107595], [-0.05715476429760765, 0.29626994748593605, 25.685275364765577], [-0.06657468316337545, 0.5496792733605628, 27.529215164423565], [-0.028259756597303343, 0.7602279776238801, 29.37315496408155], [0.0577900154006086, 0.9279160602758881, 31.217094763739535], [0.19157463283036036, 1.0527435213165866, 33.06103456339751], [0.3730940956919522, 1.1347103607459759, 34.9049743630555], [0.6023484039853835, 1.1738165785640557, 36.74891416271348], [0.8793375577106551, 1.1700621747708262, 38.592853962371464], [1.2040615568677666, 1.1234471493662872, 40.43679376202945], [1.5765204014567173, 1.0339715023504392, 42.280733561687434], [1.9967140914775083, 0.9016352337232814, 44.12467336134542], [2.46464262693014, 0.7264383434848143, 45.968613161003404]], "radius": [1.9401774181753013, 1.9230420609479657, 1.90590670372063, 1.8887713464932945, 1.871635989265959, 1.8545006320386235, 1.8373652748112879, 1.8092916126315843, 1.5404063642603054, 1.062642579979696, 0.6122096744903487, 0.40724104826043583, 0.5396377213970245], "ref_radius": [1.9401774181753013, 1.9230420609479657, 1.90590670372063, 1.8887713464932945, 1.871635989265959, 1.8545006320386235, 1.8373652748112879, 1.8202299175839523, 1.8030945603566166, 1.785959203129281, 1.7688238459019456, 1.75168848867461, 1.7345531314472744], "length": 22.275964395536253, "seg_id": 2, "type": "Main", "parent": 0, "children": [3, 4]}, {"pos": [[2.46464262693014, 0.7264383434848143, 45.968613161003404], [3.3836346438475746, 1.0157934350754296, 47.4349237763707], [4.419618430655424, 1.2277300293258702, 48.901234391737994], [5.572593987353688, 1.3622481262361363, 50.367545007105285], [6.842561313942367, 1.4193477258062277, 51.833855622472576], [8.22952041042146, 1.3990288280361445, 53.300166237839875], [9.733471276790969, 1.3012914329258871, 54.766476853207166], [11.354413913050891, 1.1261355404754547, 56.23278746857446], [13.092348319201227, 0.873561150684848, 57.69909808394175]], "radius": [1.2392209668613938, 1.2392209668613938, 1.2392209668613938, 1.2392209668613938, 1.2392209668613938, 1.2392209668613938, 1.2392209668613938, 1.2392209668613938, 1.2392209668613938], "ref_radius": [1.2392209668613938, 1.2392209668613938, 1.2392209668613938, 1.2392209668613938, 1.2392209668613938, 1.2392209668613938, 1.2392209668613938, 1.2392209668613938, 1.2392209668613938], "length": 15.829530944699957, "seg_id": 3, "type": "Side", "parent": 2, "children": []}, {"pos": [[2.46464262693014, 0.7264383434848143, 45.968613161003404], [2.638492081594874, 0.5940199854565362, 47.80875070790914], [2.7872361541187405, 0.4783133117263657, 49.64888825481488], [2.9108748445017394, 0.3793183222943024, 51.48902580172061], [3.009408152743872, 0.2970350171603465, 53.32916334862635], [3.0828360788451366, 0.23146339632449817, 55.16930089553209], [3.131158622805534, 0.18260345978675713, 57.009438442437826], [3.154375784625064, 0.15045520754712347, 58.849575989343556], [3.1524875643037262, 0.1350186396055972, 60.68971353624929], [3.125493961841522, 0.13629375596217838, 62.52985108315504], [3.07339497723845, 0.1542805566168669, 64.36998863006076], [2.9961906104945104, 0.1889790415696629, 66.2101261769665], [2.893880861609704, 0.24038921082056616, 68.05026372387223], [2.7664657305840303, 0.3085110643695769, 69.89040127077797], [2.613945217417489, 0.39334460221669504, 71.73053881768371], [2.4363193221100805, 0.49488982436192064, 73.57067636458945], [2.2335880446618046, 0.6131467308052535, 75.41081391149518]], "radius": [0.9317886442458216, 1.3783141508504535, 1.6510170811651235, 1.6654589648214426, 1.6481393616886106, 1.6308197585557784, 1.6135001554229464, 1.5961805522901145, 1.5788609491572823, 1.5615413460244503, 1.5442217428916183, 1.526902139758786, 1.509582536625954, 1.4922629334931221, 1.47494333036029, 1.457623727227458, 1.440304124094626], "ref_radius": [1.7174177742199388, 1.7000981710871068, 1.6827785679542746, 1.6654589648214426, 1.6481393616886106, 1.6308197585557784, 1.6135001554229464, 1.5961805522901145, 1.5788609491572823, 1.5615413460244503, 1.5442217428916183, 1.526902139758786, 1.509582536625954, 1.4922629334931221, 1.47494333036029, 1.457623727227458, 1.440304124094626], "length": 29.443325325814502, "seg_id": 4, "type": "Main", "parent": 2, "children": [5, 6]}, {"pos": [[2.2335880446618046, 0.6131467308052535, 75.41081391149518], [3.5587729088535944, 0.6404731982744873, 76.80129728696568], [4.871388775885999, 0.6813302307600289, 78.19178066243617], [6.171435645759018, 0.7357178282618777, 79.58226403790665], [7.4589135184726505, 0.8036359907800342, 80.97274741337714], [8.7338223940269, 0.8850847183144985, 82.36323078884763], [9.996162272421763, 0.9800640108652704, 83.75371416431813], [11.245933153657242, 1.0885738684323498, 85.14419753978859], [12.483135037733337, 1.2106142910157371, 86.53468091525909], [13.707767924650044, 1.3461852786154318, 87.92516429072957], [14.919831814407368, 1.495286831231434, 89.31564766620006]], "radius": [0.9759223449867107, 0.9759223449867107, 0.9759223449867107, 0.9759223449867107, 0.9759223449867107, 0.9759223449867107, 0.9759223449867107, 0.9759223449867107, 0.9759223449867107, 0.9759223449867107, 0.9759223449867107],