{"case_id": "LCX_1173_bc4", "artery_type": "LCX", "segments": [{"pos": [[0.0, 0.0, 0.0], [0.22996850794500953, 0.070678349332006, 1.8096882098547495], [0.4245572454369406, 0.13048310645908798, 3.619376419709499], [0.5837662124757934, 0.17941427138124597, 5.429064629564248], [0.7075954090615678, 0.21747184409847997, 7.238752839418997], [0.7960448351942636, 0.24465582461078994, 9.048441049273746], [0.8491144908738811, 0.2609662129181759, 10.858129259128496], [0.8668043761004205, 0.26640300902063796, 12.667817468983246], [0.8491144908738812, 0.26096621291817595, 14.477505678837995], [0.7960448351942637, 0.24465582461078997, 16.28719388869274], [0.7075954090615678, 0.21747184409848, 18.096882098547493], [0.5837662124757934, 0.179414271381246, 19.906570308402245], [0.4245572454369408, 0.13048310645908803, 21.716258518256993], [0.22996850794500978, 0.07067834933200606, 23.52594672811174], [0.0, 0.0, 25.335634937966493]], "radius": [1.8716582084602225, 1.8716582084602225, 1.8716582084602225, 1.8371219349188967, 1.6403553293274378, 1.3228772415641594, 0.976039486604803, 0.6996418920244716, 0.573215684994564, 0.6331390091345301, 0.8621694006947229, 1.1944051714640536, 1.5342480996141448, 1.7839110637978073, 1.8716582084602225], "ref_radius": [1.8716582084602225, 1.8716582084602225, 1.8716582084602225, 1.8716582084602225, 1.8716582084602225, 1.8716582084602225, 1.8716582084602225, 1.8716582084602225, 1.8716582084602225, 1.8716582084602225, 1.8716582084602225, 1.8716582084602225, 1.8716582084602225, 1.8716582084602225, 1.8716582084602225], "length": 25.335634937966493, "seg_id": 0, "type": "Root", "parent": null, "children": [1, 2]}, {"pos": [[0.0, 0.0, 25.335634937966493], [1.8100168488362, -0.4001891503236448, 26.77419702035036], [3.51028054834574, -0.7124803307676292, 28.212759102734235], [5.100791098528621, -0.9368735413319533, 29.651321185118103], [6.581548499384841, -1.0733687820166171, 31.089883267501975], [7.952552750914402, -1.1219660528216207, 32.52844534988584], [9.213803853117303, -1.0826653537469637, 33.96700743226971], [10.365301805993544, -0.9554666847926465, 35.405569514653585], [11.407046609543126, -0.7403700459586688, 36.84413159703745]], "radius": [1.1776266640975526, 1.1776266640975526, 1.1776266640975526, 1.1776266640975526, 1.1776266640975526, 1.1776266640975526, 1.1776266640975526, 1.1776266640975526, 1.1776266640975526], "ref_radius": [1.1776266640975526, 1.1776266640975526, 1.1776266640975526, 1.1776266640975526, 1.1776266640975526, 1.1776266640975526, 1.1776266640975526, 1.1776266640975526, 1.1776266640975526], "length": 16.220800088438597, "seg_id": 1, "type": "Side", "parent": 0, "children": []}, {"pos": [[0.0, 0.0, 25.335634937966493], [0.05989122016962033, -0.25438076508162905, 27.127298014762328], [0.11209341882776906, -0.5069677496336116, 28.918961091558153], [0.1566065959744462, -0.7577609536559478, 30.71062416835399], [0.19343075160965173, -1.0067603771486373, 32.50228724514982], [0.2225658857333857, -1.2539660201116805, 34.29395032194565], [0.24401199834564805, -1.4993778825450772, 36.085613398741486], [0.2577690894464388, -1.742995964448827, 37.877276475537315], [0.26383715903575794, -1.9848202658229308, 39.66893955233315], [0.2622162071136055, -2.224850786667388, 41.46060262912898], [0.2529062336799815, -2.463087526982199, 43.25226570592481], [0.23590723873488587, -2.699530486767363, 45.04392878272064], [0.21121922227831863, -2.934179666022881, 46.83559185951648], [0.17884218431027982, -3.1670350647487524, 48.627254936312305], [0.13877612483076945, -3.398096682944977, 50.41891801310813], [0.09102104383978746, -3.6273645206115552, 52.21058108990397], [0.035576941337333814, -3.8548385777484877, 54.0022441666998], [-0.027556182676591406, -4.080518854355773, 55.79390724349563], [-0.09837832820198825, -4.304405350433412, 57.58557032029147]], "radius": [1.8716582084602225, 1.8545339605673994, 1.837409712674576, 1.820285464781753, 1.80316121688893, 1.7860369689961069, 1.7689127211032836, 1.7517884732104605, 1.7346642253176374, 1.7175399774248143, 1.700415729531991, 1.683291481639168, 1.666167233746345, 1.6490429858535216, 1.6319187379606985, 1.6147944900678755, 1.5976702421750524, 1.580545994282229, 1.563421746389406], "ref_radius": [1.8716582084602225, 1.8545339605673994, 1.837409712674576, 1.820285464781753, 1.80316121688893, 1.7860369689961069, 1.7689127211032836, 1.7517884732104605, 1.7346642253176374, 1.7175399774248143, 1.700415729531991, 1.683291481639168, 1.666167233746345, 1.6490429858535216, 1.6319187379606985, 1.6147944900678755, 1.5976702421750524, 1.580545994282229, 1.563421746389406], "length": 32.53607099636396, "seg_id": 2, "type": "Main", "parent": 0, "children": [3, 4]}, {"pos": [[-0.09837832820198825, -4.304405350433412, 57.58557032029147], [1.007674764613675, -4.257714741320763, 58.96270751440485], [2.1189145612015743, -4.2318811592747725, 60.33984470851823], [3.2353410615617095, -4.22690460429544, 61.71698190263161], [4.356954265694082, -4.242785076382766, 63.094119096745], [5.483754173598689, -4.279522575536752, 64.47125629085838], [6.615740785275533, -4.337117101757395, 65.84839348497177], [7.752914100724613, -4.415568655044696, 67.22553067908514], [8.89527411994593, -4.514877235398656, 68.60266787319853], [10.04282084293948, -4.635042842819275, 69.9798050673119], [11.19555426970527, -4.7760654773065525, 71.3569422614253], [12.353474400243295, -4.9379451388604885, 72.73407945553868], [13.516581234553556, -5.120681827481082, 74.11121664965205], [14.684874772636054, -5.324275543168334, 75.48835384376544], [15.858355014490785, -5.548726285922246, 76.86549103787883], [17.037021960117755, -5.794034055742815, 78.2426282319922], [18.22087560951696, -6.060198852630043, 79.61976542610559]], "radius": [0.9761507115050475, 0.9761507115050475, 0.9761507115050475, 0.9761507115050475, 0.9761507115050475, 0.9761507115050475, 0.9761507115050475, 0.9761507115050475, 0.9761507115050475, 0.9761507115050475, 0.9761507115050475, 0.9761507115050475, 0.9761507115050475, 0.9761507115050475, 0.9761507115050475, 0.9761507115050475, 0.9761507115050475], "ref_radius": [0.9761507115050475, 0.9761507115050475, 0.9761507115050475, 0.9761507115050475, 0.9761507115050475, 0.9761507115050475, 0.9761507115050475, 0.9761507115050475, 0.9761507115050475, 0.9761507115050475, 0.9761507115050475, 0.9761507115050475, 0.9761507115050475, 0.9761507115050475, 0.9761507115050475, 0.9761507115050475, 0.9761507115050475], "length": 28.708598531068528, "seg_id": 3, "type": "Side", "parent": 2, "children": []}, {"pos": [[-0.09837832820198825, -4.304405350433412, 57.58557032029147], [-0.02503705176811076, -4.614323243595938, 59.34220407841356], [0.017429184309727404, -4.911587317294507, 61.09883783653565], [0.029020380031526197, -5.196197571529117, 62.85547159465774], [0.009736535397285667, -5.468154006299769, 64.61210535277985], [-0.040422349592994206, -5.727456621606462, 66.36873911090194], [-0.12145627493931338, -5.974105417449198, 68.12537286902403], [-0.2333652406416719, -6.208100393827975, 69.88200662714613], [-0.37614924670006983, -6.429441550742794, 71.63864038526822], [-0.549808293114507, -6.638128888193655, 73.39527414339031], [-0.7543423798849835, -6.834162406180558, 75.15190790151242], [-0.9897515070114995, -7.0175421047035025, 76.9085416596345], [-1.2560356744940546, -7.188267983762488, 78.6651754177566], [-1.5531948823326494, -7.346340043357516, 80.42180917587869], [-1.8812291305272832, -7.491758283488586, 82.1784429340008], [-2.2401384190779563, -7.624522704155698, 83.93507669212288], [-2.629922747984669, -7.744633305358851, 85.69171045024498]], "radius": [1.5462974984965827, 1.5295746508709138, 1.512851803245245, 1.4961289556195763, 1.4794061079939074, 1.4626832603682385, 1.4459604127425696, 1.429237565116901, 1.412514717491232, 1.3957918698655631, 1.3790690222398942, 1.3623461746142256, 1.3456233269885567, 1.3289004793628878, 1.312177631737219, 1.2954547841115502, 1.2787319364858813],