{"case_id": "LCX_2956_bc0", "artery_type": "LCX", "segments": [{"pos": [[0.0, 0.0, 0.0], [-0.04456260103399227, 0.01654614729711365, 1.842878296351408], [-0.08275911620598565, 0.03072855926606821, 3.685756592702816], [-0.11458954551598015, 0.042547235906863684, 5.528634889054226], [-0.14005388896397572, 0.052002177219500054, 7.371513185405632], [-0.1591521465499724, 0.059093383203977334, 9.21439148175704], [-0.17188431827397016, 0.06382085386029551, 11.057269778108449], [-0.17825040413596907, 0.0661845891884546, 12.900148074459857], [-0.17825040413596907, 0.0661845891884546, 14.743026370811265], [-0.17188431827397016, 0.06382085386029551, 16.585904667162673], [-0.1591521465499724, 0.059093383203977334, 18.42878296351408], [-0.14005388896397572, 0.05200217721950006, 20.27166125986549], [-0.1145895455159801, 0.04254723590686367, 22.1145395562169], [-0.08275911620598563, 0.030728559266068205, 23.95741785256831], [-0.04456260103399226, 0.016546147297113647, 25.800296148919717], [0.0, 0.0, 27.64317444527112]], "radius": [2.4945758005077856, 2.4945758005077856, 2.4945758005077856, 2.4945758005077856, 2.4945758005077856, 2.4945758005077856, 2.4945758005077856, 2.4945758005077856, 2.4945758005077856, 2.4945758005077856, 2.4945758005077856, 2.4945758005077856, 2.4945758005077856, 2.4945758005077856, 2.4945758005077856, 2.4945758005077856], "ref_radius": [2.4945758005077856, 2.4945758005077856, 2.4945758005077856, 2.4945758005077856, 2.4945758005077856, 2.4945758005077856, 2.4945758005077856, 2.4945758005077856, 2.4945758005077856, 2.4945758005077856, 2.4945758005077856, 2.4945758005077856, 2.4945758005077856, 2.4945758005077856, 2.4945758005077856, 2.4945758005077856], "length": 27.64317444527112, "seg_id": 0, "type": "Root", "parent": null, "children": [1, 2]}, {"pos": [[0.0, 0.0, 27.64317444527112], [0.9390677203997582, 0.11497480559320418, 29.049257552499878], [1.9240422931206433, 0.21142567625524347, 30.455340659728623], [2.954923718162656, 0.28935261198611795, 31.86142376695737], [4.031711995525796, 0.3487556127858276, 33.267506874186125], [5.154407125210062, 0.38963467865437246, 34.67358998141488], [6.323009107215456, 0.41198980959175235, 36.07967308864363], [7.537517941541978, 0.4158210055979675, 37.48575619587238], [8.797933628189625, 0.4011282666730177, 38.89183930310113], [10.104256167158399, 0.3679115928169032, 40.297922410329875], [11.456485558448302, 0.31617098402962374, 41.70400551755863], [12.854621802059333, 0.2459064403111794, 43.11008862478739], [14.29866489799149, 0.15711796166157035, 44.51617173201613], [15.788614846244771, 0.04980554808079647, 45.922254839244886]], "radius": [1.8809790495951457, 1.8809790495951457, 1.8809790495951457, 1.8809790495951457, 1.8809790495951457, 1.8809790495951457, 1.8809790495951457, 1.8809790495951457, 1.8809790495951457, 1.8809790495951457, 1.8809790495951457, 1.8809790495951457, 1.8809790495951457, 1.8809790495951457], "ref_radius": [1.8809790495951457, 1.8809790495951457, 1.8809790495951457, 1.8809790495951457, 1.8809790495951457, 1.8809790495951457, 1.8809790495951457, 1.8809790495951457, 1.8809790495951457, 1.8809790495951457, 1.8809790495951457, 1.8809790495951457, 1.8809790495951457, 1.8809790495951457], "length": 24.153832395813225, "seg_id": 1, "type": "Side", "parent": 0, "children": []}, {"pos": [[0.0, 0.0, 27.64317444527112], [-0.008824098742815008, -0.2919084058555216, 29.52629965826081], [-0.022327713043088213, -0.5448485403748549, 31.4094248712505], [-0.040510842900819605, -0.7588204035579997, 33.29255008424019], [-0.0633734883160092, -0.9338239954049561, 35.17567529722989], [-0.090915649288657, -1.0698593159157241, 37.05880051021958], [-0.12313732581876295, -1.1669263650903037, 38.941925723209266], [-0.1600385179063271, -1.2250251429286947, 40.825050936198956], [-0.2016192255513495, -1.2441556494308976, 42.708176149188645], [-0.24787944875383006, -1.224317884596912, 44.59130136217834]], "radius": [2.4945758005077856, 2.4775817013997052, 2.4552611008339054, 1.9978259471393545, 1.1577413108110326, 0.5608446976682617, 0.6423987038046526, 1.324202298752076, 2.0802901122768094, 2.3416289085350632], "ref_radius": [2.4945758005077856, 2.4775817013997052, 2.4605876022916253, 2.443593503183545, 2.4265994040754646, 2.4096053049673842, 2.3926112058593043, 2.375617106751224, 2.3586230076431436, 2.3416289085350632], "length": 16.99409910808024, "seg_id": 2, "type": "Main", "parent": 0, "children": [3, 4]}, {"pos": [[-0.24787944875383006, -1.224317884596912, 44.59130136217834], [1.2021372220017694, -1.1334980113512838, 46.023875398056134], [2.6159164519270464, -1.0597244419945788, 47.45644943393395], [3.993458241022001, -1.002997176526796, 48.88902346981174], [5.334762589286633, -0.963316214947936, 50.32159750568955], [6.639829496720942, -0.9406815572579985, 51.75417154156734], [7.908658963324928, -0.9350932034569839, 53.18674557744514], [9.141250989098593, -0.9465511535448918, 54.619319613322936], [10.337605574041934, -0.9750554075217226, 56.051893649200736], [11.497722718154954, -1.020605965387476, 57.484467685078535], [12.62160242143765, -1.083202827142152, 58.917041720956334], [13.709244683890024, -1.1628459927857508, 60.34961575683413], [14.760649505512076, -1.2595354623182724, 61.78218979271193]], "radius": [1.7068351693693724, 1.7068351693693724, 1.7068351693693724, 1.7068351693693724, 1.7068351693693724, 1.7068351693693724, 1.7068351693693724, 1.7068351693693724, 1.7068351693693724, 1.7068351693693724, 1.7068351693693724, 1.7068351693693724, 1.7068351693693724], "ref_radius": [1.7068351693693724, 1.7068351693693724, 1.7068351693693724, 1.7068351693693724, 1.7068351693693724, 1.7068351693693724, 1.7068351693693724, 1.7068351693693724, 1.7068351693693724, 1.7068351693693724, 1.7068351693693724, 1.7068351693693724, 1.7068351693693724], "length": 22.82068856717238, "seg_id": 3, "type": "Side", "parent": 2, "children": []}, {"pos": [[-0.24787944875383006, -1.224317884596912, 44.59130136217834], [-0.07289720564198976, -0.8795567975616303, 46.45936026573166], [0.058502504755644835, -0.5873376492229384, 48.32741916928499], [0.1463196824390737, -0.34766043958083637, 50.195478072838306], [0.19055432740829675, -0.16052516863532454, 52.06353697639162], [0.19120643966331416, -0.025931836386402618, 53.931595879944936], [0.14827601920412575, 0.05611955716592931, 55.799654783498255], [0.06176306603073162, 0.08562901202167118, 57.667713687051574], [-0.06833241985686817, 0.06259652818082304, 59.53577259060489], [-0.24201043845867362, -0.012977894356615075, 61.40383149415821], [-0.45927098977468483, -0.14109425559064315, 63.27189039771153]], "radius": [2.3246348094269833, 2.3076228431346637, 2.290610876842344, 2.273598910550024, 2.2565869442577045, 2.239574977965385, 2.2225630116730652, 2.2055510453807456, 2.188539079088426, 2.171527112796106, 2.041876718435748], "ref_radius": [2.3246348094269833, 2.3076228431346637, 2.290610876842344, 2.273598910550024, 2.2565869442577045, 2.239574977965385, 2.2225630116730652, 2.2055510453807456, 2.188539079088426, 2.171527112796106, 2.1545151465037864], "length": 18.71316292155165, "seg_id": 4, "type": "Main", "parent": 2, "children": [5, 6]}, {"pos": [[-0.45927098977468483, -0.14109425559064315, 63.27189039771153], [0.5759445061098688, 0.06456240973325511, 64.8063731481154], [1.6174148584474997, 0.24987281722269758, 66.34085589851931], [2.6651400672382084, 0.41483696687768423, 67.87533864892319], [3.7191201324819936, 0.5594548586982151, 69.40982139932709], [4.779355054178856, 0.6837264926842901, 70.94430414973097], [5.845844832328796, 0.7876518688359093, 72.47878690013485], [6.918589466931812, 0.8712309871530727, 74.01326965053875], [7.997588957987908, 0.9344638476357805, 75.54775240094263], [9.082843305497079, 0.9773504502840322, 77.08223515134651], [10.174352509459327, 0.9998907950978283, 78.6167179017504], [11.272116569874655, 1.0020848820771684, 80.15120065215429], [12.376135486743058, 0.9839327112220528, 81.68568340255818]],