{"case_id": "LCX_3062_bc4", "artery_type": "LCX", "segments": [{"pos": [[0.0, 0.0, 0.0], [0.21092321273569828, -0.09663191670625212, 1.805248264608908], [0.39548102387943423, -0.18118484382422273, 3.6104965292178157], [0.5536734334312079, -0.2536587813539118, 5.415744793826723], [0.6855004413910193, -0.3140537292953194, 7.220993058435631], [0.7909620477588685, -0.36236968764844546, 9.02624132304454], [0.8700582525347553, -0.39860665641329, 10.831489587653447], [0.9227890557186799, -0.422764635589853, 12.636737852262355], [0.9491544573106422, -0.4348436251781345, 14.441986116871263], [0.9491544573106422, -0.4348436251781345, 16.247234381480173], [0.9227890557186799, -0.422764635589853, 18.052482646089082], [0.8700582525347553, -0.39860665641329, 19.85773091069799], [0.7909620477588686, -0.3623696876484455, 21.662979175306894], [0.6855004413910195, -0.31405372929531944, 23.4682274399158], [0.5536734334312081, -0.2536587813539119, 25.27347570452471], [0.39548102387943435, -0.18118484382422276, 27.07872396913362], [0.2109232127356983, -0.09663191670625214, 28.88397223374253], [0.0, 0.0, 30.689220498351435]], "radius": [2.677279090723495, 2.677279090723495, 2.677279090723495, 2.677279090723495, 2.6509908080024442, 2.392542755970853, 1.9285765743211867, 1.3949381406553976, 0.9478728543379573, 0.7182781354119037, 0.7733776249934641, 1.0970385987297282, 1.5944955095578164, 2.120096641267894, 2.519949857256676, 2.676981083623287, 2.677279090723495, 2.677279090723495], "ref_radius": [2.677279090723495, 2.677279090723495, 2.677279090723495, 2.677279090723495, 2.677279090723495, 2.677279090723495, 2.677279090723495, 2.677279090723495, 2.677279090723495, 2.677279090723495, 2.677279090723495, 2.677279090723495, 2.677279090723495, 2.677279090723495, 2.677279090723495, 2.677279090723495, 2.677279090723495, 2.677279090723495], "length": 30.689220498351435, "seg_id": 0, "type": "Root", "parent": null, "children": [1, 2]}, {"pos": [[0.0, 0.0, 30.689220498351435], [1.1118753159304042, 0.002076180372180516, 32.13078770822689], [2.238608835553332, 0.015637886043803992, 33.57235491810235], [3.3802005588687827, 0.04068511701487043, 35.01392212797781], [4.536650485876757, 0.07721787328537982, 36.455489337853265], [5.707958616577254, 0.12523615485533215, 37.897056547728724], [6.894124950970275, 0.1847399617247275, 39.338623757604175], [8.095149489055817, 0.2557292938935657, 40.780190967479626], [9.311032230833884, 0.338204151361847, 42.22175817735509], [10.541773176304476, 0.43216453412957123, 43.66332538723054], [11.787372325467588, 0.5376104421967383, 45.10489259710601], [13.047829678323225, 0.6545418755633484, 46.54645980698146], [14.323145234871387, 0.7829588342294016, 47.98802701685692]], "radius": [1.7508828052325236, 1.7508828052325236, 1.7508828052325236, 1.7508828052325236, 1.7508828052325236, 1.7508828052325236, 1.7508828052325236, 1.7508828052325236, 1.7508828052325236, 1.7508828052325236, 1.7508828052325236, 1.7508828052325236, 1.7508828052325236], "ref_radius": [1.7508828052325236, 1.7508828052325236, 1.7508828052325236, 1.7508828052325236, 1.7508828052325236, 1.7508828052325236, 1.7508828052325236, 1.7508828052325236, 1.7508828052325236, 1.7508828052325236, 1.7508828052325236, 1.7508828052325236, 1.7508828052325236], "length": 22.47252146333394, "seg_id": 1, "type": "Side", "parent": 0, "children": []}, {"pos": [[0.0, 0.0, 30.689220498351435], [-0.15292652224152672, -0.002403929760163942, 32.61041020195325], [-0.25104300535851837, -0.02612890288971256, 34.53159990555506], [-0.29434944935097507, -0.07117491938864584, 36.45278960915688], [-0.2828458542188965, -0.13754197925696382, 38.3739793127587], [-0.21653221996228303, -0.2252300824946665, 40.29516901636052], [-0.09540854658113457, -0.33423922910175374, 42.21635871996233], [0.08052516592454889, -0.46456941907822563, 44.13754842356414], [0.3112689175547677, -0.6162206524240824, 46.05873812716597], [0.5968227083095214, -0.7891929291393238, 47.97992783076778]], "radius": [2.677279090723495, 2.65996009586583, 2.6426411010081643, 2.625322106150499, 2.608003111292834, 2.590684116435169, 2.5733651215775035, 2.5560461267198384, 2.5387271318621734, 2.521408137004508], "ref_radius": [2.677279090723495, 2.65996009586583, 2.6426411010081643, 2.625322106150499, 2.608003111292834, 2.590684116435169, 2.5733651215775035, 2.5560461267198384, 2.5387271318621734, 2.521408137004508], "length": 17.318994857665206, "seg_id": 2, "type": "Main", "parent": 0, "children": [3, 4]}, {"pos": [[0.5968227083095214, -0.7891929291393238, 47.97992783076778], [1.7622877001483879, -0.7538654073748371, 49.42330852817842], [3.014255922018495, -0.7583678745619403, 50.866689225589035], [4.3527273739198415, -0.8027003307006336, 52.31006992299966], [5.777702055852428, -0.8868627757909171, 53.75345062041029], [7.289179967816256, -1.0108552098327903, 55.19683131782092], [8.887161109811325, -1.1746776328262538, 56.640212015231555], [10.571645481837633, -1.3783300447713072, 58.08359271264218]], "radius": [1.4709919504011646, 1.4709919504011646, 1.4709919504011646, 1.4709919504011646, 1.4709919504011646, 1.4709919504011646, 1.4709919504011646, 1.4709919504011646], "ref_radius": [1.4709919504011646, 1.4709919504011646, 1.4709919504011646, 1.4709919504011646, 1.4709919504011646, 1.4709919504011646, 1.4709919504011646, 1.4709919504011646], "length": 14.210144825072415, "seg_id": 3, "type": "Side", "parent": 2, "children": []}, {"pos": [[0.5968227083095214, -0.7891929291393238, 47.97992783076778], [0.864081341414887, -1.0186250530336673, 49.86448514386762], [1.0719308536907324, -1.2315360129220765, 51.74904245696745], [1.220371245137057, -1.427925808804551, 53.63359977006729], [1.3094025157538614, -1.6077944406810916, 55.518157083167125], [1.339024665541145, -1.7711419085516973, 57.402714396266965], [1.3092376944989084, -1.9179682124163686, 59.287271709366806], [1.2200416026271512, -2.0482733522751055, 61.17182902246664], [1.0714363899258732, -2.1620573281279083, 63.05638633556647], [0.8634220563950751, -2.2593201399747764, 64.94094364866632], [0.5959986020347562, -2.34006178781571, 66.82550096176615], [0.26916602684491736, -2.4042822716507093, 68.71005827486599]], "radius": [2.5040891421468428, 2.486759531554738, 2.469429920962634, 2.4521003103705294, 2.434770699778425, 2.4174410891863203, 2.400111478594216, 2.3827818680021116, 2.365452257410007, 2.348122646817903, 2.3307930362257983, 2.3134634256336937], "ref_radius": [2.5040891421468428, 2.486759531554738, 2.469429920962634, 2.4521003103705294, 2.434770699778425, 2.4174410891863203, 2.400111478594216, 2.3827818680021116, 2.365452257410007, 2.348122646817903, 2.3307930362257983, 2.3134634256336937], "length": 20.795532710525343, "seg_id": 4, "type": "Main", "parent": 2, "children": [5, 6]}, {"pos": [[0.26916602684491736, -2.4042822716507093, 68.71005827486599], [1.4146470661762651, -2.7563931000358877, 70.0329781753101], [2.5775012315344115, -3.081900821692298, 71.35589807575424], [3.757728522919357, -3.3808054366199394, 72.67881797619837], [4.955328940331103, -3.653106944818812, 74.00173787664251], [6.170302483769648, -3.898805346288916, 75.32465777708664], [7.402649153234989, -4.117900641030252, 76.64757767753078], [8.652368948727132, -4.310392829042819, 77.97049757797491], [9.919461870246074, -4.476281910326616, 79.29341747841904], [11.203927917791814, -4.615567884881647, 80.6163373788632], [12.505767091364355, -4.728250752707908, 81.93925727930731], [13.824979390963692, -4.8143305138054, 83.26217717975145]], "radius": [1.2045345848522402, 1.2045345848522402, 1.2045345848522402, 1.2045345848522402, 1.2045345848522402, 1.2045345848522402, 1.2045345848522402, 1.2045345848522402, 1.2045345848522402, 1.2045345848522402, 1.2045345848522402, 1.2045345848522402],