{"case_id": "LCX_1105_bc0", "artery_type": "LCX", "segments": [{"pos": [[0.0, 0.0, 0.0], [-0.09704893083493851, -0.1467970483913525, 1.8452405092580104], [-0.18115800422521855, -0.2740211569971913, 3.690481018516021], [-0.25232722017084014, -0.3816723258175165, 5.535721527774031], [-0.31055657867180325, -0.469750554852328, 7.380962037032042], [-0.3558460797281079, -0.5382558441016259, 9.226202546290052], [-0.38819572333975405, -0.58718819356541, 11.071443055548063], [-0.4076055095067418, -0.6165476032436805, 12.916683564806073], [-0.414075438229071, -0.6263340731364373, 14.761924074064083], [-0.4076055095067418, -0.6165476032436805, 16.607164583322096], [-0.38819572333975405, -0.58718819356541, 18.452405092580104], [-0.3558460797281079, -0.5382558441016259, 20.297645601838113], [-0.31055657867180325, -0.469750554852328, 22.142886111096125], [-0.25232722017084014, -0.3816723258175165, 23.988126620354137], [-0.18115800422521855, -0.2740211569971913, 25.833367129612146], [-0.09704893083493851, -0.1467970483913525, 27.678607638870158], [0.0, 0.0, 29.523848148128167]], "radius": [2.165264966245062, 2.0760872426477945, 1.699271149681945, 1.1899946259444556, 0.777441237909831, 0.6472674068421562, 0.858053690601815, 1.3149424823205067, 1.8123256341891416, 2.1263718103098523, 2.165264966245062, 2.165264966245062, 2.165264966245062, 2.165264966245062, 2.165264966245062, 2.165264966245062, 2.165264966245062], "ref_radius": [2.165264966245062, 2.165264966245062, 2.165264966245062, 2.165264966245062, 2.165264966245062, 2.165264966245062, 2.165264966245062, 2.165264966245062, 2.165264966245062, 2.165264966245062, 2.165264966245062, 2.165264966245062, 2.165264966245062, 2.165264966245062, 2.165264966245062, 2.165264966245062, 2.165264966245062], "length": 29.523848148128167, "seg_id": 0, "type": "Root", "parent": null, "children": [1, 2]}, {"pos": [[0.0, 0.0, 29.523848148128167], [0.9878609048074003, -0.12363509499216697, 30.968210259635153], [2.00136097972667, -0.24170943746289258, 32.41257237114214], [3.040500224757809, -0.3542230274121768, 33.85693448264913], [4.105278639900817, -0.46117586484001966, 35.30129659415611], [5.195696225155695, -0.5625679497464211, 36.745658705663104], [6.311752980522442, -0.6583992821313813, 38.19002081717009], [7.453448906001058, -0.7486698619949, 39.63438292867708], [8.620784001591545, -0.8333796893369774, 41.07874504018407], [9.813758267293899, -0.9125287641576134, 42.52310715169105], [11.032371703108124, -0.9861170864568081, 43.96746926319804], [12.276624309034217, -1.0541446562345613, 45.41183137470503], [13.54651608507218, -1.1166114734908734, 46.85619348621202], [14.842047031222014, -1.173517538225744, 48.300555597719004], [16.163217147483714, -1.224862850439173, 49.744917709225994], [17.510026433857284, -1.2706474101311607, 51.18927982073298], [18.882474890342728, -1.3108712173017072, 52.63364193223997]], "radius": [1.4731135705828176, 1.4731135705828176, 1.4731135705828176, 1.4731135705828176, 1.4731135705828176, 1.4731135705828176, 1.4731135705828176, 1.4731135705828176, 1.4731135705828176, 1.4731135705828176, 1.4731135705828176, 1.4731135705828176, 1.4731135705828176, 1.4731135705828176, 1.4731135705828176, 1.4731135705828176, 1.4731135705828176], "ref_radius": [1.4731135705828176, 1.4731135705828176, 1.4731135705828176, 1.4731135705828176, 1.4731135705828176, 1.4731135705828176, 1.4731135705828176, 1.4731135705828176, 1.4731135705828176, 1.4731135705828176, 1.4731135705828176, 1.4731135705828176, 1.4731135705828176, 1.4731135705828176, 1.4731135705828176, 1.4731135705828176, 1.4731135705828176], "length": 29.871873226782185, "seg_id": 1, "type": "Side", "parent": 0, "children": []}, {"pos": [[0.0, 0.0, 29.523848148128167], [-0.10009358092980379, -0.03417885541134773, 31.37935865087304], [-0.1921483498774929, -0.09299188018174848, 33.23486915361791], [-0.2761643068430673, -0.17643907431120226, 35.09037965636277], [-0.35214145182652706, -0.28452043779970904, 36.94589015910765], [-0.4200797848278721, -0.4172359706472688, 38.80140066185252], [-0.47997930584710247, -0.5745856728538817, 40.65691116459739], [-0.5318400148842182, -0.7565695444195477, 42.51242166734226], [-0.5756619119392191, -0.9631875853442664, 44.36793217008713], [-0.6114449970121054, -1.1944397956280381, 46.22344267283199], [-0.639189270102877, -1.4503261752708632, 48.07895317557687], [-0.658894731211534, -1.7308467242727417, 49.93446367832174], [-0.6705613803380762, -2.0360014426336726, 51.78997418106661], [-0.6741892174825037, -2.365790330353656, 53.645484683811475]], "radius": [2.165264966245062, 2.1479458597122236, 2.130626753179385, 2.113307646646547, 2.095662928833501, 1.9592501977297605, 1.644082219275999, 1.2372647551760219, 0.8498074877973381, 0.5855018694676675, 0.5123181689627927, 0.6442032174559451, 0.9381454771178299, 1.3070603044861842], "ref_radius": [2.165264966245062, 2.1479458597122236, 2.130626753179385, 2.113307646646547, 2.0959885401137086, 2.07866943358087, 2.061350327048032, 2.044031220515193, 2.026712113982355, 2.0093930074495168, 1.9920739009166784, 1.97475479438384, 1.9574356878510015, 1.9401165813181631], "length": 24.246749145973695, "seg_id": 2, "type": "Main", "parent": 0, "children": [3, 4]}, {"pos": [[-0.6741892174825037, -2.365790330353656, 53.645484683811475], [0.2919691193967182, -2.402107094924735, 54.97909383915498], [1.3112946553331795, -2.4512090887583815, 56.31270299449849], [2.3837873903268796, -2.5130963118545915, 57.64631214984199], [3.5094473243778195, -2.587768764213368, 58.9799213051855], [4.688274457485997, -2.6752264458347095, 60.313530460529], [5.920268789651416, -2.7754693567186166, 61.647139615872504], [7.205430320874072, -2.8884974968650887, 62.980748771216], [8.54375905115397, -3.014310866274127, 64.31435792655952], [9.935254980491106, -3.1529094649457305, 65.64796708190302], [11.379918108885478, -3.3042932928798994, 66.98157623724653], [12.877748436337093, -3.468462350076634, 68.31518539259002], [14.428745962845946, -3.645416636535934, 69.64879454793353]], "radius": [1.2142866815870395, 1.2142866815870395, 1.2142866815870395, 1.2142866815870395, 1.2142866815870395, 1.2142866815870395, 1.2142866815870395, 1.2142866815870395, 1.2142866815870395, 1.2142866815870395, 1.2142866815870395, 1.2142866815870395, 1.2142866815870395], "ref_radius": [1.2142866815870395, 1.2142866815870395, 1.2142866815870395, 1.2142866815870395, 1.2142866815870395, 1.2142866815870395, 1.2142866815870395, 1.2142866815870395, 1.2142866815870395, 1.2142866815870395, 1.2142866815870395, 1.2142866815870395, 1.2142866815870395], "length": 22.04182436078699, "seg_id": 3, "type": "Side", "parent": 2, "children": []}, {"pos": [[-0.6741892174825037, -2.365790330353656, 53.645484683811475], [-0.5334446058233154, -2.3860341320720195, 55.475944233571276], [-0.42224337998865397, -2.422612912274303, 57.30640378333108], [-0.3405855399785189, -2.4755266709605057, 59.13686333309088], [-0.2884710857929106, -2.5447754081306284, 60.967322882850674], [-0.265900017431829, -2.630359123784671, 62.79778243261048], [-0.27287233489527396, -2.7322778179226326, 64.62824198237028], [-0.30938803818324556, -2.8505314905445145, 66.45870153213008], [-0.3754471272957438, -2.9851201416503157, 68.28916108188989], [-0.4710496022327687, -3.136043771240037, 70.1196206316497], [-0.5961954629943202, -3.3033023793136773, 71.95008018140949], [-0.7508847095803984, -3.4868959658712377, 73.78053973116928], [-0.9351173419910032, -3.686824530912718, 75.6109992809291], [-1.1488933602261346, -3.903088074438118, 77.44145883068889], [-1.3922127642857929, -4.135686596447437, 79.2719183804487], [-1.6650755541699775, -4.384620096940677, 81.10237793020849], [-1.9674817298786889, -4.649888575917835, 82.9328374799683]],