{"case_id": "LCX_1503_bc3", "artery_type": "LCX", "segments": [{"pos": [[0.0, 0.0, 0.0], [0.026195145519775902, -0.1342002301395572, 1.8008935915280084], [0.04977077648757421, -0.2549804372651587, 3.6017871830560173], [0.07072689290339494, -0.36234062137680445, 5.4026807745840255], [0.08906349476723807, -0.4562807824744945, 7.203574366112035], [0.10478058207910361, -0.5368009205582288, 9.004467957640042], [0.11787815483899157, -0.6039010356280075, 10.805361549168053], [0.12835621304690195, -0.6575811276838304, 12.60625514069606], [0.1362147567028347, -0.6978411967256976, 14.40714873222407], [0.14145378580678986, -0.7246812427536089, 16.20804232375208], [0.14407330035876748, -0.7381012657675646, 18.008935915280087], [0.1440733003587675, -0.7381012657675647, 19.809829506808093], [0.14145378580678988, -0.7246812427536089, 21.610723098336102], [0.1362147567028347, -0.6978411967256976, 23.411616689864115], [0.12835621304690195, -0.6575811276838304, 25.21251028139212], [0.1178781548389916, -0.6039010356280076, 27.01340387292013], [0.10478058207910364, -0.5368009205582289, 28.81429746444814], [0.08906349476723807, -0.4562807824744945, 30.615191055976148], [0.07072689290339497, -0.3623406213768046, 32.41608464750416], [0.04977077648757427, -0.25498043726515895, 34.21697823903216], [0.026195145519775934, -0.13420023013955734, 36.017871830560175], [0.0, 0.0, 37.818765422088184]], "radius": [2.0521855600940895, 2.0521855600940895, 2.0521855600940895, 2.0521855600940895, 2.0521855600940895, 2.0521855600940895, 2.0521855600940895, 2.0521855600940895, 2.0521855600940895, 2.0521855600940895, 2.0521855600940895, 2.0521855600940895, 2.0521855600940895, 2.0521855600940895, 2.0521855600940895, 2.0521855600940895, 2.0174119882078907, 1.9072947254348018, 1.7344951879768882, 1.5191540799660304, 1.2863705515948847, 1.0632767598163626], "ref_radius": [2.0521855600940895, 2.0521855600940895, 2.0521855600940895, 2.0521855600940895, 2.0521855600940895, 2.0521855600940895, 2.0521855600940895, 2.0521855600940895, 2.0521855600940895, 2.0521855600940895, 2.0521855600940895, 2.0521855600940895, 2.0521855600940895, 2.0521855600940895, 2.0521855600940895, 2.0521855600940895, 2.0521855600940895, 2.0521855600940895, 2.0521855600940895, 2.0521855600940895, 2.0521855600940895, 2.0521855600940895], "length": 37.818765422088184, "seg_id": 0, "type": "Root", "parent": null, "children": [1, 2]}, {"pos": [[0.0, 0.0, 37.818765422088184], [1.1174079450788417, -0.370547890687167, 39.21859929315737], [2.306766002263047, -0.6765257746879958, 40.618433164226566], [3.5680741715526163, -0.9179336520024862, 42.018267035295764], [4.901332452947549, -1.0947715226306385, 43.418100906364955], [6.306540846447845, -1.2070393865724522, 44.81793477743415], [7.783699352053505, -1.2547372438279278, 46.21776864850334], [9.332807969764527, -1.237865094397065, 47.61760251957253], [10.953866699580917, -1.1564229382798643, 49.01743639064173], [12.646875541502668, -1.010410775476325, 50.41727026171092]], "radius": [1.3932684632547925, 1.3932684632547925, 1.3932684632547925, 1.3932684632547925, 1.3932684632547925, 1.3932684632547925, 1.3932684632547925, 1.3932684632547925, 1.3932684632547925, 1.3932684632547925], "ref_radius": [1.3932684632547925, 1.3932684632547925, 1.3932684632547925, 1.3932684632547925, 1.3932684632547925, 1.3932684632547925, 1.3932684632547925, 1.3932684632547925, 1.3932684632547925, 1.3932684632547925], "length": 17.879785096344268, "seg_id": 1, "type": "Side", "parent": 0, "children": []}, {"pos": [[0.0, 0.0, 37.818765422088184], [0.2985107084381591, -0.18011346181860471, 39.62814541909088], [0.5828283369894741, -0.365720534620002, 41.43752541609357], [0.8529528856539451, -0.5568212184041919, 43.24690541309627], [1.1088843544315719, -0.7534155131711742, 45.056285410098965], [1.3506227433223548, -0.955503418920949, 46.86566540710166], [1.5781680523262935, -1.1630849356535164, 48.67504540410435], [1.791520281443388, -1.3761600633688764, 50.48442540110704], [1.9906794306736386, -1.594728802067029, 52.29380539810974], [2.175645500017045, -1.818791151747974, 54.10318539511243], [2.3464184894736073, -2.0483471124117116, 55.91256539211513], [2.5029983990433253, -2.283396684058242, 57.72194538911782], [2.6453852287262, -2.5239398666875643, 59.531325386120514], [2.77357897852223, -2.7699766602996796, 61.34070538312321], [2.887579648431416, -3.0215070648945868, 63.1500853801259], [2.9873872384537576, -3.278531080472287, 64.95946537712861], [3.073001748589256, -3.5410487070327803, 66.7688453741313], [3.1444231788379096, -3.809059944576066, 68.578225371134], [3.201651529199719, -4.082564793102144, 70.38760536813669]], "radius": [0.8758754713043309, 0.7396994662235463, 0.6771626872962984, 0.6929183009794482, 0.7824595249002408, 0.9327988018880784, 1.124121544810437, 1.3322053845143194, 1.4136333720207275, 1.258083170318944, 1.113802540365421, 0.9904615410209406, 0.8959807805185448, 0.8359666354297213, 0.8133313641450115, 0.8281235336858545, 0.8775777807706627, 0.9563761334123753, 1.0570972135779684], "ref_radius": [2.0521855600940895, 2.0348279299276175, 2.0174702997611456, 2.0001126695946736, 1.9827550394282014, 1.9653974092617295, 1.9480397790952575, 1.9306821489287853, 1.9133245187623134, 1.8959668885958414, 1.8786092584293694, 1.8612516282628973, 1.8438939980964253, 1.8265363679299533, 1.8091787377634814, 1.7918211075970092, 1.7744634774305372, 1.7571058472640653, 1.7397482170975933], "length": 32.97949731629682, "seg_id": 2, "type": "Main", "parent": 0, "children": [3, 4]}, {"pos": [[3.201651529199719, -4.082564793102144, 70.38760536813669], [4.587071075573148, -4.429040628795818, 71.65103636959199], [5.986280196756775, -4.745099718318348, 72.9144673710473], [7.3992788927505995, -5.0307420616697325, 74.17789837250261], [8.826067163554622, -5.28596765884997, 75.44132937395791], [10.266645009168844, -5.510776509859065, 76.70476037541323], [11.721012429593262, -5.705168614697015, 77.96819137686853], [13.189169424827877, -5.869143973363817, 79.23162237832383], [14.671115994872691, -6.002702585859477, 80.49505337977915], [16.166852139727705, -6.10584445218399, 81.75848438123445]], "radius": [0.9259358335057232, 0.9259358335057232, 0.9259358335057232, 0.9259358335057232, 0.9259358335057232, 0.9259358335057232, 0.9259358335057232, 0.9259358335057232, 0.9259358335057232, 0.9259358335057232], "ref_radius": [0.9259358335057232, 0.9259358335057232, 0.9259358335057232, 0.9259358335057232, 0.9259358335057232, 0.9259358335057232, 0.9259358335057232, 0.9259358335057232, 0.9259358335057232, 0.9259358335057232], "length": 17.363380344293468, "seg_id": 3, "type": "Side", "parent": 2, "children": []}, {"pos": [[3.201651529199719, -4.082564793102144, 70.38760536813669], [3.3037498700500048, -4.660759101041984, 72.23289078875095], [3.442224025943304, -5.198292471592474, 74.07817620936521], [3.6170739968796144, -5.695164904753607, 75.92346162997944], [3.82829978285894, -6.15137640052539, 77.76874705059372], [4.075901383881277, -6.566926958907818, 79.61403247120796], [4.359878799946628, -6.941816579900894, 81.45931789182221], [4.680232031054993, -7.276045263504617, 83.30460331243647], [5.036961077206371, -7.569613009718987, 85.14988873305073], [5.430065938400761, -7.822519818544002, 86.99517415366498], [5.859546614638164, -8.034765689979666, 88.84045957427924], [6.325403105918582, -8.206350624025976, 90.68574499489348], [6.827635412242012, -8.337274620682933, 92.53103041550774], [7.366243533608456, -8.427537679950536, 94.37631583612199], [7.941227470017912, -8.477139801828788, 96.22160125673625]], "radius": [1.1708158204285248, 1.0228407128831272, 0.8040707792978459, 0.6253232793426051, 0.5072831590527616, 0.46238228328954945, 0.49336822603375596, 0.5931547408608797, 0.7459465502946657, 0.929465959732681, 1.1179694832140683, 1.285646769857871, 1.4099532299690547, 1.4744460572775668, 1.47384141202206],