{"case_id": "LCX_2058_bc7", "artery_type": "LCX", "segments": [{"pos": [[0.0, 0.0, 0.0], [-0.16254882115471164, -0.08583924997983508, 1.8375497285862317], [-0.3070366621811219, -0.16214080551746624, 3.675099457172463], [-0.433463523079231, -0.22890466661289352, 5.512649185758694], [-0.5418294038490388, -0.28613083326611694, 7.350198914344926], [-0.6321343044905453, -0.33381930547713645, 9.187748642931158], [-0.7043782250037504, -0.371970083245952, 11.025298371517389], [-0.7585611653886541, -0.40058316657256365, 12.86284810010362], [-0.7946831256452569, -0.4196585554569715, 14.700397828689852], [-0.8127441057735583, -0.4291962498991755, 16.537947557276084], [-0.8127441057735582, -0.42919624989917543, 18.375497285862316], [-0.7946831256452569, -0.4196585554569715, 20.21304701444855], [-0.7585611653886543, -0.4005831665725637, 22.050596743034777], [-0.7043782250037506, -0.3719700832459521, 23.888146471621006], [-0.6321343044905453, -0.33381930547713645, 25.725696200207242], [-0.5418294038490388, -0.28613083326611694, 27.563245928793474], [-0.43346352307923114, -0.2289046666128936, 29.400795657379703], [-0.30703666218112224, -0.1621408055174664, 31.238345385965932], [-0.16254882115471178, -0.08583924997983515, 33.07589511455217], [0.0, 0.0, 34.9134448431384]], "radius": [1.909328992734296, 1.885970703180332, 1.6991782925411985, 1.3782102447683682, 1.0198394168763278, 0.732115719522556, 0.6017887354673999, 0.6681524526346208, 0.9111980054784534, 1.2576464096994702, 1.6030424021734535, 1.8432480251659977, 1.909328992734296, 1.909328992734296, 1.909328992734296, 1.909328992734296, 1.909328992734296, 1.909328992734296, 1.909328992734296, 1.909328992734296], "ref_radius": [1.909328992734296, 1.909328992734296, 1.909328992734296, 1.909328992734296, 1.909328992734296, 1.909328992734296, 1.909328992734296, 1.909328992734296, 1.909328992734296, 1.909328992734296, 1.909328992734296, 1.909328992734296, 1.909328992734296, 1.909328992734296, 1.909328992734296, 1.909328992734296, 1.909328992734296, 1.909328992734296, 1.909328992734296, 1.909328992734296], "length": 34.9134448431384, "seg_id": 0, "type": "Root", "parent": null, "children": [1, 2]}, {"pos": [[0.0, 0.0, 34.9134448431384], [1.274292483216722, 0.019423740838413105, 36.45974002493473], [2.529157877901778, 0.004721615803587084, 38.006035206731056], [3.764596184055168, -0.044106375104478096, 39.55233038852738], [4.980607401676892, -0.12706023188578242, 41.098625570323705], [6.177191530766949, -0.24413995454032578, 42.64492075212003], [7.354348571325342, -0.39534554306810843, 44.19121593391636], [8.512078523352066, -0.5806769974691302, 45.737511115712685], [9.650381386847126, -0.800134317743391, 47.28380629750902], [10.769257161810518, -1.053717503890891, 48.83010147930534], [11.868705848242247, -1.3414265559116298, 50.376396661101666]], "radius": [1.4938342492155032, 1.4938342492155032, 1.4938342492155032, 1.4938342492155032, 1.4938342492155032, 1.4938342492155032, 1.4938342492155032, 1.4938342492155032, 1.4938342492155032, 1.4938342492155032, 1.4938342492155032], "ref_radius": [1.4938342492155032, 1.4938342492155032, 1.4938342492155032, 1.4938342492155032, 1.4938342492155032, 1.4938342492155032, 1.4938342492155032, 1.4938342492155032, 1.4938342492155032, 1.4938342492155032, 1.4938342492155032], "length": 19.538896658758855, "seg_id": 1, "type": "Side", "parent": 0, "children": []}, {"pos": [[0.0, 0.0, 34.9134448431384], [0.19468468175233364, -0.4858974724223982, 36.79657249898163], [0.35216112548005735, -0.9419646596658496, 38.67970015482487], [0.47242933118317104, -1.368201561730354, 40.5628278106681], [0.555489298861675, -1.7646081786159116, 42.445955466511336], [0.6013410285155688, -2.1311845103225218, 44.32908312235457], [0.6099845201448526, -2.4679305568501855, 46.2122107781978], [0.5814197737495266, -2.7748463181989016, 48.09533843404103], [0.5156467893295906, -3.051931794368672, 49.97846608988427], [0.41266556688504447, -3.299186985359494, 51.861593745727504], [0.27247610641588876, -3.5166118911713697, 53.744721401570736], [0.09507840792212277, -3.7042065118042986, 55.62784905741397], [-0.11952752859625317, -3.8619708472582803, 57.51097671325721]], "radius": [1.909328992734296, 1.8916940094770611, 1.874059026219826, 1.856424042962591, 1.838789059705356, 1.821154076448121, 1.803519093190886, 1.785884109933651, 1.768249126676416, 1.750614143419181, 1.732979160161946, 1.715344176904711, 1.697709193647476], "ref_radius": [1.909328992734296, 1.8916940094770611, 1.874059026219826, 1.856424042962591, 1.838789059705356, 1.821154076448121, 1.803519093190886, 1.785884109933651, 1.768249126676416, 1.750614143419181, 1.732979160161946, 1.715344176904711, 1.697709193647476], "length": 22.925478234405503, "seg_id": 2, "type": "Main", "parent": 0, "children": [3, 4]}, {"pos": [[-0.11952752859625317, -3.8619708472582803, 57.51097671325721], [0.9270355368883155, -3.7218660585000327, 58.95732212354131], [2.02683155372517, -3.6474035837187913, 60.40366753382542], [3.1798605219143097, -3.638583422914555, 61.85001294410954], [4.386122441455736, -3.6954055760873246, 63.296358354393654], [5.645617312349449, -3.8178700432370993, 64.74270376467776], [6.9583451345954455, -4.00597682436388, 66.18904917496187], [8.32430590819373, -4.259725919467666, 67.63539458524599], [9.7434996331443, -4.579117328548458, 69.08173999553009], [11.215926309447157, -4.9641510516062555, 70.52808540581421], [12.741585937102297, -5.414827088641058, 71.97443081609832], [14.320478516109723, -5.931145439652866, 73.42077622638243]], "radius": [0.8920599171492498, 0.8920599171492498, 0.8920599171492498, 0.8920599171492498, 0.8920599171492498, 0.8920599171492498, 0.8920599171492498, 0.8920599171492498, 0.8920599171492498, 0.8920599171492498, 0.8920599171492498, 0.8920599171492498], "ref_radius": [0.8920599171492498, 0.8920599171492498, 0.8920599171492498, 0.8920599171492498, 0.8920599171492498, 0.8920599171492498, 0.8920599171492498, 0.8920599171492498, 0.8920599171492498, 0.8920599171492498, 0.8920599171492498, 0.8920599171492498], "length": 21.58511011352029, "seg_id": 3, "type": "Side", "parent": 2, "children": []}, {"pos": [[-0.11952752859625317, -3.8619708472582803, 57.51097671325721], [0.08236179507866451, -4.231360839547953, 59.512228921075724], [0.19566270338091468, -4.5876458914470675, 61.513481128894256], [0.22037519631049743, -4.93082600295562, 63.51473333671277], [0.15649927386741252, -5.260901174073613, 65.51598554453129], [0.004034936051660165, -5.577871404801046, 67.51723775234981], [-0.2370178171367595, -5.881736695137919, 69.51848996016832], [-0.5666589856978466, -6.1724970450842305, 71.51974216798683], [-0.9848885696316018, -6.4501524546399835, 73.52099437580536], [-1.4917065689380242, -6.714702923805175, 75.52224658362388]], "radius": [1.680074210390241, 1.6617868705628498, 1.6434995307354585, 1.6252121909080672, 1.606924851080676, 1.5886375112532847, 1.5703501714258934, 1.5520628315985021, 1.5337754917711108, 1.5154881519437196], "ref_radius": [1.680074210390241, 1.6617868705628498, 1.6434995307354585, 1.6252121909080672, 1.606924851080676, 1.5886375112532847, 1.5703501714258934, 1.5520628315985021, 1.5337754917711108, 1.5154881519437196], "length": 18.28733982739128, "seg_id": 4, "type": "Main", "parent": 2, "children": [5, 6]}, {"pos": [[-1.4917065689380242, -6.714702923805175, 75.52224658362388], [0.21389524445695446, -7.167925614810136, 76.96232748118325], [1.8275857668094988, -7.54301381338413, 78.40240837874263], [3.3493649981196087, -7.8399675195271605, 79.84248927630202], [4.779232938387283, -8.058786733239224, 81.2825701738614], [6.117189587612524, -8.199471454520324, 82.72265107142078], [7.36323494579533, -8.26202168337046, 84.16273196898015], [8.5173690129357, -8.246437419789629, 85.60281286653952], [9.579591789033637, -8.152718663777835, 87.04289376409892], [10.54990327408914, -7.980865415335074, 88.48297466165829]],