{"case_id": "LCX_374_bc1", "artery_type": "LCX", "segments": [{"pos": [[0.0, 0.0, 0.0], [-0.027802267144164106, -0.12910452788556867, 1.8053978847571073], [-0.05132726241999527, -0.23834682071181906, 3.6107957695142145], [-0.0705749858274935, -0.3277268784787512, 5.416193654271321], [-0.08554543736665879, -0.3972447011863651, 7.221591539028428], [-0.09623861703749112, -0.4469002888346607, 9.026989423785535], [-0.10265452483999053, -0.47669364142363807, 10.832387308542643], [-0.10479316077415701, -0.48662475895329727, 12.63778519329975], [-0.10265452483999055, -0.4766936414236381, 14.443183078056856], [-0.09623861703749113, -0.44690028883466076, 16.24858096281396], [-0.0855454373666588, -0.3972447011863652, 18.05397884757107], [-0.07057498582749351, -0.32772687847875126, 19.85937673232818], [-0.05132726241999529, -0.23834682071181915, 21.664774617085286], [-0.027802267144164138, -0.1291045278855688, 23.47017250184239], [0.0, 0.0, 25.2755703865995]], "radius": [2.310964645612382, 2.310964645612382, 2.310964645612382, 2.310964645612382, 2.310964645612382, 2.310964645612382, 2.310964645612382, 2.293541248859107, 2.1884353824904577, 2.0019441345238858, 1.7598186202411037, 1.495492054867618, 1.2454632228298799, 1.0442566465800618, 0.9196553657886173], "ref_radius": [2.310964645612382, 2.310964645612382, 2.310964645612382, 2.310964645612382, 2.310964645612382, 2.310964645612382, 2.310964645612382, 2.310964645612382, 2.310964645612382, 2.310964645612382, 2.310964645612382, 2.310964645612382, 2.310964645612382, 2.310964645612382, 2.310964645612382], "length": 25.2755703865995, "seg_id": 0, "type": "Root", "parent": null, "children": [1, 2]}, {"pos": [[0.0, 0.0, 25.2755703865995], [1.2682297315443691, -0.016333113021909648, 26.605065156982853], [2.5331576867729506, -0.022665209192308928, 27.934559927366205], [3.794783865685745, -0.018996288511197834, 29.264054697749557], [5.053108268282752, -0.005326350978576366, 30.59354946813291], [6.308130894563972, 0.018344603405555465, 31.923044238516262], [7.5598517445294044, 0.05201657464119766, 33.25253900889961], [8.80827081817905, 0.09568956272835026, 34.582033779282966], [10.053388115512908, 0.1493635676670132, 35.911528549666315], [11.295203636530978, 0.2130385894571865, 37.24102332004966], [12.533717381233261, 0.28671462809887016, 38.570518090433026], [13.768929349619757, 0.37039168359206426, 39.900012860816375], [15.000839541690466, 0.46406975593676864, 41.22950763119972], [16.229447957445387, 0.5677488451329835, 42.55900240158307], [17.45475459688452, 0.6814289511807087, 43.88849717196643], [18.676759460007865, 0.8051100740799443, 45.21799194234978], [19.895462546815427, 0.9387922138306901, 46.54748671273313]], "radius": [1.4558687825670926, 1.4558687825670926, 1.4558687825670926, 1.4558687825670926, 1.4558687825670926, 1.4558687825670926, 1.4558687825670926, 1.4558687825670926, 1.4558687825670926, 1.4558687825670926, 1.4558687825670926, 1.4558687825670926, 1.4558687825670926, 1.4558687825670926, 1.4558687825670926, 1.4558687825670926, 1.4558687825670926], "ref_radius": [1.4558687825670926, 1.4558687825670926, 1.4558687825670926, 1.4558687825670926, 1.4558687825670926, 1.4558687825670926, 1.4558687825670926, 1.4558687825670926, 1.4558687825670926, 1.4558687825670926, 1.4558687825670926, 1.4558687825670926, 1.4558687825670926, 1.4558687825670926, 1.4558687825670926, 1.4558687825670926, 1.4558687825670926], "length": 29.14112532073041, "seg_id": 1, "type": "Side", "parent": 0, "children": []}, {"pos": [[0.0, 0.0, 25.2755703865995], [-0.08668554874534065, -0.05024216097117754, 27.157875831103826], [-0.17349923118896113, -0.07782988869258084, 29.04018127560816], [-0.26044104733086143, -0.0827631831642099, 30.92248672011248], [-0.34751099717104167, -0.06504204438606474, 32.80479216461681], [-0.43470908070950165, -0.02466647235814534, 34.68709760912114], [-0.5220352979462415, 0.038363532919548304, 36.56940305362546], [-0.6094896488812613, 0.12404797144701618, 38.45170849812979], [-0.6970721335145609, 0.23238684322425826, 40.334013942634115], [-0.7847827518461402, 0.3633801482512745, 42.21631938713844], [-0.8726215038759996, 0.5170278865280651, 44.098624831642766], [-0.9605883896041388, 0.69333005805463, 45.98093027614709], [-1.0486834090305577, 0.8922866628309689, 47.863235720651424], [-1.1369065621552565, 1.1138977008570823, 49.74554116515575], [-1.2252578489782353, 1.3581631721329699, 51.627846609660075]], "radius": [0.8888645950749727, 0.948849860057073, 1.0952300698012831, 1.304921380376169, 1.5464969448524606, 1.7846354363462764, 1.566471094574454, 1.309331058948084, 1.0821030493764443, 0.9124113649552958, 0.8199117915746372, 0.8138464345546983, 0.8920025077110649, 1.0411891112527663, 1.239144881431918], "ref_radius": [2.310964645612382, 2.2933541900547043, 2.275743734497027, 2.2581332789393493, 2.240522823381672, 2.2229123678239944, 2.2053019122663167, 2.1876914567086394, 2.1700810011509617, 2.1524705455932844, 2.1348600900356067, 2.117249634477929, 2.0996391789202518, 2.082028723362574, 2.064418267804897], "length": 26.41568333651629, "seg_id": 2, "type": "Main", "parent": 0, "children": [3, 4]}, {"pos": [[-1.2252578489782353, 1.3581631721329699, 51.627846609660075], [-0.15078092092103096, 1.6656096700745506, 52.9946145903649], [0.9683906424028459, 1.9446492354203797, 54.36138257106974], [2.1322568409933953, 2.195281868170456, 55.72815055177457], [3.3408176748506175, 2.4175075683247806, 57.0949185324794], [4.594073143974511, 2.6113263358833527, 58.46168651318422], [5.892023248365079, 2.7767381708461727, 59.828454493889055], [7.234667988022317, 2.91374307321324, 61.19522247459388], [8.622007362946231, 3.022341042984556, 62.56199045529871], [10.054041373136815, 3.1025320801601195, 63.92875843600354], [11.53077001859407, 3.1543161847399306, 65.29552641670837], [13.052193299318, 3.1776933567239896, 66.66229439741319], [14.618311215308605, 3.1726635961122964, 68.02906237811803]], "radius": [1.0718571140994793, 1.0718571140994793, 1.0718571140994793, 1.0718571140994793, 1.0718571140994793, 1.0718571140994793, 1.0718571140994793, 1.0718571140994793, 1.0718571140994793, 1.0718571140994793, 1.0718571140994793, 1.0718571140994793, 1.0718571140994793], "ref_radius": [1.0718571140994793, 1.0718571140994793, 1.0718571140994793, 1.0718571140994793, 1.0718571140994793, 1.0718571140994793, 1.0718571140994793, 1.0718571140994793, 1.0718571140994793, 1.0718571140994793, 1.0718571140994793, 1.0718571140994793, 1.0718571140994793], "length": 22.875991151575526, "seg_id": 3, "type": "Side", "parent": 2, "children": []}, {"pos": [[-1.2252578489782353, 1.3581631721329699, 51.627846609660075], [-0.9466541657962367, 1.6295318012492592, 53.41013026272909], [-0.700326163780373, 1.9137664954034896, 55.19241391579811], [-0.4862738429306434, 2.21086725459566, 56.974697568867114], [-0.30449720324704876, 2.520834078825771, 58.75698122193613], [-0.1549962447295888, 2.843666968093822, 60.539264875005145], [-0.03777096737826328, 3.179365922399813, 62.32154852807415], [0.04717862880692747, 3.5279309417437457, 64.10383218114318], [0.0998525438259835, 3.889362026125618, 65.88611583421219], [0.12025077767890506, 4.26365917554543, 67.66839948728119], [0.10837333036569194, 4.650822390003183, 69.45068314035021], [0.06422020188634411, 5.050851669498877, 71.23296679341922], [-0.012208607759138235, 5.463747014032511, 73.01525044648824], [-0.12091309857075525, 5.889508423604085, 74.79753409955725], [-0.2618932705485071, 6.328135898213601, 76.57981775262627]], "radius": [1.4576029111024162, 1.3584801393273631, 1.1035153235580686, 0.8746561520279124, 0.6966203376580835, 0.587836971044533, 0.5584199728031212, 0.6091388739812806, 0.7314895743130423, 0.9088382674697694, 1.118487534489785, 1.3344090622381382, 1.5303143880201484, 1.6827014820900246, 1.7735240996011452],