{"case_id": "LCX_318_bc1", "artery_type": "LCX", "segments": [{"pos": [[0.0, 0.0, 0.0], [-0.1439769634154082, 0.18589820205681667, 1.8255685864581561], [-0.2710154605466507, 0.3499260274010667, 3.651137172916312], [-0.3811154913937276, 0.4920834760327501, 5.476705759374468], [-0.4742770559566387, 0.6123705479518667, 7.302274345832624], [-0.5505001542353843, 0.7107872431584168, 9.12784293229078], [-0.6097847862299641, 0.7873335616524002, 10.953411518748936], [-0.6521309519403783, 0.8420095034338169, 12.77898010520709], [-0.6775386513666267, 0.8748150685026668, 14.604548691665247], [-0.6860078845087096, 0.8857502568589501, 16.430117278123404], [-0.6775386513666267, 0.8748150685026668, 18.25568586458156], [-0.6521309519403783, 0.8420095034338169, 20.081254451039715], [-0.6097847862299641, 0.7873335616524002, 21.906823037497873], [-0.5505001542353843, 0.7107872431584168, 23.732391623956026], [-0.4742770559566389, 0.612370547951867, 25.55796021041418], [-0.38111549139372775, 0.4920834760327503, 27.383528796872337], [-0.2710154605466508, 0.3499260274010669, 29.209097383330494], [-0.14397696341540828, 0.18589820205681679, 31.03466596978865], [0.0, 0.0, 32.86023455624681]], "radius": [2.1390240369834816, 2.1390240369834816, 2.1390240369834816, 2.1390240369834816, 2.1390240369834816, 2.1390240369834816, 2.1390240369834816, 2.1390240369834816, 2.1390240369834816, 2.1390240369834816, 2.1390240369834816, 2.1390240369834816, 2.1390240369834816, 2.1390240369834816, 2.1390240369834816, 2.1390240369834816, 2.1390240369834816, 2.1390240369834816, 2.1390240369834816], "ref_radius": [2.1390240369834816, 2.1390240369834816, 2.1390240369834816, 2.1390240369834816, 2.1390240369834816, 2.1390240369834816, 2.1390240369834816, 2.1390240369834816, 2.1390240369834816, 2.1390240369834816, 2.1390240369834816, 2.1390240369834816, 2.1390240369834816, 2.1390240369834816, 2.1390240369834816, 2.1390240369834816, 2.1390240369834816, 2.1390240369834816, 2.1390240369834816], "length": 32.86023455624681, "seg_id": 0, "type": "Root", "parent": null, "children": [1, 2]}, {"pos": [[0.0, 0.0, 32.86023455624681], [1.2338454840053918, 0.08110615851198134, 34.272008774887425], [2.450421104280189, 0.15205793469022832, 35.68378299352805], [3.6497268608243916, 0.21285532853474098, 37.095557212168664], [4.831762753638, 0.2634983400455193, 38.50733143080929], [5.996528782721014, 0.30398696922256324, 39.9191056494499], [7.144024948073433, 0.3343212160658729, 41.330879868090506], [8.27425124969526, 0.35450108057544827, 42.742654086731136], [9.38720768758649, 0.3645265627512892, 44.15442830537175], [10.482894261747125, 0.36439766259339584, 45.56620252401237], [11.561310972177168, 0.35411438010176816, 46.977976742652984], [12.622457818876615, 0.3336767152764061, 48.3897509612936], [13.66633480184547, 0.3030846681173097, 49.80152517993422], [14.692941921083726, 0.262338238624479, 51.21329939857484], [15.702279176591391, 0.2114374267979139, 52.625073617215456]], "radius": [1.5182733310675252, 1.5182733310675252, 1.5182733310675252, 1.5182733310675252, 1.5182733310675252, 1.5182733310675252, 1.5182733310675252, 1.5182733310675252, 1.5182733310675252, 1.5182733310675252, 1.5182733310675252, 1.5182733310675252, 1.5182733310675252, 1.5182733310675252, 1.5182733310675252], "ref_radius": [1.5182733310675252, 1.5182733310675252, 1.5182733310675252, 1.5182733310675252, 1.5182733310675252, 1.5182733310675252, 1.5182733310675252, 1.5182733310675252, 1.5182733310675252, 1.5182733310675252, 1.5182733310675252, 1.5182733310675252, 1.5182733310675252, 1.5182733310675252, 1.5182733310675252], "length": 25.243912934231464, "seg_id": 1, "type": "Side", "parent": 0, "children": []}, {"pos": [[0.0, 0.0, 32.86023455624681], [0.2595412597419082, -0.025731786739302483, 34.67410493759673], [0.5111498277726559, -0.03326286786725952, 36.487975318946646], [0.754825704092243, -0.0225932433838711, 38.30184570029657], [0.9905688887006693, 0.006277086710862759, 40.11571608164648], [1.2183793815979351, 0.053348122416942076, 41.9295864629964], [1.43825718278404, 0.11861986373436692, 43.743456844346305], [1.6502022922589845, 0.20209231066313713, 45.55732722569623], [1.8542147100227684, 0.3037654632032527, 47.37119760704614], [2.0502944360753914, 0.4236393213547138, 49.18506798839606], [2.2384414704168543, 0.5617138851175204, 50.99893836974598], [2.418655813047156, 0.7179891544916723, 52.81280875109589], [2.5909374639662976, 0.8924651294771702, 54.626679132445815], [2.7552864231742777, 1.085141810074013, 56.44054951379572], [2.911702690671098, 1.2960191962822014, 58.254419895145645], [3.0601862664567574, 1.525097288101735, 60.06829027649556]], "radius": [2.1390240369834816, 2.1218852542338076, 2.1047464714841335, 2.0801929661879868, 1.8746113206982356, 1.4723326487592754, 0.9938081591803123, 0.580286898889018, 0.3512347181796496, 0.3689774121101774, 0.6210291280000926, 1.0250975341175956, 1.4548838409873144, 1.7786018071179341, 1.8984700731431583, 1.8819422957383702], "ref_radius": [2.1390240369834816, 2.1218852542338076, 2.1047464714841335, 2.0876076887344595, 2.0704689059847854, 2.0533301232351113, 2.0361913404854373, 2.019052557735763, 2.001913774986089, 1.9847749922364148, 1.9676362094867408, 1.9504974267370667, 1.9333586439873927, 1.9162198612377184, 1.8990810784880443, 1.8819422957383702], "length": 27.42205239947854, "seg_id": 2, "type": "Main", "parent": 0, "children": [3, 4]}, {"pos": [[3.0601862664567574, 1.525097288101735, 60.06829027649556], [4.438453340893472, 1.650349014093532, 61.455998095681856], [5.780345254024665, 1.7691145997934679, 62.843705914868174], [7.085862005850338, 1.8813940452015414, 64.23141373405447], [8.355003596370489, 1.9871873503177535, 65.61912155324077], [9.587770025585119, 2.0864945151421033, 67.00682937242708], [10.784161293494229, 2.1793155396745916, 68.39453719161338], [11.944177400097814, 2.265650423915218, 69.78224501079968], [13.067818345395885, 2.3454991678639825, 71.16995282998599], [14.155084129388431, 2.4188617715208856, 72.55766064917228], [15.205974752075456, 2.4857382348859267, 73.9453684683586], [16.22049021345696, 2.5461285579591055, 75.33307628754488], [17.198630513532944, 2.6000327407404233, 76.72078410673119]], "radius": [1.2446413395187033, 1.2446413395187033, 1.2446413395187033, 1.2446413395187033, 1.2446413395187033, 1.2446413395187033, 1.2446413395187033, 1.2446413395187033, 1.2446413395187033, 1.2446413395187033, 1.2446413395187033, 1.2446413395187033, 1.2446413395187033], "ref_radius": [1.2446413395187033, 1.2446413395187033, 1.2446413395187033, 1.2446413395187033, 1.2446413395187033, 1.2446413395187033, 1.2446413395187033, 1.2446413395187033, 1.2446413395187033, 1.2446413395187033, 1.2446413395187033, 1.2446413395187033, 1.2446413395187033], "length": 21.871365817457697, "seg_id": 3, "type": "Side", "parent": 2, "children": []}, {"pos": [[3.0601862664567574, 1.525097288101735, 60.06829027649556], [3.3916459969056305, 1.5336774593075693, 61.89623171509748], [3.685871597614694, 1.5647577915910138, 63.72417315369939], [3.942863068583947, 1.618338284952069, 65.55211459230131], [4.162620409813392, 1.6944189393907356, 67.38005603090322], [4.345143621303026, 1.7929997549070125, 69.20799746950516], [4.490432703052851, 1.9140807315008999, 71.03593890810706], [4.598487655062867, 2.0576618691723985, 72.86388034670898], [4.669308477333073, 2.223743167921507, 74.6918217853109], [4.702895169863469, 2.412324627748227, 76.5197632239128], [4.6992477326540545, 2.6234062486525573, 78.34770466251473], [4.658366165704832, 2.8569880306344992, 80.17564610111666], [4.5802504690158, 3.1130699736940506, 82.00358753971857], [4.464900642586957, 3.391652077831213, 83.83152897832048]], "radius": [1.8648035129886962, 1.8477479500853577, 1.8306923871820193, 1.813636824278681, 1.7965812613753425, 1.779525698472004, 1.7624701355686656, 1.7454145726653272, 1.7283590097619888, 1.7113034468586503, 1.6860985572537992, 1.5161947668350073, 1.199893989118964, 0.831438975877714],