{"case_id": "LCX_221_bc3", "artery_type": "LCX", "segments": [{"pos": [[0.0, 0.0, 0.0], [-0.1056020964638541, 0.1335599183578739, 1.8701170524293835], [-0.19712391339919433, 0.2493118476013646, 3.740234104858767], [-0.27456545080602063, 0.34725578773047217, 5.61035115728815], [-0.3379267086843331, 0.4273917387451965, 7.480468209717534], [-0.38720768703413166, 0.48971970064553766, 9.350585262146918], [-0.4224083858554164, 0.5342396734314956, 11.2207023145763], [-0.4435288051481872, 0.5609516571030704, 13.090819367005686], [-0.45056894491244415, 0.569855651660262, 14.960936419435068], [-0.4435288051481872, 0.5609516571030704, 16.83105347186445], [-0.4224083858554164, 0.5342396734314956, 18.701170524293836], [-0.38720768703413166, 0.48971970064553766, 20.57128757672322], [-0.3379267086843331, 0.4273917387451965, 22.4414046291526], [-0.27456545080602063, 0.34725578773047217, 24.311521681581986], [-0.19712391339919433, 0.2493118476013646, 26.18163873401137], [-0.1056020964638541, 0.1335599183578739, 28.051755786440754], [0.0, 0.0, 29.921872838870136]], "radius": [2.3520314342344557, 2.3520314342344557, 2.3486771172296557, 2.288971047587025, 2.160292500673377, 1.9757569086055717, 1.75417287692789, 1.5181251363149713, 1.2916726164998713, 1.0978962639384118, 0.9565465394403354, 0.8820303722168918, 0.8819427480389694, 0.9562925979132115, 1.097501887798102, 1.291178002139798, 1.517580696808791], "ref_radius": [2.3520314342344557, 2.3520314342344557, 2.3520314342344557, 2.3520314342344557, 2.3520314342344557, 2.3520314342344557, 2.3520314342344557, 2.3520314342344557, 2.3520314342344557, 2.3520314342344557, 2.3520314342344557, 2.3520314342344557, 2.3520314342344557, 2.3520314342344557, 2.3520314342344557, 2.3520314342344557, 2.3520314342344557], "length": 29.921872838870136, "seg_id": 0, "type": "Root", "parent": null, "children": [1, 2]}, {"pos": [[0.0, 0.0, 29.921872838870136], [0.8369242070653241, -0.139466226104235, 31.419084612641452], [1.7141248060441427, -0.2761362840524377, 32.916296386412775], [2.631601796936456, -0.410010173844608, 34.41350816018409], [3.589355179742263, -0.541087895480746, 35.91071993395541], [4.587384954461564, -0.6693694489608515, 37.407931707726725], [5.625691121094361, -0.7948548342849249, 38.905143481498044], [6.70427367964065, -0.9175440514529657, 40.40235525526936], [7.823132630100435, -1.0374371004649745, 41.89956702904068], [8.982267972473714, -1.1545339813209508, 43.396778802811994], [10.181679706760487, -1.2688346940208945, 44.89399057658331], [11.421367832960755, -1.3803392385648061, 46.39120235035463], [12.701332351074518, -1.4890476149526854, 47.88841412412595]], "radius": [1.4891131168459948, 1.4891131168459948, 1.4891131168459948, 1.4891131168459948, 1.4891131168459948, 1.4891131168459948, 1.4891131168459948, 1.4891131168459948, 1.4891131168459948, 1.4891131168459948, 1.4891131168459948, 1.4891131168459948, 1.4891131168459948], "ref_radius": [1.4891131168459948, 1.4891131168459948, 1.4891131168459948, 1.4891131168459948, 1.4891131168459948, 1.4891131168459948, 1.4891131168459948, 1.4891131168459948, 1.4891131168459948, 1.4891131168459948, 1.4891131168459948, 1.4891131168459948, 1.4891131168459948], "length": 22.053065819673463, "seg_id": 1, "type": "Side", "parent": 0, "children": []}, {"pos": [[0.0, 0.0, 29.921872838870136], [-0.33045861237352664, -0.197990223242736, 31.72617181744531], [-0.6162734284718503, -0.4202086770665454, 33.530470796020495], [-0.8574444482949707, -0.6666553614714281, 35.334769774595664], [-1.053971671842888, -0.9373302764573843, 37.13906875317085], [-1.205855099115602, -1.2322334220244135, 38.94336773174602], [-1.313094730113113, -1.5513647981725165, 40.7476667103212], [-1.3756905648354207, -1.8947244049016922, 42.551965688896374], [-1.3936426032825255, -2.262312242211942, 44.35626466747155], [-1.366950845454427, -2.654128310103265, 46.160563646046725], [-1.2956152913511252, -3.070172608575661, 47.9648626246219], [-1.1796359409726205, -3.510445137629131, 49.76916160319707], [-1.0190127943189125, -3.974945897263674, 51.57346058177225]], "radius": [1.634250891705363, 1.3832870272748137, 1.1532106057508675, 0.9648096697710986, 0.8345485779588833, 0.7730396255438394, 0.7841028936967678, 0.8644968796962349, 1.0043362384244816, 1.1881461089153103, 1.1589565297808915, 0.9352890306943502, 0.7743953621736466], "ref_radius": [2.3520314342344557, 2.3350798876615655, 2.3181283410886753, 2.3011767945157846, 2.2842252479428944, 2.267273701370004, 2.250322154797114, 2.2333706082242237, 2.2164190616513335, 2.1994675150784433, 2.1825159685055526, 2.1655644219326624, 2.148612875359772], "length": 22.03701054475738, "seg_id": 2, "type": "Main", "parent": 0, "children": [3, 4]}, {"pos": [[-1.0190127943189125, -3.974945897263674, 51.57346058177225], [0.09577680875600181, -3.966594029323873, 52.93886251699727], [1.263727578904264, -4.028159480656386, 54.304264452222284], [2.4848395161258736, -4.159642251261213, 55.66966638744728], [3.75911262042083, -4.361042341138356, 57.03506832267229], [5.086546891789133, -4.632359750287813, 58.4004702578973], [6.4671423302307876, -4.973594478709584, 59.765872193122306], [7.900898935745786, -5.384746526403672, 61.131274128347314], [9.387816708334134, -5.8658158933700735, 62.49667606357233], [10.927895647995829, -6.416802579608788, 63.86207799879733], [12.521135754730869, -7.037706585119819, 65.22747993402234]], "radius": [1.4480538708890034, 1.4480538708890034, 1.4480538708890034, 1.4480538708890034, 1.4480538708890034, 1.4480538708890034, 1.4480538708890034, 1.4480538708890034, 1.4480538708890034, 1.4480538708890034, 1.4480538708890034], "ref_radius": [1.4480538708890034, 1.4480538708890034, 1.4480538708890034, 1.4480538708890034, 1.4480538708890034, 1.4480538708890034, 1.4480538708890034, 1.4480538708890034, 1.4480538708890034, 1.4480538708890034, 1.4480538708890034], "length": 19.471732594533847, "seg_id": 3, "type": "Side", "parent": 2, "children": []}, {"pos": [[-1.0190127943189125, -3.974945897263674, 51.57346058177225], [-0.8078562126683912, -4.574256857349479, 53.26355082308759], [-0.605489444032049, -5.158301076514827, 54.953641064402944], [-0.41191248840988504, -5.727078554759719, 56.643731305718305], [-0.22712534580189964, -6.2805892920841515, 58.33382154703364], [-0.05112801620809283, -6.818833288488127, 60.02391178834898], [0.11607950037153525, -7.341810543971647, 61.71400202966433], [0.27449720393698485, -7.84952105853471, 63.40409227097969], [0.42412509448825586, -8.341964832177315, 65.09418251229503], [0.5649631720253483, -8.81914186489946, 66.78427275361037], [0.6970114365482621, -9.28105215670115, 68.47436299492571], [0.8202698880569974, -9.727695707582384, 70.16445323624107], [0.9347385265515542, -10.159072517543159, 71.85454347755642], [1.0404173520319324, -10.57518258658348, 73.54463371887175], [1.1373063644981318, -10.97602591470334, 75.23472396018711], [1.2254055639501527, -11.361602501902743, 76.92481420150246], [1.3047149503879951, -11.731912348181691, 78.61490444281779], [1.375234523811659, -12.08695545354018, 80.30499468413315], [1.4369642842211443, -12.426731817978213, 81.9950849254485], [1.4899042316164508, -12.751241441495786, 83.68517516676384], [1.534054365997579, -13.060484324092904, 85.37526540807919], [1.5694146873645285, -13.354460465769566, 87.06535564939453]], "radius": [0.6932429035619563, 0.699038652863718, 0.7883244960135534, 0.9477564844577564, 1.1557833185066992, 1.38536480409967, 1.6073074553818363, 1.7938059791575802, 1.9217610360422386, 1.9754774439994014, 1.964381816457851, 1.947653865224948, 1.930925913992045, 1.9141979627591417, 1.8974700115262386, 1.8807420602933356, 1.8640141090604325, 1.8472861578275293, 1.8305582065946262, 1.8138302553617232, 1.79710230412882, 1.780374352895917],