{"case_id": "LCX_1679_bc2", "artery_type": "LCX", "segments": [{"pos": [[0.0, 0.0, 0.0], [-0.014487509518410713, 0.21777160671397255, 1.8335914385156757], [-0.027164080347020083, 0.4083217625886985, 3.667182877031351], [-0.038029712485828114, 0.5716504676241779, 5.500774315547027], [-0.04708440593483481, 0.7077577218204107, 7.334365754062702], [-0.054328160694040166, 0.816643525177397, 9.167957192578378], [-0.05976097676344419, 0.8983078776951369, 11.001548631094053], [-0.06338285414304687, 0.95275077937363, 12.835140069609729], [-0.06519379283284821, 0.9799722302128765, 14.668731508125406], [-0.06519379283284821, 0.9799722302128765, 16.502322946641083], [-0.06338285414304687, 0.95275077937363, 18.33591438515676], [-0.05976097676344419, 0.8983078776951369, 20.169505823672434], [-0.05432816069404017, 0.8166435251773971, 22.003097262188106], [-0.04708440593483482, 0.707757721820411, 23.83668870070378], [-0.03802971248582813, 0.5716504676241781, 25.670280139219457], [-0.02716408034702009, 0.4083217625886986, 27.503871577735133], [-0.014487509518410715, 0.21777160671397258, 29.337463016250812], [0.0, 0.0, 31.171054454766487]], "radius": [2.5731927871520863, 2.5731927871520863, 2.5731927871520863, 2.5731927871520863, 2.5731927871520863, 2.5731927871520863, 2.5731927871520863, 2.5731927871520863, 2.5731927871520863, 2.5731927871520863, 2.5731927871520863, 2.564824904861271, 2.495169712541992, 2.361647712409076, 2.1780045662583474, 1.9631457471623803, 1.7391902816351823, 1.5291936667738522], "ref_radius": [2.5731927871520863, 2.5731927871520863, 2.5731927871520863, 2.5731927871520863, 2.5731927871520863, 2.5731927871520863, 2.5731927871520863, 2.5731927871520863, 2.5731927871520863, 2.5731927871520863, 2.5731927871520863, 2.5731927871520863, 2.5731927871520863, 2.5731927871520863, 2.5731927871520863, 2.5731927871520863, 2.5731927871520863, 2.5731927871520863], "length": 31.171054454766487, "seg_id": 0, "type": "Root", "parent": null, "children": [1, 2]}, {"pos": [[0.0, 0.0, 31.171054454766487], [1.0508114858225541, -0.15651571543202897, 32.57639094231425], [2.197899198115096, -0.2640571854581326, 33.98172742986201], [3.4412631368776267, -0.322624410078311, 35.387063917409776], [4.7809033021101435, -0.332217389292564, 36.79240040495753], [6.21681969381265, -0.29283612310089174, 38.19773689250529], [7.749012311985144, -0.20448061150329422, 39.603073380053054], [9.377481156627624, -0.06715085449977148, 41.00840986760081], [11.102226227740095, 0.1191531479096768, 42.41374635514858], [12.923247525322553, 0.35443139572505034, 43.81908284269634]], "radius": [1.6029028879282867, 1.6029028879282867, 1.6029028879282867, 1.6029028879282867, 1.6029028879282867, 1.6029028879282867, 1.6029028879282867, 1.6029028879282867, 1.6029028879282867, 1.6029028879282867], "ref_radius": [1.6029028879282867, 1.6029028879282867, 1.6029028879282867, 1.6029028879282867, 1.6029028879282867, 1.6029028879282867, 1.6029028879282867, 1.6029028879282867, 1.6029028879282867, 1.6029028879282867], "length": 18.086143047010065, "seg_id": 1, "type": "Side", "parent": 0, "children": []}, {"pos": [[0.0, 0.0, 31.171054454766487], [-0.3271485949197439, 0.47862348929034126, 33.16256140390422], [-0.5712000223333414, 0.8333655605070873, 35.15406835304195], [-0.7321542822407925, 1.0642262136502383, 37.14557530217968], [-0.8100113746420972, 1.171205448719794, 39.137082251317416], [-0.8047712995372556, 1.1543032657157546, 41.12858920045515], [-0.7164340569262675, 1.01351966463812, 43.12009614959288], [-0.5449996468091329, 0.7488546454868902, 45.11160309873061], [-0.29046806918585205, 0.3603082082620652, 47.10311004786835]], "radius": [1.3547743807563555, 1.2253962122914561, 1.1627519080826503, 1.1710150955810603, 1.24703264821768, 1.3807495736407844, 1.316851105888669, 1.1131821548160044, 0.9445812220927401], "ref_radius": [2.5731927871520863, 2.55548303573607, 2.537773284320054, 2.5200635329040373, 2.502353781488021, 2.4846440300720043, 2.4669342786559882, 2.4492245272399717, 2.4315147758239553], "length": 15.938776274414728, "seg_id": 2, "type": "Main", "parent": 0, "children": [3, 4]}, {"pos": [[-0.29046806918585205, 0.3603082082620652, 47.10311004786835], [0.9596912772366959, 0.49020164109403225, 48.544037683231196], [2.19938719317128, 0.5939587382244095, 49.98496531859404], [3.4286196786179004, 0.6715794996531969, 51.425892953956875], [4.647388733576557, 0.7230639253803943, 52.86682058931973], [5.85569435804725, 0.748412015406002, 54.30774822468257], [7.053536552029979, 0.7476237697300198, 55.74867586004541], [8.240915315524747, 0.7206991883524478, 57.189603495408264], [9.417830648531549, 0.667638271273286, 58.630531130771104], [10.584282551050388, 0.5884410184925343, 60.071458766133944], [11.740271023081263, 0.48310743001019285, 61.51238640149679], [12.885796064624177, 0.3516375058262614, 62.95331403685964], [14.020857675679123, 0.1940312459407402, 64.39424167222248], [15.145455856246109, 0.010288650353629247, 65.83516930758533], [16.25959060632513, -0.19959028093507192, 67.27609694294817]], "radius": [1.2128034183923804, 1.2128034183923804, 1.2128034183923804, 1.2128034183923804, 1.2128034183923804, 1.2128034183923804, 1.2128034183923804, 1.2128034183923804, 1.2128034183923804, 1.2128034183923804, 1.2128034183923804, 1.2128034183923804, 1.2128034183923804, 1.2128034183923804, 1.2128034183923804], "ref_radius": [1.2128034183923804, 1.2128034183923804, 1.2128034183923804, 1.2128034183923804, 1.2128034183923804, 1.2128034183923804, 1.2128034183923804, 1.2128034183923804, 1.2128034183923804, 1.2128034183923804, 1.2128034183923804, 1.2128034183923804, 1.2128034183923804, 1.2128034183923804, 1.2128034183923804], "length": 26.09918253030397, "seg_id": 3, "type": "Side", "parent": 2, "children": []}, {"pos": [[-0.29046806918585205, 0.3603082082620652, 47.10311004786835], [0.16272538613996548, 0.5144585973360319, 48.933139496851574], [0.5700539490861898, 0.6238942066834428, 50.76316894583483], [0.9315176196528205, 0.6886150363042973, 52.59319839481806], [1.247116397839858, 0.7086210861985958, 54.42322784380131], [1.5168502836473023, 0.6839123563663381, 56.25325729278453], [1.740719277075153, 0.6144888468075242, 58.083286741767765], [1.9187233781234103, 0.5003505575221545, 59.913316190751], [2.050862586792075, 0.3414974885102285, 61.743345639734244], [2.1371369030811453, 0.13792963977174638, 63.57337508871748], [2.177546326990623, -0.11035298869329158, 65.40340453770071], [2.172090858520507, -0.40335039688488594, 67.23343398668395], [2.1207704976707977, -0.7410625848030366, 69.06346343566719]], "radius": [0.8209722024606259, 0.7493606608543277, 0.732768647911274, 0.7707823897374677, 0.8593620035289469, 0.991161814078608, 1.1560667026900913, 1.3419056208412872, 1.081246564414873, 0.898699877726093, 0.8328640628506496, 0.8914917611694517, 1.0603739560692698], "ref_radius": [2.413805024407939, 2.3967898169744632, 2.3797746095409873, 2.3627594021075113, 2.3457441946740354, 2.3287289872405594, 2.3117137798070835, 2.294698572373608, 2.277683364940132, 2.260668157506656, 2.24365295007318, 2.226637742639704, 2.209622535206228], "length": 22.119769663518692, "seg_id": 4, "type": "Main", "parent": 2, "children": [5, 6]}, {"pos": [[2.1207704976707977, -0.7410625848030366, 69.06346343566719], [3.7748094243643444, -0.558887771697096, 70.33860273692731], [5.3643784471582086, -0.40757467929848684, 71.61374203818745], [6.889477566052388, -0.2871233076072086, 72.88888133944758], [8.350106781046886, -0.19753365662326183, 74.1640206407077], [9.746266092141699, -0.13880572634664623, 75.43915994196783], [11.07795549933683, -0.11093951677736184, 76.71429924322796], [12.345175002632278, -0.11393502791540878, 77.9894385444881], [13.547924602028045, -0.14779225976078691, 79.26457784574822], [14.686204297524126, -0.2125112123134963, 80.53971714700836], [15.760014089120524, -0.30809188557353684, 81.81485644826849]],