{"case_id": "LCX_2055_bc6", "artery_type": "LCX", "segments": [{"pos": [[0.0, 0.0, 0.0], [0.1144172194542553, 0.13630757318400663, 1.870879937473767], [0.21357880964794324, 0.25444080327681234, 3.741759874947534], [0.29748477058106376, 0.3543996902784172, 5.6126398124213015], [0.36613510225361695, 0.4361842341888212, 7.483519749895068], [0.41952980466560275, 0.4997944350080243, 9.354399687368835], [0.4576688778170212, 0.5452302927360265, 11.225279624842603], [0.48055232170787227, 0.5724918073728278, 13.09615956231637], [0.48818013633815593, 0.5815789789184282, 14.967039499790136], [0.48055232170787227, 0.5724918073728278, 16.837919437263903], [0.4576688778170212, 0.5452302927360265, 18.708799374737673], [0.41952980466560275, 0.4997944350080243, 20.57967931221144], [0.36613510225361695, 0.4361842341888212, 22.450559249685206], [0.29748477058106376, 0.3543996902784172, 24.321439187158973], [0.21357880964794324, 0.25444080327681234, 26.19231912463274], [0.1144172194542553, 0.13630757318400663, 28.063199062106506], [0.0, 0.0, 29.934078999580272]], "radius": [1.711912874320598, 1.5919858507987497, 1.2424852327390956, 0.7983602183764872, 0.43202312073940274, 0.2856884612107362, 0.41616433730731184, 0.7727991377378529, 1.2171448380493235, 1.5767034534459146, 1.711912874320598, 1.711912874320598, 1.711912874320598, 1.711912874320598, 1.711912874320598, 1.711912874320598, 1.711912874320598], "ref_radius": [1.711912874320598, 1.711912874320598, 1.711912874320598, 1.711912874320598, 1.711912874320598, 1.711912874320598, 1.711912874320598, 1.711912874320598, 1.711912874320598, 1.711912874320598, 1.711912874320598, 1.711912874320598, 1.711912874320598, 1.711912874320598, 1.711912874320598, 1.711912874320598, 1.711912874320598], "length": 29.934078999580272, "seg_id": 0, "type": "Root", "parent": null, "children": [1, 2]}, {"pos": [[0.0, 0.0, 29.934078999580272], [0.9423530204570367, -0.016879648829497294, 31.269802585140344], [1.9247329158198943, -0.04145097528391929, 32.60552617070042], [2.947139686088573, -0.073713979363266, 33.9412497562605], [4.0095733312630735, -0.11366866106753742, 35.276973341820565], [5.1120338513433925, -0.1613150203967335, 36.61269692738064], [6.254521246329535, -0.21665305735085438, 37.948420512940714], [7.437035516221498, -0.27968277192989993, 39.28414409850079], [8.659576661019281, -0.35040416413387016, 40.61986768406086], [9.922144680722885, -0.42881723396276505, 41.95559126962093], [11.224739575332311, -0.5149219814165847, 43.29131485518101], [12.56736134484756, -0.6087184064953292, 44.62703844074108], [13.950009989268628, -0.7102065091989982, 45.96276202630116], [15.372685508595517, -0.8193862895275921, 47.298485611861224], [16.835387902828227, -0.9362577474811106, 48.6342091974213]], "radius": [1.1023498371583955, 1.1023498371583955, 1.1023498371583955, 1.1023498371583955, 1.1023498371583955, 1.1023498371583955, 1.1023498371583955, 1.1023498371583955, 1.1023498371583955, 1.1023498371583955, 1.1023498371583955, 1.1023498371583955, 1.1023498371583955, 1.1023498371583955, 1.1023498371583955], "ref_radius": [1.1023498371583955, 1.1023498371583955, 1.1023498371583955, 1.1023498371583955, 1.1023498371583955, 1.1023498371583955, 1.1023498371583955, 1.1023498371583955, 1.1023498371583955, 1.1023498371583955, 1.1023498371583955, 1.1023498371583955, 1.1023498371583955, 1.1023498371583955, 1.1023498371583955], "length": 25.17939105349093, "seg_id": 1, "type": "Side", "parent": 0, "children": []}, {"pos": [[0.0, 0.0, 29.934078999580272], [-0.04407894841562168, 0.08698311766229193, 31.817657364491534], [-0.06286680330710062, 0.16133978753313533, 33.70123572940281], [-0.05636356467443676, 0.22307000961253015, 35.58481409431407], [-0.024569232517630157, 0.2721737839004764, 37.46839245922534], [0.03251619316331916, 0.3086511103969741, 39.35197082413661], [0.11489271236841136, 0.33250198910202333, 41.23554918904787], [0.22256032509764614, 0.3437264200156239, 43.119127553959146], [0.3555190313510239, 0.342324403137776, 45.00270591887041], [0.5137688311285443, 0.3282959384684795, 46.88628428378168], [0.6973097244302073, 0.3016410260077345, 48.76986264869295], [0.9061417112560134, 0.26235966575554087, 50.65344101360421], [1.1402647916059623, 0.2104518577118987, 52.53701937851548]], "radius": [1.711912874320598, 1.694503134008815, 1.677093393697032, 1.659683653385249, 1.642273913073466, 1.624864172761683, 1.6074544324499, 1.590044692138117, 1.572634951826334, 1.555225211514551, 1.537815471202768, 1.520405730890985, 1.502995990579202], "ref_radius": [1.711912874320598, 1.694503134008815, 1.677093393697032, 1.659683653385249, 1.642273913073466, 1.624864172761683, 1.6074544324499, 1.590044692138117, 1.572634951826334, 1.555225211514551, 1.537815471202768, 1.520405730890985, 1.502995990579202], "length": 22.632662405317898, "seg_id": 2, "type": "Main", "parent": 0, "children": [3, 4]}, {"pos": [[1.1402647916059623, 0.2104518577118987, 52.53701937851548], [2.3490989669613733, 0.047009834202761475, 53.98712119651369], [3.5544770934491936, -0.0469571972559846, 55.43722301451192], [4.756399171069423, -0.07144923666433958, 56.88732483251014], [5.954865199822059, -0.026466284022303332, 58.33742665050836], [7.149875179707106, 0.08799166067012404, 59.78752846850658], [8.34142911072456, 0.2719245974129424, 61.2376302865048], [9.529526992874422, 0.5253325262061518, 62.68773210450302], [10.714168826156692, 0.8482154470497527, 64.13783392250124], [11.895354610571374, 1.2405733599437447, 65.58793574049946]], "radius": [1.1539609963052588, 1.1539609963052588, 1.1539609963052588, 1.1539609963052588, 1.1539609963052588, 1.1539609963052588, 1.1539609963052588, 1.1539609963052588, 1.1539609963052588, 1.1539609963052588], "ref_radius": [1.1539609963052588, 1.1539609963052588, 1.1539609963052588, 1.1539609963052588, 1.1539609963052588, 1.1539609963052588, 1.1539609963052588, 1.1539609963052588, 1.1539609963052588, 1.1539609963052588], "length": 16.942831086063364, "seg_id": 3, "type": "Side", "parent": 2, "children": []}, {"pos": [[1.1402647916059623, 0.2104518577118987, 52.53701937851548], [1.2010921813683808, 0.6028000719736479, 54.34274594336085], [1.25080068776575, 0.9829255859935562, 56.14847250820621], [1.2893903107980698, 1.3508283997716233, 57.954199073051576], [1.3168610504653404, 1.706508513307849, 59.75992563789695], [1.3332129067675615, 2.049965926602234, 61.56565220274231], [1.3384458797047336, 2.3812006396547774, 63.371378767587686], [1.3325599692768562, 2.70021265246548, 65.17710533243304], [1.3155551754839294, 3.007001965034341, 66.98283189727842], [1.2874314983259534, 3.3015685773613614, 68.78855846212379], [1.248188937802928, 3.583912489446541, 70.59428502696916], [1.1978274939148534, 3.854033701289879, 72.40001159181452], [1.1363471666617293, 4.111932212891375, 74.20573815665989], [1.063747956043556, 4.35760802425103, 76.01146472150526], [0.9800298620603334, 4.591061135368846, 77.81719128635062], [0.8851928847120613, 4.812291546244818, 79.62291785119598], [0.77923702399874, 5.021299256878951, 81.42864441604135], [0.6621622799203692, 5.218084267271242, 83.23437098088672]], "radius": [1.485586250267419, 1.4683047004848024, 1.4510231507021856, 1.433741600919569, 1.4164600511369523, 1.3991785013543354, 1.3818969515717188, 1.3646154017891021, 1.3473338520064853, 1.3300523022238686, 1.312770752441252, 1.295489202658635, 1.2782076528760185, 1.2609261030934018, 1.243644553310785, 1.2263630035281683, 1.2090814537455516, 1.1917999039629348], "ref_radius": [1.485586250267419, 1.4683047004848024, 1.4510231507021856, 1.433741600919569, 1.4164600511369523, 1.3991785013543354, 1.3818969515717188, 1.3646154017891021, 1.3473338520064853, 1.3300523022238686, 1.312770752441252, 1.295489202658635, 1.2782076528760185, 1.2609261030934018, 1.243644553310785, 1.2263630035281683, 1.2090814537455516, 1.1917999039629348], "length": 31.10678960871009, "seg_id": 4, "type": "Main", "parent": 2,