{"case_id": "LCX_3423_bc1", "artery_type": "LCX", "segments": [{"pos": [[0.0, 0.0, 0.0], [0.02000499273417786, -0.022615473415666085, 1.8100195348750605], [0.037152129363473174, -0.042000164914808444, 3.6200390697501215], [0.05144140988788593, -0.058154074497427086, 5.430058604625183], [0.06287283430741614, -0.07107720216352198, 7.240078139500242], [0.0714464026220638, -0.08076954791309317, 9.050097674375303], [0.07716211483182889, -0.08723111174614061, 10.860117209250365], [0.08001997093671144, -0.09046189366266434, 12.670136744125424], [0.08001997093671144, -0.09046189366266434, 14.480156279000484], [0.07716211483182889, -0.08723111174614061, 16.290175813875546], [0.0714464026220638, -0.08076954791309317, 18.100195348750606], [0.06287283430741614, -0.071077202163522, 19.910214883625663], [0.05144140988788592, -0.058154074497427065, 21.72023441850073], [0.03715212936347316, -0.04200016491480844, 23.530253953375787], [0.020004992734177853, -0.02261547341566608, 25.340273488250848], [0.0, 0.0, 27.150293023125908]], "radius": [2.387130019753398, 2.387130019753398, 2.3196607581660027, 1.9314165662821288, 1.364901360445755, 0.8785847046423714, 0.6943459989117486, 0.8962431775314692, 1.3921617214380997, 1.9558414199694603, 2.3301063943390723, 2.387130019753398, 2.387130019753398, 2.387130019753398, 2.387130019753398, 2.387130019753398], "ref_radius": [2.387130019753398, 2.387130019753398, 2.387130019753398, 2.387130019753398, 2.387130019753398, 2.387130019753398, 2.387130019753398, 2.387130019753398, 2.387130019753398, 2.387130019753398, 2.387130019753398, 2.387130019753398, 2.387130019753398, 2.387130019753398, 2.387130019753398, 2.387130019753398], "length": 27.150293023125908, "seg_id": 0, "type": "Root", "parent": null, "children": [1, 2]}, {"pos": [[0.0, 0.0, 27.150293023125908], [1.003405953481936, -0.19846445897897552, 28.656794329735373], [2.017088428951589, -0.3569702662519788, 30.16329563634483], [3.0410474264089604, -0.4755174218190099, 31.66979694295429], [4.07528294585405, -0.5541059256800689, 33.17629824956375], [5.119794987286857, -0.5927357778351556, 34.682799556173215], [6.174583550707381, -0.5914069782842701, 36.18930086278267], [7.239648636115624, -0.5501195270274125, 37.69580216939214], [8.314990243511584, -0.46887342406458266, 39.202303476001596], [9.40060837289526, -0.34766866939578067, 40.708804782611054], [10.496503024266657, -0.18650526302100634, 42.21530608922052], [11.60267419762577, 0.01461679505974034, 43.72180739582998], [12.719121892972602, 0.2556975048464588, 45.22830870243944], [13.845846110307148, 0.5367368663391494, 46.7348100090489]], "radius": [1.2957084161320866, 1.2957084161320866, 1.2957084161320866, 1.2957084161320866, 1.2957084161320866, 1.2957084161320866, 1.2957084161320866, 1.2957084161320866, 1.2957084161320866, 1.2957084161320866, 1.2957084161320866, 1.2957084161320866, 1.2957084161320866, 1.2957084161320866], "ref_radius": [1.2957084161320866, 1.2957084161320866, 1.2957084161320866, 1.2957084161320866, 1.2957084161320866, 1.2957084161320866, 1.2957084161320866, 1.2957084161320866, 1.2957084161320866, 1.2957084161320866, 1.2957084161320866, 1.2957084161320866, 1.2957084161320866, 1.2957084161320866], "length": 23.990599128531606, "seg_id": 1, "type": "Side", "parent": 0, "children": []}, {"pos": [[0.0, 0.0, 27.150293023125908], [-0.2733831348586957, 0.03939141803088929, 29.03620571666507], [-0.51632939730254, 0.04060256413918051, 30.922118410204227], [-0.7288387873315331, 0.0036334383248736585, 32.80803110374338], [-0.9109113049456746, -0.07151595941203126, 34.693943797282536], [-1.062546950144965, -0.18484562907153412, 36.57985649082169], [-1.183745722929404, -0.33635557065363525, 38.46576918436085], [-1.2745076232989916, -0.5260457841583344, 40.351681877900006], [-1.334832651253728, -0.7539162695856314, 42.23759457143916], [-1.364720806793613, -1.0199670269355265, 44.12350726497832], [-1.3641720899186467, -1.3241980562080196, 46.009419958517476]], "radius": [2.387130019753398, 2.369898462724414, 2.35266690569543, 2.3354353486664454, 2.3182037916374614, 2.3009722346084773, 2.2837406775794933, 2.2665091205505092, 2.249277563521525, 2.2320460064925407, 2.2148144494635567], "ref_radius": [2.387130019753398, 2.369898462724414, 2.35266690569543, 2.3354353486664454, 2.3182037916374614, 2.3009722346084773, 2.2837406775794933, 2.2665091205505092, 2.249277563521525, 2.2320460064925407, 2.2148144494635567], "length": 18.954712731882537, "seg_id": 2, "type": "Main", "parent": 0, "children": [3, 4]}, {"pos": [[-1.3641720899186467, -1.3241980562080196, 46.009419958517476], [-0.3051575718329651, -1.2228163098745612, 47.5306893622527], [0.766188949752971, -1.1318835384228885, 49.05195876598791], [1.849867474839161, -1.051399741853001, 50.57322816972312], [2.9458780034256047, -0.981364920164899, 52.09449757345835], [4.054220535512302, -0.9217790733585826, 53.615766977193566], [5.174895071099256, -0.8726422014340514, 55.13703638092879], [6.3079016101864624, -0.8339543043913056, 56.65830578466401], [7.453240152773921, -0.8057153822303453, 58.17957518839923], [8.610910698861634, -0.7879254349511704, 59.70084459213444], [9.780913248449604, -0.7805844625537809, 61.22211399586966], [10.963247801537827, -0.7836924650381769, 62.74338339960488], [12.157914358126304, -0.7972494424043584, 64.2646528033401], [13.364912918215031, -0.8212553946523251, 65.78592220707532]], "radius": [1.2750975327455747, 1.2750975327455747, 1.2750975327455747, 1.2750975327455747, 1.2750975327455747, 1.2750975327455747, 1.2750975327455747, 1.2750975327455747, 1.2750975327455747, 1.2750975327455747, 1.2750975327455747, 1.2750975327455747, 1.2750975327455747, 1.2750975327455747], "ref_radius": [1.2750975327455747, 1.2750975327455747, 1.2750975327455747, 1.2750975327455747, 1.2750975327455747, 1.2750975327455747, 1.2750975327455747, 1.2750975327455747, 1.2750975327455747, 1.2750975327455747, 1.2750975327455747, 1.2750975327455747, 1.2750975327455747, 1.2750975327455747], "length": 24.66391975507653, "seg_id": 3, "type": "Side", "parent": 2, "children": []}, {"pos": [[-1.3641720899186467, -1.3241980562080196, 46.009419958517476], [-1.5198474859379534, -1.2212302194266744, 47.90682002817536], [-1.6784496984086412, -1.1573750448957965, 49.80422009783323], [-1.8399787273307098, -1.1326325326153859, 51.7016201674911], [-2.00443457270416, -1.1470026825854422, 53.59902023714898], [-2.1718172345289912, -1.200485494805966, 55.49642030680686], [-2.3421267128052037, -1.2930809692769567, 57.39382037646474], [-2.515363007532797, -1.4247891059984148, 59.29122044612262], [-2.6915261187117716, -1.59560990497034, 61.188620515780485], [-2.8706160463421266, -1.8055433661927318, 63.08602058543836], [-3.0526327904238633, -2.0545894896655916, 64.98342065509624], [-3.2375763509569815, -2.3427482753889186, 66.88082072475412], [-3.4254467279414804, -2.6700197233627123, 68.778220794412], [-3.61624392137736, -3.0364038335869727, 70.67562086406987]], "radius": [2.1975828924345726, 2.1798486734758153, 2.1621144545170576, 2.1443802355583004, 2.126646016599543, 2.108911797640786, 2.091177578682028, 2.073443359723271, 2.0557091407645136, 2.0379749218057563, 2.0202407028469986, 2.0025064838882414, 1.984772264929484, 1.9670380459707266], "ref_radius": [2.1975828924345726, 2.1798486734758153, 2.1621144545170576, 2.1443802355583004, 2.126646016599543, 2.108911797640786, 2.091177578682028, 2.073443359723271, 2.0557091407645136, 2.0379749218057563, 2.0202407028469986, 2.0025064838882414, 1.984772264929484, 1.9670380459707266], "length": 24.82790654226033, "seg_id": 4, "type": "Main", "parent": 2,