{"case_id": "LCX_3347_bc3", "artery_type": "LCX", "segments": [{"pos": [[0.0, 0.0, 0.0], [-0.002582895350319614, 0.1277785717127108, 1.8694187858005078], [-0.004591813956123759, 0.22716190526704144, 3.7388375716010156], [-0.006026755817412433, 0.29815000066299185, 5.608256357401524], [-0.006887720934185637, 0.3407428579005621, 7.477675143202031], [-0.007174709306443372, 0.3549404769797522, 9.347093929002538], [-0.006887720934185637, 0.3407428579005621, 11.216512714803049], [-0.006026755817412431, 0.2981500006629918, 13.085931500603554], [-0.004591813956123758, 0.22716190526704136, 14.955350286404062], [-0.0025828953503196136, 0.12777857171271076, 16.82476907220457], [0.0, 0.0, 18.694187858005076]], "radius": [2.2269385764617726, 2.2269385764617726, 2.2269385764617726, 2.2269385764617726, 2.2269385764617726, 2.2255336900870506, 2.187665288465921, 2.100784485741997, 1.9713254110332459, 1.8088754113260395, 1.6254650415940843], "ref_radius": [2.2269385764617726, 2.2269385764617726, 2.2269385764617726, 2.2269385764617726, 2.2269385764617726, 2.2269385764617726, 2.2269385764617726, 2.2269385764617726, 2.2269385764617726, 2.2269385764617726, 2.2269385764617726], "length": 18.694187858005076, "seg_id": 0, "type": "Root", "parent": null, "children": [1, 2]}, {"pos": [[0.0, 0.0, 18.694187858005076], [1.1440910827109945, -0.2529634553543006, 20.495588158681343], [2.291005935984349, -0.37978490334850384, 22.296988459357607], [3.4407445598200637, -0.38046434398260975, 24.098388760033867], [4.5933069542181375, -0.2550017772566184, 25.89978906071013], [5.748693119178572, -0.003397203170529828, 27.701189361386394], [6.906903054701367, 0.3743493782756564, 29.502589662062658]], "radius": [1.600440684178786, 1.600440684178786, 1.600440684178786, 1.600440684178786, 1.600440684178786, 1.600440684178786, 1.600440684178786], "ref_radius": [1.600440684178786, 1.600440684178786, 1.600440684178786, 1.600440684178786, 1.600440684178786, 1.600440684178786, 1.600440684178786], "length": 12.832263900887233, "seg_id": 1, "type": "Side", "parent": 0, "children": []}, {"pos": [[0.0, 0.0, 18.694187858005076], [-0.3441586694028239, 0.17232492656023143, 20.561393547586714], [-0.644820838753962, 0.35111179118060587, 22.428599237168346], [-0.9019865080534144, 0.5363605938611231, 24.295804926749977], [-1.1156556773011812, 0.7280713346017835, 26.16301061633161], [-1.2858283464972622, 0.9262440134025869, 28.03021630591325], [-1.4125045156416576, 1.130878630263533, 29.89742199549488], [-1.4956841847343674, 1.3419751851846224, 31.76462768507652], [-1.5353673537753911, 1.5595336781658546, 33.63183337465815], [-1.531554022764729, 1.7835541092072296, 35.49903906423978], [-1.4842441917023819, 2.0140364783087477, 37.36624475382142], [-1.3934378605883486, 2.2509807854704094, 39.23345044340306], [-1.2591350294226298, 2.494387030692213, 41.10065613298469], [-1.0813356982052251, 2.74425521397416, 42.96786182256632]], "radius": [1.4346771183334424, 1.2408320424259391, 1.0699348598481795, 0.9333406947321232, 0.8396930592733853, 0.7943271375425496, 0.7989275413681998, 0.8514619689469323, 0.9463913531210939, 1.0751365194614388, 1.1649970856208007, 0.9436836809109981, 0.7712012499299261, 0.6650063525272956], "ref_radius": [2.2269385764617726, 2.209472699068493, 2.1920068216752138, 2.1745409442819343, 2.157075066888655, 2.1396091894953755, 2.122143312102096, 2.1046774347088166, 2.087211557315537, 2.0697456799222578, 2.0522798025289783, 2.034813925135699, 2.0173480477424195, 1.99988217034914], "length": 24.452228350591188, "seg_id": 2, "type": "Main", "parent": 0, "children": [3, 4]}, {"pos": [[-1.0813356982052251, 2.74425521397416, 42.96786182256632], [0.40959467717841563, 2.739527354683201, 44.34048101206101], [1.8671363132653063, 2.75726660168163, 45.71310020155569], [3.291289210055446, 2.7974729549694466, 47.08571939105037], [4.682053367548835, 2.860146414546653, 48.45833858054507], [6.039428785745472, 2.945286980413247, 49.83095777003976], [7.363415464645359, 3.052894652569229, 51.20357695953444], [8.654013404248499, 3.1829694310146, 52.57619614902912], [9.911222604554883, 3.3355113157493586, 53.948815338523815], [11.135043065564517, 3.510520306773506, 55.32143452801849], [12.3254747872774, 3.7079964040870417, 56.694053717513185], [13.482517769693537, 3.927939607689966, 58.06667290700787], [14.60617201281292, 4.1703499175822785, 59.43929209650256], [15.69643751663555, 4.4352273337639785, 60.81191128599724]], "radius": [1.2407552945000744, 1.2407552945000744, 1.2407552945000744, 1.2407552945000744, 1.2407552945000744, 1.2407552945000744, 1.2407552945000744, 1.2407552945000744, 1.2407552945000744, 1.2407552945000744, 1.2407552945000744, 1.2407552945000744, 1.2407552945000744, 1.2407552945000744], "ref_radius": [1.2407552945000744, 1.2407552945000744, 1.2407552945000744, 1.2407552945000744, 1.2407552945000744, 1.2407552945000744, 1.2407552945000744, 1.2407552945000744, 1.2407552945000744, 1.2407552945000744, 1.2407552945000744, 1.2407552945000744, 1.2407552945000744, 1.2407552945000744], "length": 24.551235447771347, "seg_id": 3, "type": "Side", "parent": 2, "children": []}, {"pos": [[-1.0813356982052251, 2.74425521397416, 42.96786182256632], [-1.3415178997496864, 2.77257500388077, 44.787182769152466], [-1.5796515347610736, 2.8036058547812313, 46.60650371573859], [-1.7957366032393869, 2.8373477666755442, 48.425824662324715], [-1.9897731051846268, 2.873800739563708, 50.24514560891085], [-2.161761040596793, 2.912964773445724, 52.064466555497], [-2.311700409475885, 2.95483986832159, 53.883787502083116], [-2.4395912118219027, 2.9994260241913073, 55.70310844866925], [-2.5454334476348475, 3.0467232410548775, 57.52242939525539], [-2.629227116914719, 3.0967315189122977, 59.34175034184152], [-2.690972219661515, 3.14945085776357, 61.16107128842765], [-2.7306687558752385, 3.204881257608693, 62.98039223501379], [-2.7483167255558874, 3.263022718447667, 64.79971318159991], [-2.7439161287034635, 3.3238752402804925, 66.61903412818606], [-2.717466965317965, 3.3874388231071695, 68.43835507477218], [-2.668969235399393, 3.4537134669276983, 70.25767602135832], [-2.5984229389477473, 3.5226991717420773, 72.07699696794444], [-2.5058280759630276, 3.594395937550308, 73.89631791453058], [-2.391184646445234, 3.6688037643523903, 75.7156388611167], [-2.2544926503943667, 3.745922652148324, 77.53495980770285]], "radius": [0.6347150240071666, 0.6811986920600859, 0.7964921646133429, 0.964993874262195, 1.1653221762469719, 1.3728527257431267, 1.5625813168965514, 1.5921883791378955, 1.4391726683212647, 1.2811084679052065, 1.1307869443103642, 1.000083110787613, 0.8989316499372751, 0.834492233913463, 0.8105743262983575, 0.8273672763796576, 0.8814937331718066, 0.966375538324845, 1.0728738809106901, 1.1901420113666688], "ref_radius": [1.9824162929558606, 1.9651155422640179, 1.947814791572175, 1.9305140408803323, 1.9132132901884893, 1.8959125394966465, 1.8786117888048037, 1.861311038112961, 1.8440102874211182, 1.8267095367292754, 1.8094087860374326, 1.7921080353455896, 1.7748072846537468, 1.757506533961904, 1.7402057832700613, 1.7229050325782185, 1.7056042818863757, 1.6883035311945327, 1.6710027805026901, 1.6537020298108471], "length": 34.60150138368562, "seg_id": 4, "type": "Main", "parent": 2, "children": [5, 6]}, {"pos": [[-2.2544926503943667, 3.745922652148324, 77.53495980770285], [-1.2966548019507758, 3.9428718469342363, 79.04769628513208], [-0.3157235511599304, 4.077035741610802, 80.56043276256129], [0.6883011019781695, 4.148414336178018, 82.07316923999049], [1.7154191574635227, 4.157007630635888, 83.58590571741972], [2.76563061529613, 4.10281562498441, 85.09864219484894], [3.838935475475992, 3.9858383192235856, 86.61137867227816], [4.9353337380031075, 3.8060757133534135, 88.12411514970738], [6.054825402877478, 3.563527807373894, 89.63685162713661], [7.197410470099101, 3.258194601285027, 91.14958810456582], [8.363088939667978, 2.890076095086813, 92.66232458199504]],