{"case_id": "LCX_3683_bc1", "artery_type": "LCX", "segments": [{"pos": [[0.0, 0.0, 0.0], [-0.02036158721827914, -0.24585379472966118, 1.8569433806416522], [-0.037329576566845095, -0.45073195700437885, 3.7138867612833044], [-0.050903968045697856, -0.6146344868241529, 5.570830141924956], [-0.06108476165483743, -0.7375613841889835, 7.427773522566609], [-0.06787195739426381, -0.8195126490988707, 9.284716903208261], [-0.071265555263977, -0.8604882815538141, 11.141660283849912], [-0.071265555263977, -0.8604882815538141, 12.998603664491567], [-0.0678719573942638, -0.8195126490988706, 14.855547045133218], [-0.06108476165483743, -0.7375613841889835, 16.712490425774867], [-0.050903968045697856, -0.6146344868241529, 18.569433806416523], [-0.03732957656684507, -0.4507319570043785, 20.426377187058176], [-0.02036158721827913, -0.24585379472966104, 22.28332056769983], [0.0, 0.0, 24.140263948341477]], "radius": [2.4890225949582887, 2.4890225949582887, 2.4890225949582887, 2.4890225949582887, 2.4890225949582887, 2.479206771019471, 2.4025113839853653, 2.256859134159131, 2.056713044992057, 1.8219472865347988, 1.5758737037755228, 1.3429269896382041, 1.1462383610692888, 1.0053386680967569], "ref_radius": [2.4890225949582887, 2.4890225949582887, 2.4890225949582887, 2.4890225949582887, 2.4890225949582887, 2.4890225949582887, 2.4890225949582887, 2.4890225949582887, 2.4890225949582887, 2.4890225949582887, 2.4890225949582887, 2.4890225949582887, 2.4890225949582887, 2.4890225949582887], "length": 24.140263948341477, "seg_id": 0, "type": "Root", "parent": null, "children": [1, 2]}, {"pos": [[0.0, 0.0, 24.140263948341477], [0.8012291263782934, 0.3687677404411337, 25.62181307090692], [1.733634838038784, 0.5812394776648419, 27.103362193472357], [2.797217134981472, 0.6374152116711241, 28.584911316037793], [3.9919760172063583, 0.5372949424599811, 30.066460438603237], [5.317911484713441, 0.28087867003141265, 31.548009561168676], [6.775023537502722, -0.13183360561458174, 33.029558683734116], [8.363312175574201, -0.7008418844780019, 34.511107806299556]], "radius": [1.7341489859981138, 1.7341489859981138, 1.7341489859981138, 1.7341489859981138, 1.7341489859981138, 1.7341489859981138, 1.7341489859981138, 1.7341489859981138], "ref_radius": [1.7341489859981138, 1.7341489859981138, 1.7341489859981138, 1.7341489859981138, 1.7341489859981138, 1.7341489859981138, 1.7341489859981138, 1.7341489859981138], "length": 13.34131073842796, "seg_id": 1, "type": "Side", "parent": 0, "children": []}, {"pos": [[0.0, 0.0, 24.140263948341477], [0.2900731727653969, -0.29505709082144416, 25.913391130646488], [0.5681592378038545, -0.587391207241945, 27.6865183129515], [0.8342581951153727, -0.8770023492615029, 29.459645495256513], [1.0883700446999514, -1.1638905168801175, 31.23277267756152], [1.3304947865575905, -1.4480557100977887, 33.005899859866524], [1.5606324206882909, -1.729497928914517, 34.779027042171535], [1.7787829470920513, -2.008217173330302, 36.55215422447655], [1.9849463657688724, -2.284213443345143, 38.325281406781556], [2.179122676718754, -2.5574867389590414, 40.09840858908657], [2.3613118799416966, -2.828037060171997, 41.87153577139158], [2.5315139754376994, -3.0958644069840084, 43.64466295369658], [2.689728963206763, -3.3609687793950775, 45.4177901360016], [2.835956843248887, -3.6233501774052033, 47.19091731830661], [2.9701976155640715, -3.883008601014385, 48.96404450061162], [3.092451280152317, -4.139944050222624, 50.737171682916625], [3.2027178370136227, -4.39415652502992, 52.510298865221635], [3.3009972861479895, -4.645646025436273, 54.28342604752665], [3.3872896275554165, -4.8944125514416825, 56.056553229831664], [3.461594861235904, -5.140456103046149, 57.82968041213667], [3.5239129871894526, -5.383776680249671, 59.60280759444168], [3.5742440054160616, -5.624374283052251, 61.37593477674669]], "radius": [0.9342190132691259, 0.9334483221999821, 1.0078186374282017, 1.1477758951817, 1.3374125854950163, 1.5561305860062262, 1.5441294774247076, 1.2710641072177027, 1.0381573945169589, 0.8706996033308616, 0.78596095496354, 0.7912864417880647, 0.8833810241179427, 1.0488517853706074, 1.2659251346104798, 1.5071204229871693, 1.7425522883825346, 1.8354771816550888, 1.635460897208799, 1.4264849642466642, 1.2249074371021424, 1.0462201230172512], "ref_radius": [2.4890225949582887, 2.471828371512539, 2.4546341480667895, 2.4374399246210396, 2.42024570117529, 2.4030514777295404, 2.3858572542837906, 2.368663030838041, 2.3514688073922914, 2.3342745839465415, 2.317080360500792, 2.2998861370550423, 2.282691913609293, 2.265497690163543, 2.2483034667177932, 2.231109243272044, 2.213915019826294, 2.196720796380544, 2.179526572934795, 2.162332349489045, 2.1451381260432956, 2.1279439025975457], "length": 37.827291580649266, "seg_id": 2, "type": "Main", "parent": 0, "children": [3, 4]}, {"pos": [[3.5742440054160616, -5.624374283052251, 61.37593477674669], [4.414099155553736, -6.387040488405595, 62.78316193474906], [5.396835863664433, -7.0081807318412705, 64.19038909275142], [6.522454129748149, -7.487795013359281, 65.59761625075376], [7.790953953804889, -7.825883332959627, 67.00484340875613], [9.202335335834649, -8.022445690642307, 68.4120705667585], [10.756598275837431, -8.077482086407322, 69.81929772476086], [12.453742773813236, -7.990992520254672, 71.22652488276321]], "radius": [1.2739465941798884, 1.2739465941798884, 1.2739465941798884, 1.2739465941798884, 1.2739465941798884, 1.2739465941798884, 1.2739465941798884, 1.2739465941798884], "ref_radius": [1.2739465941798884, 1.2739465941798884, 1.2739465941798884, 1.2739465941798884, 1.2739465941798884, 1.2739465941798884, 1.2739465941798884, 1.2739465941798884], "length": 13.471470064375925, "seg_id": 3, "type": "Side", "parent": 2, "children": []}, {"pos": [[3.5742440054160616, -5.624374283052251, 61.37593477674669], [3.7261702962967616, -5.98242223156342, 63.17347485856898], [3.8702509116034207, -6.345905620118406, 64.97101494039126], [4.0064858513360395, -6.714824448717212, 66.76855502221355], [4.134875115494618, -7.089178717359838, 68.56609510403582], [4.2554187040791565, -7.468968426046283, 70.36363518585812], [4.368116617089655, -7.854193574776549, 72.1611752676804], [4.472968854526112, -8.244854163550633, 73.95871534950268], [4.569975416388529, -8.640950192368537, 75.75625543132497], [4.659136302676906, -9.04248166123026, 77.55379551314726], [4.740451513391242, -9.449448570135802, 79.35133559496956], [4.813921048531538, -9.861850919085164, 81.14887567679185], [4.879544908097793, -10.279688708078346, 82.94641575861411], [4.937323092090008, -10.702961937115347, 84.74395584043641], [4.987255600508182, -11.131670606196167, 86.54149592225869], [5.029342433352316, -11.565814715320807, 88.33903600408098], [5.06358359062241, -12.005394264489269, 90.13657608590327], [5.089979072318463, -12.450409253701546, 91.93411616772555]], "radius": [0.9037844425394403, 0.8076776849983858, 0.7641697752738816, 0.7749886753813069, 0.8373593910146571, 0.9443073998284244, 1.0853041114681246, 1.2471953094841592, 1.4153310260344991, 1.574799938801372, 1.711664319105602, 1.8140932539325256, 1.8733020287857753, 1.8842232077500018, 1.8669322050447812, 1.8495166711799946, 1.8321011373152079, 1.814685603450421], "ref_radius": [2.110749679151796, 2.093334145287009, 2.0759186114222223, 2.0585030775574356, 2.0410875436926488, 2.023672009827862, 2.006256475963075, 1.9888409420982887, 1.9714254082335019, 1.954009874368715, 1.9365943405039283, 1.9191788066391415, 1.9017632727743548, 1.884347738909568, 1.8669322050447812, 1.8495166711799946, 1.8321011373152079, 1.814685603450421], "length": 31.347960956616163, "seg_id": 4, "type": "Main", "parent": 2,