{"case_id": "LCX_341_bc0", "artery_type": "LCX", "segments": [{"pos": [[0.0, 0.0, 0.0], [0.10661142099939691, -0.06685318989571998, 1.8188929050938123], [0.19383894727163078, -0.12155125435585452, 3.637785810187625], [0.26168257881670154, -0.1640941933804036, 5.456678715281438], [0.31014231563460926, -0.19448200696936724, 7.275571620375251], [0.33921815772535385, -0.2127146951227454, 9.094464525469062], [0.3489101050889354, -0.21879225784053813, 10.913357430562876], [0.3392181577253539, -0.21271469512274543, 12.732250335656687], [0.31014231563460926, -0.19448200696936724, 14.551143240750502], [0.26168257881670154, -0.1640941933804036, 16.370036145844313], [0.19383894727163087, -0.12155125435585457, 18.188929050938125], [0.10661142099939697, -0.06685318989572002, 20.007821956031936], [0.0, 0.0, 21.82671486112575]], "radius": [1.8308151817913199, 1.7066123301434672, 1.3297011583006304, 0.8442331383799576, 0.4377321040756885, 0.2672189696920573, 0.3985585818157955, 0.7810178198895854, 1.2668624983184742, 1.6684232898956617, 1.8305875692619074, 1.8308151817913199, 1.8308151817913199], "ref_radius": [1.8308151817913199, 1.8308151817913199, 1.8308151817913199, 1.8308151817913199, 1.8308151817913199, 1.8308151817913199, 1.8308151817913199, 1.8308151817913199, 1.8308151817913199, 1.8308151817913199, 1.8308151817913199, 1.8308151817913199, 1.8308151817913199], "length": 21.82671486112575, "seg_id": 0, "type": "Root", "parent": null, "children": [1, 2]}, {"pos": [[0.0, 0.0, 21.82671486112575], [1.0934072188751527, 0.025517218508312754, 23.21324628284855], [2.278982821238693, 0.03791144305315705, 24.599777704571352], [3.5567268070906213, 0.0371826736345329, 25.98630912629416], [4.926639176430937, 0.023330910252440273, 27.37284054801696], [6.388719929259641, -0.0036438470931208222, 28.759371969739764], [7.942969065576731, -0.04374159840215036, 30.145903391462564], [9.589386585382208, -0.09696234367464832, 31.53243481318536], [11.327972488676075, -0.16330608291061482, 32.91896623490817], [13.15872677545833, -0.24277281611004978, 34.30549765663097]], "radius": [1.1964249230867727, 1.1964249230867727, 1.1964249230867727, 1.1964249230867727, 1.1964249230867727, 1.1964249230867727, 1.1964249230867727, 1.1964249230867727, 1.1964249230867727, 1.1964249230867727], "ref_radius": [1.1964249230867727, 1.1964249230867727, 1.1964249230867727, 1.1964249230867727, 1.1964249230867727, 1.1964249230867727, 1.1964249230867727, 1.1964249230867727, 1.1964249230867727, 1.1964249230867727], "length": 18.13645635312486, "seg_id": 1, "type": "Side", "parent": 0, "children": []}, {"pos": [[0.0, 0.0, 21.82671486112575], [0.11685408878211334, -0.042206355774180866, 23.612705837506546], [0.22134901413594107, -0.1024409146075968, 25.39869681388734], [0.3134847760614833, -0.18070367650024777, 27.184687790268143], [0.3932613745587398, -0.2769946414521338, 28.97067876664893], [0.4606788096277108, -0.391313809463255, 30.756669743029725], [0.5157370812683962, -0.5236611805336111, 32.54266071941053], [0.5584361894807959, -0.674036754663202, 34.328651695791315], [0.58877613426491, -0.8424405318520285, 36.11464267217212], [0.6067569156207386, -1.02887251210009, 37.90063364855291], [0.6123785335482815, -1.2333326954073864, 39.68662462493371], [0.6056409880475391, -1.4558210817739174, 41.4726156013145], [0.5865442791185108, -1.6963376711996843, 43.258606577695296], [0.555088406761197, -1.9548824636846858, 45.04459755407609], [0.5112733709755977, -2.2314554592289215, 46.83058853045688], [0.45509917176171266, -2.5260566578323935, 48.61657950683768], [0.3865658091195421, -2.838686059495101, 50.402570483218476], [0.30567328304908586, -3.1693436642170423, 52.18856145959927], [0.212421593550344, -3.5180294719982195, 53.974552435980065]], "radius": [1.8308151817913199, 1.8137938889908916, 1.7967725961904633, 1.7797513033900347, 1.7627300105896064, 1.7457087177891781, 1.7286874249887498, 1.7116661321883213, 1.694644839387893, 1.6776235465874647, 1.6606022537870364, 1.643580960986608, 1.6265596681861796, 1.6095383753857513, 1.592517082585323, 1.5754957897848947, 1.5584744969844664, 1.5414532041840379, 1.5244319113836096], "ref_radius": [1.8308151817913199, 1.8137938889908916, 1.7967725961904633, 1.7797513033900347, 1.7627300105896064, 1.7457087177891781, 1.7286874249887498, 1.7116661321883213, 1.694644839387893, 1.6776235465874647, 1.6606022537870364, 1.643580960986608, 1.6265596681861796, 1.6095383753857513, 1.592517082585323, 1.5754957897848947, 1.5584744969844664, 1.5414532041840379, 1.5244319113836096], "length": 32.340456320813864, "seg_id": 2, "type": "Main", "parent": 0, "children": [3, 4]}, {"pos": [[0.212421593550344, -3.5180294719982195, 53.974552435980065], [1.4981045133317175, -3.6058500634226047, 55.33255604132448], [2.7663713148396174, -3.6926694249365313, 56.690559646668895], [4.017221998074046, -3.778487556540001, 58.04856325201331], [5.250656563035, -3.8633044582330136, 59.406566857357724], [6.466675009722483, -3.9471201300155685, 60.76457046270214], [7.665277338136493, -4.029934571887666, 62.12257406804655], [8.846463548277029, -4.111747783849306, 63.48057767339097], [10.010233640144095, -4.192559765900488, 64.83858127873539], [11.156587613737688, -4.272370518041213, 66.19658488407981], [12.285525469057806, -4.35118004027148, 67.55458848942422], [13.397047206104453, -4.42898833259129, 68.91259209476863], [14.491152824877625, -4.505795395000642, 70.27059570011305], [15.567842325377327, -4.581601227499537, 71.62859930545747], [16.627115707603554, -4.656405830087974, 72.98660291080188], [17.66897297155631, -4.730209202765954, 74.34460651614629], [18.693414117235598, -4.803011345533476, 75.70261012149071], [19.700439144641404, -4.87481225839054, 77.06061372683513]], "radius": [0.831812651889649, 0.831812651889649, 0.831812651889649, 0.831812651889649, 0.831812651889649, 0.831812651889649, 0.831812651889649, 0.831812651889649, 0.831812651889649, 0.831812651889649, 0.831812651889649, 0.831812651889649, 0.831812651889649, 0.831812651889649, 0.831812651889649, 0.831812651889649, 0.831812651889649, 0.831812651889649], "ref_radius": [0.831812651889649, 0.831812651889649, 0.831812651889649, 0.831812651889649, 0.831812651889649, 0.831812651889649, 0.831812651889649, 0.831812651889649, 0.831812651889649, 0.831812651889649, 0.831812651889649, 0.831812651889649, 0.831812651889649, 0.831812651889649, 0.831812651889649, 0.831812651889649, 0.831812651889649, 0.831812651889649], "length": 30.242187644517387, "seg_id": 3, "type": "Side", "parent": 2,