{"case_id": "LCX_4179_bc8", "artery_type": "LCX", "segments": [{"pos": [[0.0, 0.0, 0.0], [0.14575765137382254, 0.24450078643401374, 1.8581065045689207], [0.2706927811228133, 0.4540728890917399, 3.716213009137842], [0.3748053892469724, 0.6287163079731783, 5.574319513706763], [0.4580954757462995, 0.768431043078329, 7.432426018275684], [0.5205630406207948, 0.873217094407192, 9.290532522844604], [0.5622080838704584, 0.9430744619597673, 11.148639027413525], [0.5830306054952902, 0.978003145736055, 13.006745531982446], [0.5830306054952902, 0.978003145736055, 14.864852036551365], [0.5622080838704584, 0.9430744619597673, 16.722958541120285], [0.5205630406207948, 0.873217094407192, 18.581065045689208], [0.45809547574629955, 0.7684310430783291, 20.439171550258127], [0.3748053892469722, 0.6287163079731781, 22.297278054827053], [0.27069278112281325, 0.45407288909173976, 24.15538455939597], [0.14575765137382252, 0.24450078643401368, 26.013491063964892], [0.0, 0.0, 27.87159756853381]], "radius": [2.1298004043646364, 2.1292123355201737, 2.0184460535659734, 1.7424593710180512, 1.3689223343427757, 0.9894236694720089, 0.6970138527861478, 0.5633897708873885, 0.6213151345013188, 0.8565870407517999, 1.2115184277805597, 1.5990825476631285, 1.9242513296280241, 2.10729561289896, 2.1298004043646364, 2.1298004043646364], "ref_radius": [2.1298004043646364, 2.1298004043646364, 2.1298004043646364, 2.1298004043646364, 2.1298004043646364, 2.1298004043646364, 2.1298004043646364, 2.1298004043646364, 2.1298004043646364, 2.1298004043646364, 2.1298004043646364, 2.1298004043646364, 2.1298004043646364, 2.1298004043646364, 2.1298004043646364, 2.1298004043646364], "length": 27.87159756853381, "seg_id": 0, "type": "Root", "parent": null, "children": [1, 2]}, {"pos": [[0.0, 0.0, 27.87159756853381], [1.1613194937057036, -0.14015975151132923, 29.232574348941416], [2.331092355220388, -0.2362860474910795, 30.593551129349013], [3.5093185845440544, -0.288378887939251, 31.954527909756614], [4.6959981816767025, -0.2964382728558436, 33.31550469016422], [5.891131146618331, -0.2604642022408574, 34.67648147057182], [7.094717479368942, -0.18045667609429222, 36.03745825097941], [8.306757179928535, -0.05641569441614813, 37.398435031387024], [9.527250248297108, 0.11165874279357468, 38.75941181179462], [10.756196684474663, 0.32376663553487617, 40.12038859220222], [11.993596488461199, 0.5799079838077569, 41.48136537260982], [13.239449660256719, 0.8800827876122169, 42.84234215301743], [14.493756199861219, 1.224291046948255, 44.20331893342503], [15.756516107274697, 1.6125327618158718, 45.56429571383263]], "radius": [1.5214065139694466, 1.5214065139694466, 1.5214065139694466, 1.5214065139694466, 1.5214065139694466, 1.5214065139694466, 1.5214065139694466, 1.5214065139694466, 1.5214065139694466, 1.5214065139694466, 1.5214065139694466, 1.5214065139694466, 1.5214065139694466, 1.5214065139694466], "ref_radius": [1.5214065139694466, 1.5214065139694466, 1.5214065139694466, 1.5214065139694466, 1.5214065139694466, 1.5214065139694466, 1.5214065139694466, 1.5214065139694466, 1.5214065139694466, 1.5214065139694466, 1.5214065139694466, 1.5214065139694466, 1.5214065139694466, 1.5214065139694466], "length": 23.746570897866427, "seg_id": 1, "type": "Side", "parent": 0, "children": []}, {"pos": [[0.0, 0.0, 27.87159756853381], [-0.14039579345252257, 0.26466068685458205, 29.676328846161642], [-0.2743925926002441, 0.49591071119613905, 31.48106012378947], [-0.4019903974431646, 0.6937500730246711, 33.2857914014173], [-0.523189207981284, 0.8581787723401778, 35.09052267904512], [-0.6379890242146022, 0.9891968091426595, 36.89525395667295], [-0.7463898461431195, 1.086804183432116, 38.699985234300776], [-0.8483916737668358, 1.1510008952085475, 40.504716511928606], [-0.943994507085751, 1.1817869444719542, 42.30944778955643], [-1.033198346099865, 1.1791623312223356, 44.11417906718425], [-1.116003190809178, 1.1431270554596922, 45.91891034481209], [-1.19240904121369, 1.0736811171840235, 47.723641622439914], [-1.2624158973134012, 0.9708245163953293, 49.52837290006775], [-1.326023759108311, 0.8345572530936105, 51.33310417769557], [-1.3832326265984198, 0.6648793272788664, 53.1378354553234], [-1.4340424997837276, 0.4617907389510975, 54.94256673295122]], "radius": [2.1298004043646364, 2.1128548677555994, 2.095909331146563, 2.078963794537526, 2.0620182579284894, 2.0450727213194524, 2.028127184710416, 2.011181648101379, 1.9942361114923424, 1.7984586028417175, 1.200484543087199, 0.5601554313983133, 0.26679952162239995, 0.4891924779865564, 1.075353961243926, 1.6518294811794552], "ref_radius": [2.1298004043646364, 2.1128548677555994, 2.095909331146563, 2.078963794537526, 2.0620182579284894, 2.0450727213194524, 2.028127184710416, 2.011181648101379, 1.9942361114923424, 1.9772905748833056, 1.9603450382742689, 1.943399501665232, 1.9264539650561952, 1.9095084284471584, 1.8925628918381217, 1.875617355229085], "length": 27.112858574458816, "seg_id": 2, "type": "Main", "parent": 0, "children": [3, 4]}, {"pos": [[-1.4340424997837276, 0.4617907389510975, 54.94256673295122], [-0.2902304576726525, 0.3868957978961358, 56.41622061213522], [0.8751001995150007, 0.3570876725497188, 57.88987449131922], [2.061949471779233, 0.3723663629118464, 59.36352837050323], [3.2703173591200425, 0.43273186898251853, 60.837182249687224], [4.5002038615374325, 0.5381841907617354, 62.31083612887123], [5.751608979031398, 0.6887233282494968, 63.78449000805523], [7.0245327116019425, 0.8843492814458025, 65.25814388723921], [8.318975059249068, 1.1250620503506532, 66.73179776642323], [9.63493602197277, 1.4108616349640486, 68.20545164560723]], "radius": [1.1827841340002223, 1.1827841340002223, 1.1827841340002223, 1.1827841340002223, 1.1827841340002223, 1.1827841340002223, 1.1827841340002223, 1.1827841340002223, 1.1827841340002223, 1.1827841340002223], "ref_radius": [1.1827841340002223, 1.1827841340002223, 1.1827841340002223, 1.1827841340002223, 1.1827841340002223, 1.1827841340002223, 1.1827841340002223, 1.1827841340002223, 1.1827841340002223, 1.1827841340002223], "length": 17.30107329870387, "seg_id": 3, "type": "Side", "parent": 2, "children": []}, {"pos": [[-1.4340424997837276, 0.4617907389510975, 54.94256673295122], [-1.4737061998945808, 0.7950721039633485, 56.761958970310175], [-1.510578658844747, 1.0974125337007805, 58.58135120766912], [-1.5446598766342254, 1.368812028163394, 60.40074344502807], [-1.5759498532630163, 1.6092705873511883, 62.22013568238703], [-1.60444858873112, 1.8187882112641642, 64.03952791974598], [-1.630156083038536, 1.9973648999023215, 65.85892015710493], [-1.6530723361852646, 2.1450006532656594, 67.67831239446389], [-1.6731973481713056, 2.261695471354179, 69.49770463182284], [-1.6905311189966592, 2.3474493541678796, 71.3170968691818], [-1.7050736486613254, 2.4022623017067617, 73.13648910654075], [-1.716824937165304, 2.4261343139708242, 74.9558813438997], [-1.725784984508595, 2.4190653909600686, 76.77527358125865], [-1.7319537906911986, 2.3810555326744938, 78.5946658186176], [-1.735331355713115, 2.3121047391141007, 80.41405805597655], [-1.7359176795743436, 2.2122130102788886, 82.23345029333552], [-1.7337127622748847, 2.081380346168858, 84.05284253069446]], "radius": [1.8586718186200482, 1.8415207391824042, 1.8243696597447605, 1.8072185803071168, 1.7900675008694729, 1.7729164214318291, 1.7557653419941852, 1.7386142625565415, 1.7214631831188976, 1.7043121036812539, 1.68716102424361, 1.6700099448059662, 1.6528588653683223, 1.6357077859306786, 1.6185567064930346, 1.601405627055391, 1.584254547617747], "ref_radius": [1.8586718186200482, 1.8415207391824042, 1.8243696597447605, 1.8072185803071168, 1.7900675008694729, 1.7729164214318291, 1.7557653419941852, 1.7386142625565415, 1.7214631831188976, 1.7043121036812539, 1.68716102424361, 1.6700099448059662, 1.6528588653683223, 1.6357077859306786, 1.6185567064930346, 1.601405627055391, 1.584254547617747], "length": 29.156835043994498, "seg_id": 4, "type": "Main", "parent": 2,