{"case_id": "LCX_461_bc2", "artery_type": "LCX", "segments": [{"pos": [[0.0, 0.0, 0.0], [-0.01643499837569174, -0.1470050218209117, 1.8727953444546053], [-0.030341535462815518, -0.2713938864386062, 3.7455906889092097], [-0.04171961126137133, -0.37316659385308354, 5.618386033363815], [-0.050569225771359194, -0.4523231440643437, 7.49118137781842], [-0.056890378992779086, -0.5088635370723866, 9.363976722273025], [-0.06068307092563103, -0.5427877728772124, 11.236772066727628], [-0.061947301569915014, -0.554095851478821, 13.109567411182235], [-0.060683070925631036, -0.5427877728772124, 14.982362755636839], [-0.05689037899277909, -0.5088635370723866, 16.855158100091444], [-0.0505692257713592, -0.45232314406434376, 18.72795344454605], [-0.04171961126137134, -0.3731665938530836, 20.600748789000654], [-0.03034153546281553, -0.2713938864386063, 22.473544133455256], [-0.016434998375691758, -0.14700502182091185, 24.346339477909865], [0.0, 0.0, 26.21913482236447]], "radius": [2.06496090828787, 2.06496090828787, 2.0241549999542423, 1.8303309433214732, 1.5240791927049862, 1.183329765426306, 0.8947910924304723, 0.7318858520833413, 0.736067548492118, 0.9062720908461752, 1.1991885661232913, 1.540280303280265, 1.8427517658626493, 2.029634883415786, 2.06496090828787], "ref_radius": [2.06496090828787, 2.06496090828787, 2.06496090828787, 2.06496090828787, 2.06496090828787, 2.06496090828787, 2.06496090828787, 2.06496090828787, 2.06496090828787, 2.06496090828787, 2.06496090828787, 2.06496090828787, 2.06496090828787, 2.06496090828787, 2.06496090828787], "length": 26.21913482236447, "seg_id": 0, "type": "Root", "parent": null, "children": [1, 2]}, {"pos": [[0.0, 0.0, 26.21913482236447], [1.3454892600633221, -0.4577844825827698, 27.521604916162865], [2.6938708945515675, -0.7993910684132189, 28.824075009961266], [4.0451449034647355, -1.0248197574913473, 30.126545103759664], [5.399311286802827, -1.1340705498171553, 31.42901519755806], [6.756370044565841, -1.1271434453906424, 32.73148529135646], [8.116321176753779, -1.0040384442118089, 34.033955385154854], [9.479164683366639, -0.7647555462806548, 35.33642547895325], [10.844900564404423, -0.40929475159718004, 36.63889557275165]], "radius": [1.4037349684293592, 1.4037349684293592, 1.4037349684293592, 1.4037349684293592, 1.4037349684293592, 1.4037349684293592, 1.4037349684293592, 1.4037349684293592, 1.4037349684293592], "ref_radius": [1.4037349684293592, 1.4037349684293592, 1.4037349684293592, 1.4037349684293592, 1.4037349684293592, 1.4037349684293592, 1.4037349684293592, 1.4037349684293592, 1.4037349684293592], "length": 15.044959439653322, "seg_id": 1, "type": "Side", "parent": 0, "children": []}, {"pos": [[0.0, 0.0, 26.21913482236447], [-0.06742918077672795, -0.40194728036524285, 28.222413091440878], [-0.12264332919549609, -0.7641854172856444, 30.22569136051729], [-0.16564244525630442, -1.0867144107612048, 32.228969629593706], [-0.1964265289591529, -1.3695342607919236, 34.23224789867011], [-0.21499558030404164, -1.6126449673778014, 36.23552616774652], [-0.22134959929097053, -1.8160465305188378, 38.23880443682293], [-0.21548858591993958, -1.9797389502150324, 40.242082705899335], [-0.1974125401909489, -2.1037222264663864, 42.24536097497575], [-0.1671214621039983, -2.187996359272899, 44.24863924405216]], "radius": [2.06496090828787, 2.0467983565028662, 2.0286358047178625, 2.010473252932859, 1.992310701147855, 1.9741481493628512, 1.9559855975778473, 1.9378230457928436, 1.91966049400784, 1.9014979422228362], "ref_radius": [2.06496090828787, 2.0467983565028662, 2.0286358047178625, 2.010473252932859, 1.992310701147855, 1.9741481493628512, 1.9559855975778473, 1.9378230457928436, 1.91966049400784, 1.9014979422228362], "length": 18.162551785003757, "seg_id": 2, "type": "Main", "parent": 0, "children": [3, 4]}, {"pos": [[-0.1671214621039983, -2.187996359272899, 44.24863924405216], [0.8957006771421514, -2.335162694191834, 45.81857344752819], [2.017680091339859, -2.4687681993842663, 47.38850765100421], [3.1988167804891243, -2.588812874850194, 48.958441854480235], [4.439110744589948, -2.695296720589618, 50.528376057956265], [5.738561983642329, -2.788219736602538, 52.098310261432296], [7.097170497646269, -2.8675819228889536, 53.66824446490832], [8.514936286601767, -2.933383279448866, 55.23817866838435], [9.991859350508822, -2.985623806282274, 56.80811287186038]], "radius": [1.1510704220358619, 1.1510704220358619, 1.1510704220358619, 1.1510704220358619, 1.1510704220358619, 1.1510704220358619, 1.1510704220358619, 1.1510704220358619, 1.1510704220358619], "ref_radius": [1.1510704220358619, 1.1510704220358619, 1.1510704220358619, 1.1510704220358619, 1.1510704220358619, 1.1510704220358619, 1.1510704220358619, 1.1510704220358619, 1.1510704220358619], "length": 16.17348071699065, "seg_id": 3, "type": "Side", "parent": 2, "children": []}, {"pos": [[-0.1671214621039983, -2.187996359272899, 44.24863924405216], [-0.302216298913596, -2.3679246927412705, 46.04544475293448], [-0.4019830546869724, -2.5661361935154012, 47.8422502618168], [-0.46642172942412724, -2.7826308615952913, 49.639055770699116], [-0.4955323231250609, -3.0174086969809406, 51.43586127958144], [-0.489314835789773, -3.2704696996723492, 53.23266678846377], [-0.4477692674182637, -3.541813869669517, 55.02947229734608], [-0.37089561801053306, -3.8314412069724453, 56.82627780622842], [-0.25869388756658096, -4.139351711581131, 58.62308331511073], [-0.11116407608640755, -4.465545383495578, 60.41988882399305], [0.07169381642998718, -4.810022222715784, 62.21669433287538], [0.2898797899826035, -5.172782229241749, 64.01349984175769], [0.543393844571441, -5.553825403073473, 65.81030535064002], [0.8322359801965, -5.953151744210956, 67.60711085952235], [1.1564061968577808, -6.3707612526542, 69.40391636840467]], "radius": [1.828780226426341, 1.397338613456386, 0.8019650072629987, 0.40039701923020377, 0.42633953088589216, 0.8500022980482561, 1.4010321599713378, 1.7369332280184233, 1.7471488292661155, 1.7301255091196508, 1.7131021889731861, 1.6960788688267217, 1.679055548680257, 1.6620322285337923, 1.6450089083873278], "ref_radius": [1.8833353904378323, 1.8663120702913676, 1.8492887501449031, 1.8322654299984384, 1.8152421098519738, 1.7982187897055093, 1.7811954695590446, 1.76417214941258, 1.7471488292661155, 1.7301255091196508, 1.7131021889731861, 1.6960788688267217, 1.679055548680257, 1.6620322285337923, 1.6450089083873278], "length": 25.534980219696912, "seg_id": 4, "type": "Main", "parent": 2, "children": [5, 6]}, {"pos": [[1.1564061968577808, -6.3707612526542, 69.40391636840467], [2.3805904291865585, -6.515621169323817, 70.65881872961334], [3.6236385171113428, -6.661789503777456, 71.91372109082204], [4.885550460632132, -6.809266256015117, 73.16862345203072], [6.166326259748926, -6.958051426036799, 74.42352581323942], [7.465965914461726, -7.108145013842503, 75.6784281744481], [8.784469424770531, -7.259547019432229, 76.93333053565678], [10.121836790675342, -7.412257442805975, 78.18823289686546], [11.47806801217616, -7.566276283963743, 79.44313525807416], [12.85316308927298, -7.721603542905534, 80.69803761928284], [14.247122021965808, -7.878239219631346, 81.95293998049154], [15.65994481025464, -8.036183314141178, 83.20784234170021], [17.09163145413948, -8.195435826435034, 84.4627447029089]], "radius": [1.0082728683705788, 1.0082728683705788, 1.0082728683705788, 1.0082728683705788, 1.0082728683705788, 1.0082728683705788, 1.0082728683705788, 1.0082728683705788, 1.0082728683705788, 1.0082728683705788, 1.0082728683705788, 1.0082728683705788, 1.0082728683705788], "ref_radius": [1.0082728683705788, 1.0082728683705788, 1.0082728683705788, 1.0082728683705788, 1.0082728683705788, 1.0082728683705788, 1.0082728683705788, 1.0082728683705788, 1.0082728683705788, 1.0082728683705788, 1.0082728683705788, 1.0082728683705788, 1.0082728683705788], "length": 22.000662537945953, "seg_id": 5, "type": "Side", "parent": 4,