{"case_id": "LCX_3469_bc4", "artery_type": "LCX", "segments": [{"pos": [[0.0, 0.0, 0.0], [-0.056759576034486316, 0.025105093355762213, 1.7971622048679814], [-0.10642420506466184, 0.04707205004205415, 3.5943244097359623], [-0.14899388709052655, 0.06590087005887581, 5.391486614603943], [-0.1844686221120805, 0.08159155340622719, 7.188648819471925], [-0.21284841012932368, 0.0941441000841083, 8.985811024339906], [-0.23413325114225605, 0.10355851009251914, 10.782973229207887], [-0.2483231451508776, 0.10983478343145968, 12.580135434075869], [-0.2554180921551884, 0.11297292010092996, 14.377297638943851], [-0.2554180921551884, 0.11297292010092996, 16.17445984381183], [-0.2483231451508776, 0.10983478343145968, 17.971622048679816], [-0.23413325114225605, 0.10355851009251914, 19.768784253547796], [-0.2128484101293237, 0.09414410008410831, 21.565946458415773], [-0.18446862211208057, 0.08159155340622722, 23.363108663283757], [-0.1489938870905266, 0.06590087005887582, 25.160270868151738], [-0.10642420506466187, 0.04707205004205416, 26.95743307301972], [-0.05675957603448632, 0.025105093355762217, 28.754595277887702], [0.0, 0.0, 30.551757482755683]], "radius": [2.15989031683164, 2.140089792879138, 2.0377214838354614, 1.8595922324054712, 1.626632945972172, 1.3662172827595915, 1.108945136294641, 0.8850470241742645, 0.72083187999808, 0.6355956472792692, 0.639353928050578, 0.7316651091232003, 0.9016822534223112, 1.1294276589574752, 1.3881403195947, 1.3123300686148878, 1.1190741643322464, 0.9616750322314747], "ref_radius": [2.15989031683164, 2.15989031683164, 2.15989031683164, 2.15989031683164, 2.15989031683164, 2.15989031683164, 2.15989031683164, 2.15989031683164, 2.15989031683164, 2.15989031683164, 2.15989031683164, 2.15989031683164, 2.15989031683164, 2.15989031683164, 2.15989031683164, 2.15989031683164, 2.15989031683164, 2.15989031683164], "length": 30.551757482755683, "seg_id": 0, "type": "Root", "parent": null, "children": [1, 2]}, {"pos": [[0.0, 0.0, 30.551757482755683], [1.1366083725711345, 0.03373808845863765, 31.919267184245875], [2.298061282895204, 0.05824699795352163, 33.28677688573606], [3.4843587309722084, 0.07352672848465194, 34.654286587226245], [4.695500716802147, 0.07957728005202859, 36.02179628871643], [5.931487240385022, 0.0763986526556516, 37.38930599020662], [7.192318301720832, 0.0639908462955209, 38.75681569169681], [8.477993900809576, 0.042353860971636556, 40.12432539318699], [9.788514037651254, 0.011487696683998572, 41.491835094677185], [11.123878712245867, -0.028607646567393036, 42.85934479616736], [12.484087924593416, -0.07793216878253839, 44.226854497657555], [13.869141674693902, -0.13648586996143747, 45.59436419914775], [15.279039962547321, -0.20426875010409004, 46.96187390063793], [16.713782788153672, -0.2812808092104963, 48.32938360212812]], "radius": [1.7165125637075946, 1.7165125637075946, 1.7165125637075946, 1.7165125637075946, 1.7165125637075946, 1.7165125637075946, 1.7165125637075946, 1.7165125637075946, 1.7165125637075946, 1.7165125637075946, 1.7165125637075946, 1.7165125637075946, 1.7165125637075946, 1.7165125637075946], "ref_radius": [1.7165125637075946, 1.7165125637075946, 1.7165125637075946, 1.7165125637075946, 1.7165125637075946, 1.7165125637075946, 1.7165125637075946, 1.7165125637075946, 1.7165125637075946, 1.7165125637075946, 1.7165125637075946, 1.7165125637075946, 1.7165125637075946, 1.7165125637075946], "length": 24.402328668047343, "seg_id": 1, "type": "Side", "parent": 0, "children": []}, {"pos": [[0.0, 0.0, 30.551757482755683], [-0.2660983675825668, 0.050488906799437495, 32.4152880201751], [-0.4970990330532815, 0.09519859945066814, 34.278818557594505], [-0.6930019964121443, 0.13412907795369192, 36.14234909501392], [-0.8538072576591549, 0.16728034230850877, 38.00587963243334], [-0.9795148167943134, 0.19465239251511882, 39.86941016985274], [-1.07012467381762, 0.21624522857352196, 41.73294070727216], [-1.1256368287290743, 0.23205885048371822, 43.596471244691564], [-1.1460512815286767, 0.24209325824570763, 45.46000178211098], [-1.131368032216427, 0.24634845185949017, 47.323532319530386], [-1.0815870807923254, 0.24482443132506587, 49.1870628569498], [-0.9967084272563717, 0.2375211966424347, 51.05059339436921], [-0.8767320716085657, 0.2244387478115966, 52.91412393178862], [-0.7216580138489077, 0.20557708483255166, 54.77765446920804], [-0.5314862539773979, 0.18093620770529986, 56.64118500662745], [-0.3062167919940359, 0.1505161164298412, 58.50471554404686]], "radius": [0.8555562008130517, 0.8045549210415261, 0.8192378334681194, 0.8959378472085029, 1.0249957187625254, 1.1918012491054162, 1.3041741575530632, 1.1414034655293477, 0.9992645142094452, 0.8859922110042977, 0.8077703127644063, 0.7683560425380034, 0.7688723997934181, 0.8077791858302947, 0.8810216474719976, 0.982343796483711], "ref_radius": [2.15989031683164, 2.142418416532055, 2.12494651623247, 2.107474615932885, 2.0900027156333003, 2.072530815333715, 2.0550589150341305, 2.0375870147345454, 2.0201151144349603, 2.0026432141353756, 1.9851713138357905, 1.9676994135362056, 1.9502275132366207, 1.9327556129370358, 1.915283712637451, 1.897811812337866], "length": 27.95504047933589, "seg_id": 2, "type": "Main", "parent": 0, "children": [3, 4]}, {"pos": [[-0.3062167919940359, 0.1505161164298412, 58.50471554404686], [0.9145462945153819, 0.23101198421293345, 59.919667734820635], [2.193088534061133, 0.3312489135705254, 61.33461992559439], [3.529409926643217, 0.451226904502617, 62.749572116368164], [4.9235104722616345, 0.5909459570092083, 64.16452430714193], [6.3753901709163845, 0.7504060710902993, 65.5794764979157], [7.885049022607469, 0.9296072467458898, 66.99442868868948], [9.452487027334886, 1.12854948397598, 68.40938087946324], [11.077704185098636, 1.3472327827805701, 69.82433307023702]], "radius": [1.2994344592479208, 1.2994344592479208, 1.2994344592479208, 1.2994344592479208, 1.2994344592479208, 1.2994344592479208, 1.2994344592479208, 1.2994344592479208, 1.2994344592479208], "ref_radius": [1.2994344592479208, 1.2994344592479208, 1.2994344592479208, 1.2994344592479208, 1.2994344592479208, 1.2994344592479208, 1.2994344592479208, 1.2994344592479208, 1.2994344592479208], "length": 16.09843248678093, "seg_id": 3, "type": "Side", "parent": 2, "children": []}, {"pos": [[-0.3062167919940359, 0.1505161164298412, 58.50471554404686], [0.14703168950472617, 0.16649962925029654, 60.41190143224622], [0.5601056327538094, 0.19766445246535147, 62.31908732044559], [0.9330050377532141, 0.24401058607500592, 64.22627320864494], [1.26572990450294, 0.30553803007925995, 66.1334590968443], [1.558280233002987, 0.38224678447811344, 68.04064498504366], [1.8106560232533555, 0.47413684927156663, 69.94783087324302], [2.0228572752540446, 0.5812082244596192, 71.85501676144237], [2.1948839890050555, 0.7034609100422715, 73.76220264964174], [2.326736164506388, 0.8408949060195233, 75.66938853784109], [2.4184138017580414, 0.9935102123913746, 77.57657442604045], [2.469916900760016, 1.1613068291578255, 79.48376031423982], [2.481245461512312, 1.344284756318876, 81.39094620243917]], "radius": [0.9589599731533597, 0.7792788144560974, 0.6774631451367834, 0.6658233998157626, 0.7425674367923663, 0.892344853015226, 1.088871005961229, 1.1164126344573095, 0.9378293329171512, 0.7901474083127228, 0.6871567386985198, 0.6376011524580611, 0.6443466132651088], "ref_radius": [1.880339912038281, 1.8625812641219492, 1.8448226162056174, 1.8270639682892855, 1.8093053203729537, 1.7915466724566218, 1.77378802454029, 1.756029376623958, 1.7382707287076262, 1.7205120807912944, 1.7027534328749627, 1.6849947849586309, 1.667236137042299], "length": 23.0862422912314, "seg_id": 4, "type": "Main", "parent": 2,