{"case_id": "LCX_701_bc0", "artery_type": "LCX", "segments": [{"pos": [[0.0, 0.0, 0.0], [0.22275673263579043, 0.17422041620625456, 1.7974850238673907], [0.4136910748950394, 0.32355220152590136, 3.594970047734782], [0.572803026777747, 0.44799535595894036, 5.392455071602173], [0.7000925882839129, 0.5475498795053715, 7.189940095469563], [0.7955597594135373, 0.6222157721651949, 8.987425119336955], [0.8592045401666203, 0.6719930339384104, 10.784910143204346], [0.8910269305431617, 0.6968816648250182, 12.582395167071734], [0.8910269305431617, 0.6968816648250182, 14.379880190939126], [0.8592045401666203, 0.6719930339384104, 16.177365214806517], [0.7955597594135373, 0.6222157721651949, 17.97485023867391], [0.700092588283913, 0.5475498795053716, 19.772335262541297], [0.5728030267777467, 0.4479953559589402, 21.569820286408692], [0.4136910748950393, 0.32355220152590125, 23.36730531027608], [0.22275673263579038, 0.1742204162062545, 25.16479033414347], [0.0, 0.0, 26.96227535801086]], "radius": [1.8517023004128623, 1.8517023004128623, 1.8517023004128623, 1.723321822353216, 1.361261005865326, 0.9162257591951765, 0.5740626268780096, 0.4776587988258456, 0.6672724758385498, 1.0637210607328678, 1.5014477798829464, 1.7976581269806469, 1.8517023004128623, 1.8517023004128623, 1.8517023004128623, 1.8517023004128623], "ref_radius": [1.8517023004128623, 1.8517023004128623, 1.8517023004128623, 1.8517023004128623, 1.8517023004128623, 1.8517023004128623, 1.8517023004128623, 1.8517023004128623, 1.8517023004128623, 1.8517023004128623, 1.8517023004128623, 1.8517023004128623, 1.8517023004128623, 1.8517023004128623, 1.8517023004128623, 1.8517023004128623], "length": 26.96227535801086, "seg_id": 0, "type": "Root", "parent": null, "children": [1, 2]}, {"pos": [[0.0, 0.0, 26.96227535801086], [1.146644811793959, 0.25892723403625917, 28.36150723076083], [2.3137422466696407, 0.4880911184083708, 29.7607391035108], [3.5012923046270448, 0.6874916531163349, 31.159970976260773], [4.7092949856661726, 0.8571288381601515, 32.55920284901075], [5.937750289787024, 0.9970026735398207, 33.958434721760725], [7.186658216989596, 1.1071131592553423, 35.35766659451069], [8.456018767273893, 1.1874602953067162, 36.75689846726067], [9.74583194063991, 1.2380440816939429, 38.15613034001064], [11.056097737087654, 1.258864518417022, 39.55536221276061], [12.386816156617117, 1.2499216054759534, 40.954594085510585], [13.737987199228304, 1.2112153428707375, 42.35382595826056]], "radius": [1.336459389523474, 1.336459389523474, 1.336459389523474, 1.336459389523474, 1.336459389523474, 1.336459389523474, 1.336459389523474, 1.336459389523474, 1.336459389523474, 1.336459389523474, 1.336459389523474, 1.336459389523474], "ref_radius": [1.336459389523474, 1.336459389523474, 1.336459389523474, 1.336459389523474, 1.336459389523474, 1.336459389523474, 1.336459389523474, 1.336459389523474, 1.336459389523474, 1.336459389523474, 1.336459389523474, 1.336459389523474], "length": 20.6663776403368, "seg_id": 1, "type": "Side", "parent": 0, "children": []}, {"pos": [[0.0, 0.0, 26.96227535801086], [0.04730305539302849, 0.37446936802412434, 28.857044802864042], [0.06034452597435585, 0.720641350362215, 30.75181424771722], [0.03912441174398211, 1.038515947014272, 32.6465836925704], [-0.016357287298092743, 1.3280931579802953, 34.541353137423584], [-0.10610057115186869, 1.5893729832602848, 36.43612258227677], [-0.23010543981734585, 1.8223554228542407, 38.33089202712995], [-0.38837189329452415, 2.027040476762163, 40.22566147198313], [-0.5808999315834034, 2.203428144984051, 42.12043091683631], [-0.8076895546839837, 2.3515184275199057, 44.015200361689494], [-1.0687407625962653, 2.4713113243697267, 45.90996980654268], [-1.3640535553202486, 2.5628068355335145, 47.804739251395866], [-1.693627932855932, 2.626004961011268, 49.69950869624905], [-2.0574638952033166, 2.6609057008029877, 51.59427814110222]], "radius": [1.8517023004128623, 1.8339447332139496, 1.8161871660150368, 1.7984295988161239, 1.780672031617211, 1.7629144644182984, 1.7451568972193856, 1.7273993300204726, 1.7096417628215599, 1.6918841956226471, 1.6741266284237344, 1.6563690612248214, 1.6386114940259087, 1.620853926826996], "ref_radius": [1.8517023004128623, 1.8339447332139496, 1.8161871660150368, 1.7984295988161239, 1.780672031617211, 1.7629144644182984, 1.7451568972193856, 1.7273993300204726, 1.7096417628215599, 1.6918841956226471, 1.6741266284237344, 1.6563690612248214, 1.6386114940259087, 1.620853926826996], "length": 24.86059407847792, "seg_id": 2, "type": "Main", "parent": 0, "children": [3, 4]}, {"pos": [[-2.0574638952033166, 2.6609057008029877, 51.59427814110222], [-0.9079303161009176, 2.917782119561142, 53.00713723306177], [0.2520604724898876, 3.157402664303575, 54.4199963250213], [1.4225084705690987, 3.379767335030289, 55.832855416980834], [2.603413678136715, 3.5848761317412823, 57.24571450894038], [3.794776095192737, 3.7727290544365557, 58.65857360089993], [4.996595721737165, 3.9433261031161084, 60.07143269285947], [6.208872557769999, 4.096667277779941, 61.48429178481901], [7.431606603291237, 4.232752578428054, 62.89715087677855], [8.664797858300881, 4.351582005060447, 64.31000996873809], [9.908446322798932, 4.453155557677119, 65.72286906069762], [11.162551996785389, 4.537473236278071, 67.13572815265717], [12.42711488026025, 4.604535040863304, 68.54858724461671], [13.702134973223517, 4.654340971432815, 69.96144633657624]], "radius": [1.104185937873344, 1.104185937873344, 1.104185937873344, 1.104185937873344, 1.104185937873344, 1.104185937873344, 1.104185937873344, 1.104185937873344, 1.104185937873344, 1.104185937873344, 1.104185937873344, 1.104185937873344, 1.104185937873344, 1.104185937873344], "ref_radius": [1.104185937873344, 1.104185937873344, 1.104185937873344, 1.104185937873344, 1.104185937873344, 1.104185937873344, 1.104185937873344, 1.104185937873344, 1.104185937873344, 1.104185937873344, 1.104185937873344, 1.104185937873344, 1.104185937873344, 1.104185937873344], "length": 24.283566628334142, "seg_id": 3, "type": "Side", "parent": 2, "children": []}, {"pos": [[-2.0574638952033166, 2.6609057008029877, 51.59427814110222], [-2.133847840379369, 3.026529281365503, 53.4514719434793], [-2.201198927690485, 3.3818992773532757, 55.30866574585639], [-2.2595171571366635, 3.727015688766304, 57.16585954823346], [-2.3088025287179046, 4.061878515604591, 59.023053350610546], [-2.3490550424342085, 4.386487757868133, 60.88024715298763], [-2.380274698285575, 4.700843415556934, 62.737440955364704], [-2.402461496272005, 5.004945488670991, 64.59463475774179], [-2.415615436393498, 5.298793977210305, 66.45182856011886], [-2.419736518650053, 5.582388881174876, 68.30902236249594], [-2.414824743041671, 5.855730200564703, 70.16621616487302], [-2.400880109568352, 6.118817935379789, 72.0234099672501], [-2.377902618230096, 6.371652085620131, 73.88060376962719]], "radius": [1.6030963596280832, 1.5857152737078013, 1.5683341877875192, 1.5509531018672373, 1.5335720159469555, 1.5161909300266734, 1.4988098441063915, 1.4814287581861096, 1.4640476722658275, 1.4466665863455457, 1.4292855004252636, 1.4119044145049817, 1.3945233285846999], "ref_radius": [1.6030963596280832, 1.5857152737078013, 1.5683341877875192, 1.5509531018672373, 1.5335720159469555, 1.5161909300266734, 1.4988098441063915, 1.4814287581861096, 1.4640476722658275, 1.4466665863455457, 1.4292855004252636, 1.4119044145049817, 1.3945233285846999], "length": 22.59541169636653, "seg_id": 4, "type": "Main", "parent": 2,