{"case_id": "LCX_1789_bc8", "artery_type": "LCX", "segments": [{"pos": [[0.0, 0.0, 0.0], [0.011380828980286842, -0.0920891326999871, 1.7626037258171443], [0.021563675962648753, -0.17448467248418612, 3.525207451634289], [0.030548540947085732, -0.24718661935259698, 5.287811177451433], [0.03833542393359779, -0.3101949733052198, 7.050414903268579], [0.0449243249221849, -0.36350973434205436, 8.813018629085722], [0.05031524391284709, -0.4071309024631009, 10.575622354902867], [0.05450818090558434, -0.44105847766835926, 12.33822608072001], [0.05750313590039667, -0.4652924599578296, 14.100829806537156], [0.05930010889728407, -0.4798328493315118, 15.8634335323543], [0.05989909989624653, -0.4846796457894058, 17.626037258171444], [0.059300108897284064, -0.47983284933151177, 19.388640983988587], [0.05750313590039667, -0.4652924599578296, 21.151244709805734], [0.05450818090558434, -0.44105847766835926, 22.913848435622878], [0.05031524391284708, -0.4071309024631008, 24.676452161440025], [0.0449243249221849, -0.36350973434205436, 26.439055887257165], [0.038335423933597776, -0.31019497330521967, 28.201659613074312], [0.030548540947085718, -0.24718661935259686, 29.96426333889146], [0.021563675962648746, -0.17448467248418606, 31.7268670647086], [0.011380828980286826, -0.09208913269998699, 33.48947079052574], [0.0, 0.0, 35.25207451634289]], "radius": [1.9276713916428363, 1.9276713916428363, 1.9276713916428363, 1.9276713916428363, 1.9276713916428363, 1.9276713916428363, 1.9276713916428363, 1.9276713916428363, 1.9276713916428363, 1.9276713916428363, 1.9276713916428363, 1.9276713916428363, 1.9276713916428363, 1.9276713916428363, 1.9276713916428363, 1.9276713916428363, 1.9276713916428363, 1.9276713916428363, 1.9276713916428363, 1.8245594038935802, 1.5337050862986303], "ref_radius": [1.9276713916428363, 1.9276713916428363, 1.9276713916428363, 1.9276713916428363, 1.9276713916428363, 1.9276713916428363, 1.9276713916428363, 1.9276713916428363, 1.9276713916428363, 1.9276713916428363, 1.9276713916428363, 1.9276713916428363, 1.9276713916428363, 1.9276713916428363, 1.9276713916428363, 1.9276713916428363, 1.9276713916428363, 1.9276713916428363, 1.9276713916428363, 1.9276713916428363, 1.9276713916428363], "length": 35.25207451634289, "seg_id": 0, "type": "Root", "parent": null, "children": [1, 2]}, {"pos": [[0.0, 0.0, 35.25207451634289], [0.5918765519539381, -0.0975831096535196, 36.90009204820644], [1.2344136030731332, -0.1955991190976578, 38.54810958006999], [1.9276111533575855, -0.29404802833241445, 40.19612711193354], [2.671469202807295, -0.39292983735778975, 41.844144643797094], [3.4659877514222623, -0.49224454617378366, 43.49216217566065], [4.311166799202486, -0.5919921547803959, 45.140179707524204], [5.207006346147967, -0.6921726631776268, 46.788197239387756], [6.153506392258704, -0.7927860713654764, 48.4362147712513], [7.150666937534701, -0.8938323793439444, 50.08423230311486], [8.198487981975953, -0.995311587113031, 51.73224983497841], [9.296969525582462, -1.097223694672736, 53.38026736684196]], "radius": [1.2828439778440088, 1.2828439778440088, 1.2828439778440088, 1.2828439778440088, 1.2828439778440088, 1.2828439778440088, 1.2828439778440088, 1.2828439778440088, 1.2828439778440088, 1.2828439778440088, 1.2828439778440088, 1.2828439778440088], "ref_radius": [1.2828439778440088, 1.2828439778440088, 1.2828439778440088, 1.2828439778440088, 1.2828439778440088, 1.2828439778440088, 1.2828439778440088, 1.2828439778440088, 1.2828439778440088, 1.2828439778440088, 1.2828439778440088, 1.2828439778440088], "length": 20.402669389583462, "seg_id": 1, "type": "Side", "parent": 0, "children": []}, {"pos": [[0.0, 0.0, 35.25207451634289], [-0.16605622622875083, -0.04189200315403851, 37.017591481982365], [-0.3157257139762055, -0.07577709108723417, 38.78310844762184], [-0.44900846324236415, -0.101655263799587, 40.54862541326133], [-0.5659044740272267, -0.119526521291097, 42.314142378900804], [-0.6664137463307931, -0.12939086356176416, 44.07965934454028], [-0.7505362801530635, -0.1312482906115885, 45.84517631017977], [-0.8182720754940376, -0.12509880244056998, 47.61069327581925], [-0.8696211323537157, -0.11094239904870862, 49.37621024145873], [-0.9045834507320978, -0.08877908043600444, 51.14172720709821], [-0.9231590306291837, -0.05860884660245744, 52.90724417273769], [-0.9253478720449736, -0.020431697548067562, 54.67276113837717], [-0.9111499749794673, 0.02575236672716505, 56.438278104016646], [-0.880565339432665, 0.07994334622324056, 58.20379506965613], [-0.8335939654045665, 0.14214124094015895, 59.96931203529561], [-0.7702358528951718, 0.21234605087792013, 61.734829000935086], [-0.6904910019044811, 0.2905577760365243, 63.50034596657457], [-0.5943594124324943, 0.3767764164159711, 65.26586293221405]], "radius": [1.147308534671578, 0.7812125494064319, 0.560061998330349, 0.5476329312966801, 0.7408227976356363, 1.0717979111882179, 1.4305175688301266, 1.700170167952699, 1.7941122302158448, 1.7775612055584307, 1.7608822959934967, 1.7442033864285627, 1.7275244768636286, 1.7108455672986946, 1.6941666577337606, 1.6774877481688266, 1.6608088386038928, 1.6441299290389588], "ref_radius": [1.9276713916428363, 1.9109924820779023, 1.8943135725129683, 1.8776346629480345, 1.8609557533831005, 1.8442768438181665, 1.8275979342532325, 1.8109190246882985, 1.7942401151233645, 1.7775612055584307, 1.7608822959934967, 1.7442033864285627, 1.7275244768636286, 1.7108455672986946, 1.6941666577337606, 1.6774877481688266, 1.6608088386038928, 1.6441299290389588], "length": 30.022037216881145, "seg_id": 2, "type": "Main", "parent": 0, "children": [3, 4]}, {"pos": [[-0.5943594124324943, 0.3767764164159711, 65.26586293221405], [0.7777551515482176, 0.5006875809292328, 66.63359219071435], [2.134318309021959, 0.593856794407392, 68.00132144921461], [3.47533005998873, 0.6562840568504491, 69.36905070771489], [4.800790404448531, 0.6879693682584042, 70.73677996621518], [6.110699342401361, 0.6889127286312571, 72.10450922471546], [7.4050568738472204, 0.6591141379690075, 73.47223848321575], [8.683862998786111, 0.598573596271656, 74.83996774171602], [9.947117717218028, 0.507291103539202, 76.20769700021631], [11.194821029142974, 0.3852666597716462, 77.57542625871659], [12.42697293456095, 0.23250026496898787, 78.94315551721687], [13.643573433471959, 0.048991919131227246, 80.31088477571716], [14.844622525875996, -0.16525837774163524, 81.67861403421745], [16.03012021177306, -0.41025062564959985, 83.04634329271772]], "radius": [1.0366798306977143, 1.0366798306977143, 1.0366798306977143, 1.0366798306977143, 1.0366798306977143, 1.0366798306977143, 1.0366798306977143, 1.0366798306977143, 1.0366798306977143, 1.0366798306977143, 1.0366798306977143, 1.0366798306977143, 1.0366798306977143, 1.0366798306977143], "ref_radius": [1.0366798306977143, 1.0366798306977143, 1.0366798306977143, 1.0366798306977143, 1.0366798306977143, 1.0366798306977143, 1.0366798306977143, 1.0366798306977143, 1.0366798306977143, 1.0366798306977143, 1.0366798306977143, 1.0366798306977143, 1.0366798306977143, 1.0366798306977143], "length": 24.354429087761943, "seg_id": 3, "type": "Side", "parent": 2,