{"case_id": "LCX_3472_bc4", "artery_type": "LCX", "segments": [{"pos": [[0.0, 0.0, 0.0], [0.23304188118162883, -0.007770394550184936, 1.7814255335319387], [0.4350115115390405, -0.014504736493678547, 3.5628510670638773], [0.6059088910722349, -0.020203025830480833, 5.3442766005958156], [0.7457340197812122, -0.024865262560591794, 7.125702134127755], [0.8544868976659723, -0.02849144668401143, 8.907127667659694], [0.9321675247265153, -0.031081578200739743, 10.688553201191631], [0.9787759009628411, -0.032635657110776733, 12.46997873472357], [0.9943120263749496, -0.03315368341412239, 14.25140426825551], [0.9787759009628411, -0.032635657110776733, 16.03282980178745], [0.9321675247265153, -0.031081578200739743, 17.814255335319388], [0.8544868976659723, -0.02849144668401143, 19.595680868851325], [0.7457340197812122, -0.024865262560591794, 21.377106402383262], [0.6059088910722349, -0.020203025830480833, 23.158531935915203], [0.4350115115390405, -0.014504736493678547, 24.93995746944714], [0.23304188118162883, -0.007770394550184936, 26.72138300297908], [0.0, 0.0, 28.50280853651102]], "radius": [2.724556467492012, 2.724556467492012, 2.724556467492012, 2.724556467492012, 2.724556467492012, 2.722127905180679, 2.4239191567374694, 1.7764625600989434, 1.1158465750082545, 0.7849905725298896, 0.9556387048541959, 1.5392091763076279, 2.232776197083353, 2.676315832061437, 2.724556467492012, 2.724556467492012, 2.724556467492012], "ref_radius": [2.724556467492012, 2.724556467492012, 2.724556467492012, 2.724556467492012, 2.724556467492012, 2.724556467492012, 2.724556467492012, 2.724556467492012, 2.724556467492012, 2.724556467492012, 2.724556467492012, 2.724556467492012, 2.724556467492012, 2.724556467492012, 2.724556467492012, 2.724556467492012, 2.724556467492012], "length": 28.50280853651102, "seg_id": 0, "type": "Root", "parent": null, "children": [1, 2]}, {"pos": [[0.0, 0.0, 28.50280853651102], [1.1211576672911008, 0.056116674139116404, 29.938964813717888], [2.2624992344626174, 0.09565077955902877, 31.375121090924765], [3.4240247015145493, 0.11860231625973709, 32.81127736813163], [4.605734068446896, 0.12497128424124136, 34.247433645338496], [5.807627335259658, 0.1147576835035416, 35.683589922545366], [7.029704501952837, 0.0879615140466378, 37.11974619975224], [8.271965568526431, 0.04458277587052993, 38.555902476959105], [9.53441053498044, -0.015378531024781955, 39.99205875416598], [10.817039401314865, -0.09192240663929785, 41.428215031372844], [12.119852167529704, -0.1850488509730178, 42.86437130857972]], "radius": [1.8734354367404955, 1.8734354367404955, 1.8734354367404955, 1.8734354367404955, 1.8734354367404955, 1.8734354367404955, 1.8734354367404955, 1.8734354367404955, 1.8734354367404955, 1.8734354367404955, 1.8734354367404955], "ref_radius": [1.8734354367404955, 1.8734354367404955, 1.8734354367404955, 1.8734354367404955, 1.8734354367404955, 1.8734354367404955, 1.8734354367404955, 1.8734354367404955, 1.8734354367404955, 1.8734354367404955, 1.8734354367404955], "length": 18.793071725933746, "seg_id": 1, "type": "Side", "parent": 0, "children": []}, {"pos": [[0.0, 0.0, 28.50280853651102], [-0.06464232676383593, -0.1963890785021665, 30.257641908078526], [-0.1248894852519215, -0.3748977386964051, 32.01247527964604], [-0.1807414754642567, -0.5355259805827156, 33.76730865121354], [-0.2321982974008416, -0.6782738041610984, 35.52214202278106], [-0.27925995106167606, -0.803141209431553, 37.27697539434856], [-0.3219264364467602, -0.9101281963940797, 39.031808765916075], [-0.36019775355609396, -0.9992347650486784, 40.786642137483575], [-0.3940739023896774, -1.070460915395349, 42.5414755090511], [-0.4235548829475105, -1.1238066474340922, 44.296308880618604], [-0.44864069522959316, -1.159271961164907, 46.05114225218611], [-0.4693313392359255, -1.176856856587794, 47.805975623753625], [-0.4856268149665075, -1.176561333702753, 49.56080899532113], [-0.4975271224213391, -1.1583853925097838, 51.31564236688864], [-0.5050322616004204, -1.1223290330088869, 53.070475738456146], [-0.5081422325037512, -1.0683922552000622, 54.82530911002365], [-0.5068570351313318, -0.9965750590833091, 56.58014248159117], [-0.501176669483162, -0.9068774446586283, 58.334975853158674], [-0.4911011355592418, -0.7992994119260196, 60.08980922472618], [-0.4766304333595712, -0.6738409608854827, 61.84464259629368], [-0.4577645628841504, -0.5305020915370182, 63.599475967861196]], "radius": [2.724556467492012, 2.7078404382405883, 2.691124408989164, 2.6744083797377405, 2.657692350486317, 2.638687757070717, 2.389155854182697, 1.8545125079625433, 1.2537918871923008, 0.8304133936169347, 0.7517478127788837, 1.0412542422229962, 1.570692657389443, 2.1148405765609466, 2.4453893347222087, 2.4738160287206545, 2.457099999469231, 2.440383970217807, 2.423667940966383, 2.4069519117149594, 2.3902358824635357], "ref_radius": [2.724556467492012, 2.7078404382405883, 2.691124408989164, 2.6744083797377405, 2.657692350486317, 2.640976321234893, 2.624260291983469, 2.6075442627320453, 2.5908282334806216, 2.5741122042291975, 2.557396174977774, 2.54068014572635, 2.523964116474926, 2.5072480872235023, 2.4905320579720787, 2.4738160287206545, 2.457099999469231, 2.440383970217807, 2.423667940966383, 2.4069519117149594, 2.3902358824635357], "length": 35.10366142799001, "seg_id": 2, "type": "Main", "parent": 0, "children": [3, 4]}, {"pos": [[-0.4577645628841504, -0.5305020915370182, 63.599475967861196], [0.8656658639357266, -0.888825260878142, 65.07885144624115], [2.154127526124163, -1.1992722834298175, 66.55822692462112], [3.4076204236811574, -1.461843159192044, 68.03760240300107], [4.62614455660671, -1.6765378881648225, 69.51697788138102], [5.809699924900822, -1.8433564703481522, 70.99635335976099], [6.958286528563493, -1.9622989057420335, 72.47572883814094], [8.07190436759472, -2.033365194346467, 73.9551043165209], [9.150553441994509, -2.0565553361614506, 75.43447979490085], [10.194233751762857, -2.0318693311869866, 76.9138552732808], [11.202945296899761, -1.959307179423074, 78.39323075166077], [12.176688077405224, -1.838868880869713, 79.87260623004072], [13.115462093279248, -1.670554435526903, 81.35198170842068]], "radius": [1.6567223374734805, 1.6567223374734805, 1.6567223374734805, 1.6567223374734805, 1.6567223374734805, 1.6567223374734805, 1.6567223374734805, 1.6567223374734805, 1.6567223374734805, 1.6567223374734805, 1.6567223374734805, 1.6567223374734805, 1.6567223374734805], "ref_radius": [1.6567223374734805, 1.6567223374734805, 1.6567223374734805, 1.6567223374734805, 1.6567223374734805, 1.6567223374734805, 1.6567223374734805, 1.6567223374734805, 1.6567223374734805, 1.6567223374734805, 1.6567223374734805, 1.6567223374734805, 1.6567223374734805], "length": 22.37596168380744, "seg_id": 3, "type": "Side", "parent": 2, "children": []}, {"pos": [[-0.4577645628841504, -0.5305020915370182, 63.599475967861196], [-0.22298841796345592, -0.4831311562147562, 65.38872947242612], [0.017904428673364683, -0.4886363060591649, 67.17798297699107], [0.26491397702631164, -0.5470175410702441, 68.967236481556], [0.5180402270953848, -0.6582748612479941, 70.75648998612094], [0.777283178880584, -0.8224082665924144, 72.54574349068587], [1.0426428323819097, -1.0394177571035055, 74.3349969952508], [1.3141191875993612, -1.3093033327812669, 76.12425049981574], [1.5917122445329397, -1.6320649936256995, 77.91350400438068], [1.8754220031826438, -2.007702739636802, 79.70275750894561], [2.165248463548474, -2.436216570814575, 81.49201101351053], [2.4611916256304305, -2.9176064871590195, 83.28126451807547], [2.763251489428514, -3.4518724886701344, 85.07051802264041]], "radius": [2.373519853212112, 2.3566683437661817, 2.339816834320252, 2.3229653248743216, 2.3061138154283913, 2.2892623059824615, 2.272410796536531, 2.2555592870906014, 2.238707777644671, 2.221856268198741, 2.205004758752811, 2.1881532493068807, 2.1713017398609504],