{"case_id": "LCX_3957_bc2", "artery_type": "LCX", "segments": [{"pos": [[0.0, 0.0, 0.0], [-0.1260826108087231, 0.14414548195782012, 1.7954854889321474], [-0.23889336784810694, 0.27311775528850135, 3.5909709778642953], [-0.33843227111815144, 0.3869168199920435, 5.386456466796442], [-0.4246993206188568, 0.48554267606844687, 7.1819419557285915], [-0.4976945163502227, 0.568995323517711, 8.977427444660737], [-0.5574178583122495, 0.6372747623398364, 10.772912933592886], [-0.6038693465049368, 0.6903809925348227, 12.568398422525032], [-0.6370489809282851, 0.72831401410267, 14.36388391145718], [-0.6569567615822941, 0.7510738270433787, 16.15936940038933], [-0.6635926884669636, 0.758660431356948, 17.954854889321474], [-0.656956761582294, 0.7510738270433786, 19.750340378253625], [-0.6370489809282851, 0.72831401410267, 21.545825867185773], [-0.6038693465049368, 0.6903809925348227, 23.341311356117917], [-0.5574178583122493, 0.6372747623398363, 25.136796845050068], [-0.4976945163502227, 0.568995323517711, 26.93228233398221], [-0.4246993206188567, 0.4855426760684467, 28.727767822914362], [-0.33843227111815133, 0.38691681999204336, 30.52325331184651], [-0.23889336784810686, 0.27311775528850124, 32.318738800778654], [-0.12608261080872293, 0.14414548195781995, 34.114224289710805], [0.0, 0.0, 35.90970977864295]], "radius": [2.092184457576532, 2.092184457576532, 2.0609786349155197, 1.9598539340613954, 1.799149715428031, 1.5956600309253863, 1.3706501363988943, 1.1476342113832791, 0.9499180598786514, 0.7981635869677992, 0.7082295704557284, 0.6895143730899693, 0.7439737866894218, 0.8659166462880821, 1.042599573202027, 0.9455306690267324, 0.80503599111172, 0.7193949110303441, 0.6965834572915264, 0.7387261337569404, 0.8418980577813531], "ref_radius": [2.092184457576532, 2.092184457576532, 2.092184457576532, 2.092184457576532, 2.092184457576532, 2.092184457576532, 2.092184457576532, 2.092184457576532, 2.092184457576532, 2.092184457576532, 2.092184457576532, 2.092184457576532, 2.092184457576532, 2.092184457576532, 2.092184457576532, 2.092184457576532, 2.092184457576532, 2.092184457576532, 2.092184457576532, 2.092184457576532, 2.092184457576532], "length": 35.90970977864295, "seg_id": 0, "type": "Root", "parent": null, "children": [1, 2]}, {"pos": [[0.0, 0.0, 35.90970977864295], [1.5631067693395209, 0.3004714438217558, 37.30773670956248], [3.056724880412243, 0.5343156005183811, 38.70576364048202], [4.480854333218167, 0.7015324700898756, 40.10379057140153], [5.835495127757293, 0.8021220525362395, 41.50181750232107], [7.120647264029619, 0.8360843478574729, 42.89984443324059], [8.336310742035149, 0.8034193560535756, 44.297871364160116], [9.482485561773878, 0.7041270771245477, 45.695898295079644], [10.55917172324581, 0.5382075110703894, 47.09392522599917], [11.566369226450941, 0.3056606578911005, 48.4919521569187], [12.504078071389277, 0.006486517586680985, 49.88997908783823]], "radius": [1.2788078539899368, 1.2788078539899368, 1.2788078539899368, 1.2788078539899368, 1.2788078539899368, 1.2788078539899368, 1.2788078539899368, 1.2788078539899368, 1.2788078539899368, 1.2788078539899368, 1.2788078539899368], "ref_radius": [1.2788078539899368, 1.2788078539899368, 1.2788078539899368, 1.2788078539899368, 1.2788078539899368, 1.2788078539899368, 1.2788078539899368, 1.2788078539899368, 1.2788078539899368, 1.2788078539899368, 1.2788078539899368], "length": 18.756330676545883, "seg_id": 1, "type": "Side", "parent": 0, "children": []}, {"pos": [[0.0, 0.0, 35.90970977864295], [-0.028389479814645135, 0.05103619370620473, 37.69424557496767], [-0.058734835776223515, 0.09098250796064104, 39.478781371292385], [-0.09103606788473513, 0.11983894276330896, 41.2633171676171], [-0.12529317614018, 0.13760549811420847, 43.04785296394182], [-0.16150616054255812, 0.1442821740133396, 44.83238876026653], [-0.1996750210918695, 0.1398689704607023, 46.61692455659125], [-0.2397997577881141, 0.12436588745629658, 48.401460352915976], [-0.28188037063129195, 0.09777292500012247, 50.18599614924069], [-0.32591685962140304, 0.06009008309217995, 51.970531945565405], [-0.3719092247584474, 0.011317361732469056, 53.755067741890116], [-0.41985746604242496, -0.04854523907901029, 55.539603538214834], [-0.4697615834733358, -0.119497719342258, 57.32413933453956], [-0.5216215770511798, -0.2015400790572741, 59.10867513086427], [-0.5754374467759572, -0.29467231822405865, 60.89321092718899], [-0.6312091926476678, -0.3988944368426116, 62.67774672351371], [-0.6889368146663116, -0.5142064349129329, 64.46228251983842]], "radius": [0.9964904971236821, 1.1785635685798324, 1.0881099746994403, 0.9020718747741463, 0.7932638591512959, 0.7746246344434962, 0.8456915514299153, 0.9928886474056369, 1.1917315290031407, 1.4105941860761373, 1.3237364870312796, 1.16560926508697, 1.0263458583740765, 0.9157132839404839, 0.8410299570154658, 0.8066252341993561, 0.8135470820166062], "ref_radius": [2.092184457576532, 2.075381215465435, 2.058577973354338, 2.0417747312432413, 2.024971489132144, 2.008168247021047, 1.9913650049099503, 1.9745617627988534, 1.9577585206877566, 1.9409552785766595, 1.9241520364655627, 1.9073487943544658, 1.8905455522433687, 1.8737423101322719, 1.856939068021175, 1.8401358259100782, 1.823332583798981], "length": 28.56551158886476, "seg_id": 2, "type": "Main", "parent": 0, "children": [3, 4]}, {"pos": [[-0.6889368146663116, -0.5142064349129329, 64.46228251983842], [0.33876558108153, -0.5078379621012604, 65.94940464292293], [1.3729719572941277, -0.49001770092348457, 67.43652676600742], [2.4136823139714814, -0.4607456513796056, 68.92364888909192], [3.4608966511135915, -0.4200218134696235, 70.41077101217643], [4.514614968720457, -0.36784618719353823, 71.89789313526093], [5.574837266792079, -0.3042187725513496, 73.38501525834542], [6.641563545328458, -0.22913956954305778, 74.87213738142992], [7.714793804329592, -0.14260857816866285, 76.35925950451443], [8.794528043795479, -0.0446257984281648, 77.84638162759892], [9.880766263726125, 0.06480876967843657, 79.33350375068342], [10.97350846412153, 0.18569512615114125, 80.82062587376792], [12.072754644981686, 0.3180332709899489, 82.30774799685243], [13.178504806306599, 0.46182320419485967, 83.79487011993692]], "radius": [1.0612710448351637, 1.0612710448351637, 1.0612710448351637, 1.0612710448351637, 1.0612710448351637, 1.0612710448351637, 1.0612710448351637, 1.0612710448351637, 1.0612710448351637, 1.0612710448351637, 1.0612710448351637, 1.0612710448351637, 1.0612710448351637, 1.0612710448351637], "ref_radius": [1.0612710448351637, 1.0612710448351637, 1.0612710448351637, 1.0612710448351637, 1.0612710448351637, 1.0612710448351637, 1.0612710448351637, 1.0612710448351637, 1.0612710448351637, 1.0612710448351637, 1.0612710448351637, 1.0612710448351637, 1.0612710448351637, 1.0612710448351637], "length": 23.811919584170255, "seg_id": 3, "type": "Side", "parent": 2, "children": []}, {"pos": [[-0.6889368146663116, -0.5142064349129329, 64.46228251983842], [-0.7276183395291665, -0.4200210304606588, 66.30520394095682], [-0.768163724564089, -0.3005091177755892, 68.14812536207522], [-0.8105729697710787, -0.1556706968577241, 69.99104678319362], [-0.8548460751501359, 0.014494232292936532, 71.83396820431203], [-0.9009830407012607, 0.20998566967639276, 73.67688962543043], [-0.9489838664244525, 0.4308036152926442, 75.51981104654884], [-0.9988485523197119, 0.6769480691416914, 77.36273246766724], [-1.0505770983870388, 0.948419031223534, 79.20565388878563], [-1.104169504626433, 1.2452165015381724, 81.04857530990405], [-1.1596257710378948, 1.5673404800856061, 82.89149673102244], [-1.2169458976214236, 1.914790966865835, 84.73441815214085]], "radius": [0.859536958362377, 0.9391555019809946, 0.9565708021831142, 0.8099987568055084, 0.7080394790383571, 0.6592564072061244, 0.6664827861752969, 0.7266351156025441, 0.831151618217031, 0.9669976180585063, 1.1181210675662396, 1.267196249582104],