{"case_id": "LCX_1247_bc0", "artery_type": "LCX", "segments": [{"pos": [[0.0, 0.0, 0.0], [0.19273832386387982, 0.12311117831133186, 1.8958694108879208], [0.3469289829549837, 0.22160012096039736, 3.7917388217758417], [0.4625719772733115, 0.2954668279471964, 5.687608232663761], [0.5396673068188635, 0.3447112992717292, 7.583477643551683], [0.5782149715916395, 0.36933353493399557, 9.479347054439604], [0.5782149715916395, 0.36933353493399557, 11.375216465327524], [0.5396673068188635, 0.3447112992717292, 13.271085876215446], [0.4625719772733115, 0.2954668279471964, 15.166955287103367], [0.34692898295498364, 0.22160012096039733, 17.06282469799129], [0.19273832386387965, 0.12311117831133177, 18.958694108879207], [0.0, 0.0, 20.85456351976713]], "radius": [1.6593483737488612, 1.6593483737488612, 1.6593483737488612, 1.6593483737488612, 1.6593483737488612, 1.5919325372374442, 1.288595390621296, 0.8570405664285142, 0.46971478147341084, 0.2813910940295661, 0.367322518957377, 0.6931713747636654], "ref_radius": [1.6593483737488612, 1.6593483737488612, 1.6593483737488612, 1.6593483737488612, 1.6593483737488612, 1.6593483737488612, 1.6593483737488612, 1.6593483737488612, 1.6593483737488612, 1.6593483737488612, 1.6593483737488612, 1.6593483737488612], "length": 20.85456351976713, "seg_id": 0, "type": "Root", "parent": null, "children": [1, 2]}, {"pos": [[0.0, 0.0, 20.85456351976713], [1.3547388626332781, -0.13466726710407123, 22.194350620441863], [2.7157824315089254, -0.19442323346567866, 23.534137721116597], [4.083130706626943, -0.17926789908482238, 24.873924821791327], [5.45678368798733, -0.0892012639615023, 26.21371192246606], [6.836741375590087, 0.07577667190428156, 27.553499023140795], [8.223003769435213, 0.3156659085125292, 28.89328612381553], [9.615570869522708, 0.6304664458632406, 30.233073224490262], [11.014442675852575, 1.0201782839564157, 31.572860325164996]], "radius": [1.0661650168219459, 1.0661650168219459, 1.0661650168219459, 1.0661650168219459, 1.0661650168219459, 1.0661650168219459, 1.0661650168219459, 1.0661650168219459, 1.0661650168219459], "ref_radius": [1.0661650168219459, 1.0661650168219459, 1.0661650168219459, 1.0661650168219459, 1.0661650168219459, 1.0661650168219459, 1.0661650168219459, 1.0661650168219459, 1.0661650168219459], "length": 15.402616582882947, "seg_id": 1, "type": "Side", "parent": 0, "children": []}, {"pos": [[0.0, 0.0, 20.85456351976713], [-0.11637275782619826, 0.29303987880471, 22.620855426802077], [-0.226013643105243, 0.5621921742881243, 24.387147333837024], [-0.32892265583713426, 0.8074568864502432, 26.15343924087197], [-0.425099796021872, 1.0288340152910662, 27.919731147906916], [-0.5145450636594562, 1.2263235608105938, 29.686023054941867], [-0.597258458749887, 1.3999255230088257, 31.45231496197681], [-0.6732399812931642, 1.549639901885762, 33.218606869011765], [-0.7424896312892879, 1.675466697441403, 34.984898776046705], [-0.8050074087382582, 1.777405909675748, 36.75119068308165], [-0.8607933136400749, 1.8554575385887975, 38.5174825901166], [-0.909847345994738, 1.9096215841805513, 40.28377449715155], [-0.9521695058022478, 1.9398980464510096, 42.050066404186495], [-0.9877597930626041, 1.9462869254001725, 43.81635831122144], [-1.0166182077758068, 1.9287882210280394, 45.58265021825639], [-1.038744749941856, 1.887401933334611, 47.34894212529134], [-1.0541394195607516, 1.8221280623198868, 49.115234032326285]], "radius": [1.1287304149726203, 1.4848841866403462, 1.6251775343285144, 1.6093384379689402, 1.5926684593756333, 1.5759984807823262, 1.5593285021890193, 1.5426585235957122, 1.5259885450024053, 1.5093185664090982, 1.4926485878157914, 1.4759786092224843, 1.4593086306291774, 1.4426386520358703, 1.4259686734425632, 1.4092986948492563, 1.3926287162559492], "ref_radius": [1.6593483737488612, 1.6426783951555541, 1.6260084165622473, 1.6093384379689402, 1.5926684593756333, 1.5759984807823262, 1.5593285021890193, 1.5426585235957122, 1.5259885450024053, 1.5093185664090982, 1.4926485878157914, 1.4759786092224843, 1.4593086306291774, 1.4426386520358703, 1.4259686734425632, 1.4092986948492563, 1.3926287162559492], "length": 28.338963608621896, "seg_id": 2, "type": "Main", "parent": 0, "children": [3, 4]}, {"pos": [[-1.0541394195607516, 1.8221280623198868, 49.115234032326285], [0.1822039534181076, 2.191246914431928, 50.53611260339794], [1.394056065289346, 2.532576313509626, 51.95699117446961], [2.5814169160529636, 2.8461162595529834, 53.377869745541254], [3.744286505708961, 3.1318667525619985, 54.798748316612915], [4.882664834257338, 3.3898277925366713, 56.21962688768457], [5.996551901698094, 3.6199993794770027, 57.64050545875622], [7.085947708031231, 3.822381513382992, 59.061384029827884], [8.150852253256746, 3.996974194254639, 60.482262600899546], [9.19126553737464, 4.1437774220919446, 61.9031411719712], [10.207187560384915, 4.262791196894908, 63.324019743042854], [11.198618322287569, 4.35401551866353, 64.74489831411452], [12.165557823082603, 4.41745038739781, 66.16577688518618], [13.108006062770016, 4.4530958030977486, 67.58665545625783], [14.025963041349808, 4.460951765763344, 69.00753402732948]], "radius": [0.9649128088822801, 0.9649128088822801, 0.9649128088822801, 0.9649128088822801, 0.9649128088822801, 0.9649128088822801, 0.9649128088822801, 0.9649128088822801, 0.9649128088822801, 0.9649128088822801, 0.9649128088822801, 0.9649128088822801, 0.9649128088822801, 0.9649128088822801, 0.9649128088822801], "ref_radius": [0.9649128088822801, 0.9649128088822801, 0.9649128088822801, 0.9649128088822801, 0.9649128088822801, 0.9649128088822801, 0.9649128088822801, 0.9649128088822801, 0.9649128088822801, 0.9649128088822801, 0.9649128088822801, 0.9649128088822801, 0.9649128088822801, 0.9649128088822801, 0.9649128088822801], "length": 25.101324265078524, "seg_id": 3, "type": "Side", "parent": 2, "children": []}, {"pos": [[-1.0541394195607516, 1.8221280623198868, 49.115234032326285], [-1.276780836252377, 2.452861808563931, 50.872964085159936], [-1.5046276516202122, 3.047185617417036, 52.6306941379936], [-1.7376798656642571, 3.605099488879201, 54.38842419082725], [-1.9759374783845125, 4.126603422950427, 56.14615424366092], [-2.2194004897809774, 4.611697419630714, 57.90388429649456], [-2.468068899853652, 5.0603814789200605, 59.66161434932822], [-2.721942708602537, 5.4726556008184675, 61.41934440216187], [-2.9810219160276317, 5.848519785325935, 63.177074454995534], [-3.2453065221289363, 6.187974032442464, 64.93480450782918], [-3.514796526906451, 6.491018342168053, 66.69253456066284], [-3.7894919303601755, 6.7576527145027026, 68.4502646134965], [-4.06939273249011, 6.987877149446414, 70.20799466633015]], "radius": [1.3759587376626423, 1.3590937803426335, 1.3422288230226247, 1.3253638657026159, 1.308498908382607, 1.2916339510625985, 1.2747689937425897, 1.2579040364225809, 1.241039079102572, 1.2241741217825632, 1.2073091644625544, 1.1904442071425456, 1.1735792498225368], "ref_radius": [1.3759587376626423, 1.3590937803426335, 1.3422288230226247, 1.3253638657026159, 1.308498908382607, 1.2916339510625985, 1.2747689937425897, 1.2579040364225809, 1.241039079102572, 1.2241741217825632, 1.2073091644625544, 1.1904442071425456, 1.1735792498225368], "length": 21.92444451601142, "seg_id": 4, "type": "Main", "parent": 2, "children": [5, 6]}, {"pos": [[-4.06939273249011, 6.987877149446414, 70.20799466633015], [-3.0025295255070477, 7.691283569299467, 71.68794632771106], [-1.898963492373988, 8.327288175158303, 73.16789798909197], [-0.7586946330909276, 8.895890967022915, 74.64784965047286], [0.41827705234212953, 9.397091944893306, 76.12780131185376], [1.6319515639251851, 9.830891108769478, 77.60775297323467], [2.8823289016582403, 10.197288458651428, 79.08770463461558], [4.169409065541292, 10.496283994539159, 80.56765629599647], [5.493192055574344, 10.727877716432669, 82.04760795737738], [6.853677871757393, 10.89206962433196, 83.52755961875827], [8.25086651409044, 10.988859718237027, 85.00751128013918]],