{"case_id": "LCX_1558_bc7", "artery_type": "LCX", "segments": [{"pos": [[0.0, 0.0, 0.0], [0.267545245918331, 0.20166125476045102, 1.949725587223741], [0.4756359927436996, 0.35850889735191294, 3.899451174447482], [0.6242722404761056, 0.4705429277743857, 5.849176761671222], [0.7134539891155492, 0.5377633460278693, 7.798902348894963], [0.7431812386620305, 0.5601701521123639, 9.748627936118703], [0.7134539891155492, 0.5377633460278693, 11.698353523342446], [0.6242722404761055, 0.47054292777438556, 13.648079110566187], [0.47563599274369944, 0.3585088973519128, 15.597804697789927], [0.2675452459183309, 0.20166125476045096, 17.547530285013668], [0.0, 0.0, 19.497255872237407]], "radius": [1.8847028440901943, 1.8847028440901943, 1.8847028440901943, 1.7297167890893737, 1.2724563893257628, 0.7604770984676557, 0.47386131714460666, 0.5694045203390661, 0.9948390281031004, 1.5174274614589585, 1.8512836028015776], "ref_radius": [1.8847028440901943, 1.8847028440901943, 1.8847028440901943, 1.8847028440901943, 1.8847028440901943, 1.8847028440901943, 1.8847028440901943, 1.8847028440901943, 1.8847028440901943, 1.8847028440901943, 1.8847028440901943], "length": 19.497255872237407, "seg_id": 0, "type": "Root", "parent": null, "children": [1, 2]}, {"pos": [[0.0, 0.0, 19.497255872237407], [1.3301552557997742, 0.17031043476197588, 20.868525140108975], [2.66952788879507, 0.2894502396299159, 22.239794407980543], [4.018117898985888, 0.35741941460382004, 23.611063675852108], [5.375925286372226, 0.3742179596836882, 24.982332943723677], [6.742950050954088, 0.33984587486952056, 26.353602211595245], [8.11919219273147, 0.254303160161317, 27.724871479466813], [9.504651711704373, 0.1175898155590775, 29.096140747338378], [10.899328607872798, -0.07029415893719784, 30.467410015209943]], "radius": [1.222356396694204, 1.222356396694204, 1.222356396694204, 1.222356396694204, 1.222356396694204, 1.222356396694204, 1.222356396694204, 1.222356396694204, 1.222356396694204], "ref_radius": [1.222356396694204, 1.222356396694204, 1.222356396694204, 1.222356396694204, 1.222356396694204, 1.222356396694204, 1.222356396694204, 1.222356396694204, 1.222356396694204], "length": 15.46430041391309, "seg_id": 1, "type": "Side", "parent": 0, "children": []}, {"pos": [[0.0, 0.0, 19.497255872237407], [-0.25665214773811756, -0.20329315659797884, 21.387729271521483], [-0.44985598210819744, -0.40514479779048135, 23.27820267080557], [-0.5796115031102393, -0.6055549235775074, 25.168676070089653], [-0.6459187107442438, -0.8045235339590573, 27.059149469373736], [-0.6487776050102103, -1.0020506289351307, 28.94962286865782], [-0.5881881859081391, -1.1981362085057277, 30.8400962679419], [-0.4641504534380301, -1.3927802726708483, 32.73056966722598], [-0.2766644075998832, -1.585982821430493, 34.62104306651006], [-0.025730048393698635, -1.777743854784661, 36.511516465794145], [0.2886526241805238, -1.9680633727333527, 38.40198986507823], [0.6664836101227836, -2.156941375276568, 40.29246326436231]], "radius": [1.8847028440901943, 1.8672716849089157, 1.849840525727637, 1.8324093665463583, 1.8149782073650798, 1.797547048183801, 1.7801158890025224, 1.7626847298212436, 1.745253570639965, 1.7278224114586864, 1.7103912522774076, 1.692960093096129], "ref_radius": [1.8847028440901943, 1.8672716849089157, 1.849840525727637, 1.8324093665463583, 1.8149782073650798, 1.797547048183801, 1.7801158890025224, 1.7626847298212436, 1.745253570639965, 1.7278224114586864, 1.7103912522774076, 1.692960093096129], "length": 20.917391017534392, "seg_id": 2, "type": "Main", "parent": 0, "children": [3, 4]}, {"pos": [[0.6664836101227836, -2.156941375276568, 40.29246326436231], [1.6335329100697835, -1.8515801637936649, 41.81505927136771], [2.653852463222086, -1.634526069252719, 43.33765527837311], [3.7274422695796905, -1.5057790916537297, 44.86025128537851], [4.854302329142596, -1.465339230996697, 46.3828472923839], [6.034432641910806, -1.513206487281621, 47.905443299389304], [7.267833207884316, -1.649380860508502, 49.4280393063947], [8.554504027063128, -1.8738623506773395, 50.9506353134001], [9.894445099447246, -2.1866509577881343, 52.4732313204055], [11.287656425036662, -2.5877466818408856, 53.9958273274109]], "radius": [1.030238910002454, 1.030238910002454, 1.030238910002454, 1.030238910002454, 1.030238910002454, 1.030238910002454, 1.030238910002454, 1.030238910002454, 1.030238910002454, 1.030238910002454], "ref_radius": [1.030238910002454, 1.030238910002454, 1.030238910002454, 1.030238910002454, 1.030238910002454, 1.030238910002454, 1.030238910002454, 1.030238910002454, 1.030238910002454, 1.030238910002454], "length": 17.342926276176147, "seg_id": 3, "type": "Side", "parent": 2, "children": []}, {"pos": [[0.6664836101227836, -2.156941375276568, 40.29246326436231], [0.8018297174941643, -2.145459427406649, 42.16548549984321], [0.9317564266514834, -2.1228891274769737, 44.0385077353241], [1.0562637375947403, -2.089230475487543, 45.911529970804985], [1.1753516503239358, -2.0444834714383564, 47.78455220628588], [1.2890201648390696, -1.9886481153294144, 49.65757444176677], [1.3972692811401415, -1.9217244071607167, 51.53059667724766], [1.5000989992271518, -1.8437123469322634, 53.40361891272856], [1.5975093191001004, -1.7546119346440545, 55.27664114820945], [1.689500240758987, -1.6544231702960897, 57.149663383690346], [1.776071764203812, -1.5431460538883695, 59.022685619171234]], "radius": [1.6755289339148502, 1.658462482361617, 1.6413960308083837, 1.6243295792551504, 1.6072631277019171, 1.5901966761486839, 1.5731302245954506, 1.5560637730422173, 1.538997321488984, 1.5219308699357508, 1.5048644183825175], "ref_radius": [1.6755289339148502, 1.658462482361617, 1.6413960308083837, 1.6243295792551504, 1.6072631277019171, 1.5901966761486839, 1.5731302245954506, 1.5560637730422173, 1.538997321488984, 1.5219308699357508, 1.5048644183825175], "length": 18.773096708556604, "seg_id": 4, "type": "Main", "parent": 2, "children": [5, 6]}, {"pos": [[1.776071764203812, -1.5431460538883695, 59.022685619171234], [2.840676293246089, -1.7764589018444845, 60.5927572510307], [3.919270003704545, -1.9714944681581443, 62.16282888289016], [5.01185289557918, -2.12825275282935, 63.73290051474963], [6.118424968869995, -2.2467337558581004, 65.30297214660911], [7.238986223576988, -2.3269374772443956, 66.87304377846857], [8.373536659700159, -2.3688639169882366, 68.44311541032803], [9.52207627723951, -2.372513075089622, 70.0131870421875], [10.68460507619504, -2.337884951548553, 71.58325867404697], [11.86112305656675, -2.264979546365029, 73.15333030590645], [13.051630218354639, -2.1537968595390504, 74.72340193776591], [14.256126561558705, -2.0043368910706167, 76.29347356962538]], "radius": [0.9923673309698088, 0.9923673309698088, 0.9923673309698088, 0.9923673309698088, 0.9923673309698088, 0.9923673309698088, 0.9923673309698088, 0.9923673309698088, 0.9923673309698088, 0.9923673309698088, 0.9923673309698088, 0.9923673309698088], "ref_radius": [0.9923673309698088, 0.9923673309698088, 0.9923673309698088, 0.9923673309698088, 0.9923673309698088, 0.9923673309698088, 0.9923673309698088, 0.9923673309698088, 0.9923673309698088, 0.9923673309698088, 0.9923673309698088, 0.9923673309698088], "length": 21.313014361249646, "seg_id": 5, "type": "Side", "parent": 4,