{"case_id": "LCX_1771_bc1", "artery_type": "LCX", "segments": [{"pos": [[0.0, 0.0, 0.0], [0.1985846258859044, 0.22595350407384948, 1.794291594313728], [0.3688000195023939, 0.4196279361371491, 3.5885831886274566], [0.5106461808494686, 0.5810232961898988, 5.382874782941186], [0.6241231099271282, 0.7101395842320984, 7.177166377254913], [0.7092308067353729, 0.8069768002637483, 8.971457971568642], [0.7659692712742027, 0.871534944284848, 10.76574956588237], [0.7943385035436176, 0.9038140162953979, 12.560041160196096], [0.7943385035436176, 0.9038140162953979, 14.354332754509826], [0.7659692712742027, 0.871534944284848, 16.148624348823553], [0.7092308067353729, 0.8069768002637483, 17.942915943137283], [0.6241231099271282, 0.7101395842320986, 19.73720753745101], [0.5106461808494683, 0.5810232961898986, 21.531499131764743], [0.3688000195023938, 0.419627936137149, 23.325790726078466], [0.19858462588590434, 0.22595350407384943, 25.120082320392193], [0.0, 0.0, 26.914373914705923]], "radius": [1.8813905189792732, 1.7240128005883373, 1.3041278339810847, 0.8471543766604179, 0.5989321699958503, 0.6929982545113051, 1.0787475424966333, 1.548657028681879, 1.8499277272611834, 1.8813905189792732, 1.8813905189792732, 1.8813905189792732, 1.8813905189792732, 1.8813905189792732, 1.8813905189792732, 1.8813905189792732], "ref_radius": [1.8813905189792732, 1.8813905189792732, 1.8813905189792732, 1.8813905189792732, 1.8813905189792732, 1.8813905189792732, 1.8813905189792732, 1.8813905189792732, 1.8813905189792732, 1.8813905189792732, 1.8813905189792732, 1.8813905189792732, 1.8813905189792732, 1.8813905189792732, 1.8813905189792732, 1.8813905189792732], "length": 26.914373914705923, "seg_id": 0, "type": "Root", "parent": null, "children": [1, 2]}, {"pos": [[0.0, 0.0, 26.914373914705923], [1.5557482730832144, 0.03343183767675129, 28.33455825897204], [3.07009833680886, 0.09693644206861597, 29.754742603238153], [4.5430501911769365, 0.19051381317559402, 31.174926947504268], [5.974603836187445, 0.31416395099768546, 32.59511129177039], [7.364759271840383, 0.46788685553489023, 34.0152956360365], [8.713516498135753, 0.6516825267872085, 35.43547998030262], [10.020875515073556, 0.8655509647546401, 36.855664324568735]], "radius": [1.2440817450060864, 1.2440817450060864, 1.2440817450060864, 1.2440817450060864, 1.2440817450060864, 1.2440817450060864, 1.2440817450060864, 1.2440817450060864], "ref_radius": [1.2440817450060864, 1.2440817450060864, 1.2440817450060864, 1.2440817450060864, 1.2440817450060864, 1.2440817450060864, 1.2440817450060864, 1.2440817450060864], "length": 14.142007621777708, "seg_id": 1, "type": "Side", "parent": 0, "children": []}, {"pos": [[0.0, 0.0, 26.914373914705923], [0.24198701870393519, -0.14824873205575897, 28.816840577695356], [0.4511609223203134, -0.27611390612885117, 30.719307240684795], [0.6275217108491347, -0.3835955222192765, 32.62177390367422], [0.7710693842903991, -0.4706935803270351, 34.52424056666365], [0.8818039426441064, -0.5374080804521268, 36.42670722965309], [0.9597253859102569, -0.5837390225945518, 38.329173892642515], [1.0048337140888506, -0.6096864067543102, 40.231640555631955], [1.0171289271798871, -0.6152502329314016, 42.13410721862139], [0.9966110251833669, -0.6004305011258262, 44.03657388161082], [0.9432800080992897, -0.5652272113375841, 45.93904054460026], [0.8571358759276555, -0.5096403635666752, 47.841507207589686], [0.7381786286684645, -0.4336699578130994, 49.743973870579126], [0.5864082663217165, -0.337315994076857, 51.64644053356856], [0.40182478888741135, -0.2205784723579475, 53.54890719655799]], "radius": [1.868394868359587, 1.541227130472311, 0.9602819227160915, 0.42539826833674477, 0.20690203540732965, 0.4064319533407019, 0.9076593037607978, 1.4406603221990602, 1.724439489651837, 1.7215596542442082, 1.7038006692736456, 1.6860416843030828, 1.66828269933252, 1.650523714361957, 1.6327647293913943], "ref_radius": [1.8813905189792732, 1.8636315340087104, 1.8458725490381478, 1.828113564067585, 1.8103545790970221, 1.7925955941264593, 1.7748366091558965, 1.7570776241853339, 1.739318639214771, 1.7215596542442082, 1.7038006692736456, 1.6860416843030828, 1.66828269933252, 1.650523714361957, 1.6327647293913943], "length": 26.63847745584416, "seg_id": 2, "type": "Main", "parent": 0, "children": [3, 4]}, {"pos": [[0.40182478888741135, -0.2205784723579475, 53.54890719655799], [2.153751730049586, -0.18693969142882472, 54.937530443467665], [3.7988711206071057, -0.19112758468704952, 56.32615369037733], [5.3371829605599705, -0.23314215213262182, 57.714776937287006], [6.768687249908181, -0.31298339376554174, 59.10340018419667], [8.093383988651738, -0.43065130958580916, 60.49202343110635], [9.311273176790639, -0.5861458995934241, 61.88064667801601], [10.422354814324885, -0.7794671637883868, 63.26926992492568], [11.426628901254478, -1.0106151021706968, 64.65789317183535]], "radius": [1.1826874491851784, 1.1826874491851784, 1.1826874491851784, 1.1826874491851784, 1.1826874491851784, 1.1826874491851784, 1.1826874491851784, 1.1826874491851784, 1.1826874491851784], "ref_radius": [1.1826874491851784, 1.1826874491851784, 1.1826874491851784, 1.1826874491851784, 1.1826874491851784, 1.1826874491851784, 1.1826874491851784, 1.1826874491851784, 1.1826874491851784], "length": 15.670993363262616, "seg_id": 3, "type": "Side", "parent": 2, "children": []}, {"pos": [[0.40182478888741135, -0.2205784723579475, 53.54890719655799], [0.6474096326956859, -0.3673949676338396, 55.37493758911693], [0.9004663469451383, -0.5136352738211184, 57.200967981675866], [1.1609949316357688, -0.659299390919784, 59.02699837423479], [1.4289953867675773, -0.8043873189298363, 60.85302876679373], [1.7044677123405636, -0.9488990578512754, 62.67905915935267], [1.9874119083547281, -1.0928346076841011, 64.50508955191161], [2.2778279748100707, -1.2361939684283139, 66.33111994447054], [2.575715911706591, -1.378977140083913, 68.15715033702946], [2.881075719044289, -1.521184122650899, 69.9831807295884], [3.1939073968231653, -1.6628149161292718, 71.80921112214735], [3.5142109450432204, -1.8038695205190316, 73.63524151470628], [3.8419863637044522, -1.9443479358201778, 75.46127190726521], [4.177233652806862, -2.0842501620327107, 77.28730229982415]], "radius": [1.6150057444208317, 1.5977851115314774, 1.580564478642123, 1.5633438457527686, 1.5461232128634144, 1.52890257997406, 1.5116819470847056, 1.4944613141953513, 1.477240681305997, 1.4600200484166428, 1.4427994155272883, 1.425578782637934, 1.4083581497485798, 1.3911375168592253], "ref_radius": [1.6150057444208317, 1.5977851115314774, 1.580564478642123, 1.5633438457527686, 1.5461232128634144, 1.52890257997406, 1.5116819470847056, 1.4944613141953513, 1.477240681305997, 1.4600200484166428, 1.4427994155272883, 1.425578782637934, 1.4083581497485798, 1.3911375168592253], "length": 24.10888604509606, "seg_id": 4, "type": "Main", "parent": 2, "children": [5, 6]}, {"pos": [[4.177233652806862, -2.0842501620327107, 77.28730229982415], [5.350501102160631, -2.2837407579572466, 78.65954987355832], [6.60880003837393, -2.4313904746960144, 80.03179744729249], [7.952130461446764, -2.527199312249013, 81.40404502102666], [9.380492371379129, -2.571167270616243, 82.77629259476083], [10.893885768171026, -2.5632943497977045, 84.148540168495], [12.492310651822457, -2.5035805497933974, 85.52078774222916], [14.175767022333421, -2.3920258706033217, 86.89303531596335], [15.944254879703916, -2.2286303122274775, 88.2652828896975]], "radius": [0.7719686610772333, 0.7719686610772333, 0.7719686610772333, 0.7719686610772333, 0.7719686610772333, 0.7719686610772333, 0.7719686610772333, 0.7719686610772333, 0.7719686610772333], "ref_radius": [0.7719686610772333, 0.7719686610772333, 0.7719686610772333, 0.7719686610772333, 0.7719686610772333, 0.7719686610772333, 0.7719686610772333, 0.7719686610772333, 0.7719686610772333], "length": 16.093467370757995, "seg_id": 5, "type": "Side", "parent": 4,