{"case_id": "LCX_3737_bc7", "artery_type": "LCX", "segments": [{"pos": [[0.0, 0.0, 0.0], [0.010627902352763022, -0.012465020831513216, 1.7930299560226697], [0.019737532940845615, -0.02314932440138169, 3.58605991204534], [0.027328891764247777, -0.03205291070960542, 5.37908986806801], [0.0334019788229695, -0.039175779756184394, 7.17211982409068], [0.0379567941170108, -0.04451793154111863, 8.965149780113348], [0.040993337646371655, -0.048079366064408116, 10.758179736136018], [0.04251160941105209, -0.049860083326052865, 12.55120969215869], [0.04251160941105209, -0.049860083326052865, 14.344239648181357], [0.040993337646371655, -0.048079366064408116, 16.13726960420403], [0.0379567941170108, -0.04451793154111863, 17.930299560226697], [0.033401978822969504, -0.0391757797561844, 19.723329516249365], [0.027328891764247767, -0.032052910709605406, 21.51635947227204], [0.01973753294084561, -0.023149324401381684, 23.309389428294708], [0.01062790235276302, -0.012465020831513213, 25.102419384317376], [0.0, 0.0, 26.895449340340047]], "radius": [2.2782811997910124, 2.2782811997910124, 2.2782811997910124, 2.2782811997910124, 2.2782811997910124, 2.2782811997910124, 2.2782811997910124, 2.2782811997910124, 2.2782811997910124, 2.2782811997910124, 2.260803740361084, 2.1691167013605748, 2.0077133271623446, 1.7929751081982213, 1.5466967070443913, 1.2938739287272876], "ref_radius": [2.2782811997910124, 2.2782811997910124, 2.2782811997910124, 2.2782811997910124, 2.2782811997910124, 2.2782811997910124, 2.2782811997910124, 2.2782811997910124, 2.2782811997910124, 2.2782811997910124, 2.2782811997910124, 2.2782811997910124, 2.2782811997910124, 2.2782811997910124, 2.2782811997910124, 2.2782811997910124], "length": 26.895449340340047, "seg_id": 0, "type": "Root", "parent": null, "children": [1, 2]}, {"pos": [[0.0, 0.0, 26.895449340340047], [1.0933060809971324, 0.4691621846948228, 28.345699700567003], [2.216745260652388, 0.8618132889778507, 29.79595006079396], [3.3703175389657662, 1.1779533128490836, 31.24620042102091], [4.554022915937267, 1.4175822563085219, 32.69645078124787], [5.767861391566891, 1.5807001193561652, 34.14670114147482], [7.011832965854639, 1.6673069019920137, 35.596951501701774], [8.285937638800508, 1.6774026042160672, 37.04720186192873], [9.5901754104045, 1.610987226028326, 38.49745222215569], [10.924546280666615, 1.46806076742879, 39.94770258238264], [12.289050249586852, 1.2486232284174592, 41.39795294260959]], "radius": [1.5580340932408563, 1.5580340932408563, 1.5580340932408563, 1.5580340932408563, 1.5580340932408563, 1.5580340932408563, 1.5580340932408563, 1.5580340932408563, 1.5580340932408563, 1.5580340932408563, 1.5580340932408563], "ref_radius": [1.5580340932408563, 1.5580340932408563, 1.5580340932408563, 1.5580340932408563, 1.5580340932408563, 1.5580340932408563, 1.5580340932408563, 1.5580340932408563, 1.5580340932408563, 1.5580340932408563, 1.5580340932408563], "length": 19.049998077093225, "seg_id": 1, "type": "Side", "parent": 0, "children": []}, {"pos": [[0.0, 0.0, 26.895449340340047], [0.040353389441032235, 0.48956274731497024, 28.71849599219279], [0.05659751902129867, 0.9428271801539204, 30.541542644045546], [0.04873238874079927, 1.3597932985168502, 32.36458929589829], [0.01675799859953407, 1.74046110240376, 34.18763594775104], [-0.03932565140249694, 2.084830591814649, 36.0106825996038], [-0.11951856126529381, 2.3929017667495187, 37.83372925145654], [-0.22382073098885633, 2.6646746272083677, 39.65677590330928], [-0.3522321605731849, 2.9001491731911964, 41.47982255516203], [-0.5047528500182792, 3.099325404698005, 43.30286920701478], [-0.6813827993241393, 3.2622033217287933, 45.12591585886753], [-0.8821220084907652, 3.3887829242835616, 46.94896251072028], [-1.106970477518157, 3.4790642123623097, 48.77200916257303]], "radius": [1.0601667939529393, 0.862785500764109, 0.729539078535898, 0.6717952412091215, 0.693120262789128, 0.7890355511167753, 0.9475927420877874, 1.1506967111919384, 1.1825431981258774, 0.9136854631712565, 0.6972375176694661, 0.5567453779962683, 0.5063707500629906], "ref_radius": [2.2782811997910124, 2.2612203421177046, 2.2441594844443973, 2.2270986267710895, 2.2100377690977817, 2.192976911424474, 2.1759160537511666, 2.158855196077859, 2.141794338404551, 2.1247334807312432, 2.107672623057936, 2.090611765384628, 2.0735509077113203], "length": 22.179114975299964, "seg_id": 2, "type": "Main", "parent": 0, "children": [3, 4]}, {"pos": [[-1.106970477518157, 3.4790642123623097, 48.77200916257303], [0.19401791612535463, 3.731183112397465, 50.13020596560484], [1.491878939411094, 3.9735359832285315, 51.48840276863664], [2.786612592339061, 4.206122824855508, 52.84659957166845], [4.078218874909254, 4.428943637278395, 54.204796374700244], [5.366697787121675, 4.641998420497192, 55.56299317773205], [6.652049328976323, 4.8452871745119, 56.92118998076384], [7.934273500473199, 5.038809899322517, 58.279386783795644], [9.2133703016123, 5.222566594929046, 59.63758358682745], [10.489339732393631, 5.396557261331486, 60.99578038985925], [11.76218179281719, 5.560781898529836, 62.35397719289105], [13.031896482882974, 5.715240506524097, 63.71217399592285], [14.298483802590988, 5.859933085314268, 65.07037079895466], [15.561943751941227, 5.994859634900349, 66.42856760198646], [16.822276330933693, 6.120020155282342, 67.78676440501826], [18.079481539568388, 6.235414646460244, 69.14496120805006]], "radius": [1.357070145906692, 1.357070145906692, 1.357070145906692, 1.357070145906692, 1.357070145906692, 1.357070145906692, 1.357070145906692, 1.357070145906692, 1.357070145906692, 1.357070145906692, 1.357070145906692, 1.357070145906692, 1.357070145906692, 1.357070145906692, 1.357070145906692, 1.357070145906692], "ref_radius": [1.357070145906692, 1.357070145906692, 1.357070145906692, 1.357070145906692, 1.357070145906692, 1.357070145906692, 1.357070145906692, 1.357070145906692, 1.357070145906692, 1.357070145906692, 1.357070145906692, 1.357070145906692, 1.357070145906692, 1.357070145906692, 1.357070145906692, 1.357070145906692], "length": 28.120714496022728, "seg_id": 3, "type": "Side", "parent": 2, "children": []}, {"pos": [[-1.106970477518157, 3.4790642123623097, 48.77200916257303], [-1.1413071691895385, 3.632000239548031, 50.52829306030486], [-1.1735268595227697, 3.789624076814376, 52.284576958036695], [-1.2036295485178512, 3.951935724161348, 54.040860855768514], [-1.231615236174783, 4.118935181588946, 55.797144753500355], [-1.257483922493565, 4.29062244909717, 57.553428651232196], [-1.2812356074741966, 4.4669975266860185, 59.30971254896402], [-1.3028702911166785, 4.648060414355493, 61.06599644669585], [-1.3223879734210109, 4.833811112105594, 62.822280344427675], [-1.3397886543871935, 5.024249619936321, 64.57856424215952], [-1.3550723340152258, 5.219375937847673, 66.33484813989135], [-1.3682390123051082, 5.419190065839651, 68.09113203762317], [-1.379288689256841, 5.623692003912254, 69.847415935355], [-1.3882213648704238, 5.832881752065483, 71.60369983308684], [-1.3950370391458566, 6.046759310299338, 73.35998373081867], [-1.39973571208314, 6.26532467861382, 75.1162676285505], [-1.402317383682273, 6.488577857008925, 76.87255152628234], [-1.4027820539432565, 6.716518845484658, 78.62883542401416], [-1.40112972286609, 6.949147644041016, 80.38511932174599], [-1.3973603904507736, 7.186464252678, 82.14140321947782]], "radius": [0.5493601904955479, 0.6779266746220454, 0.8741482825191262, 1.1124375158073863, 1.3626382231655636, 1.5936806350072867, 1.5745772070501851, 1.3678138146090406, 1.1626039421815424, 0.980570276536364, 0.8403661804524825, 0.7556344889797497, 0.733564306643975, 0.7741978476590494, 0.8705522786023447, 1.0095285989496223, 1.1734914225410646, 1.3423299802369957, 1.4957598065205844, 1.6156017526880475],