{"case_id": "RCA_8879_bc3", "artery_type": "RCA", "segments": [{"pos": [[0.0, 0.0, 0.0], [0.12847885563128866, 0.03837841338301652, 1.8072310135327196], [0.24268228285910076, 0.07249255861236453, 3.6144620270654384], [0.3426102816834364, 0.10234243568804405, 5.421693040598157], [0.4282628521042955, 0.12792804461005508, 7.228924054130878], [0.4996399941216781, 0.1492493853783976, 9.036155067663596], [0.5567417077355842, 0.1663064579930716, 10.843386081196316], [0.5995679929460136, 0.1790992624540771, 12.650617094729036], [0.6281188497529667, 0.1876277987614141, 14.457848108261757], [0.6423942781564433, 0.19189206691508265, 16.265079121794475], [0.6423942781564432, 0.19189206691508262, 18.072310135327193], [0.6281188497529667, 0.1876277987614141, 19.879541148859914], [0.5995679929460137, 0.1790992624540771, 21.686772162392632], [0.5567417077355843, 0.16630645799307164, 23.49400317592535], [0.4996399941216781, 0.1492493853783976, 25.30123418945807], [0.4282628521042955, 0.12792804461005508, 27.108465202990793], [0.3426102816834365, 0.10234243568804409, 28.91569621652351], [0.242682282859101, 0.0724925586123646, 30.72292723005623], [0.12847885563128877, 0.038378413383016556, 32.53015824358895], [0.0, 0.0, 34.33738925712167]], "radius": [2.47038208963391, 2.47038208963391, 2.47038208963391, 2.47038208963391, 2.47038208963391, 2.47038208963391, 2.47038208963391, 2.47038208963391, 2.47038208963391, 2.47038208963391, 2.47038208963391, 2.441817157278466, 2.3236464519754305, 2.1273126561034603, 1.8759911241218026, 1.5993479945627866, 1.3300383819357173, 1.0998517481831773, 0.9359594562653921, 0.8577074468109935], "ref_radius": [2.47038208963391, 2.47038208963391, 2.47038208963391, 2.47038208963391, 2.47038208963391, 2.47038208963391, 2.47038208963391, 2.47038208963391, 2.47038208963391, 2.47038208963391, 2.47038208963391, 2.47038208963391, 2.47038208963391, 2.47038208963391, 2.47038208963391, 2.47038208963391, 2.47038208963391, 2.47038208963391, 2.47038208963391, 2.47038208963391], "length": 34.33738925712167, "seg_id": 0, "type": "Root", "parent": null, "children": [1, 2]}, {"pos": [[0.0, 0.0, 34.33738925712167], [1.3178690222691587, 0.13587647747353096, 35.7418297693299], [2.626929908110501, 0.23567608556101788, 37.14627028153812], [3.9271826575240256, 0.2993988242624607, 38.550710793746354], [5.218627270509735, 0.3270446935778597, 39.95515130595459], [6.501263747067629, 0.3186136935072145, 41.35959181816281], [7.775092087197704, 0.2741058240505254, 42.76403233037104], [9.040112290899964, 0.19352108520779218, 44.16847284257927], [10.296324358174408, 0.07685947697901485, 45.572913354787495], [11.543728289021036, -0.07587900063580638, 46.97735386699573], [12.782324083439846, -0.2646943476366717, 48.38179437920396], [14.01211174143084, -0.48958656402358086, 49.786234891412185]], "radius": [1.5110622575737702, 1.5110622575737702, 1.5110622575737702, 1.5110622575737702, 1.5110622575737702, 1.5110622575737702, 1.5110622575737702, 1.5110622575737702, 1.5110622575737702, 1.5110622575737702, 1.5110622575737702, 1.5110622575737702], "ref_radius": [1.5110622575737702, 1.5110622575737702, 1.5110622575737702, 1.5110622575737702, 1.5110622575737702, 1.5110622575737702, 1.5110622575737702, 1.5110622575737702, 1.5110622575737702, 1.5110622575737702, 1.5110622575737702, 1.5110622575737702], "length": 20.86254543170975, "seg_id": 1, "type": "Side", "parent": 0, "children": []}, {"pos": [[0.0, 0.0, 34.33738925712167], [0.014465725342966446, -0.29655716470859633, 36.14876876061148], [0.03461093151711442, -0.5748261630504752, 37.9601482641013], [0.06043561852244392, -0.8348069950256364, 39.771527767591124], [0.09193978635895494, -1.0764996606340802, 41.58290727108094], [0.1291234350266475, -1.2999041598758063, 43.39428677457076], [0.17198656452552158, -1.5050204927508153, 45.205666278060576], [0.2205291748555772, -1.6918486592591062, 47.017045781550394], [0.2747512660168143, -1.8603886594006802, 48.82842528504021], [0.334652838009233, -2.0106404931755364, 50.63980478853003], [0.4002338908328332, -2.1426041605836748, 52.451184292019846], [0.4714944244876149, -2.256279661625096, 54.26256379550967], [0.5484344389735781, -2.3516669962998, 56.07394329899948], [0.631053934290723, -2.428766164607786, 57.885322802489306], [0.7193529104390491, -2.4875771665490545, 59.69670230597912], [0.813331367418557, -2.5281000021236055, 61.50808180946893], [0.9129893052292464, -2.550334671331439, 63.31946131295876]], "radius": [0.874332632131485, 0.977053200456196, 1.1571311155165738, 1.3909968204563339, 1.6490888746260244, 1.6687592802029945, 1.3265752646088733, 1.018034405161177, 0.7874409702561631, 0.6667191749773083, 0.6707804803535844, 0.7955238919563596, 1.0187329601648196, 1.303691865393588, 1.6049348750640342, 1.4774862695156359, 1.3016714472836004], "ref_radius": [2.47038208963391, 2.4532595084059237, 2.436136927177937, 2.4190143459499507, 2.401891764721964, 2.3847691834939777, 2.3676466022659914, 2.3505240210380047, 2.3334014398100185, 2.316278858582032, 2.2991562773540455, 2.282033696126059, 2.2649111148980725, 2.2477885336700862, 2.2306659524421, 2.2135433712141133, 2.196420789986127], "length": 29.10838808757694, "seg_id": 2, "type": "Main", "parent": 0, "children": [3, 4]}, {"pos": [[0.9129893052292464, -2.550334671331439, 63.31946131295876], [1.9982063407964934, -2.785645507155811, 64.83709000235467], [3.1450340394840888, -3.0178873337514114, 66.35471869175058], [4.3534724012920325, -3.24706015111824, 67.87234738114648], [5.623521426220324, -3.4731639592562975, 69.38997607054237], [6.9551811142689655, -3.6961987581655835, 70.9076047599383], [8.348451465437952, -3.9161645478460976, 72.4252334493342], [9.803332479727288, -4.13306132829784, 73.9428621387301], [11.319824157136976, -4.346889099520812, 75.46049082812601], [12.897926497667008, -4.5576478615150116, 76.97811951752192]], "radius": [1.4363887513016165, 1.4363887513016165, 1.4363887513016165, 1.4363887513016165, 1.4363887513016165, 1.4363887513016165, 1.4363887513016165, 1.4363887513016165, 1.4363887513016165, 1.4363887513016165], "ref_radius": [1.4363887513016165, 1.4363887513016165, 1.4363887513016165, 1.4363887513016165, 1.4363887513016165, 1.4363887513016165, 1.4363887513016165, 1.4363887513016165, 1.4363887513016165, 1.4363887513016165], "length": 18.28187544261374, "seg_id": 3, "type": "Side", "parent": 2, "children": []}, {"pos": [[0.9129893052292464, -2.550334671331439, 63.31946131295876], [0.6178133914017011, -2.8112482094311027, 65.1512401139287], [0.3635308747461424, -3.093969404051508, 66.98301891489864], [0.15014175526257045, -3.3984982551926537, 68.81479771586856], [-0.022353967049015124, -3.724834762854541, 70.64657651683851], [-0.15395629218861415, -4.07297892703717, 72.47835531780845], [-0.24466522015622652, -4.442930747740538, 74.3101341187784], [-0.29448075095185244, -4.834690224964648, 76.14191291974834], [-0.3034028845754918, -5.248257358709499, 77.97369172071826], [-0.2714316210271446, -5.683632148975092, 79.8054705216882], [-0.19856696030681079, -6.140814595761425, 81.63724932265814], [-0.08480890241449057, -6.619804699068499, 83.46902812362808]], "radius": [1.1514993205804478, 1.0377694806720974, 0.9681719898054415, 0.9466645874564108, 0.9732244958415737, 1.043913103683571, 1.1512596519273581, 1.2849275108520515, 1.4326040398869526, 1.581037618448139, 1.7171345794368849, 1.8290252581978628], "ref_radius": [2.1792982087581407, 2.1621477060479135, 2.1449972033376863, 2.127846700627459, 2.110696197917232, 2.0935456952070046, 2.0763951924967774, 2.0592446897865506, 2.0420941870763234, 2.024943684366096, 2.007793181655869, 1.9906426789456417], "length": 20.58060325227262, "seg_id": 4, "type": "Main", "parent": 2,