{"case_id": "RCA_4390_bc8", "artery_type": "RCA", "segments": [{"pos": [[0.0, 0.0, 0.0], [0.08187057782093385, 0.1626322639571007, 1.8134988105898813], [0.15594395775415973, 0.309775740870668, 3.6269976211797625], [0.22222013979967759, 0.4414304307407019, 5.440496431769644], [0.2806991239574875, 0.5575963335672024, 7.253995242359526], [0.33138091022758936, 0.6582734493501695, 9.067494052949407], [0.37426549860998326, 0.7434617780896031, 10.880992863539287], [0.40935288910466927, 0.8131613197855035, 12.69449167412917], [0.43664308171164723, 0.8673720744378703, 14.50799048471905], [0.4561360764309171, 0.9060940420467037, 16.321489295308933], [0.46783187326247916, 0.929327222612004, 18.134988105898813], [0.47173047220633313, 0.9370716161337707, 19.948486916488694], [0.46783187326247916, 0.929327222612004, 21.761985727078574], [0.45613607643091714, 0.9060940420467039, 23.57548453766846], [0.43664308171164723, 0.8673720744378703, 25.388983348258336], [0.4093528891046692, 0.8131613197855033, 27.20248215884822], [0.37426549860998326, 0.7434617780896031, 29.0159809694381], [0.33138091022758936, 0.6582734493501695, 30.82947978002798], [0.2806991239574874, 0.5575963335672023, 32.642978590617865], [0.22222013979967759, 0.4414304307407019, 34.45647740120775], [0.1559439577541596, 0.3097757408706677, 36.269976211797626], [0.08187057782093378, 0.16263226395710056, 38.08347502238751], [0.0, 0.0, 39.89697383297739]], "radius": [2.3237040610306994, 2.3237040610306994, 2.3237040610306994, 2.3237040610306994, 2.3237040610306994, 2.3237040610306994, 2.190020975971574, 1.740576219990499, 1.1449009016437361, 0.6339427180197068, 0.40580391069518784, 0.54893557130568, 1.0078445035069445, 1.604608342881841, 2.107857364742451, 2.3224782261635104, 2.3237040610306994, 2.3237040610306994, 2.3237040610306994, 2.3237040610306994, 2.3237040610306994, 2.3237040610306994, 2.3237040610306994], "ref_radius": [2.3237040610306994, 2.3237040610306994, 2.3237040610306994, 2.3237040610306994, 2.3237040610306994, 2.3237040610306994, 2.3237040610306994, 2.3237040610306994, 2.3237040610306994, 2.3237040610306994, 2.3237040610306994, 2.3237040610306994, 2.3237040610306994, 2.3237040610306994, 2.3237040610306994, 2.3237040610306994, 2.3237040610306994, 2.3237040610306994, 2.3237040610306994, 2.3237040610306994, 2.3237040610306994, 2.3237040610306994, 2.3237040610306994], "length": 39.89697383297739, "seg_id": 0, "type": "Root", "parent": null, "children": [1, 2]}, {"pos": [[0.0, 0.0, 39.89697383297739], [1.4459701682245465, 0.3810921567326786, 41.53776382867809], [2.8339171419723836, 0.5569866056085875, 43.178553824378774], [4.163840921243511, 0.5276833466277264, 44.81934382007946], [5.43574150603793, 0.2931823797900957, 46.460133815780154], [6.64961889635564, -0.14651629490430473, 48.10092381148084], [7.80547309219664, -0.7914126774554754, 49.74171380718153]], "radius": [1.7422062710168302, 1.7422062710168302, 1.7422062710168302, 1.7422062710168302, 1.7422062710168302, 1.7422062710168302, 1.7422062710168302], "ref_radius": [1.7422062710168302, 1.7422062710168302, 1.7422062710168302, 1.7422062710168302, 1.7422062710168302, 1.7422062710168302, 1.7422062710168302], "length": 12.588512595963673, "seg_id": 1, "type": "Side", "parent": 0, "children": []}, {"pos": [[0.0, 0.0, 39.89697383297739], [0.03016705846315632, 0.1845910518049183, 41.83465010015555], [0.009180224685785152, 0.31359851675137285, 43.77232636733371], [-0.06296050133211353, 0.3870223948393636, 45.71000263451186], [-0.1862551195905397, 0.4048626860688906, 47.647678901690014], [-0.36070363008949324, 0.3671193904399539, 49.585355168868176], [-0.5863060328289745, 0.27379250795255333, 51.52303143604633], [-0.8630623278089832, 0.12488203860668906, 53.460707703224486], [-1.1909725150295192, -0.07961201759763897, 55.39838397040265], [-1.5700365944905825, -0.33968966066043066, 57.3360602375808], [-2.0002545661921736, -0.655350890581686, 59.27373650475896]], "radius": [2.3237040610306994, 2.305985195080991, 2.2882663291312832, 2.270547463181575, 2.240068264225858, 1.9313803860739756, 1.3613673436606493, 0.772577546646998, 0.4117178785176039, 0.42443462674438814, 0.7948571882996411], "ref_radius": [2.3237040610306994, 2.305985195080991, 2.2882663291312832, 2.270547463181575, 2.252828597231867, 2.235109731282159, 2.217390865332451, 2.1996719993827427, 2.181953133433035, 2.1642342674833266, 2.1465154015336187], "length": 19.490752544678884, "seg_id": 2, "type": "Main", "parent": 0, "children": [3, 4]}, {"pos": [[-2.0002545661921736, -0.655350890581686, 59.27373650475896], [-0.4983987338329403, -0.7393276171796538, 60.56739944629323], [0.9737085541768331, -0.8289565014414585, 61.86106238782751], [2.416067297837146, -0.9242375433671002, 63.15472532936179], [3.828677497147999, -1.0251707429565788, 64.44838827089607], [5.211539152109391, -1.1317561002098944, 65.74205121243034], [6.5646522627213235, -1.243993615127047, 67.03571415396462], [7.888016828983797, -1.3618832877080362, 68.3293770954989], [9.181632850896808, -1.4854251179528628, 69.62304003703318], [10.445500328460362, -1.614619105861526, 70.91670297856746], [11.679619261674452, -1.7494652514340265, 72.21036592010172], [12.883989650539082, -1.8899635546703637, 73.50402886163602], [14.058611495054254, -2.036114015570538, 74.79769180317028], [15.203484795219964, -2.1879166341345493, 76.09135474470456], [16.318609551036214, -2.345371410362397, 77.38501768623883], [17.403985762503005, -2.5084783442540823, 78.6786806277731], [18.459613429620337, -2.6772374358096043, 79.97234356930738]], "radius": [1.2998669122417266, 1.2998669122417266, 1.2998669122417266, 1.2998669122417266, 1.2998669122417266, 1.2998669122417266, 1.2998669122417266, 1.2998669122417266, 1.2998669122417266, 1.2998669122417266, 1.2998669122417266, 1.2998669122417266, 1.2998669122417266, 1.2998669122417266, 1.2998669122417266, 1.2998669122417266, 1.2998669122417266], "ref_radius": [1.2998669122417266, 1.2998669122417266, 1.2998669122417266, 1.2998669122417266, 1.2998669122417266, 1.2998669122417266, 1.2998669122417266, 1.2998669122417266, 1.2998669122417266, 1.2998669122417266, 1.2998669122417266, 1.2998669122417266, 1.2998669122417266, 1.2998669122417266, 1.2998669122417266, 1.2998669122417266, 1.2998669122417266], "length": 29.174073387520316, "seg_id": 3, "type": "Side", "parent": 2, "children": []}, {"pos": [[-2.0002545661921736, -0.655350890581686, 59.27373650475896], [-1.9456518311126536, -0.7306962205275467, 61.026184828412795], [-1.9166577545109063, -0.8282695634370245, 62.77863315206662], [-1.9132723363869313, -0.9480709193101191, 64.53108147572044], [-1.9354955767407291, -1.090100288146831, 66.28352979937428], [-1.9833274755722994, -1.2543576699471597, 68.03597812302812], [-2.0567680328816427, -1.4408430647111055, 69.78842644668194], [-2.1558172486687583, -1.6495564724386682, 71.54087477033578], [-2.2804751229336464, -1.8804978931298482, 73.29332309398961], [-2.4307416556763073, -2.133667326784645, 75.04577141764345], [-2.606616846896741, -2.4090647734030592, 76.79821974129727], [-2.8081006965949467, -2.70669023298509, 78.55066806495111], [-3.035193204770925, -3.026543705530737, 80.30311638860493], [-3.2878943714246764, -3.3686251910400022, 82.05556471225877], [-3.5662041965562, -3.7329346895128843, 83.80801303591261], [-3.870122680165496, -4.119472200949383, 85.56046135956643], [-4.199649822252566, -4.528237725349499, 87.31290968322025], [-4.554785622817407, -4.9592312627132324, 89.06535800687409]], "radius": [1.3549703653246432, 1.8595177892003636, 2.0898957498187656, 2.078448035471026, 2.0616652021000643, 2.0448823687291027, 2.028099535358141, 2.01131670198718, 1.9945338686162182, 1.9777510352452565, 1.960968201874295, 1.9441853685033335, 1.927402535132372, 1.9106197017614104, 1.893836868390449, 1.8770540350194875, 1.8602712016485259, 1.8434883682775642],