{"case_id": "RCA_2256_bc9", "artery_type": "RCA", "segments": [{"pos": [[0.0, 0.0, 0.0], [0.2262385320013956, 0.046786970930079066, 1.792622210328686], [0.4201572737168776, 0.08689008887014685, 3.5852444206573724], [0.581756225146446, 0.12030935382020333, 5.377866630986059], [0.7110353862901005, 0.1470447657802485, 7.170488841314745], [0.8079947571478415, 0.16709632475028238, 8.96311105164343], [0.8726343377196688, 0.18046403073030495, 10.755733261972118], [0.9049541280055824, 0.18714788372031627, 12.548355472300802], [0.9049541280055824, 0.18714788372031627, 14.34097768262949], [0.8726343377196688, 0.18046403073030495, 16.133599892958173], [0.8079947571478415, 0.16709632475028238, 17.92622210328686], [0.7110353862901007, 0.14704476578024853, 19.718844313615545], [0.5817562251464458, 0.12030935382020329, 21.511466523944236], [0.4201572737168775, 0.08689008887014682, 23.30408873427292], [0.22623853200139557, 0.04678697093007905, 25.096710944601607], [0.0, 0.0, 26.88933315493029]], "radius": [2.2476425381531184, 2.2061976997691843, 1.9238689814815308, 1.4699062246194154, 1.0081323991882787, 0.7051892801121384, 0.67040090501208, 0.9163214643903119, 1.354204831359209, 1.8260306559925414, 2.1615296667514188, 2.2476425381531184, 2.2476425381531184, 2.2476425381531184, 2.2476425381531184, 2.2476425381531184], "ref_radius": [2.2476425381531184, 2.2476425381531184, 2.2476425381531184, 2.2476425381531184, 2.2476425381531184, 2.2476425381531184, 2.2476425381531184, 2.2476425381531184, 2.2476425381531184, 2.2476425381531184, 2.2476425381531184, 2.2476425381531184, 2.2476425381531184, 2.2476425381531184, 2.2476425381531184, 2.2476425381531184], "length": 26.88933315493029, "seg_id": 0, "type": "Root", "parent": null, "children": [1, 2]}, {"pos": [[0.0, 0.0, 26.88933315493029], [1.7783372423137689, 0.226741139774204, 28.368835779918864], [3.4476065122200383, 0.39981854753825874, 29.848338404907434], [5.007807809718808, 0.5192322232921642, 31.327841029896003], [6.458941134810079, 0.5849821670359205, 32.807343654884576], [7.801006487493849, 0.5970683787695277, 34.286846279873146], [9.03400386777012, 0.5554908584929855, 35.766348904861715]], "radius": [1.4459404235006272, 1.4459404235006272, 1.4459404235006272, 1.4459404235006272, 1.4459404235006272, 1.4459404235006272, 1.4459404235006272], "ref_radius": [1.4459404235006272, 1.4459404235006272, 1.4459404235006272, 1.4459404235006272, 1.4459404235006272, 1.4459404235006272, 1.4459404235006272], "length": 12.677665581694658, "seg_id": 1, "type": "Side", "parent": 0, "children": []}, {"pos": [[0.0, 0.0, 26.88933315493029], [0.26334019829402305, 0.07227191666276013, 28.7124047767066], [0.5189664920815729, 0.1661294119401579, 30.535476398482906], [0.7668788813626495, 0.2815724858321933, 32.35854802025921], [1.007077366137253, 0.41860113833886636, 34.181619642035514], [1.239561946405383, 0.5772153694601769, 36.00469126381182], [1.4643326221670403, 0.7574151791961253, 37.82776288558813], [1.6813893934222244, 0.9592005675467115, 39.650834507364436], [1.8907322601709349, 1.182571534511935, 41.473906129140744], [2.0923612224131727, 1.4275280800917962, 43.29697775091705], [2.286276280148937, 1.694070204286295, 45.12004937269336], [2.4724774333782285, 1.9821979070954319, 46.943120994469666], [2.650964682101046, 2.291911188519206, 48.766192616245974], [2.8217380263173912, 2.6232100485576177, 50.58926423802228], [2.984797466027263, 2.9760944872106676, 52.41233585979858]], "radius": [2.2476425381531184, 2.2303967358119015, 2.2131509334706845, 2.195905131129468, 2.178659328788251, 2.161413526447034, 2.102781340987109, 1.7588815240695888, 1.2357219027168094, 0.7704625084602881, 0.5699307519837917, 0.7164682129414008, 1.132292692913577, 1.61773486621933, 1.9446261625931671], "ref_radius": [2.2476425381531184, 2.2303967358119015, 2.2131509334706845, 2.195905131129468, 2.178659328788251, 2.161413526447034, 2.144167724105817, 2.1269219217646005, 2.1096761194233835, 2.0924303170821665, 2.0751845147409496, 2.057938712399733, 2.040692910058516, 2.023447107717299, 2.006201305376082], "length": 25.8687035118253, "seg_id": 2, "type": "Main", "parent": 0, "children": [3, 4]}, {"pos": [[2.984797466027263, 2.9760944872106676, 52.41233585979858], [4.339309863443841, 3.0625411062522065, 54.01236743280552], [5.647092153424872, 3.1905227657486392, 55.61239900581246], [6.908144335970356, 3.3600394656999657, 57.212430578819415], [8.122466411080289, 3.5710912061061855, 58.812462151826345], [9.290058378754678, 3.823677986967298, 60.41249372483329], [10.410920238993517, 4.117799808283305, 62.012525297840234], [11.485051991796807, 4.453456670054204, 63.61255687084717], [12.512453637164551, 4.8306485722799986, 65.21258844385412], [13.493125175096749, 5.249375514960686, 66.81262001686106]], "radius": [1.4643070958197442, 1.4643070958197442, 1.4643070958197442, 1.4643070958197442, 1.4643070958197442, 1.4643070958197442, 1.4643070958197442, 1.4643070958197442, 1.4643070958197442, 1.4643070958197442], "ref_radius": [1.4643070958197442, 1.4643070958197442, 1.4643070958197442, 1.4643070958197442, 1.4643070958197442, 1.4643070958197442, 1.4643070958197442, 1.4643070958197442, 1.4643070958197442, 1.4643070958197442], "length": 17.97111409113165, "seg_id": 3, "type": "Side", "parent": 2, "children": []}, {"pos": [[2.984797466027263, 2.9760944872106676, 52.41233585979858], [3.0101629905867275, 2.9189757804110052, 54.389612585456454], [3.0467704652387035, 2.978622012603488, 56.366889311114335], [3.0946198899831887, 3.155033183788117, 58.3441660367722], [3.153711264820185, 3.448209293964891, 60.32144276243008], [3.224044589749692, 3.8581503431338104, 62.298719488087954], [3.3056198647717094, 4.384856331294875, 64.27599621374583], [3.398437089886237, 5.028327258448086, 66.2532729394037], [3.502496265093275, 5.788563124593442, 68.23054966506157]], "radius": [1.9889555030348656, 1.9710947978425943, 1.9532340926503233, 1.935373387458052, 1.917512682265781, 1.8996519770735099, 1.8817912718812388, 1.8639305666889676, 1.8460698614966966], "ref_radius": [1.9889555030348656, 1.9710947978425943, 1.9532340926503233, 1.935373387458052, 1.917512682265781, 1.8996519770735099, 1.8817912718812388, 1.8639305666889676, 1.8460698614966966], "length": 16.074634673044017, "seg_id": 4, "type": "Main", "parent": 2, "children": [5, 6]}, {"pos": [[3.502496265093275, 5.788563124593442, 68.23054966506157], [4.944166946973836, 6.109390081919261, 69.57535058762184], [6.3705099713861, 6.3917242131066, 70.92015151018211], [7.781525338330062, 6.635565518155455, 72.26495243274238], [9.177213047805724, 6.8409139970658295, 73.60975335530266], [10.557573099813084, 7.007769649837722, 74.95455427786293], [11.922605494352144, 7.136132476471133, 76.2993552004232], [13.272310231422905, 7.2260024769660625, 77.64415612298346], [14.606687311025368, 7.27737965132251, 78.98895704554374], [15.925736733159527, 7.290263999540477, 80.33375796810401], [17.229458497825384, 7.264655521619963, 81.67855889066428], [18.517852605022945, 7.200554217560965, 83.02335981322453], [19.790919054752205, 7.097960087363487, 84.36816073578481]], "radius": [1.2501243059592169, 1.2501243059592169, 1.2501243059592169, 1.2501243059592169, 1.2501243059592169, 1.2501243059592169, 1.2501243059592169, 1.2501243059592169, 1.2501243059592169, 1.2501243059592169, 1.2501243059592169, 1.2501243059592169, 1.2501243059592169], "ref_radius": [1.2501243059592169, 1.2501243059592169, 1.2501243059592169, 1.2501243059592169, 1.2501243059592169, 1.2501243059592169, 1.2501243059592169, 1.2501243059592169, 1.2501243059592169, 1.2501243059592169, 1.2501243059592169, 1.2501243059592169, 1.2501243059592169], "length": 22.966273717142734, "seg_id": 5, "type": "Side", "parent": 4,