{"case_id": "RCA_5316_bc7", "artery_type": "RCA", "segments": [{"pos": [[0.0, 0.0, 0.0], [-0.22902341194856024, -0.20994615104434244, 1.810126752684481], [-0.4275103689706458, -0.39189948194943924, 3.620253505368962], [-0.5954608710662567, -0.5458599927152903, 5.430380258053443], [-0.7328749182353929, -0.6718276833418958, 7.240507010737924], [-0.8397525104780542, -0.7698025538292556, 9.050633763422406], [-0.916093647794241, -0.8397846041773698, 10.860760516106886], [-0.9618983301839531, -0.8817738343862382, 12.670887268791368], [-0.9771665576471904, -0.8957702444558611, 14.481014021475849], [-0.9618983301839531, -0.8817738343862382, 16.29114077416033], [-0.916093647794241, -0.8397846041773698, 18.10126752684481], [-0.8397525104780542, -0.7698025538292556, 19.91139427952929], [-0.7328749182353929, -0.6718276833418958, 21.721521032213772], [-0.5954608710662567, -0.5458599927152903, 23.531647784898254], [-0.4275103689706458, -0.39189948194943924, 25.341774537582737], [-0.22902341194856024, -0.20994615104434244, 27.15190129026722], [0.0, 0.0, 28.962028042951697]], "radius": [1.876583726172039, 1.876583726172039, 1.876583726172039, 1.876583726172039, 1.876583726172039, 1.876583726172039, 1.8667895936951886, 1.715507070873682, 1.4199787240543764, 1.0612264890490943, 0.7376057380912757, 0.5378402095081607, 0.5166975423721942, 0.6799742020242399, 0.9829063234060829, 1.3424421547717365, 1.6600114934165195], "ref_radius": [1.876583726172039, 1.876583726172039, 1.876583726172039, 1.876583726172039, 1.876583726172039, 1.876583726172039, 1.876583726172039, 1.876583726172039, 1.876583726172039, 1.876583726172039, 1.876583726172039, 1.876583726172039, 1.876583726172039, 1.876583726172039, 1.876583726172039, 1.876583726172039, 1.876583726172039], "length": 28.962028042951697, "seg_id": 0, "type": "Root", "parent": null, "children": [1, 2]}, {"pos": [[0.0, 0.0, 28.962028042951697], [1.0238918900196097, -0.10898498496529951, 30.319750452048165], [2.091901084540156, -0.17833569535971489, 31.677472861144647], [3.2040275835616394, -0.20805213118324611, 33.03519527024111], [4.36027138708406, -0.19813429243589326, 34.392917679337586], [5.5606324951074155, -0.14858217911765614, 35.750640088434054], [6.805110907631709, -0.05939579122853489, 37.10836249753053], [8.093706624656939, 0.06942487123147029, 38.466084906626996], [9.426419646183106, 0.23787980826235988, 39.82380731572347], [10.803249972210212, 0.44596901986413373, 41.181529724819946], [12.224197602738249, 0.6936925060367913, 42.53925213391641], [13.689262537767227, 0.9810502667803332, 43.89697454301289], [15.198444777297142, 1.3080423020947596, 45.254696952109356]], "radius": [1.0384438737918706, 1.0384438737918706, 1.0384438737918706, 1.0384438737918706, 1.0384438737918706, 1.0384438737918706, 1.0384438737918706, 1.0384438737918706, 1.0384438737918706, 1.0384438737918706, 1.0384438737918706, 1.0384438737918706, 1.0384438737918706], "ref_radius": [1.0384438737918706, 1.0384438737918706, 1.0384438737918706, 1.0384438737918706, 1.0384438737918706, 1.0384438737918706, 1.0384438737918706, 1.0384438737918706, 1.0384438737918706, 1.0384438737918706, 1.0384438737918706, 1.0384438737918706, 1.0384438737918706], "length": 22.319380782092786, "seg_id": 1, "type": "Side", "parent": 0, "children": []}, {"pos": [[0.0, 0.0, 28.962028042951697], [-0.02120021668072439, 0.3464828789716819, 30.788044569424752], [-0.06242889626488733, 0.67744163564899, 32.61406109589781], [-0.12368603875248882, 0.992876270031924, 34.44007762237086], [-0.2049716441435289, 1.2927867821204844, 36.26609414884391], [-0.30628571243800756, 1.5771731719146709, 38.092110675316974], [-0.42762824363592467, 1.8460354394144833, 39.91812720179003], [-0.5689992377372804, 2.099373584619922, 41.74414372826308], [-0.7303986947420746, 2.3371876075309865, 43.57016025473613], [-0.9118266146503076, 2.559477508147678, 45.39617678120919], [-1.1132829974619791, 2.766243286469995, 47.22219330768225], [-1.3347678431770889, 2.9574849424979384, 49.0482098341553], [-1.5762811517956372, 3.1332024762315074, 50.874226360628356], [-1.8378229233176244, 3.2933958876707026, 52.70024288710141], [-2.1193931577430503, 3.4380651768155244, 54.526259413574465], [-2.4209918550719145, 3.567210343665972, 56.35227594004752], [-2.742619015304217, 3.680831388222046, 58.178292466520574], [-3.0842746384399584, 3.778928310483746, 60.00430899299363]], "radius": [1.8485496538427242, 1.8591264038217263, 1.8416690814714136, 1.824211759121101, 1.8067544367707882, 1.7892971144204757, 1.771839792070163, 1.7543824697198502, 1.7369251473695375, 1.7155645459027105, 1.5661723168015869, 1.2703399677688931, 0.9153757855812378, 0.6043100119414659, 0.42504372516708466, 0.4246187649329518, 0.5961372750206244, 0.8819481825487192], "ref_radius": [1.876583726172039, 1.8591264038217263, 1.8416690814714136, 1.824211759121101, 1.8067544367707882, 1.7892971144204757, 1.771839792070163, 1.7543824697198502, 1.7369251473695375, 1.7194678250192248, 1.702010502668912, 1.6845531803185994, 1.6670958579682869, 1.6496385356179741, 1.6321812132676614, 1.6147238909173487, 1.597266568567036, 1.5798092462167233], "length": 31.423180230562846, "seg_id": 2, "type": "Main", "parent": 0, "children": [3, 4]}, {"pos": [[-3.0842746384399584, 3.778928310483746, 60.00430899299363], [-1.4810698846081611, 3.8773956762773847, 61.345059334756115], [0.04678049149854857, 3.986038779830399, 62.685809676518616], [1.4992764898801711, 4.104857621142787, 64.02656001828109], [2.8764181105367053, 4.23385220021455, 65.36731036004358], [4.178205353468152, 4.373022517045689, 66.70806070180606], [5.404638218674512, 4.522368571636202, 68.04881104356855], [6.555716706155783, 4.681890363986089, 69.38956138533105], [7.631440815911967, 4.851587894095353, 70.73031172709354], [8.631810547943061, 5.031461161963991, 72.07106206885602], [9.55682590224907, 5.221510167592003, 73.41181241061851]], "radius": [0.7983309292200811, 0.7983309292200811, 0.7983309292200811, 0.7983309292200811, 0.7983309292200811, 0.7983309292200811, 0.7983309292200811, 0.7983309292200811, 0.7983309292200811, 0.7983309292200811, 0.7983309292200811], "ref_radius": [0.7983309292200811, 0.7983309292200811, 0.7983309292200811, 0.7983309292200811, 0.7983309292200811, 0.7983309292200811, 0.7983309292200811, 0.7983309292200811, 0.7983309292200811, 0.7983309292200811, 0.7983309292200811], "length": 18.483495697185887, "seg_id": 3, "type": "Side", "parent": 2, "children": []}, {"pos": [[-3.0842746384399584, 3.778928310483746, 60.00430899299363], [-2.8897876429230136, 3.872813860678508, 61.77593124952799], [-2.7022116733703117, 3.9822268868116337, 63.547553506062336], [-2.521546729781852, 4.107167388883122, 65.31917576259669], [-2.3477928121576355, 4.2476353668929745, 67.09079801913106], [-2.1809499204976612, 4.40363082084119, 68.86242027566541], [-2.0210180548019285, 4.575153750727769, 70.63404253219976], [-1.8679972150704391, 4.762204156552712, 72.4056647887341], [-1.7218874013031922, 4.9647820383160175, 74.17728704526847], [-1.5826886135001885, 5.182887396017687, 75.94890930180283], [-1.4504008516614264, 5.416520229657719, 77.72053155833717], [-1.3250241157869072, 5.665680539236116, 79.49215381487153], [-1.2065584058766305, 5.930368324752875, 81.26377607140589], [-1.0950037219305964, 6.210583586207997, 83.03539832794024], [-0.9903600639488046, 6.506326323601485, 84.8070205844746], [-0.8926274319312555, 6.817596536933335, 86.57864284100896], [-0.8018058258779489, 7.144394226203548, 88.35026509754331], [-0.717895245788885, 7.486719391412124, 90.12188735407766], [-0.6408956916640635, 7.844572032559064, 91.893509610612], [-0.5708071635034844, 8.217952149644368, 93.66513186714637]],