{"case_id": "RCA_3157_bc5", "artery_type": "RCA", "segments": [{"pos": [[0.0, 0.0, 0.0], [-0.006491149112238206, -0.18196737244555417, 1.8452831243649197], [-0.012218633623036622, -0.3425268187210431, 3.6905662487298394], [-0.01718245353239525, -0.481678338826467, 5.53584937309476], [-0.021382608840314087, -0.5994219327618255, 7.381132497459678], [-0.02481909954679314, -0.695757600527119, 9.2264156218246], [-0.0274919256518324, -0.7706853421223472, 11.071698746189519], [-0.02940108715543187, -0.8242051575475101, 12.916981870554437], [-0.030546584057591555, -0.8563170468026079, 14.762264994919358], [-0.03092841635831145, -0.8670210098876405, 16.607548119284278], [-0.030546584057591555, -0.8563170468026079, 18.4528312436492], [-0.02940108715543187, -0.8242051575475101, 20.298114368014115], [-0.0274919256518324, -0.7706853421223472, 22.143397492379037], [-0.02481909954679314, -0.695757600527119, 23.988680616743956], [-0.021382608840314093, -0.5994219327618258, 25.83396374110887], [-0.017182453532395257, -0.48167833882646716, 27.679246865473793], [-0.012218633623036627, -0.3425268187210433, 29.52452998983872], [-0.006491149112238209, -0.18196737244555428, 31.369813114203634], [0.0, 0.0, 33.215096238568556]], "radius": [2.4547163294565646, 2.4547163294565646, 2.4547163294565646, 2.4547163294565646, 2.4547163294565646, 2.4547163294565646, 2.4547163294565646, 2.4547163294565646, 2.4547163294565646, 2.4547163294565646, 2.4547163294565646, 2.4547163294565646, 2.4547163294565646, 2.4547163294565646, 2.4547163294565646, 2.4547163294565646, 2.4547163294565646, 2.4547163294565646, 2.4547163294565646], "ref_radius": [2.4547163294565646, 2.4547163294565646, 2.4547163294565646, 2.4547163294565646, 2.4547163294565646, 2.4547163294565646, 2.4547163294565646, 2.4547163294565646, 2.4547163294565646, 2.4547163294565646, 2.4547163294565646, 2.4547163294565646, 2.4547163294565646, 2.4547163294565646, 2.4547163294565646, 2.4547163294565646, 2.4547163294565646, 2.4547163294565646, 2.4547163294565646], "length": 33.215096238568556, "seg_id": 0, "type": "Root", "parent": null, "children": [1, 2]}, {"pos": [[0.0, 0.0, 33.215096238568556], [1.213229471490244, 0.12798365989198593, 34.61639972671875], [2.457771117880865, 0.2237752666711203, 36.01770321486895], [3.733624939171863, 0.28737482033740314, 37.419006703019136], [5.040790935363238, 0.31878232089083447, 38.82031019116933], [6.37926910645499, 0.31799776833141435, 40.22161367931952], [7.749059452447119, 0.2850211626591427, 41.62291716746971], [9.150161973339625, 0.21985250387401947, 43.0242206556199], [10.582576669132507, 0.12249179197604479, 44.42552414377009], [12.046303539825766, -0.007060973034781398, 45.82682763192028], [13.541342585419402, -0.16880579115845906, 47.22813112007047]], "radius": [1.783392074014424, 1.783392074014424, 1.783392074014424, 1.783392074014424, 1.783392074014424, 1.783392074014424, 1.783392074014424, 1.783392074014424, 1.783392074014424, 1.783392074014424, 1.783392074014424], "ref_radius": [1.783392074014424, 1.783392074014424, 1.783392074014424, 1.783392074014424, 1.783392074014424, 1.783392074014424, 1.783392074014424, 1.783392074014424, 1.783392074014424, 1.783392074014424, 1.783392074014424], "length": 19.487472924959025, "seg_id": 1, "type": "Side", "parent": 0, "children": []}, {"pos": [[0.0, 0.0, 33.215096238568556], [-0.12439960976061057, -0.07512587389371596, 35.10953338657504], [-0.2138724202925773, -0.15518408601587763, 37.00397053458152], [-0.2684184315959003, -0.240174636366485, 38.898407682587994], [-0.2880376436705795, -0.3300975249455381, 40.792844830594476], [-0.27273005651661486, -0.42495275175303693, 42.68728197860095], [-0.22249567013400645, -0.5247403167889815, 44.581719126607425], [-0.13733448452275432, -0.6294602200533718, 46.476156274613906], [-0.017246499682858407, -0.7391124615462077, 48.37059342262039], [0.13776828438568128, -0.8536970412674894, 50.26503057062686], [0.3277098676828647, -0.9732139592172168, 52.15946771863334], [0.5525782502086921, -1.09766321539539, 54.05390486663982], [0.8123734319631633, -1.2270448098020088, 55.9483420146463], [1.107095412946278, -1.3613587424370734, 57.84277916265278], [1.436744193158037, -1.5006050133005837, 59.73721631065926]], "radius": [2.4547163294565646, 2.436980754380202, 2.4192451793038394, 2.401509604227477, 2.3837740291511142, 2.3660384540747517, 2.3363805142449907, 2.1363161198059966, 1.7643654420281667, 1.3167936940823102, 0.9080401089584342, 0.6407110240563565, 0.5791065865261649, 0.733110266409452, 1.0564701852289236], "ref_radius": [2.4547163294565646, 2.436980754380202, 2.4192451793038394, 2.401509604227477, 2.3837740291511142, 2.3660384540747517, 2.348302878998389, 2.3305673039220265, 2.312831728845664, 2.2950961537693013, 2.2773605786929387, 2.259625003616576, 2.241889428540213, 2.2241538534638505, 2.206418278387488], "length": 26.60336261454391, "seg_id": 2, "type": "Main", "parent": 0, "children": [3, 4]}, {"pos": [[1.436744193158037, -1.5006050133005837, 59.73721631065926], [2.280560696957528, -1.1649953046301396, 61.591698524207054], [3.139420805242123, -0.9069408334053594, 63.44618073775485], [4.013324518011821, -0.7264415996262428, 65.30066295130266], [4.902271835266623, -0.6234976032927899, 67.15514516485045], [5.806262757006529, -0.5981088444050009, 69.00962737839825], [6.725297283231538, -0.6502753229628756, 70.86410959194605], [7.65937541394165, -0.779997038966414, 72.71859180549384], [8.608497149136866, -0.9872739924156163, 74.57307401904164]], "radius": [1.4625503165805378, 1.4625503165805378, 1.4625503165805378, 1.4625503165805378, 1.4625503165805378, 1.4625503165805378, 1.4625503165805378, 1.4625503165805378, 1.4625503165805378], "ref_radius": [1.4625503165805378, 1.4625503165805378, 1.4625503165805378, 1.4625503165805378, 1.4625503165805378, 1.4625503165805378, 1.4625503165805378, 1.4625503165805378, 1.4625503165805378], "length": 16.48636476431244, "seg_id": 3, "type": "Side", "parent": 2, "children": []}, {"pos": [[1.436744193158037, -1.5006050133005837, 59.73721631065926], [1.659362740472089, -1.679463293290077, 61.61916750229553], [1.865740084735525, -1.8389819434483998, 63.50111869393181], [2.0558762259483454, -1.9791609637755525, 65.38306988556808], [2.2297711641105504, -2.100000354271534, 67.26502107720434], [2.387424899222139, -2.2015001149363456, 69.14697226884061], [2.5288374312831126, -2.283660245769986, 71.02892346047688], [2.6540087602934697, -2.3464807467724564, 72.91087465211315], [2.7629388862532114, -2.389961617943756, 74.79282584374941], [2.8556278091623373, -2.4141028592838856, 76.67477703538569], [2.9320755290208473, -2.4189044707928447, 78.55672822702196], [2.992282045828742, -2.4043664524706334, 80.43867941865823], [3.036247359586021, -2.3704888043172514, 82.3206306102945], [3.063971470292684, -2.317271526332699, 84.20258180193078], [3.075454377948731, -2.244714618516976, 86.08453299356705], [3.0706960825541625, -2.1528180808700825, 87.96648418520331]], "radius": [1.459695533284259, 1.8340353422899223, 2.0799129637538503, 2.1356501340561875, 2.1179726109712083, 2.100295087886229, 2.0826175648012497, 2.0649400417162704, 2.047262518631291, 2.029584995546312, 2.011907472461333, 1.9942299493763536, 1.9765524262913743, 1.9455641775676737, 1.7097609537626786, 1.2826311622934998], "ref_radius": [2.1886827033111254, 2.171005180226146, 2.153327657141167, 2.1356501340561875, 2.1179726109712083, 2.100295087886229, 2.0826175648012497, 2.0649400417162704, 2.047262518631291, 2.029584995546312, 2.011907472461333, 1.9942299493763536, 1.9765524262913743, 1.958874903206395, 1.9411973801214157, 1.9235198570364367], "length": 28.284036935966803, "seg_id": 4, "type": "Main", "parent": 2,