{"case_id": "RCA_7676_bc6", "artery_type": "RCA", "segments": [{"pos": [[0.0, 0.0, 0.0], [0.14952014019100002, -0.08292363449117215, 1.7665748240789085], [0.28035026285812503, -0.1554818146709478, 3.5331496481578166], [0.392490368001375, -0.2176745405393269, 5.299724472236726], [0.48594045562075, -0.26950181209630947, 7.066299296315634], [0.5607005257162501, -0.3109636293418956, 8.832874120394543], [0.6167705782878751, -0.34205999227608513, 10.599448944473451], [0.6541506133356251, -0.36279090089887817, 12.36602376855236], [0.6728406308595001, -0.3731563552102747, 14.132598592631268], [0.6728406308595001, -0.3731563552102747, 15.899173416710177], [0.6541506133356251, -0.36279090089887817, 17.665748240789085], [0.6167705782878751, -0.34205999227608513, 19.432323064867994], [0.5607005257162502, -0.3109636293418956, 21.198897888946902], [0.48594045562075017, -0.2695018120963096, 22.96547271302581], [0.39249036800137516, -0.21767454053932697, 24.73204753710472], [0.2803502628581251, -0.15548181467094782, 26.498622361183628], [0.14952014019100004, -0.08292363449117217, 28.265197185262537], [0.0, 0.0, 30.031772009341445]], "radius": [1.9986607224584434, 1.9986607224584434, 1.9986607224584434, 1.9986607224584434, 1.9986607224584434, 1.9986607224584434, 1.9986607224584434, 1.9986607224584434, 1.9986607224584434, 1.9986607224584434, 1.9986607224584434, 1.9986607224584434, 1.9986607224584434, 1.9986607224584434, 1.9986607224584434, 1.9986607224584434, 1.9986607224584434, 1.9986607224584434], "ref_radius": [1.9986607224584434, 1.9986607224584434, 1.9986607224584434, 1.9986607224584434, 1.9986607224584434, 1.9986607224584434, 1.9986607224584434, 1.9986607224584434, 1.9986607224584434, 1.9986607224584434, 1.9986607224584434, 1.9986607224584434, 1.9986607224584434, 1.9986607224584434, 1.9986607224584434, 1.9986607224584434, 1.9986607224584434, 1.9986607224584434], "length": 30.031772009341445, "seg_id": 0, "type": "Root", "parent": null, "children": [1, 2]}, {"pos": [[0.0, 0.0, 30.031772009341445], [0.842287313181234, -0.04677200743736568, 31.68401435590289], [1.6819399418197576, -0.0549470149584192, 33.33625670246434], [2.5189578859155697, -0.024525022563160526, 34.98849904902578], [3.3533411454686717, 0.04449396974841033, 36.640741395587234], [4.185089720479063, 0.1521099619762933, 38.29298374214868], [5.014203610946742, 0.2983229541204886, 39.94522608871013], [5.840682816871712, 0.4831329461809958, 41.597468435271566], [6.664527338253971, 0.7065399381578156, 43.24971078183302], [7.485737175093519, 0.9685439300509473, 44.90195312839447], [8.304312327390356, 1.269144921860391, 46.55419547495591], [9.120252795144483, 1.6083429135861471, 48.206437821517355], [9.933558578355898, 1.9861379052282158, 49.858680168078806]], "radius": [1.5586585681118776, 1.5586585681118776, 1.5586585681118776, 1.5586585681118776, 1.5586585681118776, 1.5586585681118776, 1.5586585681118776, 1.5586585681118776, 1.5586585681118776, 1.5586585681118776, 1.5586585681118776, 1.5586585681118776, 1.5586585681118776], "ref_radius": [1.5586585681118776, 1.5586585681118776, 1.5586585681118776, 1.5586585681118776, 1.5586585681118776, 1.5586585681118776, 1.5586585681118776, 1.5586585681118776, 1.5586585681118776, 1.5586585681118776, 1.5586585681118776, 1.5586585681118776, 1.5586585681118776], "length": 22.264918974548696, "seg_id": 1, "type": "Side", "parent": 0, "children": []}, {"pos": [[0.0, 0.0, 30.031772009341445], [-0.3125713689724435, 0.48992093401639913, 31.82993485544045], [-0.6099218262611081, 0.9393813439733049, 33.62809770153947], [-0.8920513718659938, 1.348381229870717, 35.42626054763848], [-1.1589600057871006, 1.7169205917086356, 37.22442339373749], [-1.4106477280244283, 2.0449994294870604, 39.0225862398365], [-1.6471145385779773, 2.332617743205992, 40.8207490859355], [-1.868360437447747, 2.5797755328654297, 42.61891193203451], [-2.0743854246337383, 2.7864727984653737, 44.417074778133525], [-2.2651895001359508, 2.9527095400058245, 46.215237624232536], [-2.4407726639543834, 3.0784857574867814, 48.01340047033155], [-2.601134916089038, 3.1638014509082453, 49.81156331643056], [-2.7462762565399133, 3.208656620270215, 51.60972616252957]], "radius": [1.9986607224584434, 1.9817473403399237, 1.9648339582214043, 1.9479205761028846, 1.8291695706250284, 1.5014903319404271, 1.0941353674643717, 0.7677477267520585, 0.6475615388791216, 0.7736313542231663, 1.0862362637015177, 1.4517099846020327, 1.71756874489425], "ref_radius": [1.9986607224584434, 1.9817473403399237, 1.9648339582214043, 1.9479205761028846, 1.9310071939843652, 1.9140938118658455, 1.897180429747326, 1.8802670476288064, 1.863353665510287, 1.8464402833917672, 1.8295269012732476, 1.8126135191547281, 1.7957001370362085], "length": 21.98739675407544, "seg_id": 2, "type": "Main", "parent": 0, "children": [3, 4]}, {"pos": [[-2.7462762565399133, 3.208656620270215, 51.60972616252957], [-1.6125137219868453, 3.78039145065986, 53.15129693304802], [-0.47960599996336745, 4.301420247761939, 54.69286770356649], [0.6524469095305201, 4.771743011576452, 56.234438474084946], [1.7836450064948173, 5.191359742103398, 57.77600924460341], [2.913988290929524, 5.560270439342776, 59.31758001512186], [4.043476762834642, 5.87847510329459, 60.85915078564031], [5.172110422210166, 6.145973733958836, 62.40072155615877], [6.299889269056104, 6.362766331335516, 63.94229232667723], [7.42681330337245, 6.528852895424629, 65.4838630971957], [8.552882525159205, 6.644233426226176, 67.02543386771416], [9.67809693441637, 6.708907923740156, 68.5670046382326], [10.802456531143946, 6.722876387966569, 70.10857540875107]], "radius": [1.180327366083352, 1.180327366083352, 1.180327366083352, 1.180327366083352, 1.180327366083352, 1.180327366083352, 1.180327366083352, 1.180327366083352, 1.180327366083352, 1.180327366083352, 1.180327366083352, 1.180327366083352, 1.180327366083352], "ref_radius": [1.180327366083352, 1.180327366083352, 1.180327366083352, 1.180327366083352, 1.180327366083352, 1.180327366083352, 1.180327366083352, 1.180327366083352, 1.180327366083352, 1.180327366083352, 1.180327366083352, 1.180327366083352, 1.180327366083352], "length": 23.19752840632288, "seg_id": 3, "type": "Side", "parent": 2, "children": []}, {"pos": [[-2.7462762565399133, 3.208656620270215, 51.60972616252957], [-3.252936036641808, 3.9939497000046127, 53.39498022921373], [-3.7233395998730625, 4.725251502843712, 55.180234295897904], [-4.157486946233677, 5.40256202878751, 56.965488362582064], [-4.555378075723653, 6.0258812778360085, 58.75074242926623], [-4.917012988342988, 6.595209249989205, 60.5359964959504], [-5.242391684091684, 7.110545945247104, 62.32125056263456], [-5.5315141629697395, 7.571891363609701, 64.10650462931872], [-5.784380424977156, 7.979245505077, 65.89175869600288], [-6.000990470113933, 8.332608369648998, 67.67701276268706], [-6.18134429838007, 8.631979957325697, 69.46226682937122], [-6.3254419097755665, 8.877360268107095, 71.24752089605539], [-6.433283304300424, 9.068749301993194, 73.03277496273955]], "radius": [1.778786754917689, 1.7614682672227908, 1.7441497795278926, 1.7268312918329942, 1.709512804138096, 1.6921943164431978, 1.6748758287482997, 1.6575573410534012, 1.640238853358503, 1.6229203656636049, 1.6056018779687067, 1.5882833902738085, 1.57096490257891], "ref_radius": [1.778786754917689, 1.7614682672227908, 1.7441497795278926, 1.7268312918329942, 1.709512804138096, 1.6921943164431978, 1.6748758287482997, 1.6575573410534012, 1.640238853358503, 1.6229203656636049, 1.6056018779687067, 1.5882833902738085, 1.57096490257891], "length": 22.51403400336771, "seg_id": 4, "type": "Main", "parent": 2,