{"case_id": "RCA_8678_bc1", "artery_type": "RCA", "segments": [{"pos": [[0.0, 0.0, 0.0], [-0.040145066737686405, -0.01927585510667063, 1.773142791326401], [-0.0755671844474097, -0.036283962553732944, 3.5462855826528026], [-0.1062663531291699, -0.051024322341186965, 5.319428373979204], [-0.13224257278296697, -0.06349693446903265, 7.092571165305605], [-0.15349584340880096, -0.07370179893727005, 8.865713956632007], [-0.17002616500667186, -0.08163891574589914, 10.638856747958409], [-0.1818335375765796, -0.08730828489491992, 12.411999539284809], [-0.18891796111852427, -0.09070990638433236, 14.18514233061121], [-0.19127943563250582, -0.09184378021413653, 15.958285121937612], [-0.18891796111852427, -0.09070990638433236, 17.731427913264014], [-0.1818335375765796, -0.08730828489491992, 19.504570704590414], [-0.17002616500667186, -0.08163891574589914, 21.277713495916817], [-0.15349584340880096, -0.07370179893727005, 23.050856287243217], [-0.13224257278296703, -0.06349693446903268, 24.823999078569614], [-0.10626635312916995, -0.051024322341186985, 26.59714186989602], [-0.07556718444740973, -0.036283962553732965, 28.37028466122242], [-0.040145066737686426, -0.01927585510667064, 30.14342745254882], [0.0, 0.0, 31.916570243875224]], "radius": [1.8029833131665374, 1.8029833131665374, 1.8029833131665374, 1.8029833131665374, 1.8029833131665374, 1.8029833131665374, 1.8029833131665374, 1.8029833131665374, 1.8029833131665374, 1.8029833131665374, 1.8029833131665374, 1.769107930121772, 1.5333027751800814, 1.144502185442188, 0.7290859425782652, 0.42208525657381823, 0.3232908188369825, 0.4648157994630655, 0.8006574489077383], "ref_radius": [1.8029833131665374, 1.8029833131665374, 1.8029833131665374, 1.8029833131665374, 1.8029833131665374, 1.8029833131665374, 1.8029833131665374, 1.8029833131665374, 1.8029833131665374, 1.8029833131665374, 1.8029833131665374, 1.8029833131665374, 1.8029833131665374, 1.8029833131665374, 1.8029833131665374, 1.8029833131665374, 1.8029833131665374, 1.8029833131665374, 1.8029833131665374], "length": 31.916570243875224, "seg_id": 0, "type": "Root", "parent": null, "children": [1, 2]}, {"pos": [[0.0, 0.0, 31.916570243875224], [1.3253818765067917, -0.009415923338088479, 33.23550213889013], [2.6443900778063343, -0.031244907870200338, 34.554434033905046], [3.957024603898627, -0.06548695359633558, 35.87336592891995], [5.26328545478367, -0.1121420605164942, 37.192297823934865], [6.563172630461463, -0.17121022863067625, 38.51122971894977], [7.856686130932008, -0.24269145793888158, 39.83016161396469], [9.1438259561953, -0.3265857484411102, 41.1490935089796], [10.424592106251346, -0.4228931001373625, 42.4680254039945], [11.698984581100142, -0.531613513027638, 43.786957299009416], [12.967003380741687, -0.6527469871119371, 45.10588919402433], [14.228648505175983, -0.7862935223902591, 46.42482108903924], [15.48391995440303, -0.9322531188626049, 47.74375298405414], [16.732817728422823, -1.090625776528974, 49.06268487906905], [17.97534182723537, -1.2614114953893658, 50.38161677408396], [19.21149225084067, -1.444610275443782, 51.70054866909888], [20.44126899923872, -1.6402221166922213, 53.019480564113785], [21.664672072429518, -1.8482470191346838, 54.33841245912869], [22.881701470413066, -2.06868498277117, 55.6573443541436]], "radius": [1.3094487208848862, 1.3094487208848862, 1.3094487208848862, 1.3094487208848862, 1.3094487208848862, 1.3094487208848862, 1.3094487208848862, 1.3094487208848862, 1.3094487208848862, 1.3094487208848862, 1.3094487208848862, 1.3094487208848862, 1.3094487208848862, 1.3094487208848862, 1.3094487208848862, 1.3094487208848862, 1.3094487208848862, 1.3094487208848862, 1.3094487208848862], "ref_radius": [1.3094487208848862, 1.3094487208848862, 1.3094487208848862, 1.3094487208848862, 1.3094487208848862, 1.3094487208848862, 1.3094487208848862, 1.3094487208848862, 1.3094487208848862, 1.3094487208848862, 1.3094487208848862, 1.3094487208848862, 1.3094487208848862, 1.3094487208848862, 1.3094487208848862, 1.3094487208848862, 1.3094487208848862, 1.3094487208848862, 1.3094487208848862], "length": 33.03749498817723, "seg_id": 1, "type": "Side", "parent": 0, "children": []}, {"pos": [[0.0, 0.0, 31.916570243875224], [-0.11049529852280375, -0.10313522334217055, 33.69541778153453], [-0.20925706137770428, -0.20894819887222554, 35.47426531919382], [-0.2962852885647015, -0.3174389265901649, 37.253112856853114], [-0.3715799800837956, -0.4286074064959888, 39.03196039451241], [-0.4351411359349864, -0.542453638589697, 40.81080793217171], [-0.48696875611827384, -0.6589776228712896, 42.58965546983101], [-0.5270628406336583, -0.7781793593407668, 44.36850300749031], [-0.5554233894811392, -0.9000588479981282, 46.14735054514961], [-0.5720504026607169, -1.0246160888433742, 47.9261980828089], [-0.5769438801723916, -1.1518510818765044, 49.705045620468205], [-0.5701038220161629, -1.2817638270975191, 51.4838931581275], [-0.551530228192031, -1.414354324506418, 53.262740695786796], [-0.521223098699996, -1.5496225741032021, 55.0415882334461], [-0.4791824335400575, -1.6875685758878698, 56.820435771105394], [-0.4254082327122158, -1.8281923298604223, 58.59928330876469], [-0.3599004962164709, -1.9714938360208591, 60.378130846423986], [-0.2826592240528229, -2.11747309436918, 62.15697838408328], [-0.19368441622127144, -2.266130104905386, 63.93582592174259], [-0.09297607272181685, -2.417464867629476, 65.71467345940188], [0.01946580644554116, -2.5714773825414508, 67.49352099706118], [0.1436412212808022, -2.7281676496413096, 69.27236853472047], [0.2795501717839664, -2.887535668929053, 71.05121607237977]], "radius": [1.2216503094715105, 1.575895220084973, 1.7546671176754227, 1.751798063356666, 1.7347363134200422, 1.7176745634834185, 1.7006128135467948, 1.683551063610171, 1.6664893136735472, 1.6494275637369236, 1.6323658138002997, 1.615304063863676, 1.5982423139270523, 1.5811805639904284, 1.5641188140538047, 1.547057064117181, 1.5299953141805571, 1.5129335642439334, 1.4958718143073095, 1.4788100643706859, 1.4617483144340622, 1.4446865644974385, 1.4276248145608146], "ref_radius": [1.8029833131665374, 1.7859215632299137, 1.7688598132932898, 1.751798063356666, 1.7347363134200422, 1.7176745634834185, 1.7006128135467948, 1.683551063610171, 1.6664893136735472, 1.6494275637369236, 1.6323658138002997, 1.615304063863676, 1.5982423139270523, 1.5811805639904284, 1.5641188140538047, 1.547057064117181, 1.5299953141805571, 1.5129335642439334, 1.4958718143073095, 1.4788100643706859, 1.4617483144340622, 1.4446865644974385, 1.4276248145608146], "length": 39.24202485423466, "seg_id": 2, "type": "Main", "parent": 0, "children": [3, 4]}, {"pos": [[0.2795501717839664, -2.887535668929053, 71.05121607237977], [1.2701261914271513, -3.1719433279546276, 72.35946388903596], [2.2956083510639345, -3.443832623296817, 73.66771170569217], [3.3559966506943155, -3.7032035549556204, 74.97595952234833], [4.451291090318295, -3.95005612293104, 76.28420733900454], [5.581491669935872, -4.184390327223073, 77.59245515566073], [6.7465983895470485, -4.406206167831721, 78.9007029723169], [7.9466112491518235, -4.615503644756986, 80.20895078897311], [9.181530248750196, -4.812282757998863, 81.51719860562932], [10.451355388342165, -4.996543507557357, 82.8254464222855], [11.756086667927732, -5.168285893432465, 84.13369423894169], [13.095724087506902, -5.327509915624187, 85.44194205559789], [14.470267647079668, -5.474215574132526, 86.75018987225408], [15.87971734664603, -5.608402868957478, 88.05843768891029], [17.324073186205993, -5.730071800099045, 89.36668550556647]], "radius": [0.9525112565622635, 0.9525112565622635, 0.9525112565622635, 0.9525112565622635, 0.9525112565622635, 0.9525112565622635, 0.9525112565622635, 0.9525112565622635, 0.9525112565622635, 0.9525112565622635, 0.9525112565622635, 0.9525112565622635, 0.9525112565622635, 0.9525112565622635, 0.9525112565622635],