{"case_id": "RCA_3078_bc1", "artery_type": "RCA", "segments": [{"pos": [[0.0, 0.0, 0.0], [0.11042965056144449, -0.09761305845967815, 1.800816103935122], [0.2085893399493951, -0.1843802215349476, 3.601632207870243], [0.29447906816385194, -0.26030148922580837, 5.402448311805365], [0.36809883520481496, -0.3253768615322605, 7.203264415740487], [0.42944864107228414, -0.3796063384543039, 9.004080519675611], [0.4785284857662594, -0.42298991999193863, 10.804896623610732], [0.5153383692867408, -0.45552760614516463, 12.605712727545852], [0.5398782916337286, -0.4772193969139821, 14.406528831480975], [0.5521482528072225, -0.4880652922983908, 16.2073449354161], [0.5521482528072225, -0.48806529229839074, 18.00816103935122], [0.5398782916337286, -0.4772193969139821, 19.80897714328634], [0.5153383692867409, -0.4555276061451647, 21.60979324722146], [0.47852848576625956, -0.42298991999193875, 23.410609351156584], [0.42944864107228414, -0.3796063384543039, 25.211425455091703], [0.36809883520481496, -0.3253768615322605, 27.012241559026833], [0.29447906816385205, -0.2603014892258085, 28.81305766296195], [0.20858933994939532, -0.1843802215349478, 30.613873766897072], [0.11042965056144459, -0.09761305845967823, 32.41468987083219], [0.0, 0.0, 34.21550597476732]], "radius": [1.5342111163584622, 1.5015054838632929, 1.390254897388328, 1.2166425698643986, 1.0068684120581146, 0.7925895320449836, 0.6061428474597241, 0.475665107394597, 0.4208467635329025, 0.4499604756450233, 0.5586126809563507, 0.7304066285889279, 0.9394168202650075, 1.0373523892507763, 0.8917891102443409, 0.7605922123334643, 0.6558605952555469, 0.5872525463217895, 0.5610950589172953, 0.5798003609417232], "ref_radius": [1.5342111163584622, 1.5342111163584622, 1.5342111163584622, 1.5342111163584622, 1.5342111163584622, 1.5342111163584622, 1.5342111163584622, 1.5342111163584622, 1.5342111163584622, 1.5342111163584622, 1.5342111163584622, 1.5342111163584622, 1.5342111163584622, 1.5342111163584622, 1.5342111163584622, 1.5342111163584622, 1.5342111163584622, 1.5342111163584622, 1.5342111163584622, 1.5342111163584622], "length": 34.21550597476732, "seg_id": 0, "type": "Root", "parent": null, "children": [1, 2]}, {"pos": [[0.0, 0.0, 34.21550597476732], [1.331723652858991, -0.2168586795590853, 35.634528715304896], [2.6443723258304295, -0.36245033441258984, 37.05355145584248], [3.9379460189143156, -0.4367749645605136, 38.472574196380066], [5.212444732110649, -0.43983257000285647, 39.89159693691765], [6.467868465419429, -0.3716231507396185, 41.310619677455236], [7.704217218840657, -0.23214670677079985, 42.729642417992814], [8.92149099237433, -0.02140323809640038, 44.14866515853039], [10.119689786020455, 0.2606072552835801, 45.56768789906798], [11.298813599779024, 0.6138847733691414, 46.98671063960556]], "radius": [1.0638927501333262, 1.0638927501333262, 1.0638927501333262, 1.0638927501333262, 1.0638927501333262, 1.0638927501333262, 1.0638927501333262, 1.0638927501333262, 1.0638927501333262, 1.0638927501333262], "ref_radius": [1.0638927501333262, 1.0638927501333262, 1.0638927501333262, 1.0638927501333262, 1.0638927501333262, 1.0638927501333262, 1.0638927501333262, 1.0638927501333262, 1.0638927501333262, 1.0638927501333262], "length": 17.062933858768606, "seg_id": 1, "type": "Side", "parent": 0, "children": []}, {"pos": [[0.0, 0.0, 34.21550597476732], [-0.07981752487046956, 0.056783904150409015, 36.08211718411783], [-0.08633265065917389, 0.14082442346632415, 37.94872839346833], [-0.01954537736611292, 0.2521215579477454, 39.815339602818824], [0.12054429500871328, 0.3906753075946727, 41.681950812169326], [0.33393636646530456, 0.5564856724071061, 43.54856202151983], [0.6206308370036615, 0.7495526523850459, 45.41517323087034], [0.9806277066237834, 0.9698762475284914, 47.28178444022083], [1.4139269753256705, 1.2174564578374434, 49.14839564957134], [1.9205286431093227, 1.492293283311901, 51.01500685892184], [2.50043270997474, 1.794386723951865, 52.881618068272346]], "radius": [0.6416434605899689, 0.7326155959360828, 0.849007262962034, 0.9784997932856252, 1.1078471671899393, 1.1124743955136578, 0.9707058808690028, 0.8336608200767248, 0.7119149839220759, 0.6144814120036737, 0.5480724974460597], "ref_radius": [1.5342111163584622, 1.517012814305535, 1.4998145122526079, 1.4826162101996807, 1.4654179081467533, 1.4482196060938262, 1.431021304040899, 1.4138230019879718, 1.3966246999350447, 1.3794263978821175, 1.3622280958291904], "length": 18.918132258219917, "seg_id": 2, "type": "Main", "parent": 0, "children": [3, 4]}, {"pos": [[2.50043270997474, 1.794386723951865, 52.881618068272346], [3.395859174702654, 2.2391809061689028, 54.4579368502136], [4.426387412501055, 2.562578206563345, 56.034255632154824], [5.592017423369944, 2.764578625135191, 57.610574414096064], [6.892749207309322, 2.845182161884442, 59.18689319603731], [8.328582764319188, 2.8043888168110973, 60.76321197797855], [9.899518094399543, 2.642198589915157, 62.339530759919796], [11.605555197550386, 2.358611481196621, 63.915849541861036]], "radius": [0.780878888383415, 0.780878888383415, 0.780878888383415, 0.780878888383415, 0.780878888383415, 0.780878888383415, 0.780878888383415, 0.780878888383415], "ref_radius": [0.780878888383415, 0.780878888383415, 0.780878888383415, 0.780878888383415, 0.780878888383415, 0.780878888383415, 0.780878888383415, 0.780878888383415], "length": 14.316978357990866, "seg_id": 3, "type": "Side", "parent": 2, "children": []}, {"pos": [[2.50043270997474, 1.794386723951865, 52.881618068272346], [2.375892462210712, 1.6392343629777577, 54.790490516772834], [2.2636131918735694, 1.498121733921266, 56.69936296527334], [2.1635948989633125, 1.371048836782389, 58.608235413773826], [2.075837583479942, 1.258015671561127, 60.51710786227432], [2.0003412454234573, 1.15902223825748, 62.42598031077482], [1.9371058847938576, 1.074068536871448, 64.33485275927531], [1.886131501591144, 1.003154567403031, 66.24372520777581], [1.8474180958153164, 0.9462803298522294, 68.1525976562763], [1.820965667466374, 0.9034458242190426, 70.06147010477679], [1.8067742165443175, 0.8746510505034709, 71.97034255327728], [1.8048437430491466, 0.8598960087055141, 73.87921500177778], [1.8151742469808618, 0.8591806988251725, 75.78808745027827]], "radius": [0.5165779145353848, 0.5206241695535517, 0.55807459043433, 0.6238088660432818, 0.7104151504894793, 0.8088882759518825, 0.909447699402063, 1.0024011100305352, 1.0789774997844128, 1.1320580932560151, 1.1567442814475064, 1.1509577123534749, 1.133314795860494], "ref_radius": [1.345029793776263, 1.3273868772832822, 1.3097439607903014, 1.2921010442973206, 1.27445812780434, 1.2568152113113593, 1.2391722948183785, 1.2215293783253978, 1.203886461832417, 1.1862435453394364, 1.1686006288464557, 1.1509577123534749, 1.133314795860494], "length": 22.935791440874958, "seg_id": 4, "type": "Main", "parent": 2, "children": [5, 6]}, {"pos": [[1.8151742469808618, 0.8591806988251725, 75.78808745027827], [2.9327837703091566, 0.8666614276503877, 77.1704820035843], [4.075776918195202, 0.8732992287159612, 78.55287655689034], [5.244153690638996, 0.8790941020218933, 79.93527111019638], [6.43791408764054, 0.8840460475681835, 81.31766566350242], [7.657058109199834, 0.8881550653548322, 82.70006021680845], [8.901585755316876, 0.8914211553818391, 84.0824547701145], [10.171497025991666, 0.8938443176492044, 85.46484932342052], [11.466791921224209, 0.8954245521569281, 86.84724387672657], [12.7874704410145, 0.89616185890501, 88.22963843003261], [14.133532585362541, 0.8960562378934505, 89.61203298333864], [15.50497835426833, 0.895107689122249, 90.99442753664468]], "radius": [0.6935946727701001, 0.6935946727701001, 0.6935946727701001, 0.6935946727701001, 0.6935946727701001, 0.6935946727701001, 0.6935946727701001, 0.6935946727701001, 0.6935946727701001, 0.6935946727701001, 0.6935946727701001, 0.6935946727701001],