{"case_id": "RCA_7087_bc8", "artery_type": "RCA", "segments": [{"pos": [[0.0, 0.0, 0.0], [-0.18942181472334493, -0.1771484167054089, 1.8154193692881755], [-0.3497018117969445, -0.3270432308407549, 3.630838738576351], [-0.4808399912207986, -0.44968444240603794, 5.4462581078645265], [-0.5828363529949074, -0.5450720514012581, 7.261677477152702], [-0.6556908971192709, -0.6132060578264154, 9.077096846440876], [-0.6994036235938889, -0.6540864616815096, 10.892516215729051], [-0.7139745324187616, -0.6677132629665412, 12.707935585017228], [-0.699403623593889, -0.6540864616815097, 14.523354954305404], [-0.6556908971192709, -0.6132060578264155, 16.338774323593576], [-0.5828363529949075, -0.5450720514012583, 18.154193692881755], [-0.48083999122079873, -0.449684442406038, 19.96961306216993], [-0.3497018117969446, -0.327043230840755, 21.785032431458102], [-0.18942181472334513, -0.1771484167054091, 23.60045180074628], [0.0, 0.0, 25.415871170034457]], "radius": [2.0008913884745643, 1.9949604524125844, 1.8664316601261417, 1.5996550227482622, 1.260317179375761, 0.9319710327987278, 0.6954630733284011, 0.6090270845897168, 0.6939456258542054, 0.9293097688607785, 1.2571673643134509, 1.5967922145986568, 1.8645607491209144, 1.994542100539197, 2.0008913884745643], "ref_radius": [2.0008913884745643, 2.0008913884745643, 2.0008913884745643, 2.0008913884745643, 2.0008913884745643, 2.0008913884745643, 2.0008913884745643, 2.0008913884745643, 2.0008913884745643, 2.0008913884745643, 2.0008913884745643, 2.0008913884745643, 2.0008913884745643, 2.0008913884745643, 2.0008913884745643], "length": 25.415871170034457, "seg_id": 0, "type": "Root", "parent": null, "children": [1, 2]}, {"pos": [[0.0, 0.0, 25.415871170034457], [1.26875209172827, 0.2455309009624745, 26.782692074499842], [2.5257375267320343, 0.4277107382662277, 28.149512978965234], [3.7709563050112926, 0.5465395119112593, 29.51633388343062], [5.004408426566046, 0.6020172218975698, 30.883154787896014], [6.226093891396294, 0.5941438682251587, 32.2499756923614], [7.436012699502036, 0.5229194508940265, 33.61679659682679], [8.634164850883273, 0.3883439699041727, 34.98361750129218], [9.820550345540003, 0.1904174252555974, 36.350438405757565], [10.995169183472228, -0.07086018305169917, 37.71725931022296], [12.15802136467995, -0.3954888550177172, 39.08408021468834], [13.309106889163163, -0.7834685906424561, 40.450901119153734]], "radius": [1.1749028671614499, 1.1749028671614499, 1.1749028671614499, 1.1749028671614499, 1.1749028671614499, 1.1749028671614499, 1.1749028671614499, 1.1749028671614499, 1.1749028671614499, 1.1749028671614499, 1.1749028671614499, 1.1749028671614499], "ref_radius": [1.1749028671614499, 1.1749028671614499, 1.1749028671614499, 1.1749028671614499, 1.1749028671614499, 1.1749028671614499, 1.1749028671614499, 1.1749028671614499, 1.1749028671614499, 1.1749028671614499, 1.1749028671614499, 1.1749028671614499], "length": 20.094732513537156, "seg_id": 1, "type": "Side", "parent": 0, "children": []}, {"pos": [[0.0, 0.0, 25.415871170034457], [-0.1647559617189728, -0.12949151323599142, 27.20896620299725], [-0.35236634517716525, -0.23377031019452077, 29.002061235960035], [-0.5628311503745772, -0.312836390875588, 30.79515626892282], [-0.7961503773112089, -0.36668975527919323, 32.58825130188561], [-1.05232402598706, -0.3953304034053363, 34.3813463348484], [-1.331352096402131, -0.39875833525401727, 36.174441367811184], [-1.6332345885564217, -0.3769735508252362, 37.96753640077398], [-1.9579715024499316, -0.329976050118993, 39.76063143373676], [-2.3055628380826607, -0.2577658331352879, 41.55372646669956], [-2.6760085954546105, -0.16034289987412045, 43.34682149966234], [-3.06930877456578, -0.03770725033549088, 45.13991653262513], [-3.4854633754161677, 0.11014111548060054, 46.933011565587925], [-3.9244723980057756, 0.283202197574154, 48.72610659855071]], "radius": [2.0008913884745643, 1.9840056868366025, 1.967119985198641, 1.9502342835606792, 1.9333485819227174, 1.9164628802847559, 1.899577178646794, 1.8826914770088323, 1.8658057753708708, 1.848920073732909, 1.8300893336880089, 1.7050415333233244, 1.4409220613064009, 1.0977120486852316], "ref_radius": [2.0008913884745643, 1.9840056868366025, 1.967119985198641, 1.9502342835606792, 1.9333485819227174, 1.9164628802847559, 1.899577178646794, 1.8826914770088323, 1.8658057753708708, 1.848920073732909, 1.8320343720949472, 1.8151486704569857, 1.798262968819024, 1.7813772671810622], "length": 23.639982293146375, "seg_id": 2, "type": "Main", "parent": 0, "children": [3, 4]}, {"pos": [[-3.9244723980057756, 0.283202197574154, 48.72610659855071], [-2.9670375577566515, 0.2766156205836209, 50.21188646584409], [-1.9836797581217172, 0.28757429732838813, 51.697666333137455], [-0.974398999100973, 0.3160782278084559, 53.18344620043082], [0.06080471930558029, 0.36212741202382415, 54.669226067724196], [1.1219313970979432, 0.4257218499744928, 56.15500593501757], [2.2089810342761167, 0.506861541660462, 57.64078580231094], [3.3219536308401008, 0.6055464870817318, 59.126565669604304], [4.4608491867898925, 0.7217766862383017, 60.61234553689768], [5.625667702125494, 0.8555521391301721, 62.098125404191045], [6.816409176846907, 1.0068728457573433, 63.58390527148442], [8.033073610954132, 1.1757388061198148, 65.0696851387778], [9.275661004447162, 1.362150020217587, 66.55546500607117], [10.544171357326002, 1.566106488050659, 68.04124487336453]], "radius": [1.1070866588948787, 1.1070866588948787, 1.1070866588948787, 1.1070866588948787, 1.1070866588948787, 1.1070866588948787, 1.1070866588948787, 1.1070866588948787, 1.1070866588948787, 1.1070866588948787, 1.1070866588948787, 1.1070866588948787, 1.1070866588948787, 1.1070866588948787], "ref_radius": [1.1070866588948787, 1.1070866588948787, 1.1070866588948787, 1.1070866588948787, 1.1070866588948787, 1.1070866588948787, 1.1070866588948787, 1.1070866588948787, 1.1070866588948787, 1.1070866588948787, 1.1070866588948787, 1.1070866588948787, 1.1070866588948787, 1.1070866588948787], "length": 24.16737598731816, "seg_id": 3, "type": "Side", "parent": 2, "children": []}, {"pos": [[-3.9244723980057756, 0.283202197574154, 48.72610659855071], [-3.8432495789066867, 0.3186550540248619, 50.52431316904426], [-3.8048285954186576, 0.3596701586707236, 52.3225197395378], [-3.8092094475416878, 0.40624751151173927, 54.120726310031344], [-3.85639213527578, 0.4583871125479088, 55.9189328805249], [-3.946376658620931, 0.5160889617792324, 57.71713945101845], [-4.079163017577142, 0.5793530592057097, 59.515346021511995], [-4.254751212144413, 0.6481794048273409, 61.31355259200555], [-4.473141242322743, 0.722567998644126, 63.1117591624991], [-4.734333108112134, 0.8025188406560649, 64.90996573299263], [-5.0383268095125855, 0.888031930863158, 66.70817230348618], [-5.385122346524097, 0.9791072692654049, 68.50637887397974], [-5.774719719146668, 1.0757448558628055, 70.30458544447329], [-6.207118927380298, 1.1779446906553601, 72.10279201496684]], "radius": [0.7521619308116656, 0.48013948122665195, 0.3393921122190422, 0.35695025570273486, 0.5235380323531897, 0.7963695780683855, 1.1094790028733374, 1.3890980060753417, 1.5704983076596042, 1.613388618325171, 1.5965994019676235, 1.5798101856100757, 1.563020969252528, 1.5462317528949803], "ref_radius": [1.7644915655431006, 1.7477023491855528, 1.7309131328280052, 1.7141239164704574, 1.6973347001129098, 1.680545483755362, 1.6637562673978143, 1.6469670510402665, 1.630177834682719, 1.613388618325171, 1.5965994019676235, 1.5798101856100757, 1.563020969252528, 1.5462317528949803], "length": 23.5049029005668, "seg_id": 4, "type": "Main", "parent": 2,