{"case_id": "RCA_4505_bc3", "artery_type": "RCA", "segments": [{"pos": [[0.0, 0.0, 0.0], [-0.20664554267684274, -0.27646164618519703, 1.9438459814298035], [-0.36736985364772046, -0.49148737099590584, 3.887691962859607], [-0.4821729329126331, -0.6450771744321264, 5.83153794428941], [-0.5510547804715805, -0.7372310564938587, 7.775383925719213], [-0.5740153963245631, -0.7679490171811028, 9.719229907149016], [-0.5510547804715805, -0.7372310564938587, 11.66307588857882], [-0.4821729329126329, -0.6450771744321262, 13.606921870008623], [-0.36736985364772035, -0.49148737099590567, 15.550767851438426], [-0.20664554267684268, -0.2764616461851969, 17.49461383286823], [0.0, 0.0, 19.43845981429803]], "radius": [1.8909793601825746, 1.8909793601825746, 1.8909793601825746, 1.8909793601825746, 1.8909793601825746, 1.8909793601825746, 1.8909793601825746, 1.8909793601825746, 1.8909793601825746, 1.8909793601825746, 1.8909793601825746], "ref_radius": [1.8909793601825746, 1.8909793601825746, 1.8909793601825746, 1.8909793601825746, 1.8909793601825746, 1.8909793601825746, 1.8909793601825746, 1.8909793601825746, 1.8909793601825746, 1.8909793601825746, 1.8909793601825746], "length": 19.43845981429803, "seg_id": 0, "type": "Root", "parent": null, "children": [1, 2]}, {"pos": [[0.0, 0.0, 19.43845981429803], [1.2100812504544989, -0.14942844053382867, 21.016946646747574], [2.423027764435031, -0.2608911724796699, 22.595433479197116], [3.6388395419415964, -0.33438819583752366, 24.173920311646654], [4.857516582974195, -0.36991951060738987, 25.7524071440962], [6.079058887532826, -0.36748511678926876, 27.330893976545738], [7.303466455617491, -0.3270850143831601, 28.90938080899528], [8.530739287228188, -0.24871920338906406, 30.48786764144482], [9.760877382364919, -0.1323876838069806, 32.066354473894364], [10.993880741027683, 0.02190954436309031, 33.6448413063439], [12.229749363216479, 0.21417248112114864, 35.22332813879344]], "radius": [1.2673687338606472, 1.2673687338606472, 1.2673687338606472, 1.2673687338606472, 1.2673687338606472, 1.2673687338606472, 1.2673687338606472, 1.2673687338606472, 1.2673687338606472, 1.2673687338606472, 1.2673687338606472], "ref_radius": [1.2673687338606472, 1.2673687338606472, 1.2673687338606472, 1.2673687338606472, 1.2673687338606472, 1.2673687338606472, 1.2673687338606472, 1.2673687338606472, 1.2673687338606472, 1.2673687338606472, 1.2673687338606472], "length": 19.96934418954268, "seg_id": 1, "type": "Side", "parent": 0, "children": []}, {"pos": [[0.0, 0.0, 19.43845981429803], [-0.02246396657457422, -0.05654981794260236, 21.258756296377545], [-0.04155490323494104, -0.10502659310814233, 23.07905277845705], [-0.057272809981100466, -0.14543032549661988, 24.89934926053656], [-0.06961768681305248, -0.17776101510803508, 26.71964574261607], [-0.0785895337307971, -0.20201866194238793, 28.53994222469558], [-0.08418835073433435, -0.21820326599967835, 30.360238706775093], [-0.08641413782366417, -0.22631482727990637, 32.180535188854606], [-0.08526689499878659, -0.22635334578307206, 34.00083167093411], [-0.08074662225970163, -0.21831882150917534, 35.821128153013625], [-0.07285331960640926, -0.2022112544582162, 37.64142463509313], [-0.061586987038909496, -0.17803064463019472, 39.461721117172644], [-0.04694762455720234, -0.14577699202511085, 41.28201759925215], [-0.02893523216128778, -0.1054502966429646, 43.10231408133167], [-0.007549809851165809, -0.05705055848375595, 44.92261056341118], [0.01720864237316356, -0.0005777775474849062, 46.74290704549068], [0.045340124511700344, 0.06396804616584856, 48.5632035275702], [0.0768446365644445, 0.13658691265624437, 50.38350000964971]], "radius": [1.8909793601825746, 1.8737874507143084, 1.7108567629867686, 1.2289810243325578, 0.6808757387658129, 0.35556706289587137, 0.4174556720086191, 0.820653611027623, 1.3375255017349046, 1.6839924457613538, 1.7190602654999116, 1.7018683560316452, 1.684676446563379, 1.6674845370951128, 1.6502926276268464, 1.6331007181585802, 1.615908808690314, 1.5987168992220475], "ref_radius": [1.8909793601825746, 1.8737874507143084, 1.856595541246042, 1.8394036317777758, 1.8222117223095093, 1.8050198128412431, 1.787827903372977, 1.7706359939047105, 1.7534440844364443, 1.7362521749681779, 1.7190602654999116, 1.7018683560316452, 1.684676446563379, 1.6674845370951128, 1.6502926276268464, 1.6331007181585802, 1.615908808690314, 1.5987168992220475], "length": 30.94543704287934, "seg_id": 2, "type": "Main", "parent": 0, "children": [3, 4]}, {"pos": [[0.0768446365644445, 0.13658691265624437, 50.38350000964971], [1.0025040569545574, 0.3507960880132655, 51.930657108977535], [1.9824233715334185, 0.5438649418555721, 53.47781420830535], [3.0166025803010292, 0.7157934741831641, 55.02497130763319], [4.1050416832573875, 0.8665816849960413, 56.572128406961], [5.2477406804024955, 0.996229574294204, 58.11928550628882], [6.4446995717363516, 1.104737142077652, 59.666442605616645], [7.695918357258956, 1.1921043883463853, 61.21359970494446], [9.00139703697031, 1.2583313131004041, 62.76075680427229], [10.361135610870413, 1.3034179163397084, 64.30791390360011]], "radius": [1.1179909244225767, 1.1179909244225767, 1.1179909244225767, 1.1179909244225767, 1.1179909244225767, 1.1179909244225767, 1.1179909244225767, 1.1179909244225767, 1.1179909244225767, 1.1179909244225767], "ref_radius": [1.1179909244225767, 1.1179909244225767, 1.1179909244225767, 1.1179909244225767, 1.1179909244225767, 1.1179909244225767, 1.1179909244225767, 1.1179909244225767, 1.1179909244225767, 1.1179909244225767], "length": 17.3498541125102, "seg_id": 3, "type": "Side", "parent": 2, "children": []}, {"pos": [[0.0768446365644445, 0.13658691265624437, 50.38350000964971], [0.32671869389588903, 0.4528643513268081, 52.223675215229456], [0.5574353017343053, 0.7542557245062841, 54.063850420809196], [0.7689944600796935, 1.0407610321946725, 55.90402562638894], [0.9613961689320535, 1.312380274391973, 57.74420083196869], [1.1346404282913853, 1.569113451098186, 59.58437603754844], [1.288727238157689, 1.8109605623133112, 61.42455124312818], [1.4236565985309644, 2.0379216080373483, 63.264726448707925], [1.5394285094112117, 2.249996588270298, 65.10490165428767], [1.636042970798431, 2.44718550301216, 66.94507685986743], [1.713499982692622, 2.6294883522629346, 68.78525206544717], [1.771799545093785, 2.7969051360226214, 70.62542727102692], [1.8109416580019193, 2.9494358542912202, 72.46560247660665], [1.8309263214170257, 3.0870805070687313, 74.3057776821864], [1.8317535353391041, 3.209839094355155, 76.14595288776614], [1.8134232997681543, 3.3177116161504907, 77.98612809334588], [1.7759356147041763, 3.4106980724547387, 79.82630329892564]], "radius": [1.581524989753781, 1.540855561424148, 1.3608116983043956, 1.070918004384643, 0.7488152990119051, 0.47907327807855915, 0.33023155102301893, 0.3366862911659041, 0.49020558857360985, 0.7431448221132764, 1.0222224085177498, 1.2488872734380216, 1.3606200278020102, 1.3546140129359039, 1.3371593224114517, 1.3197046318869996, 1.3022499413625475], "ref_radius": [1.581524989753781, 1.564070299229329, 1.5466156087048768, 1.5291609181804249, 1.5117062276559727, 1.4942515371315206, 1.4767968466070684, 1.4593421560826163, 1.4418874655581644, 1.4244327750337122, 1.40697808450926, 1.389523393984808, 1.3720687034603558, 1.3546140129359039, 1.3371593224114517, 1.3197046318869996, 1.3022499413625475], "length": 29.672973891568567, "seg_id": 4, "type": "Main", "parent": 2,