{"case_id": "RCA_7613_bc1", "artery_type": "RCA", "segments": [{"pos": [[0.0, 0.0, 0.0], [-0.12194107442699166, 0.15218896037717092, 1.8275258978857232], [-0.23033314058431756, 0.28746803626798945, 3.655051795771446], [-0.3251761984719777, 0.40583722767245567, 5.482577693657168], [-0.4064702480899722, 0.5072965345905697, 7.310103591542893], [-0.4742152894383009, 0.5918459570223313, 9.137629489428615], [-0.5284113225169638, 0.6594854949677406, 10.96515538731434], [-0.569058347325961, 0.7102151484267974, 12.79268128520006], [-0.5961563638652926, 0.7440349173995022, 14.620207183085785], [-0.6097053721349583, 0.7609448018858546, 16.44773308097151], [-0.6097053721349583, 0.7609448018858546, 18.27525897885723], [-0.5961563638652926, 0.7440349173995022, 20.10278487674296], [-0.5690583473259611, 0.7102151484267976, 21.93031077462868], [-0.528411322516964, 0.6594854949677407, 23.7578366725144], [-0.4742152894383009, 0.5918459570223313, 25.58536257040012], [-0.4064702480899722, 0.5072965345905697, 27.41288846828585], [-0.3251761984719778, 0.40583722767245584, 29.240414366171567], [-0.23033314058431778, 0.2874680362679897, 31.06794026405729], [-0.12194107442699176, 0.15218896037717103, 32.89546616194301], [0.0, 0.0, 34.72299205982874]], "radius": [2.78112452639237, 2.78112452639237, 2.78112452639237, 2.78112452639237, 2.78112452639237, 2.78112452639237, 2.78112452639237, 2.78112452639237, 2.78112452639237, 2.78112452639237, 2.78112452639237, 2.7728306556952007, 2.359080115165073, 1.549441943947031, 0.815947889652487, 0.5862364859122744, 0.9942330826029149, 1.8020692671399847, 2.538763878399258, 2.78112452639237], "ref_radius": [2.78112452639237, 2.78112452639237, 2.78112452639237, 2.78112452639237, 2.78112452639237, 2.78112452639237, 2.78112452639237, 2.78112452639237, 2.78112452639237, 2.78112452639237, 2.78112452639237, 2.78112452639237, 2.78112452639237, 2.78112452639237, 2.78112452639237, 2.78112452639237, 2.78112452639237, 2.78112452639237, 2.78112452639237, 2.78112452639237], "length": 34.72299205982874, "seg_id": 0, "type": "Root", "parent": null, "children": [1, 2]}, {"pos": [[0.0, 0.0, 34.72299205982874], [0.6273380117817129, -0.3886455601061877, 36.506467314017655], [1.3479257508255373, -0.6562057094739433, 38.28994256820657], [2.1617632171314733, -0.8026804481032669, 40.073417822395484], [3.0688504106995205, -0.8280697759941582, 41.8568930765844], [4.06918733152968, -0.7323736931466175, 43.64036833077331], [5.16277397962195, -0.5155921995606445, 45.42384358496223], [6.349610354976332, -0.17772529523623953, 47.207318839151135], [7.629696457592825, 0.2812270198265976, 48.99079409334005]], "radius": [2.0898441728819903, 2.0898441728819903, 2.0898441728819903, 2.0898441728819903, 2.0898441728819903, 2.0898441728819903, 2.0898441728819903, 2.0898441728819903, 2.0898441728819903], "ref_radius": [2.0898441728819903, 2.0898441728819903, 2.0898441728819903, 2.0898441728819903, 2.0898441728819903, 2.0898441728819903, 2.0898441728819903, 2.0898441728819903, 2.0898441728819903], "length": 16.182136185904334, "seg_id": 1, "type": "Side", "parent": 0, "children": []}, {"pos": [[0.0, 0.0, 34.72299205982874], [0.28151013703261224, -0.0173456920973058, 36.638486058889235], [0.5193710597287526, -0.02731311750458157, 38.55398005794974], [0.713582768088421, -0.029902276221827284, 40.469474057010224], [0.8641452621116178, -0.025113168249042965, 42.384968056070726], [0.9710585417983422, -0.012945793586228597, 44.30046205513122], [1.034322607148595, 0.006599847766615818, 46.215956054191714], [1.0539374581623757, 0.03352375580949024, 48.13145005325221], [1.0299030948396846, 0.06782593054239476, 50.04694405231271], [0.9622195171805212, 0.10950637196532931, 51.9624380513732], [0.8508867251848864, 0.15856508007829384, 53.8779320504337], [0.6959047188527793, 0.21500205488128846, 55.79342604949419], [0.4972734981842003, 0.2788172963743132, 57.70892004855469]], "radius": [2.78112452639237, 2.7634376057155143, 2.745750685038659, 2.7280637643618033, 2.710376843684948, 2.6926899230080923, 2.675003002331237, 2.6573160816543813, 2.6396291609775258, 2.6219422403006707, 2.604255319623815, 2.5181042726489498, 2.1423369777062837], "ref_radius": [2.78112452639237, 2.7634376057155143, 2.745750685038659, 2.7280637643618033, 2.710376843684948, 2.6926899230080923, 2.675003002331237, 2.6573160816543813, 2.6396291609775258, 2.6219422403006707, 2.604255319623815, 2.5865683989469597, 2.568881478270104], "length": 22.992996879912127, "seg_id": 2, "type": "Main", "parent": 0, "children": [3, 4]}, {"pos": [[0.4972734981842003, 0.2788172963743132, 57.70892004855469], [1.7289164416958152, 0.12592515678608415, 58.961414323602405], [2.9630112595908233, -0.002892600219333597, 60.213908598650114], [4.199557951869226, -0.10763597464194, 61.466402873697824], [5.438556518531022, -0.18830496648173511, 62.71889714874554], [6.680006959576212, -0.24489957573871896, 63.97139142379325], [7.923909275004796, -0.27741980241289144, 65.22388569884097], [9.170263464816774, -0.2858656465042527, 66.47637997388868], [10.419069529012145, -0.27023710801280254, 67.72887424893639], [11.670327467590912, -0.23053418693854116, 68.98136852398412], [12.924037280553069, -0.16675688328146854, 70.23386279903183], [14.180198967898622, -0.0789051970415845, 71.48635707407954], [15.438812529627567, 0.03302087178111063, 72.73885134912726], [16.699877965739912, 0.1690213231866171, 73.99134562417497], [17.963395276235644, 0.32909615717493507, 75.24383989922268], [19.22936446111477, 0.5132453737460643, 76.49633417427039], [20.497785520377295, 0.7214689729000049, 77.74882844931811], [21.76865845402321, 0.9537669546367566, 79.00132272436582]], "radius": [1.4459046491681433, 1.4459046491681433, 1.4459046491681433, 1.4459046491681433, 1.4459046491681433, 1.4459046491681433, 1.4459046491681433, 1.4459046491681433, 1.4459046491681433, 1.4459046491681433, 1.4459046491681433, 1.4459046491681433, 1.4459046491681433, 1.4459046491681433, 1.4459046491681433, 1.4459046491681433, 1.4459046491681433, 1.4459046491681433], "ref_radius": [1.4459046491681433, 1.4459046491681433, 1.4459046491681433, 1.4459046491681433, 1.4459046491681433, 1.4459046491681433, 1.4459046491681433, 1.4459046491681433, 1.4459046491681433, 1.4459046491681433, 1.4459046491681433, 1.4459046491681433, 1.4459046491681433, 1.4459046491681433, 1.4459046491681433, 1.4459046491681433, 1.4459046491681433, 1.4459046491681433], "length": 30.10471369552568, "seg_id": 3, "type": "Side", "parent": 2, "children": []}, {"pos": [[0.4972734981842003, 0.2788172963743132, 57.70892004855469], [0.8975737397256884, 0.7367630931476685, 59.64471550366317], [1.257993417702102, 1.1538320863750493, 61.580510958771654], [1.5785325321134405, 1.5300242760564557, 63.51630641388013], [1.8591910829597043, 1.8653396621918874, 65.4521018689886], [2.099969070240893, 2.1597782447813447, 67.38789732409708], [2.300866493957008, 2.413340023824828, 69.32369277920556], [2.461883354108047, 2.626024999322336, 71.25948823431403], [2.5830196506940117, 2.7978331712738704, 73.19528368942251], [2.6642753837149016, 2.9287645396794297, 75.13107914453099], [2.7056505531707167, 3.018819104539015, 77.06687459963946]], "radius": [1.5763584273820632, 1.0036745791463637, 0.607645163893846, 0.5113207057639428, 0.7383380678620697, 1.2066213005759387, 1.7566437171260163, 2.204541447417552, 2.4023985649889017, 2.390215347330024, 2.3723287684118874], "ref_radius": [2.5511945575932486, 2.5333079786751127, 2.5154213997569763, 2.4975348208388404, 2.479648241920704, 2.461761663002568, 2.443875084084432, 2.4259885051662957, 2.4081019262481598, 2.390215347330024, 2.3723287684118874], "length": 19.675236809949723, "seg_id": 4, "type": "Main", "parent": 2,