{"case_id": "RCA_2443_bc5", "artery_type": "RCA", "segments": [{"pos": [[0.0, 0.0, 0.0], [0.19402973187050346, 0.02916221731152821, 1.8323504809532787], [0.3652324364621241, 0.054893585527582514, 3.6647009619065574], [0.5136081137748622, 0.07719410464816291, 5.497051442859837], [0.6391567638087172, 0.09606377467326939, 7.329401923813115], [0.7418783865636897, 0.11150259560290199, 9.161752404766393], [0.8217729820397794, 0.12351056743706067, 10.994102885719673], [0.8788405502369863, 0.13208769017574543, 12.82645336667295], [0.9130810911553103, 0.13723396381895628, 14.658803847626228], [0.9244946047947518, 0.13894938836669324, 16.49115432857951], [0.9130810911553103, 0.13723396381895628, 18.323504809532785], [0.8788405502369863, 0.13208769017574543, 20.155855290486066], [0.8217729820397794, 0.12351056743706067, 21.988205771439347], [0.7418783865636897, 0.11150259560290199, 23.82055625239262], [0.6391567638087174, 0.09606377467326943, 25.652906733345898], [0.5136081137748623, 0.07719410464816294, 27.48525721429918], [0.3652324364621243, 0.054893585527582535, 29.31760769525246], [0.19402973187050354, 0.029162217311528224, 31.14995817620574], [0.0, 0.0, 32.98230865715902]], "radius": [2.3816100359576384, 2.3816100359576384, 2.3816100359576384, 2.3816100359576384, 2.367436996044178, 2.3102058976282915, 2.2127216228133992, 2.081407610856119, 1.9249164119339226, 1.7535595528277266, 1.5786280892258824, 1.4116486148549292, 1.2636237505248442, 1.1443071588268372, 1.0615608552555529, 1.0208371638469345, 1.024819452339679, 1.073245319558991, 1.1629238855693844], "ref_radius": [2.3816100359576384, 2.3816100359576384, 2.3816100359576384, 2.3816100359576384, 2.3816100359576384, 2.3816100359576384, 2.3816100359576384, 2.3816100359576384, 2.3816100359576384, 2.3816100359576384, 2.3816100359576384, 2.3816100359576384, 2.3816100359576384, 2.3816100359576384, 2.3816100359576384, 2.3816100359576384, 2.3816100359576384, 2.3816100359576384, 2.3816100359576384], "length": 32.98230865715902, "seg_id": 0, "type": "Root", "parent": null, "children": [1, 2]}, {"pos": [[0.0, 0.0, 32.98230865715902], [0.983896544781081, -0.0030314598083121137, 34.46571297139683], [2.0319040400480914, -0.002944869010501259, 35.94911728563465], [3.1440224858010315, 0.00025977239343256443, 37.43252159987246], [4.320251882039901, 0.006582464403489356, 38.915925914110275], [5.560592228764699, 0.016023207019669118, 40.39933022834809], [6.865043525975428, 0.028582000241971845, 41.88273454258591], [8.233605773672087, 0.04425884407039754, 43.366138856823724], [9.666278971854673, 0.06305373850494621, 44.84954317106154]], "radius": [1.685162538941149, 1.685162538941149, 1.685162538941149, 1.685162538941149, 1.685162538941149, 1.685162538941149, 1.685162538941149, 1.685162538941149, 1.685162538941149], "ref_radius": [1.685162538941149, 1.685162538941149, 1.685162538941149, 1.685162538941149, 1.685162538941149, 1.685162538941149, 1.685162538941149, 1.685162538941149, 1.685162538941149], "length": 15.305952435037117, "seg_id": 1, "type": "Side", "parent": 0, "children": []}, {"pos": [[0.0, 0.0, 32.98230865715902], [0.297092273942161, 0.144458643894484, 34.82203041537277], [0.5630096642352765, 0.25857873505301826, 36.66175217358652], [0.7977521708793465, 0.3423602734756026, 38.50147393180027], [1.0013197938743708, 0.395803259162237, 40.34119569001402], [1.1737125332203497, 0.41890769211292167, 42.18091744822776], [1.314930388917283, 0.41167357232765645, 44.02063920644151], [1.4249733609651707, 0.37410089980644134, 45.86036096465526], [1.5038414493640129, 0.3061896745492764, 47.700082722869006], [1.5515346541138095, 0.20793989655616174, 49.539804481082754], [1.5680529752145609, 0.07935156582709718, 51.3795262392965], [1.5533964126662667, -0.07957531763791709, 53.21924799751025], [1.5075649664689268, -0.2688407538388818, 55.05896975572401], [1.4305586366225413, -0.4884447427757958, 56.89869151393775], [1.3223774231271104, -0.7383872844486598, 58.7384132721515], [1.1830213259826339, -1.0186683788574735, 60.578135030365246]], "radius": [1.2879460453128158, 1.429628279971992, 1.5859374135299256, 1.7433961073546878, 1.5386434047418305, 1.3548678480206005, 1.2095098225409953, 1.115756898543, 1.0812350549169865, 1.1072986976075263, 1.1889846000371187, 1.3156246223009527, 1.2385962350099973, 0.9350026160893676, 0.7090840372062452, 0.59515429985459], "ref_radius": [2.3816100359576384, 2.364335066959566, 2.347060097961494, 2.3297851289634215, 2.3125101599653495, 2.295235190967277, 2.2779602219692046, 2.2606852529711325, 2.24341028397306, 2.2261353149749876, 2.2088603459769156, 2.191585376978843, 2.174310407980771, 2.1570354389826987, 2.139760469984626, 2.122485500986554], "length": 27.63995039691566, "seg_id": 2, "type": "Main", "parent": 0, "children": [3, 4]}, {"pos": [[1.1830213259826339, -1.0186683788574735, 60.578135030365246], [2.141885746708152, -0.9075733975579373, 61.90407077455896], [3.2067607244171508, -0.8076265718752835, 63.23000651875268], [4.37764625910963, -0.7188279018095124, 64.5559422629464], [5.65454235078559, -0.6411773873606237, 65.88187800714012], [7.037448999445031, -0.5746750285286175, 67.20781375133383], [8.52636620508795, -0.519320825313494, 68.53374949552756], [10.121293967714353, -0.4751147777152529, 69.85968523972127], [11.822232287324233, -0.44205688573389434, 71.18562098391499]], "radius": [1.3788091076165983, 1.3788091076165983, 1.3788091076165983, 1.3788091076165983, 1.3788091076165983, 1.3788091076165983, 1.3788091076165983, 1.3788091076165983, 1.3788091076165983], "ref_radius": [1.3788091076165983, 1.3788091076165983, 1.3788091076165983, 1.3788091076165983, 1.3788091076165983, 1.3788091076165983, 1.3788091076165983, 1.3788091076165983, 1.3788091076165983], "length": 15.034761353233659, "seg_id": 3, "type": "Side", "parent": 2, "children": []}, {"pos": [[1.1830213259826339, -1.0186683788574735, 60.578135030365246], [0.9423020274703887, -0.8655549003013905, 62.46716743544074], [0.7446251993182389, -0.7131114603033352, 64.35619984051623], [0.5899908415261846, -0.5613380588633081, 66.24523224559172], [0.47839895409422595, -0.4102346959813094, 68.13426465066722], [0.40984953702236293, -0.2598013716573389, 70.02329705574272], [0.38434259031059537, -0.11003808589139638, 71.91232946081821], [0.40187811395892326, 0.03905516131651807, 73.8013618658937], [0.4624561079673466, 0.18747836996640416, 75.6903942709692], [0.5660765723358655, 0.335231540058262, 77.57942667604468], [0.7127395070644801, 0.482314671592092, 79.46845908112017], [0.9024449121531904, 0.6287277645678939, 81.35749148619567], [1.1351927876019958, 0.7744708189856674, 83.24652389127117], [1.4109831334108967, 0.9195438348454126, 85.13555629634665]], "radius": [0.60843760001618, 0.7427373786173852, 0.9720577651466551, 1.2550183188589132, 1.5420552767626798, 1.7837706722490418, 1.9391131890758242, 1.9820359516106723, 1.9644399909601256, 1.946843673331581, 1.9292473557030365, 1.911651038074492, 1.8940547204459475, 1.876458402817403], "ref_radius": [2.1052105319884817, 2.087614214359937, 2.0700178967313927, 2.052421579102848, 2.0348252614743036, 2.017228943845759, 1.9996326262172146, 1.98203630858867, 1.9644399909601256, 1.946843673331581, 1.9292473557030365, 1.911651038074492, 1.8940547204459475, 1.876458402817403], "length": 24.634844679962335, "seg_id": 4, "type": "Main", "parent": 2,