{"case_id": "RCA_7673_bc5", "artery_type": "RCA", "segments": [{"pos": [[0.0, 0.0, 0.0], [0.31994629313165807, 0.23564305178042333, 1.9453496533392567], [0.5759033276369846, 0.424157493204762, 3.8906993066785134], [0.7678711035159793, 0.5655433242730159, 5.836048960017769], [0.8958496207686426, 0.6598005449851854, 7.781398613357027], [0.9598388793949743, 0.70692915534127, 9.726748266696283], [0.9598388793949743, 0.70692915534127, 11.67209792003554], [0.8958496207686426, 0.6598005449851854, 13.617447573374797], [0.7678711035159793, 0.5655433242730159, 15.562797226714054], [0.5759033276369845, 0.4241574932047619, 17.508146880053314], [0.3199462931316578, 0.23564305178042314, 19.453496533392567], [0.0, 0.0, 21.398846186731824]], "radius": [1.9082866563598895, 1.9082866563598895, 1.884865976645302, 1.8125779256960826, 1.6969779311732998, 1.5470128154158682, 1.3742890776563796, 1.1921746129524995, 1.0147641084863361, 0.8557881900340265, 0.7275507448442684, 0.6399766664609181], "ref_radius": [1.9082866563598895, 1.9082866563598895, 1.9082866563598895, 1.9082866563598895, 1.9082866563598895, 1.9082866563598895, 1.9082866563598895, 1.9082866563598895, 1.9082866563598895, 1.9082866563598895, 1.9082866563598895, 1.9082866563598895], "length": 21.398846186731824, "seg_id": 0, "type": "Root", "parent": null, "children": [1, 2]}, {"pos": [[0.0, 0.0, 21.398846186731824], [1.563032068997264, -0.3676687343524202, 23.153387027814325], [3.0962195110694095, -0.4810784474420928, 24.907927868896827], [4.599562326216438, -0.340229139269018, 26.66246870997933], [6.073060514438348, 0.05487919016680437, 28.41700955106183], [7.5167140757351385, 0.704246540865374, 30.171550392144333]], "radius": [1.352716762336782, 1.352716762336782, 1.352716762336782, 1.352716762336782, 1.352716762336782, 1.352716762336782], "ref_radius": [1.352716762336782, 1.352716762336782, 1.352716762336782, 1.352716762336782, 1.352716762336782, 1.352716762336782], "length": 11.573992084079627, "seg_id": 1, "type": "Side", "parent": 0, "children": []}, {"pos": [[0.0, 0.0, 21.398846186731824], [-0.1579665921123075, 0.008848556889155158, 23.173530198460075], [-0.2946147332935236, 0.0175530003725427, 24.948214210188322], [-0.4099444235436484, 0.026113330450162626, 26.72289822191657], [-0.5039556628626817, 0.03452954712201494, 28.497582233644813], [-0.5766484512506237, 0.04280165038809964, 30.272266245373064], [-0.6280227887074743, 0.050929640248416716, 32.046950257101315], [-0.6580786752332335, 0.058913516702966184, 33.82163426882956], [-0.6668161108279014, 0.06675327975174804, 35.59631828055781], [-0.6542350954914778, 0.07444892939476228, 37.37100229228606], [-0.6203356292239629, 0.08200046563200888, 39.145686304014305], [-0.5651177120253565, 0.0894078884634879, 40.92037031574256], [-0.4885813438956588, 0.09667119788919928, 42.6950543274708], [-0.3907265248348698, 0.10379039390914307, 44.469738339199054], [-0.2715532548429893, 0.11076547652331922, 46.244422350927294], [-0.13106153392001751, 0.11759644573172777, 48.01910636265554], [0.030748637934045704, 0.1242833015343687, 49.79379037438379]], "radius": [0.5998437209558898, 0.6049164454488722, 0.6586772983902061, 0.7552866792569635, 0.8857007846088517, 1.03842711691669, 0.9910430692421199, 0.8390377883385063, 0.7155551762878192, 0.6283138934759724, 0.5822233655112796, 0.5790736412764468, 0.6174615363673346, 0.692954220365439, 0.7984737516475955, 0.9248699520749453, 1.0616356206045512], "ref_radius": [1.9082866563598895, 1.8915835782270012, 1.874880500094113, 1.8581774219612246, 1.841474343828336, 1.8247712656954478, 1.8080681875625595, 1.7913651094296712, 1.774662031296783, 1.7579589531638946, 1.7412558750310063, 1.7245527968981178, 1.7078497187652295, 1.6911466406323412, 1.674443562499453, 1.6577404843665646, 1.6410374062336763], "length": 28.39523282591015, "seg_id": 2, "type": "Main", "parent": 0, "children": [3, 4]}, {"pos": [[0.030748637934045704, 0.1242833015343687, 49.79379037438379], [1.5514012781911584, -0.3543732298468026, 51.264425604756404], [2.973481663330392, -0.7139150955518907, 52.735060835129], [4.296989793351746, -0.9543422955808954, 54.2056960655016], [5.5219256682552205, -1.0756548299338171, 55.676331295874206], [6.648289288040816, -1.0778526986106556, 57.146966526246814], [7.6760806527085315, -0.960935901611411, 58.617601756619415], [8.605299762258369, -0.7249044389360828, 60.08823698699202]], "radius": [1.108661810585076, 1.108661810585076, 1.108661810585076, 1.108661810585076, 1.108661810585076, 1.108661810585076, 1.108661810585076, 1.108661810585076], "ref_radius": [1.108661810585076, 1.108661810585076, 1.108661810585076, 1.108661810585076, 1.108661810585076, 1.108661810585076, 1.108661810585076, 1.108661810585076], "length": 13.424592279173991, "seg_id": 3, "type": "Side", "parent": 2, "children": []}, {"pos": [[0.030748637934045704, 0.1242833015343687, 49.79379037438379], [0.1606458922130275, -0.3522591193440736, 51.75412084090558], [0.2595684688955553, -0.7878600754575286, 53.71445130742738], [0.3275163679816291, -1.1825195668059958, 55.674781773949185], [0.3644895894712488, -1.5362375933894756, 57.63511224047097], [0.3704881333644145, -1.849014155207968, 59.59544270699277], [0.3455119996611262, -2.120849252261473, 61.55577317351457], [0.2895611883613839, -2.3517428845499895, 63.51610364003635], [0.20263569946518756, -2.54169505207352, 65.47643410655814], [0.08473553297253711, -2.690705754832062, 67.43676457307994]], "radius": [1.0301111462917976, 0.8560074332934466, 0.7059412727446052, 0.592747871848692, 0.5254036552924186, 0.5082386560351995, 0.5406190336529999, 0.6171205044151502, 0.7281649299692888, 0.8610475334780551], "ref_radius": [1.624334328100788, 1.606468113713063, 1.5886018993253377, 1.5707356849376126, 1.5528694705498876, 1.5350032561621623, 1.5171370417744372, 1.4992708273867121, 1.4814046129989868, 1.4635383986112618], "length": 17.866214387725144, "seg_id": 4, "type": "Main", "parent": 2, "children": [5, 6]}, {"pos": [[0.08473553297253711, -2.690705754832062, 67.43676457307994], [1.0262074635301863, -3.004533853529089, 68.9511357545016], [1.9772714807087906, -3.2981558771424107, 70.46550693592324], [2.9379275845083495, -3.5715718256720255, 71.97987811734488], [3.9081757749288637, -3.8247816991179358, 73.49424929876653], [4.888016051970332, -4.057785497480141, 75.0086204801882], [5.877448415632756, -4.270583220758637, 76.52299166160984], [6.876472865916134, -4.463174868953429, 78.03736284303147], [7.885089402820469, -4.635560442064516, 79.55173402445313], [8.903298026345757, -4.787739940091896, 81.06610520587479], [9.931098736492, -4.91971336303557, 82.58047638729643], [10.9684915332592, -5.031480710895539, 84.09484756871808], [12.015476416647353, -5.123041983671802, 85.60921875013972], [13.07205338665646, -5.194397181364359, 87.12358993156137], [14.138222443286523, -5.24554630397321, 88.63796111298302], [15.213983586537545, -5.2764893514983555, 90.15233229440467], [16.299336816409514, -5.2872263239397945, 91.66670347582631], [17.39428213290244, -5.277757221297527, 93.18107465724798], [18.498819536016324, -5.248082043571555, 94.6954458386696], [19.612949025751163, -5.198200790761877, 96.20981702009126]], "radius": [1.0773293046547743, 1.0773293046547743, 1.0773293046547743, 1.0773293046547743, 1.0773293046547743, 1.0773293046547743, 1.0773293046547743, 1.0773293046547743, 1.0773293046547743, 1.0773293046547743, 1.0773293046547743, 1.0773293046547743, 1.0773293046547743, 1.0773293046547743, 1.0773293046547743, 1.0773293046547743, 1.0773293046547743, 1.0773293046547743, 1.0773293046547743, 1.0773293046547743],