{"case_id": "RCA_7412_bc0", "artery_type": "RCA", "segments": [{"pos": [[0.0, 0.0, 0.0], [0.09899727105632651, 0.060694072167099884, 1.8099977043028224], [0.182764192719372, 0.11205059477003054, 3.6199954086056443], [0.2513007649891365, 0.154069567808792, 5.429993112908466], [0.30460698786562, 0.18675099128338424, 7.2399908172112895], [0.3426828613488225, 0.21009486519380724, 9.04998852151411], [0.365528385438744, 0.22410118954006106, 10.859986225816932], [0.3731435601353845, 0.2287699643221457, 12.669983930119756], [0.365528385438744, 0.22410118954006109, 14.479981634422575], [0.34268286134882253, 0.21009486519380727, 16.289979338725395], [0.30460698786562007, 0.18675099128338427, 18.099977043028222], [0.25130076498913656, 0.15406956780879202, 19.909974747331045], [0.18276419271937208, 0.11205059477003058, 21.719972451633865], [0.09899727105632662, 0.06069407216709995, 23.529970155936688], [0.0, 0.0, 25.33996786023951]], "radius": [2.0288656158617204, 2.0288656158617204, 2.0288656158617204, 2.0288656158617204, 2.0288656158617204, 2.0288656158617204, 1.9777119802930834, 1.6813867348458131, 1.2268685057185547, 0.7863900944092832, 0.526864126017426, 0.5466340370283207, 0.8382083189818765, 1.291099312181697, 1.733690831548071], "ref_radius": [2.0288656158617204, 2.0288656158617204, 2.0288656158617204, 2.0288656158617204, 2.0288656158617204, 2.0288656158617204, 2.0288656158617204, 2.0288656158617204, 2.0288656158617204, 2.0288656158617204, 2.0288656158617204, 2.0288656158617204, 2.0288656158617204, 2.0288656158617204, 2.0288656158617204], "length": 25.33996786023951, "seg_id": 0, "type": "Root", "parent": null, "children": [1, 2]}, {"pos": [[0.0, 0.0, 25.33996786023951], [1.3337266393582248, -0.1411310308417561, 26.828834179926965], [2.646777484634187, -0.25423479261858534, 28.31770049961442], [3.9391525358278865, -0.3393112853304877, 29.806566819301878], [5.210851792939325, -0.39636050897746333, 31.295433138989335], [6.4618752559685, -0.42538246355951204, 32.7842994586768], [7.692222924915411, -0.4263771490766339, 34.27316577836425], [8.901894799780061, -0.39934456552882885, 35.762032098051705], [10.090890880562448, -0.34428471291609697, 37.250898417739165], [11.259211167262574, -0.2611975912384383, 38.739764737426626], [12.406855659880437, -0.15008320049585264, 40.22863105711408], [13.533824358416036, -0.01094154068834034, 41.71749737680154]], "radius": [1.6045837963557155, 1.6045837963557155, 1.6045837963557155, 1.6045837963557155, 1.6045837963557155, 1.6045837963557155, 1.6045837963557155, 1.6045837963557155, 1.6045837963557155, 1.6045837963557155, 1.6045837963557155, 1.6045837963557155], "ref_radius": [1.6045837963557155, 1.6045837963557155, 1.6045837963557155, 1.6045837963557155, 1.6045837963557155, 1.6045837963557155, 1.6045837963557155, 1.6045837963557155, 1.6045837963557155, 1.6045837963557155, 1.6045837963557155, 1.6045837963557155], "length": 21.24589359258933, "seg_id": 1, "type": "Side", "parent": 0, "children": []}, {"pos": [[0.0, 0.0, 25.33996786023951], [-0.2774129297085626, 0.017263427526680315, 27.172064481904208], [-0.5403767803102774, 0.015768338463205203, 29.00416110356891], [-0.7888915518051443, -0.004485267190425329, 30.836257725233608], [-1.0229572441931634, -0.043497389434211275, 32.668354346898305], [-1.2425738574743348, -0.10126802826815265, 34.500450968563], [-1.4477413916486581, -0.17779718369224942, 36.332547590227705], [-1.638459846716134, -0.27308485570650165, 38.1646442118924], [-1.814729222676762, -0.3871310443109093, 39.9967408335571], [-1.976549519530542, -0.5199357495054723, 41.8288374552218], [-2.1239207372774747, -0.6714989712901908, 43.6609340768865], [-2.2568428759175587, -0.8418207096650647, 45.493030698551195], [-2.3753159354507956, -1.030900964630094, 47.3251273202159], [-2.4793399158771847, -1.2387397361852788, 49.157223941880595], [-2.5689148171967258, -1.4653370243306187, 50.9893205635453], [-2.644040639409419, -1.7106928290661145, 52.82141718520999], [-2.7047173825152644, -1.9748071503917655, 54.65351380687469]], "radius": [1.9982695216759008, 2.0115101889673106, 1.994154762072901, 1.9767993351784912, 1.9594439082840815, 1.9420884813896717, 1.9247330544952619, 1.9073776276008523, 1.8900222007064424, 1.8726667738120328, 1.855311346917623, 1.8379559200232132, 1.8206004931288036, 1.803245066234394, 1.7858896393399841, 1.7685342124455743, 1.7511787855511645], "ref_radius": [2.0288656158617204, 2.0115101889673106, 1.994154762072901, 1.9767993351784912, 1.9594439082840815, 1.9420884813896717, 1.9247330544952619, 1.9073776276008523, 1.8900222007064424, 1.8726667738120328, 1.855311346917623, 1.8379559200232132, 1.8206004931288036, 1.803245066234394, 1.7858896393399841, 1.7685342124455743, 1.7511787855511645], "length": 29.504225720496557, "seg_id": 2, "type": "Main", "parent": 0, "children": [3, 4]}, {"pos": [[-2.7047173825152644, -1.9748071503917655, 54.65351380687469], [-1.0841396222601623, -2.1899658500405583, 56.07540352634149], [0.4608822809931794, -2.3842939220249924, 57.49729324580828], [1.93034832724476, -2.5577913663450658, 58.91918296527508], [3.3242585164945795, -2.7104581830007786, 60.34107268474186], [4.6426128487426395, -2.8422943719921316, 61.76296240420866], [5.885411323988937, -2.9532999333191245, 63.184852123675455], [7.052653942233474, -3.043474866981757, 64.60674184314223], [8.144340703476251, -3.1128191729800303, 66.02863156260904], [9.160471607717268, -3.1613328513139427, 67.45052128207583]], "radius": [1.2837124995649207, 1.2837124995649207, 1.2837124995649207, 1.2837124995649207, 1.2837124995649207, 1.2837124995649207, 1.2837124995649207, 1.2837124995649207, 1.2837124995649207, 1.2837124995649207], "ref_radius": [1.2837124995649207, 1.2837124995649207, 1.2837124995649207, 1.2837124995649207, 1.2837124995649207, 1.2837124995649207, 1.2837124995649207, 1.2837124995649207, 1.2837124995649207, 1.2837124995649207], "length": 17.491539478651898, "seg_id": 3, "type": "Side", "parent": 2, "children": []}, {"pos": [[-2.7047173825152644, -1.9748071503917655, 54.65351380687469], [-2.5877094766366184, -1.9560049171751885, 56.52099655608604], [-2.5019141126482, -1.992278434914835, 58.38847930529739], [-2.44733129055001, -2.0836277036107056, 60.25596205450875], [-2.4239610103420475, -2.2300527232627996, 62.1234448037201], [-2.4318032720243123, -2.4315534938711174, 63.99092755293145], [-2.470858075596805, -2.6881300154356587, 65.8584103021428], [-2.541125421059525, -2.9997822879564238, 67.72589305135416], [-2.642605308412473, -3.3665103114334123, 69.59337580056551], [-2.7752977376556487, -3.7883140858666247, 71.46085854977687], [-2.939202708789052, -4.265193611256061, 73.32834129898822], [-3.1343202218126827, -4.79714888760172, 75.19582404819957]], "radius": [1.7338233586567549, 1.7165402446768714, 1.6992571306969877, 1.6819740167171042, 1.6646909027372208, 1.647407788757337, 1.6301246747774536, 1.6128415607975701, 1.5955584468176864, 1.578275332837803, 1.5609922188579195, 1.5437091048780358], "ref_radius": [1.7338233586567549, 1.7165402446768714, 1.6992571306969877, 1.6819740167171042, 1.6646909027372208, 1.647407788757337, 1.6301246747774536, 1.6128415607975701, 1.5955584468176864, 1.578275332837803, 1.5609922188579195, 1.5437091048780358], "length": 20.739736775860255, "seg_id": 4, "type": "Main", "parent": 2, "children": [5, 6]}, {"pos": [[-3.1343202218126827, -4.79714888760172, 75.19582404819957], [-1.8675611620308663, -5.16053920146858, 76.65663042057278], [-0.5998913604214128, -5.494825573825322, 78.117436792946], [0.6686891830156778, -5.800008004671943, 79.57824316531921], [1.9381804682804042, -6.076086494008446, 81.03904953769239], [3.2085824953727675, -6.323061041834831, 82.4998559100656], [4.479895264292769, -6.540931648151096, 83.96066228243882], [5.7521187750404055, -6.729698312957241, 85.42146865481202], [7.02525302761568, -6.88936103625327, 86.88227502718523], [8.299298022018588, -7.0199198180391775, 88.34308139955843], [9.574253758249135, -7.121374658314966, 89.80388777193164]],