{"case_id": "RCA_7700_bc4", "artery_type": "RCA", "segments": [{"pos": [[0.0, 0.0, 0.0], [0.07929828444267492, 0.19149698284603472, 1.8274625242264346], [0.1486842833300155, 0.35905684283631506, 3.654925048452869], [0.20815799666202164, 0.502679579970841, 5.482387572679303], [0.2577194244386935, 0.6223651942496128, 7.309850096905738], [0.297368566660031, 0.7181136856726301, 9.137312621132173], [0.3271054233260341, 0.7899250542398932, 10.964775145358606], [0.3469299944367028, 0.8377992999514018, 12.792237669585042], [0.35684227999203716, 0.8617364228071561, 14.619700193811475], [0.35684227999203716, 0.8617364228071561, 16.447162718037912], [0.3469299944367028, 0.8377992999514018, 18.274625242264346], [0.3271054233260341, 0.7899250542398932, 20.10208776649078], [0.297368566660031, 0.7181136856726302, 21.929550290717213], [0.25771942443869356, 0.6223651942496129, 23.75701281494365], [0.20815799666202173, 0.5026795799708412, 25.584475339170083], [0.14868428333001552, 0.35905684283631517, 27.411937863396517], [0.07929828444267494, 0.19149698284603475, 29.239400387622954], [0.0, 0.0, 31.066862911849388]], "radius": [2.8012954604081335, 2.8012954604081335, 2.8012954604081335, 2.8012954604081335, 2.8012954604081335, 2.8012954604081335, 2.8012954604081335, 2.8012954604081335, 2.8012954604081335, 2.8012954604081335, 2.8012954604081335, 2.8012954604081335, 2.7892163674418575, 2.5206856439809804, 1.98588568941554, 1.3686585344469737, 0.8811812606266378, 0.6910283248610458], "ref_radius": [2.8012954604081335, 2.8012954604081335, 2.8012954604081335, 2.8012954604081335, 2.8012954604081335, 2.8012954604081335, 2.8012954604081335, 2.8012954604081335, 2.8012954604081335, 2.8012954604081335, 2.8012954604081335, 2.8012954604081335, 2.8012954604081335, 2.8012954604081335, 2.8012954604081335, 2.8012954604081335, 2.8012954604081335, 2.8012954604081335], "length": 31.066862911849388, "seg_id": 0, "type": "Root", "parent": null, "children": [1, 2]}, {"pos": [[0.0, 0.0, 31.066862911849388], [1.0664778024179848, -0.10102743190544256, 32.47067683871629], [2.1629416652201248, -0.18594848718068055, 33.87449076558319], [3.2893915884064193, -0.2547631658257139, 35.27830469245008], [4.445827571976869, -0.3074714678405428, 36.68211861931698], [5.632249615931473, -0.3440733932251671, 38.08593254618388], [6.848657720270232, -0.36456894197958684, 39.48974647305077], [8.095051884993147, -0.3689581141038021, 40.893560399917675], [9.371432110100216, -0.3572409095978127, 42.29737432678458], [10.677798395591438, -0.32941732846161875, 43.701188253651466], [12.014150741466818, -0.2854873706952203, 45.10500218051837], [13.380489147726353, -0.22545103629861718, 46.50881610738527], [14.776813614370042, -0.1493083252718096, 47.91263003425217], [16.203124141397886, -0.05705923761479746, 49.31644396111907], [17.659420728809884, 0.0512962266724194, 50.720257887985966]], "radius": [1.7317623165668559, 1.7317623165668559, 1.7317623165668559, 1.7317623165668559, 1.7317623165668559, 1.7317623165668559, 1.7317623165668559, 1.7317623165668559, 1.7317623165668559, 1.7317623165668559, 1.7317623165668559, 1.7317623165668559, 1.7317623165668559, 1.7317623165668559, 1.7317623165668559], "ref_radius": [1.7317623165668559, 1.7317623165668559, 1.7317623165668559, 1.7317623165668559, 1.7317623165668559, 1.7317623165668559, 1.7317623165668559, 1.7317623165668559, 1.7317623165668559, 1.7317623165668559, 1.7317623165668559, 1.7317623165668559, 1.7317623165668559, 1.7317623165668559, 1.7317623165668559], "length": 26.421841454902825, "seg_id": 1, "type": "Side", "parent": 0, "children": []}, {"pos": [[0.0, 0.0, 31.066862911849388], [-0.3236613016806587, 0.10299866665943465, 32.993609690675775], [-0.5944708287741783, 0.18615747182167344, 34.92035646950216], [-0.8124285812805587, 0.24947641548671642, 36.84710324832856], [-0.9775345591998003, 0.29295549765456363, 38.77385002715494], [-1.0897887625319025, 0.316594718325215, 40.700596805981334], [-1.1491911912768655, 0.32039407749867055, 42.62734358480772], [-1.1557418454346897, 0.3043535751749302, 44.55409036363411], [-1.1094407250053748, 0.2684732113539941, 46.4808371424605], [-1.0102878299889206, 0.21275298603586215, 48.4075839212869], [-0.8582831603853274, 0.13719289922053435, 50.334330700113284], [-0.6534267161945952, 0.041792950908010856, 52.26107747893967]], "radius": [0.8635664153044482, 1.3310347744109718, 1.9305144802275889, 2.451714702781502, 2.7137681457039786, 2.7129441017676923, 2.695273830039604, 2.6776035583115156, 2.6599332865834273, 2.642263014855339, 2.624592743127251, 2.6069224713991628], "ref_radius": [2.8012954604081335, 2.783625188680045, 2.765954916951957, 2.7482846452238685, 2.7306143734957806, 2.7129441017676923, 2.695273830039604, 2.6776035583115156, 2.6599332865834273, 2.642263014855339, 2.624592743127251, 2.6069224713991628], "length": 21.204326073705914, "seg_id": 2, "type": "Main", "parent": 0, "children": [3, 4]}, {"pos": [[-0.6534267161945952, 0.041792950908010856, 52.26107747893967], [0.4992467845180649, 0.07940011085375452, 53.74547741612035], [1.662581262645877, 0.07276754460723718, 55.229877353301035], [2.836576718188841, 0.021895252168458862, 56.71427729048172], [4.021233151146956, -0.07321676646258046, 58.1986772276624], [5.216550561520223, -0.21256851128588078, 59.683077164843084], [6.422528949308642, -0.39615998230144206, 61.16747710202377], [7.639168314512213, -0.6239911795092644, 62.65187703920445], [8.866468657130936, -0.8960621029093476, 64.13627697638513]], "radius": [1.4266457493124014, 1.4266457493124014, 1.4266457493124014, 1.4266457493124014, 1.4266457493124014, 1.4266457493124014, 1.4266457493124014, 1.4266457493124014, 1.4266457493124014], "ref_radius": [1.4266457493124014, 1.4266457493124014, 1.4266457493124014, 1.4266457493124014, 1.4266457493124014, 1.4266457493124014, 1.4266457493124014, 1.4266457493124014, 1.4266457493124014], "length": 15.248880061341048, "seg_id": 3, "type": "Side", "parent": 2, "children": []}, {"pos": [[-0.6534267161945952, 0.041792950908010856, 52.26107747893967], [-0.6828192531109795, -0.2978134641457243, 54.11403906723992], [-0.694432016491877, -0.6083602941813919, 55.96700065554016], [-0.6882650063372882, -0.8898475391989922, 57.819962243840415], [-0.6643182226472126, -1.1422751991985245, 59.67292383214066], [-0.6225916654216505, -1.3656432741799895, 61.52588542044091], [-0.5630853346606016, -1.5599517641433869, 63.37884700874114], [-0.48579923036406647, -1.7252006690887167, 65.2318085970414], [-0.3907333525320448, -1.8613899890159789, 67.08477018534164], [-0.27788770116453637, -1.9685197239251737, 68.93773177364189], [-0.14726227626154148, -2.046589873816301, 70.79069336194212], [0.0011429221769398423, -2.095600438689361, 72.64365495024236], [0.1673278941509082, -2.1155514185443534, 74.49661653854263], [0.3512926396603628, -2.106442813381278, 76.34957812684286], [0.5530371587053039, -2.0682746232001348, 78.20253971514312], [0.7725614512857315, -2.0010468480009242, 80.05550130344335]], "radius": [2.5892521996710745, 2.571811041537381, 2.5543698834036874, 2.5369287252699935, 2.5194875671363, 2.5020464090026064, 2.484605250868913, 2.467164092735219, 2.4497229346015255, 2.432281776467832, 2.4148406183341384, 2.3973994602004445, 2.379958302066751, 2.3625171439330575, 2.345075985799364, 2.3276348276656704], "ref_radius": [2.5892521996710745, 2.571811041537381, 2.5543698834036874, 2.5369287252699935, 2.5194875671363, 2.5020464090026064, 2.484605250868913, 2.467164092735219, 2.4497229346015255, 2.432281776467832, 2.4148406183341384, 2.3973994602004445, 2.379958302066751, 2.3625171439330575, 2.345075985799364, 2.3276348276656704], "length": 27.905853013909784, "seg_id": 4, "type": "Main", "parent": 2,