{"case_id": "RCA_259_bc4", "artery_type": "RCA", "segments": [{"pos": [[0.0, 0.0, 0.0], [0.18005750143286908, 0.13460817749987394, 1.7900911464297717], [0.3411615816622783, 0.2550470731576559, 3.5801822928595435], [0.48331224068822753, 0.36131668697334585, 5.370273439289315], [0.606509478510717, 0.4534170189469439, 7.160364585719088], [0.7107532951297464, 0.5313480690784498, 8.950455732148859], [0.796043690545316, 0.5951098373678638, 10.740546878578632], [0.8623806647574256, 0.6447023238151857, 12.530638025008402], [0.9097642177660753, 0.6801255284204157, 14.320729171438174], [0.9381943495712654, 0.7013794511835538, 16.110820317867947], [0.9476710601729952, 0.7084640921045997, 17.900911464297717], [0.9381943495712652, 0.7013794511835537, 19.69100261072749], [0.9097642177660753, 0.6801255284204157, 21.481093757157264], [0.8623806647574256, 0.6447023238151857, 23.271184903587034], [0.7960436905453159, 0.5951098373678636, 25.061276050016808], [0.7107532951297464, 0.5313480690784498, 26.851367196446574], [0.6065094785107168, 0.45341701894694375, 28.641458342876348], [0.48331224068822737, 0.3613166869733457, 30.431549489306125], [0.3411615816622782, 0.25504707315765585, 32.221640635735895], [0.18005750143286886, 0.13460817749987378, 34.01173178216567], [0.0, 0.0, 35.801822928595435]], "radius": [2.2441459683482887, 2.2441459683482887, 2.2441459683482887, 2.2441459683482887, 2.2441459683482887, 2.1793271036051585, 1.8810298444601448, 1.440555608070864, 1.0126884522519335, 0.7477822663162434, 0.7389259326816113, 0.9892315953602857, 1.4107410425826639, 1.8553345042048774, 2.1667804134686923, 2.2441459683482887, 2.2441459683482887, 2.2441459683482887, 2.2441459683482887, 2.2441459683482887, 2.2441459683482887], "ref_radius": [2.2441459683482887, 2.2441459683482887, 2.2441459683482887, 2.2441459683482887, 2.2441459683482887, 2.2441459683482887, 2.2441459683482887, 2.2441459683482887, 2.2441459683482887, 2.2441459683482887, 2.2441459683482887, 2.2441459683482887, 2.2441459683482887, 2.2441459683482887, 2.2441459683482887, 2.2441459683482887, 2.2441459683482887, 2.2441459683482887, 2.2441459683482887, 2.2441459683482887, 2.2441459683482887], "length": 35.801822928595435, "seg_id": 0, "type": "Root", "parent": null, "children": [1, 2]}, {"pos": [[0.0, 0.0, 35.801822928595435], [0.8543373178900406, -0.02158195867908759, 37.225754590382124], [1.7552506343750967, -0.05258480402606232, 38.6496862521688], [2.702739949455167, -0.09300853604092418, 40.07361791395549], [3.6968052631302535, -0.14285315472367316, 41.49754957574217], [4.737446575400355, -0.2021186600743093, 42.92148123752886], [5.824663886265471, -0.27080505209283257, 44.34541289931554], [6.958457195725602, -0.348912330779243, 45.76934456110222], [8.138826503780749, -0.43644049613354047, 47.193276222888905], [9.365771810430907, -0.533389548155725, 48.61720788467559], [10.639293115676086, -0.639759486845797, 50.041139546462276], [11.959390419516279, -0.755550312203756, 51.46507120824896], [13.326063721951483, -0.8807620242296019, 52.88900287003564], [14.739313022981705, -1.015394622923335, 54.31293453182232]], "radius": [1.624784712989365, 1.624784712989365, 1.624784712989365, 1.624784712989365, 1.624784712989365, 1.624784712989365, 1.624784712989365, 1.624784712989365, 1.624784712989365, 1.624784712989365, 1.624784712989365, 1.624784712989365, 1.624784712989365, 1.624784712989365], "ref_radius": [1.624784712989365, 1.624784712989365, 1.624784712989365, 1.624784712989365, 1.624784712989365, 1.624784712989365, 1.624784712989365, 1.624784712989365, 1.624784712989365, 1.624784712989365, 1.624784712989365, 1.624784712989365, 1.624784712989365, 1.624784712989365], "length": 23.68416406413409, "seg_id": 1, "type": "Side", "parent": 0, "children": []}, {"pos": [[0.0, 0.0, 35.801822928595435], [0.08054214426029058, -0.2664789875717202, 37.729046490266875], [0.1166055857942741, -0.508061587249582, 39.656270051938314], [0.10819032460195058, -0.7247477990335851, 41.58349361360977], [0.05529636068332, -0.9165376229237299, 43.51071717528121], [-0.042076305961617655, -1.083431058920016, 45.437940736952655], [-0.1839276753328622, -1.2254281070224438, 47.365164298624094], [-0.37025774743041395, -1.3425287672310129, 49.292387860295534], [-0.6010665222542727, -1.4347330395457236, 51.219611421966974], [-0.8763539998044386, -1.502040923966576, 53.14683498363843], [-1.1961201800809116, -1.5444524204935695, 55.07405854530987], [-1.5603650630836912, -1.5619675291267046, 57.00128210698131]], "radius": [2.2441459683482887, 2.2263842048138613, 2.2086224412794344, 2.190860677745007, 2.17309891421058, 2.1553371506761527, 2.1375753871417253, 2.1198136236072984, 2.102051860072871, 2.084290096538444, 1.978094979051441, 1.5534188676537408], "ref_radius": [2.2441459683482887, 2.2263842048138613, 2.2086224412794344, 2.190860677745007, 2.17309891421058, 2.1553371506761527, 2.1375753871417253, 2.1198136236072984, 2.102051860072871, 2.084290096538444, 2.0665283330040167, 2.0487665694695893], "length": 21.314116241312647, "seg_id": 2, "type": "Main", "parent": 0, "children": [3, 4]}, {"pos": [[-1.5603650630836912, -1.5619675291267046, 57.00128210698131], [-0.1020421341945077, -1.7373954714649285, 58.39368384566479], [1.3032093693974351, -1.9229242127452149, 59.786085584348285], [2.655389447692137, -2.1185537529675647, 61.178487323031774], [3.9544981006896, -2.324284092131978, 62.57088906171526], [5.200535328389822, -2.5401152302384538, 63.96329080039877], [6.393501130792803, -2.7660471672869926, 65.35569253908224], [7.533395507898544, -3.0020799032775947, 66.74809427776574], [8.620218459707045, -3.24821343821026, 68.14049601644922], [9.653969986218307, -3.5044477720849883, 69.53289775513272], [10.634650087432327, -3.770782904901779, 70.92529949381621], [11.562258763349107, -4.047218836660633, 72.3177012324997]], "radius": [1.4463673157667274, 1.4463673157667274, 1.4463673157667274, 1.4463673157667274, 1.4463673157667274, 1.4463673157667274, 1.4463673157667274, 1.4463673157667274, 1.4463673157667274, 1.4463673157667274, 1.4463673157667274, 1.4463673157667274], "ref_radius": [1.4463673157667274, 1.4463673157667274, 1.4463673157667274, 1.4463673157667274, 1.4463673157667274, 1.4463673157667274, 1.4463673157667274, 1.4463673157667274, 1.4463673157667274, 1.4463673157667274, 1.4463673157667274, 1.4463673157667274], "length": 20.321722982567362, "seg_id": 3, "type": "Side", "parent": 2, "children": []}, {"pos": [[-1.5603650630836912, -1.5619675291267046, 57.00128210698131], [-1.8893895746536553, -1.5864878627659584, 58.97681436204818], [-2.189949248064221, -1.6576707394814587, 60.95234661711507], [-2.4620440833153876, -1.775516159273205, 62.92787887218193], [-2.7056740804071553, -1.9400241221411976, 64.9034111272488], [-2.9208392393395246, -2.151194628085437, 66.87894338231567], [-3.107539560112496, -2.4090276771059225, 68.85447563738255], [-3.2657750427260677, -2.7135232692026547, 70.83000789244943], [-3.3955456871802414, -3.0646814043756327, 72.8055401475163], [-3.496851493475016, -3.462502082624858, 74.78107240258316], [-3.5696924616103924, -3.9069853039503286, 76.75660465765004]], "radius": [0.989139038104391, 0.5487240358471486, 0.43283495445103704, 0.685103550468819, 1.174666469241195, 1.6610883220806865, 1.9098341025549144, 1.9037624250466847, 1.8855849420626165, 1.867407459078548, 1.84922997609448], "ref_radius": [2.0310048059351624, 2.012827322951094, 1.9946498399670258, 1.9764723569829576, 1.9582948739988895, 1.9401173910148213, 1.9219399080307529, 1.9037624250466847, 1.8855849420626165, 1.867407459078548, 1.84922997609448], "length": 19.995231282475068, "seg_id": 4, "type": "Main", "parent": 2,