{"case_id": "RCA_8024_bc2", "artery_type": "RCA", "segments": [{"pos": [[0.0, 0.0, 0.0], [0.14985810793518317, -0.19258645059714394, 1.779967007354742], [0.2820858502309331, -0.36251567171227095, 3.5599340147094845], [0.39668322688724966, -0.5097876633453811, 5.339901022064226], [0.4936502379041328, -0.6344024254964742, 7.119868029418969], [0.5729868832815828, -0.7363599581655504, 8.899835036773712], [0.6346931630195994, -0.8156602613526097, 10.679802044128452], [0.6787690771181827, -0.872303335057652, 12.459769051483192], [0.7052146255773326, -0.9062891792806773, 14.239736058837938], [0.7140298083970493, -0.9176177940216859, 16.01970306619268], [0.7052146255773326, -0.9062891792806773, 17.79967007354742], [0.6787690771181827, -0.872303335057652, 19.57963708090216], [0.6346931630195994, -0.8156602613526097, 21.359604088256905], [0.5729868832815828, -0.7363599581655504, 23.13957109561165], [0.493650237904133, -0.6344024254964743, 24.919538102966385], [0.39668322688724983, -0.5097876633453813, 26.69950511032113], [0.2820858502309332, -0.3625156717122711, 28.479472117675876], [0.14985810793518325, -0.19258645059714405, 30.259439125030617], [0.0, 0.0, 32.03940613238536]], "radius": [1.7616003204689437, 1.7616003204689437, 1.7616003204689437, 1.7616003204689437, 1.7616003204689437, 1.6123525929327884, 1.196842277038904, 0.7110104432985671, 0.3847493910174187, 0.37244361761577194, 0.6799161308620942, 1.16167304144229, 1.5897502758064606, 1.7615846158741362, 1.7616003204689437, 1.7616003204689437, 1.7616003204689437, 1.7616003204689437, 1.7616003204689437], "ref_radius": [1.7616003204689437, 1.7616003204689437, 1.7616003204689437, 1.7616003204689437, 1.7616003204689437, 1.7616003204689437, 1.7616003204689437, 1.7616003204689437, 1.7616003204689437, 1.7616003204689437, 1.7616003204689437, 1.7616003204689437, 1.7616003204689437, 1.7616003204689437, 1.7616003204689437, 1.7616003204689437, 1.7616003204689437, 1.7616003204689437, 1.7616003204689437], "length": 32.03940613238536, "seg_id": 0, "type": "Root", "parent": null, "children": [1, 2]}, {"pos": [[0.0, 0.0, 32.03940613238536], [1.3846438372241263, -0.09900486847970334, 33.37749720476851], [2.740620534892801, -0.16883064728533498, 34.71558827715167], [4.067930093006023, -0.2094773364168949, 36.05367934953482], [5.366572511563794, -0.22094493587438307, 37.39177042191797], [6.636547790566112, -0.20323344565779952, 38.729861494301126], [7.87785593001298, -0.1563428657671443, 40.06795256668428], [9.090496929904393, -0.08027319620241735, 41.406043639067434], [10.274470790240358, 0.024975563036381376, 42.744134711450585], [11.42977751102087, 0.15940341194925178, 44.082225783833735], [12.55641709224593, 0.323010350536194, 45.42031685621689], [13.654389533915536, 0.5157963787972077, 46.75840792860004], [14.723694836029694, 0.7377614967322933, 48.0964990009832], [15.764332998588396, 0.9889057043414506, 49.43459007336635], [16.77630402159165, 1.2692290016246797, 50.7726811457495], [17.75960790503945, 1.5787313885819805, 52.11077221813266], [18.714244648931796, 1.9174128652133529, 53.44886329051581]], "radius": [1.1994986087830055, 1.1994986087830055, 1.1994986087830055, 1.1994986087830055, 1.1994986087830055, 1.1994986087830055, 1.1994986087830055, 1.1994986087830055, 1.1994986087830055, 1.1994986087830055, 1.1994986087830055, 1.1994986087830055, 1.1994986087830055, 1.1994986087830055, 1.1994986087830055, 1.1994986087830055, 1.1994986087830055], "ref_radius": [1.1994986087830055, 1.1994986087830055, 1.1994986087830055, 1.1994986087830055, 1.1994986087830055, 1.1994986087830055, 1.1994986087830055, 1.1994986087830055, 1.1994986087830055, 1.1994986087830055, 1.1994986087830055, 1.1994986087830055, 1.1994986087830055, 1.1994986087830055, 1.1994986087830055, 1.1994986087830055, 1.1994986087830055], "length": 28.500250537172143, "seg_id": 1, "type": "Side", "parent": 0, "children": []}, {"pos": [[0.0, 0.0, 32.03940613238536], [-0.09270193622177891, 0.19726996207981004, 33.81152536442232], [-0.1887463433593525, 0.39405222088933767, 35.583644596459294], [-0.28813322141272074, 0.5903467764285829, 37.355763828496265], [-0.39086257038188366, 0.7861536286975457, 39.12788306053323], [-0.4969343902668413, 0.981472777696226, 40.9000022925702], [-0.6063486810675935, 1.1763042234246237, 42.672121524607164], [-0.7191054427841403, 1.370647965882739, 44.44424075664413], [-0.8352046754164819, 1.564504005070572, 46.21635998868109], [-0.9546463789646182, 1.7578723409881227, 47.98847922071806], [-1.0774305534285493, 1.950752973635391, 49.76059845275503], [-1.2035571988082747, 2.143145903012376, 51.53271768479199], [-1.3330263151037949, 2.33505112911908, 53.30483691682896], [-1.46583790231511, 2.5264686519555006, 55.076956148865925], [-1.601991960442219, 2.7173984715216384, 56.84907538090289], [-1.7414884894851235, 2.9078405878174944, 58.62119461293986], [-1.8843274894438227, 3.097795000843068, 60.39331384497683], [-2.030508960318316, 3.2872617105983593, 62.165433077013795], [-2.1800329021086045, 3.4762407170833676, 63.93755230905076]], "radius": [1.7616003204689437, 1.7446734898070533, 1.7277466591451627, 1.7108198284832723, 1.693892997821382, 1.6769661671594913, 1.660039336497601, 1.6431125058357103, 1.62618567517382, 1.5674092103111563, 1.243352103701266, 0.7720892501838114, 0.3868856296692711, 0.27310248258789716, 0.47667542323062717, 0.8841876767928473, 1.2829571657542784, 1.4693801843872327, 1.4569173685549153], "ref_radius": [1.7616003204689437, 1.7446734898070533, 1.7277466591451627, 1.7108198284832723, 1.693892997821382, 1.6769661671594913, 1.660039336497601, 1.6431125058357103, 1.62618567517382, 1.6092588445119296, 1.592332013850039, 1.5754051831881486, 1.558478352526258, 1.5415515218643676, 1.5246246912024772, 1.5076978605405866, 1.4907710298786963, 1.4738441992168059, 1.4569173685549153], "length": 32.16097825759188, "seg_id": 2, "type": "Main", "parent": 0, "children": [3, 4]}, {"pos": [[-2.1800329021086045, 3.4762407170833676, 63.93755230905076], [-0.6850611621256102, 3.5415124414008607, 65.33350605377184], [0.7833825447256688, 3.6370724866425994, 66.72945979849293], [2.225298218445233, 3.7629208528085822, 68.12541354321401], [3.6406858590330815, 3.9190575398988106, 69.52136728793509], [5.029545466489216, 4.105482547913283, 70.91732103265618], [6.391877040813633, 4.322195876852, 72.31327477737726], [7.727680582006336, 4.569197526714962, 73.70922852209833], [9.036956090067324, 4.846487497502171, 75.10518226681943], [10.319703564996598, 5.154065789213623, 76.50113601154051]], "radius": [0.7907460901156035, 0.7907460901156035, 0.7907460901156035, 0.7907460901156035, 0.7907460901156035, 0.7907460901156035, 0.7907460901156035, 0.7907460901156035, 0.7907460901156035, 0.7907460901156035], "ref_radius": [0.7907460901156035, 0.7907460901156035, 0.7907460901156035, 0.7907460901156035, 0.7907460901156035, 0.7907460901156035, 0.7907460901156035, 0.7907460901156035, 0.7907460901156035, 0.7907460901156035], "length": 17.80174553714367, "seg_id": 3, "type": "Side", "parent": 2, "children": []}, {"pos": [[-2.1800329021086045, 3.4762407170833676, 63.93755230905076], [-2.5272202730896733, 3.468499873758258, 65.82134660199915], [-2.812591622532301, 3.4798110683457506, 67.70514089494756], [-3.0361469504364846, 3.5101743008458417, 69.58893518789593], [-3.197886256802227, 3.5595895712585337, 71.47272948084431], [-3.297809541629526, 3.628056879583827, 73.3565237737927], [-3.3359168049183836, 3.71557622582172, 75.24031806674108], [-3.3122080466687986, 3.822147609972214, 77.12411235968948], [-3.2266832668807712, 3.9477710320353085, 79.00790665263787], [-3.079342465554302, 4.092446492011002, 80.89170094558625], [-2.8701856426893895, 4.256173989899298, 82.77549523853465]], "radius": [1.439990537893025, 1.4228389844484568, 1.4056874310038887, 1.3885358775593206, 1.3713843241147525, 1.3542327706701847, 1.3370812172256166, 1.3199296637810485, 1.3027781103364804, 1.2856265568919123, 1.2684750034473442],