{"case_id": "RCA_5473_bc5", "artery_type": "RCA", "segments": [{"pos": [[0.0, 0.0, 0.0], [0.2959888768951464, -0.33164908720787173, 2.017299066140887], [0.5179805345665063, -0.5803859026137755, 4.034598132281774], [0.6659749730140795, -0.7462104462177115, 6.051897198422661], [0.739972192237866, -0.8291227180196794, 8.069196264563548], [0.739972192237866, -0.8291227180196794, 10.086495330704434], [0.6659749730140795, -0.7462104462177115, 12.103794396845322], [0.5179805345665064, -0.5803859026137758, 14.121093462986206], [0.2959888768951465, -0.3316490872078719, 16.138392529127096], [0.0, 0.0, 18.15569159526798]], "radius": [2.132241003330884, 2.132241003330884, 2.132241003330884, 2.132241003330884, 2.132241003330884, 2.132241003330884, 2.132241003330884, 2.132241003330884, 2.132241003330884, 2.132241003330884], "ref_radius": [2.132241003330884, 2.132241003330884, 2.132241003330884, 2.132241003330884, 2.132241003330884, 2.132241003330884, 2.132241003330884, 2.132241003330884, 2.132241003330884, 2.132241003330884], "length": 18.15569159526798, "seg_id": 0, "type": "Root", "parent": null, "children": [1, 2]}, {"pos": [[0.0, 0.0, 18.15569159526798], [1.1149679247240043, -0.1707084602024895, 19.58926868083751], [2.2534811266599672, -0.29716998003030276, 21.022845766407034], [3.415539605807888, -0.37938455948343974, 22.45642285197656], [4.601143362167768, -0.4173521985619005, 23.889999937546087], [5.810292395739605, -0.41107289726568497, 25.323577023115615], [7.0429867065234015, -0.36054665559479304, 26.757154108685143], [8.299226294519157, -0.26577347354922487, 28.19073119425467], [9.579011159726868, -0.12675335112898073, 29.624308279824195], [10.88234130214654, 0.05651371166593977, 31.05788536539372], [12.20921672177817, 0.28402771483553674, 32.491462450963255], [13.559637418621758, 0.5557886583798104, 33.92503953653278], [14.933603392677302, 0.8717965422987595, 35.3586166221023], [16.331114643944804, 1.232051366592385, 36.79219370767183]], "radius": [1.07997599166131, 1.07997599166131, 1.07997599166131, 1.07997599166131, 1.07997599166131, 1.07997599166131, 1.07997599166131, 1.07997599166131, 1.07997599166131, 1.07997599166131, 1.07997599166131, 1.07997599166131, 1.07997599166131, 1.07997599166131], "ref_radius": [1.07997599166131, 1.07997599166131, 1.07997599166131, 1.07997599166131, 1.07997599166131, 1.07997599166131, 1.07997599166131, 1.07997599166131, 1.07997599166131, 1.07997599166131, 1.07997599166131, 1.07997599166131, 1.07997599166131, 1.07997599166131], "length": 24.810128316258737, "seg_id": 1, "type": "Side", "parent": 0, "children": []}, {"pos": [[0.0, 0.0, 18.15569159526798], [0.2413266388850162, 0.1466084943294765, 20.032149524983804], [0.45765298561607776, 0.3177347144704058, 21.90860745469962], [0.6489790401931845, 0.5133786604227879, 23.78506538441544], [0.8153048026163366, 0.7335403321866228, 25.661523314131262], [0.956630272885534, 0.9782197297619105, 27.537981243847085], [1.0729554510007768, 1.2474168531486511, 29.4144391735629], [1.164280336962065, 1.5411317023468447, 31.290897103278724], [1.2306049307693983, 1.8593642773564905, 33.167355032994536], [1.2719292324227767, 2.2021145781775893, 35.04381296271036], [1.2882532419222006, 2.5693826048101407, 36.92027089242618], [1.2795769592676698, 2.961168357254146, 38.796728822142], [1.2459003844591843, 3.377471835509603, 40.67318675185782], [1.1872235174967443, 3.818293039576513, 42.54964468157364]], "radius": [2.132241003330884, 2.1145842157623154, 2.0969274281937467, 1.982616853854842, 1.6331379434882143, 1.172346794076247, 0.7670367015966522, 0.5607889716799133, 0.6216679061406432, 0.9185456367318872, 1.334259295772066, 1.7101265765764557, 1.9049184515022428, 1.9027027649394919], "ref_radius": [2.132241003330884, 2.1145842157623154, 2.0969274281937467, 2.079270640625178, 2.0616138530566097, 2.043957065488041, 2.0263002779194723, 2.0086434903509036, 1.990986702782335, 1.9733299152137664, 1.9556731276451977, 1.938016340076629, 1.9203595525080606, 1.9027027649394919], "length": 24.719502595996087, "seg_id": 2, "type": "Main", "parent": 0, "children": [3, 4]}, {"pos": [[1.1872235174967443, 3.818293039576513, 42.54964468157364], [2.222285318113755, 3.9941723137047487, 44.07853940385383], [3.2694409947290537, 4.174170762285934, 45.60743412613401], [4.32869054734264, 4.358288385320073, 47.136328848414195], [5.400033975954514, 4.546525182807161, 48.66522357069439], [6.483471280564675, 4.738881154747203, 50.19411829297458], [7.579002461173125, 4.935356301140193, 51.723013015254764], [8.686627517779861, 5.135950621986137, 53.25190773753495], [9.806346450384886, 5.340664117285031, 54.780802459815135], [10.938159258988197, 5.549496787036876, 56.30969718209532], [12.082065943589797, 5.762448631241672, 57.838591904375505], [13.238066504189687, 5.979519649899421, 59.367486626655705], [14.406160940787862, 6.20070984301012, 60.8963813489359], [15.586349253384324, 6.42601921057377, 62.425276071216075]], "radius": [1.1282412814169196, 1.1282412814169196, 1.1282412814169196, 1.1282412814169196, 1.1282412814169196, 1.1282412814169196, 1.1282412814169196, 1.1282412814169196, 1.1282412814169196, 1.1282412814169196, 1.1282412814169196, 1.1282412814169196, 1.1282412814169196, 1.1282412814169196], "ref_radius": [1.1282412814169196, 1.1282412814169196, 1.1282412814169196, 1.1282412814169196, 1.1282412814169196, 1.1282412814169196, 1.1282412814169196, 1.1282412814169196, 1.1282412814169196, 1.1282412814169196, 1.1282412814169196, 1.1282412814169196, 1.1282412814169196, 1.1282412814169196], "length": 24.681486601858964, "seg_id": 3, "type": "Side", "parent": 2, "children": []}, {"pos": [[1.1872235174967443, 3.818293039576513, 42.54964468157364], [1.2356189295337539, 3.9744656147459274, 44.36645073875433], [1.2715391610729248, 4.1257191005106115, 46.18325679593503], [1.2949842121142556, 4.272053496870564, 48.00006285311572], [1.3059540826577478, 4.413468803825786, 49.81686891029642], [1.3044487727034002, 4.549965021376276, 51.63367496747712], [1.2904682822512135, 4.681542149522036, 53.45048102465781], [1.2640126113011876, 4.808200188263065, 55.267287081838504], [1.2250817598533221, 4.929939137599362, 57.0840931390192], [1.1736757279076173, 5.0467589975309295, 58.9008991961999], [1.1097945154640736, 5.158659768057765, 60.71770525338059], [1.0334381225226903, 5.26564144917987, 62.534511310561285], [0.9446065490834676, 5.367704040897243, 64.35131736774198]], "radius": [1.8850459773709232, 1.8682321258439494, 1.8514182743169754, 1.8346044227900016, 1.8177905712630278, 1.8009767197360538, 1.78416286820908, 1.7673490166821062, 1.7505351651551322, 1.686933524975453, 1.4662966633251024, 1.1483265319288534, 0.82901835607891], "ref_radius": [1.8850459773709232, 1.8682321258439494, 1.8514182743169754, 1.8346044227900016, 1.8177905712630278, 1.8009767197360538, 1.78416286820908, 1.7673490166821062, 1.7505351651551322, 1.7337213136281584, 1.7169074621011846, 1.7000936105742108, 1.6832797590472368], "length": 21.858006985066016, "seg_id": 4, "type": "Main", "parent": 2, "children": [5, 6]}, {"pos": [[0.9446065490834676, 5.367704040897243, 64.35131736774198], [2.0641858685323515, 5.581235299260653, 65.88438603064738], [3.160557637883839, 5.7951314117570005, 67.41745469355277], [4.23372185713793, 6.009392378386288, 68.95052335645816], [5.283678526294624, 6.224018199148513, 70.48359201936356], [6.310427645353922, 6.439008874043676, 72.01666068226896], [7.313969214315822, 6.654364403071775, 73.54972934517434], [8.294303233180328, 6.870084786232814, 75.08279800807975], [9.251429701947435, 7.08617002352679, 76.61586667098513], [10.185348620617148, 7.3026201149537044, 78.14893533389053], [11.096059989189463, 7.5194350605135565, 79.68200399679593], [11.98356380766438, 7.736614860206347, 81.21507265970132]],