{"case_id": "RCA_7856_bc3", "artery_type": "RCA", "segments": [{"pos": [[0.0, 0.0, 0.0], [0.014128697769764335, 0.1938865592311069, 1.9105041397616551], [0.02590261257790128, 0.35545869192369595, 3.8210082795233102], [0.035321744424410835, 0.4847163980777672, 5.731512419284965], [0.04238609330929301, 0.5816596776933207, 7.642016559046621], [0.047095659232547785, 0.6462885307703563, 9.552520698808276], [0.04945044219417517, 0.6786029573088741, 11.463024838569932], [0.04945044219417517, 0.6786029573088741, 13.373528978331588], [0.047095659232547785, 0.6462885307703562, 15.284033118093243], [0.04238609330929301, 0.5816596776933207, 17.194537257854897], [0.035321744424410835, 0.4847163980777672, 19.105041397616553], [0.025902612577901264, 0.3554586919236957, 21.01554553737821], [0.014128697769764328, 0.1938865592311068, 22.926049677139865], [0.0, 0.0, 24.836553816901517]], "radius": [2.7135114344873488, 2.7135114344873488, 2.6841595654162975, 2.583318377344008, 2.4212130068095754, 2.215114068812008, 1.9869792282832295, 1.761113842816533, 1.5615814835393738, 1.4096402157802392, 1.3214777767453552, 1.306486943101683, 1.3662648298338804, 1.4587415442506884], "ref_radius": [2.7135114344873488, 2.7135114344873488, 2.7135114344873488, 2.7135114344873488, 2.7135114344873488, 2.7135114344873488, 2.7135114344873488, 2.7135114344873488, 2.7135114344873488, 2.7135114344873488, 2.7135114344873488, 2.7135114344873488, 2.7135114344873488, 2.7135114344873488], "length": 24.836553816901517, "seg_id": 0, "type": "Root", "parent": null, "children": [1, 2]}, {"pos": [[0.0, 0.0, 24.836553816901517], [1.3637778519788406, -0.30437180407613523, 26.467897278031042], [2.6384868785215008, -0.5127829564830202, 28.099240739160575], [3.8241270796279823, -0.6252334572206548, 29.730584200290103], [4.920698455298282, -0.6417233062890388, 31.36192766141963], [5.928201005532404, -0.5622525036881726, 32.99327112254916], [6.8466347303303445, -0.38682104941805623, 34.62461458367869], [7.675999629692105, -0.11542894347868954, 36.25595804480821], [8.416295703617687, 0.2519238141299279, 37.88730150593775], [9.067522952107089, 0.7152372234077957, 39.518644967067274]], "radius": [1.5970143682926525, 1.5970143682926525, 1.5970143682926525, 1.5970143682926525, 1.5970143682926525, 1.5970143682926525, 1.5970143682926525, 1.5970143682926525, 1.5970143682926525, 1.5970143682926525], "ref_radius": [1.5970143682926525, 1.5970143682926525, 1.5970143682926525, 1.5970143682926525, 1.5970143682926525, 1.5970143682926525, 1.5970143682926525, 1.5970143682926525, 1.5970143682926525, 1.5970143682926525], "length": 17.271228598872533, "seg_id": 1, "type": "Side", "parent": 0, "children": []}, {"pos": [[0.0, 0.0, 24.836553816901517], [-0.10525856333959507, 0.4183848379579018, 26.73802192891978], [-0.190906165327437, 0.8001124952448342, 28.63949004093803], [-0.25694280596352576, 1.145182971860797, 30.540958152956282], [-0.30336848524786136, 1.453596267805791, 32.44242626497454], [-0.33018320318044386, 1.7253523830798154, 34.3438943769928], [-0.3373869597612731, 1.9604513176828706, 36.24536248901106], [-0.32497975499034926, 2.158893071614956, 38.146830601029315], [-0.29296158886767215, 2.3206776448760724, 40.04829871304757], [-0.241332461393242, 2.4458050374662195, 41.94976682506582], [-0.17009237256705861, 2.534275249385397, 43.85123493708408], [-0.07924132238912195, 2.5860882806336054, 45.75270304910234], [0.031220689140567637, 2.6012441312108447, 47.6541711611206], [0.1612936620220104, 2.579742801117114, 49.55563927313885]], "radius": [1.1688726700625542, 0.9772626725543967, 0.9206753986740634, 1.004454363485088, 1.211500525593986, 1.5052946882034888, 1.8359785896668555, 2.148483536491739, 1.9850714243522427, 1.775531654914432, 1.5743030605699824, 1.3957471604619893, 1.252282020203597, 1.1534524809089515], "ref_radius": [2.7135114344873488, 2.6957586785305896, 2.6780059225738304, 2.6602531666170712, 2.642500410660312, 2.624747654703553, 2.6069948987467937, 2.5892421427900345, 2.5714893868332753, 2.553736630876516, 2.535983874919757, 2.518231118962998, 2.5004783630062386, 2.4827256070494794], "length": 24.853858339462874, "seg_id": 2, "type": "Main", "parent": 0, "children": [3, 4]}, {"pos": [[0.1612936620220104, 2.579742801117114, 49.55563927313885], [1.2950043605633201, 2.6150127474656206, 50.964155147249166], [2.4596948128403033, 2.6900150809387813, 52.37267102135949], [3.6553650188529594, 2.8047498015365946, 53.78118689546981], [4.882014978601289, 2.959216909259062, 55.18970276958012], [6.139644692085291, 3.1534164041061823, 56.59821864369044], [7.428254159304968, 3.387348286077956, 58.00673451780075], [8.747843380260317, 3.6610125551743833, 59.41525039191106], [10.09841235495134, 3.974409211395464, 60.82376626602139], [11.479961083378036, 4.3275382547411985, 62.2322821401317], [12.892489565540403, 4.720399685211586, 63.640798014242016], [14.335997801438445, 5.152993502806627, 65.04931388835233], [15.810485791072162, 5.625319707526321, 66.45782976246265]], "radius": [1.5413775397039446, 1.5413775397039446, 1.5413775397039446, 1.5413775397039446, 1.5413775397039446, 1.5413775397039446, 1.5413775397039446, 1.5413775397039446, 1.5413775397039446, 1.5413775397039446, 1.5413775397039446, 1.5413775397039446, 1.5413775397039446], "ref_radius": [1.5413775397039446, 1.5413775397039446, 1.5413775397039446, 1.5413775397039446, 1.5413775397039446, 1.5413775397039446, 1.5413775397039446, 1.5413775397039446, 1.5413775397039446, 1.5413775397039446, 1.5413775397039446, 1.5413775397039446, 1.5413775397039446], "length": 23.234818620384498, "seg_id": 3, "type": "Side", "parent": 2, "children": []}, {"pos": [[0.1612936620220104, 2.579742801117114, 49.55563927313885], [-0.06539010696844107, 3.3975840263951724, 51.49176664907318], [-0.21586497024175633, 4.139821478564588, 53.42789402500751], [-0.2901309277979353, 4.8064551576253605, 55.36402140094182], [-0.288187979636978, 5.3974850635774905, 57.30014877687614], [-0.21003612575888458, 5.912911196420979, 59.23627615281047], [-0.055675366163654816, 6.352733556155824, 61.172403528744795], [0.17489429914871124, 6.716952142782027, 63.108530904679114], [0.48167287017821353, 7.005566956299587, 65.04465828061345], [0.8646603469248519, 7.218577996708504, 66.98078565654777], [1.3238567293886263, 7.35598526400878, 68.91691303248209]], "radius": [1.1052348769969584, 1.1094422367947896, 1.1641589735754376, 1.2634248444070078, 1.3979397794647646, 1.5558298601380487, 1.7236006221984392, 1.887201261071346, 2.033115851007613, 2.149396834532785, 2.2265617640509627], "ref_radius": [2.4649728510927202, 2.4468132517931087, 2.428653652493497, 2.4104940531938857, 2.392334453894274, 2.3741748545946626, 2.356015255295051, 2.3378556559954395, 2.319696056695828, 2.3015364573962165, 2.283376858096605], "length": 19.975559229572703, "seg_id": 4, "type": "Main", "parent": 2, "children": [5, 6]}, {"pos": [[1.3238567293886263, 7.35598526400878, 68.91691303248209], [2.287397024308457, 7.963928680036165, 70.36214666890916], [3.282724366322563, 8.508546500556905, 71.80738030533624], [4.309838755430944, 8.989838725571, 73.25261394176333], [5.3687401916336, 9.407805355078445, 74.69784757819042], [6.459428674930533, 9.762446389079244, 76.14308121461748], [7.58190420532174, 10.053761827573396, 77.58831485104457], [8.73616678280722, 10.281751670560904, 79.03354848747165], [9.92221640738698, 10.446415918041762, 80.47878212389872], [11.140053079061014, 10.547754570015975, 81.92401576032582], [12.38967679782932, 10.585767626483541, 83.36924939675288], [13.671087563691904, 10.56045508744446, 84.81448303317997]], "radius": [1.4614373554250828, 1.4614373554250828, 1.4614373554250828, 1.4614373554250828, 1.4614373554250828, 1.4614373554250828, 1.4614373554250828, 1.4614373554250828, 1.4614373554250828, 1.4614373554250828, 1.4614373554250828, 1.4614373554250828],