{"case_id": "RCA_8090_bc3", "artery_type": "RCA", "segments": [{"pos": [[0.0, 0.0, 0.0], [-0.08691747715792136, -0.033022013979662146, 1.8746577089834657], [-0.16224595736145322, -0.06164109276203601, 3.7493154179669315], [-0.22598544061059556, -0.08585723634712158, 5.623973126950397], [-0.2781359269053484, -0.10567044473491888, 7.498630835933863], [-0.3186974162457117, -0.12108071792542788, 9.373288544917328], [-0.34766990863168545, -0.13208805591864858, 11.247946253900794], [-0.36505340406326975, -0.13869245871458102, 13.12260396288426], [-0.3708479025404645, -0.14089392631322517, 14.997261671867726], [-0.36505340406326975, -0.13869245871458102, 16.871919380851192], [-0.34766990863168545, -0.13208805591864858, 18.746577089834656], [-0.3186974162457117, -0.12108071792542788, 20.621234798818122], [-0.2781359269053484, -0.10567044473491888, 22.49589250780159], [-0.22598544061059556, -0.08585723634712158, 24.370550216785055], [-0.16224595736145322, -0.06164109276203601, 26.24520792576852], [-0.08691747715792136, -0.033022013979662146, 28.119865634751985], [0.0, 0.0, 29.99452334373545]], "radius": [1.9567272981499486, 1.939077275372075, 1.8684895709359381, 1.7496993662889502, 1.5926359620023227, 1.4104277953452269, 1.218305075396301, 1.0323267376426986, 0.8680381279382952, 0.7391716158082497, 0.6564987487577245, 0.626929892405401, 0.652936614698667, 0.7323450953020059, 0.8585178284197412, 1.0066372820670093, 0.887090994341801], "ref_radius": [1.9567272981499486, 1.9567272981499486, 1.9567272981499486, 1.9567272981499486, 1.9567272981499486, 1.9567272981499486, 1.9567272981499486, 1.9567272981499486, 1.9567272981499486, 1.9567272981499486, 1.9567272981499486, 1.9567272981499486, 1.9567272981499486, 1.9567272981499486, 1.9567272981499486, 1.9567272981499486, 1.9567272981499486], "length": 29.99452334373545, "seg_id": 0, "type": "Root", "parent": null, "children": [1, 2]}, {"pos": [[0.0, 0.0, 29.99452334373545], [1.143343324443078, 0.020479194619174544, 31.42365241047681], [2.3451204735629876, 0.011835098069485371, 32.85278147721817], [3.6053314473597293, -0.025932289649067505, 34.28191054395953], [4.923976245833304, -0.09282296853648411, 35.711039610700894], [6.301054868983709, -0.18883693859276446, 37.140168677442254], [7.7365673168109454, -0.3139741998179085, 38.569297744183615], [9.230513589315013, -0.468234752211916, 39.99842681092497], [10.782893686495916, -0.6516185957747876, 41.427555877666336], [12.39370760835365, -0.8641257305065229, 42.8566849444077]], "radius": [1.3623738110474921, 1.3623738110474921, 1.3623738110474921, 1.3623738110474921, 1.3623738110474921, 1.3623738110474921, 1.3623738110474921, 1.3623738110474921, 1.3623738110474921, 1.3623738110474921], "ref_radius": [1.3623738110474921, 1.3623738110474921, 1.3623738110474921, 1.3623738110474921, 1.3623738110474921, 1.3623738110474921, 1.3623738110474921, 1.3623738110474921, 1.3623738110474921, 1.3623738110474921], "length": 17.882558614507435, "seg_id": 1, "type": "Side", "parent": 0, "children": []}, {"pos": [[0.0, 0.0, 29.99452334373545], [0.24533629807820598, -0.16695844212897068, 31.825986590844153], [0.47747081538126585, -0.3308144424488306, 33.65744983795284], [0.6964035519091798, -0.49156800095957986, 35.48891308506154], [0.9021345076619476, -0.6492191176612185, 37.32037633217024], [1.0946636826395695, -0.8037677925537464, 39.15183957927894], [1.2739910768420453, -0.9552140256371636, 40.98330282638763], [1.440116690269375, -1.10355781691147, 42.81476607349633], [1.5930405229215587, -1.2487991663766658, 44.64622932060503], [1.7327625747985966, -1.390938074032751, 46.47769256771373], [1.8592828459004882, -1.5299745398797253, 48.30915581482242], [1.972601336227234, -1.665908563917589, 50.14061906193112], [2.0727180457788332, -1.7987401461463421, 51.97208230903982], [2.159632974555287, -1.928469286565984, 53.803545556148514], [2.2333461225565943, -2.055095985176516, 55.63500880325721], [2.293857489782756, -2.178620241977937, 57.46647205036591], [2.3411670762337713, -2.2990420569702468, 59.2979352974746], [2.375274881909641, -2.4163614301534464, 61.129398544583296], [2.3961809068103643, -2.5305783615275352, 62.960861791692], [2.403885150935942, -2.6416928510925133, 64.7923250388007]], "radius": [0.8244123657201787, 0.8183532960615414, 0.8749791518916468, 0.9853601399432546, 1.1346391725717262, 1.3038233221415, 1.1770490436128913, 0.9808997364520086, 0.8062558958834383, 0.6666735065796889, 0.5724469160947272, 0.5297864700904276, 0.5403631376873754, 0.6012525225357892, 0.705275534417511, 0.8416987579565414, 0.9972271546034946, 1.1571977400391842, 1.3068672564305743, 1.432680808321448], "ref_radius": [1.9567272981499486, 1.9392369850613596, 1.9217466719727703, 1.9042563588841812, 1.8867660457955922, 1.8692757327070029, 1.8517854196184138, 1.8342951065298247, 1.8168047934412355, 1.7993144803526464, 1.7818241672640573, 1.764333854175468, 1.746843541086879, 1.72935322799829, 1.7118629149097009, 1.6943726018211116, 1.6768822887325225, 1.6593919756439333, 1.6419016625553442, 1.6244113494667551], "length": 34.980626177178266, "seg_id": 2, "type": "Main", "parent": 0, "children": [3, 4]}, {"pos": [[2.403885150935942, -2.6416928510925133, 64.7923250388007], [3.752951473876578, -2.4762036606308957, 66.10209837894824], [5.101262837365023, -2.361924653374309, 67.4118717190958], [6.448819241401276, -2.2988558293227523, 68.72164505924334], [7.79562068598534, -2.2869971884762257, 70.03141839939092], [9.141667171117213, -2.32634873083473, 71.34119173953846], [10.486958696796894, -2.4169104563982646, 72.65096507968602], [11.831495263024383, -2.55868236516683, 73.96073841983358], [13.175276869799681, -2.751664457140425, 75.27051175998113], [14.518303517122792, -2.995856732319051, 76.58028510012869], [15.860575204993708, -3.2912591907027076, 77.89005844027625], [17.202091933412433, -3.6378718322913937, 79.19983178042379]], "radius": [0.8872569420693103, 0.8872569420693103, 0.8872569420693103, 0.8872569420693103, 0.8872569420693103, 0.8872569420693103, 0.8872569420693103, 0.8872569420693103, 0.8872569420693103, 0.8872569420693103, 0.8872569420693103, 0.8872569420693103], "ref_radius": [0.8872569420693103, 0.8872569420693103, 0.8872569420693103, 0.8872569420693103, 0.8872569420693103, 0.8872569420693103, 0.8872569420693103, 0.8872569420693103, 0.8872569420693103, 0.8872569420693103, 0.8872569420693103, 0.8872569420693103], "length": 20.677416353341407, "seg_id": 3, "type": "Side", "parent": 2, "children": []}, {"pos": [[2.403885150935942, -2.6416928510925133, 64.7923250388007], [2.8184939055081095, -3.0494490835677914, 66.55843141843862], [3.212768038714175, -3.4167063818387113, 68.32453779807658], [3.586707550554138, -3.743464745905273, 70.09064417771448], [3.9403124410280004, -4.029724175767477, 71.85675055735241], [4.273582710135759, -4.275484671425321, 73.62285693699035], [4.586518357877417, -4.480746232878807, 75.38896331662826], [4.879119384252974, -4.645508860127936, 77.1550696962662], [5.151385789262427, -4.769772553172706, 78.92117607590413], [5.403317572905778, -4.853537312013118, 80.68728245554206], [5.634914735183028, -4.896803136649172, 82.45338883518], [5.846177276094177, -4.899570027080867, 84.21949521481793], [6.0371051956392225, -4.861837983308204, 85.98560159445586], [6.207698493818167, -4.783607005331183, 87.75170797409379], [6.357957170631009, -4.664877093149803, 89.51781435373171]], "radius": [1.523412297950584, 1.5718149859157664, 1.5734260209778077, 1.5566785132776286, 1.5399310055774493, 1.5231834978772703, 1.506435990177091, 1.4896884824769119, 1.4729409747767326, 1.4561934670765535, 1.4394459593763744, 1.4226984516761951, 1.4059509439760158, 1.3892034362758368, 1.3724559285756577],