{"case_id": "RCA_424_bc1", "artery_type": "RCA", "segments": [{"pos": [[0.0, 0.0, 0.0], [-0.05561139511994681, -0.11545525848739205, 1.847435935095762], [-0.10380793755723404, -0.2155164825097985, 3.694871870191524], [-0.1445896273118617, -0.3001836720672193, 5.542307805287287], [-0.17795646438382978, -0.36945682715965456, 7.389743740383048], [-0.2039084487731383, -0.42333594778710415, 9.23717967547881], [-0.22244558047978724, -0.4618210339495682, 11.084615610574573], [-0.2335678595037766, -0.4849120856470466, 12.932051545670335], [-0.23727528584510638, -0.4926091028795394, 14.779487480766097], [-0.2335678595037766, -0.4849120856470466, 16.62692341586186], [-0.22244558047978724, -0.4618210339495682, 18.47435935095762], [-0.2039084487731383, -0.42333594778710415, 20.321795286053383], [-0.17795646438382978, -0.36945682715965456, 22.169231221149147], [-0.1445896273118617, -0.3001836720672193, 24.016667156244907], [-0.10380793755723404, -0.2155164825097985, 25.86410309134067], [-0.05561139511994681, -0.11545525848739205, 27.71153902643643], [0.0, 0.0, 29.558974961532194]], "radius": [2.3440417176428143, 2.1620060810165684, 1.673811406127659, 1.135600959211424, 0.8303648067680645, 0.9185955582835772, 1.3539016463296485, 1.9073999276861469, 2.288062020525322, 2.3440417176428143, 2.3440417176428143, 2.3440417176428143, 2.3440417176428143, 2.3440417176428143, 2.3440417176428143, 2.3440417176428143, 2.3440417176428143], "ref_radius": [2.3440417176428143, 2.3440417176428143, 2.3440417176428143, 2.3440417176428143, 2.3440417176428143, 2.3440417176428143, 2.3440417176428143, 2.3440417176428143, 2.3440417176428143, 2.3440417176428143, 2.3440417176428143, 2.3440417176428143, 2.3440417176428143, 2.3440417176428143, 2.3440417176428143, 2.3440417176428143, 2.3440417176428143], "length": 29.558974961532194, "seg_id": 0, "type": "Root", "parent": null, "children": [1, 2]}, {"pos": [[0.0, 0.0, 29.558974961532194], [1.286610702299294, -0.009872997715931028, 30.92343058484104], [2.5748050235530657, -0.0013987589864448702, 32.287886208149885], [3.864582963761314, 0.025422716188458476, 33.65234183145873], [5.155944522924042, 0.07059142780877903, 35.01679745476758], [6.448889701041246, 0.13410737587451677, 36.381253078076426], [7.743418498112926, 0.21597056038567164, 37.74570870138527], [9.039530914139085, 0.31618098134224376, 39.11016432469412], [10.337226949119723, 0.4347386387442331, 40.47461994800296], [11.636506603054839, 0.5716435325916397, 41.83907557131181], [12.93736987594443, 0.7268956628844634, 43.20353119462065], [14.239816767788497, 0.9004950296227041, 44.5679868179295]], "radius": [1.426900513319058, 1.426900513319058, 1.426900513319058, 1.426900513319058, 1.426900513319058, 1.426900513319058, 1.426900513319058, 1.426900513319058, 1.426900513319058, 1.426900513319058, 1.426900513319058, 1.426900513319058], "ref_radius": [1.426900513319058, 1.426900513319058, 1.426900513319058, 1.426900513319058, 1.426900513319058, 1.426900513319058, 1.426900513319058, 1.426900513319058, 1.426900513319058, 1.426900513319058, 1.426900513319058, 1.426900513319058], "length": 20.708783397004293, "seg_id": 1, "type": "Side", "parent": 0, "children": []}, {"pos": [[0.0, 0.0, 29.558974961532194], [0.0391419370917922, 0.02322215476835226, 31.508176255316908], [0.08733446223001531, 0.08690928454495153, 33.45737754910162], [0.1445775754146693, 0.1910613893297978, 35.406578842886326], [0.21087127664575422, 0.33567846912289107, 37.355780136671044], [0.28621556592327, 0.5207605239242312, 39.304981430455754], [0.3706104432472168, 0.7463075537338187, 41.254182724240465], [0.4640559086175944, 1.012319558551653, 43.203384018025176], [0.566551962034403, 1.3187965383777343, 45.15258531180989], [0.6780986034976423, 1.6657384932120622, 47.1017866055946], [0.7986958330073126, 2.0531454230546373, 49.05098789937931]], "radius": [2.3440417176428143, 2.326208887635809, 2.3083760576288044, 2.290543227621799, 2.1331933116129354, 1.5738583907569246, 0.9177693767098885, 0.5404039187822451, 0.6497015623864377, 1.168139586728587, 1.7822496596349389], "ref_radius": [2.3440417176428143, 2.326208887635809, 2.3083760576288044, 2.290543227621799, 2.2727103976147944, 2.2548775676077892, 2.2370447376007845, 2.2192119075937793, 2.2013790775867745, 2.1835462475797693, 2.165713417572764], "length": 19.6161130077055, "seg_id": 2, "type": "Main", "parent": 0, "children": [3, 4]}, {"pos": [[0.7986958330073126, 2.0531454230546373, 49.05098789937931], [2.1158018600063007, 2.18824140761282, 50.53190703825005], [3.3977667277248025, 2.3453112830365166, 52.01282617712076], [4.644590436162818, 2.5243550493257265, 53.49374531599149], [5.856272985320347, 2.725372706480451, 54.974664454862214], [7.032814375197388, 2.9483642545006896, 56.45558359373295], [8.174214605793942, 3.1933296933864423, 57.93650273260368], [9.280473677110011, 3.460269023137709, 59.4174218714744], [10.351591589145592, 3.749182243754489, 60.89834101034513], [11.387568341900685, 4.060069355236783, 62.37926014921585], [12.388403935375296, 4.392930357584591, 63.860179288086584], [13.354098369569417, 4.747765250797913, 65.34109842695732], [14.284651644483052, 5.1245740348767495, 66.82201756582805], [15.1800637601162, 5.523356709821099, 68.30293670469877]], "radius": [1.0933096347937392, 1.0933096347937392, 1.0933096347937392, 1.0933096347937392, 1.0933096347937392, 1.0933096347937392, 1.0933096347937392, 1.0933096347937392, 1.0933096347937392, 1.0933096347937392, 1.0933096347937392, 1.0933096347937392, 1.0933096347937392, 1.0933096347937392], "ref_radius": [1.0933096347937392, 1.0933096347937392, 1.0933096347937392, 1.0933096347937392, 1.0933096347937392, 1.0933096347937392, 1.0933096347937392, 1.0933096347937392, 1.0933096347937392, 1.0933096347937392, 1.0933096347937392, 1.0933096347937392, 1.0933096347937392, 1.0933096347937392], "length": 24.27969609843415, "seg_id": 3, "type": "Side", "parent": 2, "children": []}, {"pos": [[0.7986958330073126, 2.0531454230546373, 49.05098789937931], [0.8768649006239888, 2.4314426918790364, 50.88484284329378], [0.9900279324002584, 2.818213772223173, 52.71869778720827], [1.138184928336121, 3.2134586640870455, 54.55255273112275], [1.3213358884315767, 3.617177367470654, 56.38640767503725], [1.5394808126866257, 4.029369882374, 58.22026261895172], [1.7926197011012677, 4.450036208797082, 60.0541175628662], [2.0807525536755027, 4.8791763467399, 61.88797250678068], [2.4038793704093315, 5.316790296202454, 63.72182745069517], [2.762000151302753, 5.7628780571847456, 65.55568239460965], [3.1551148963557676, 6.217439629686773, 67.38953733852414], [3.5832236055683753, 6.680475013708536, 69.22339228243861], [4.046326278940577, 7.151984209250037, 71.0572472263531]], "radius": [2.12817854272211, 2.130325590130868, 2.1127705926959766, 2.0952155952610854, 2.0776605978261937, 2.0601056003913025, 2.042550602956411, 2.0249956055215197, 2.007440608086628, 1.9898856106517366, 1.9723306132168452, 1.9547756157819538, 1.9372206183470624], "ref_radius": [2.1478805875657594, 2.130325590130868, 2.1127705926959766, 2.0952155952610854, 2.0776605978261937, 2.0601056003913025, 2.042550602956411, 2.0249956055215197, 2.007440608086628, 1.9898856106517366, 1.9723306132168452, 1.9547756157819538, 1.9372206183470624], "length": 22.821496665358836, "seg_id": 4, "type": "Main", "parent": 2, "children": [5, 6]}, {"pos": [[4.046326278940577, 7.151984209250037, 71.0572472263531], [6.092821222635515, 7.126315561826817, 72.42926161249515], [7.943065235077795, 7.262040587163406, 73.8012759986372], [9.597058316267415, 7.5591592852598, 75.17329038477922], [11.054800466204373, 8.017671656116004, 76.54530477092126], [12.316291684888675, 8.637577699732013, 77.91731915706329], [13.381531972320317, 9.418877416107833, 79.28933354320533]], "radius": [1.345402589378945, 1.345402589378945, 1.345402589378945, 1.345402589378945, 1.345402589378945, 1.345402589378945, 1.345402589378945],