{"case_id": "RCA_4865_bc0", "artery_type": "RCA", "segments": [{"pos": [[0.0, 0.0, 0.0], [-0.1518481666315662, 0.0821486163633598, 1.783329404067268], [-0.2877123157229675, 0.1556500099516291, 3.5666588081345365], [-0.40759244727420396, 0.22050418076480785, 5.349988212201804], [-0.5114885612852756, 0.27671112880289617, 7.133317616269074], [-0.5994006577561823, 0.3242708540658939, 8.91664702033634], [-0.6713287366869243, 0.3631833565538012, 10.699976424403609], [-0.7272727980775011, 0.3934486362666179, 12.483305828470877], [-0.7672328419279133, 0.4150666932043442, 14.266635232538146], [-0.7912088682381607, 0.42803752736698, 16.049964636605413], [-0.799200877008243, 0.4323611387545252, 17.83329404067268], [-0.7912088682381606, 0.4280375273669799, 19.61662344473995], [-0.7672328419279133, 0.4150666932043442, 21.399952848807217], [-0.7272727980775011, 0.3934486362666179, 23.183282252874484], [-0.671328736686924, 0.36318335655380113, 24.966611656941755], [-0.5994006577561823, 0.3242708540658939, 26.749941061009018], [-0.5114885612852754, 0.2767111288028961, 28.533270465076292], [-0.4075924472742038, 0.22050418076480777, 30.31659986914356], [-0.28771231572296746, 0.15565000995162903, 32.099929273210826], [-0.15184816663156597, 0.08214861636335968, 33.88325867727809], [0.0, 0.0, 35.66658808134536]], "radius": [2.0694984060750174, 2.063930580304896, 2.0086989284120684, 1.8992588397841146, 1.7460786919415776, 1.563810772143833, 1.3698897281351197, 1.182864875100683, 1.020625880271552, 0.8986915454663038, 0.8287253722907986, 0.8174199020582906, 0.8658565477311138, 0.9694021524917906, 1.1181521695255556, 1.1251667553039386, 0.9382387606427043, 0.7972285666743648, 0.7166239144816344, 0.7047063282449051, 0.7627002506719676], "ref_radius": [2.0694984060750174, 2.0694984060750174, 2.0694984060750174, 2.0694984060750174, 2.0694984060750174, 2.0694984060750174, 2.0694984060750174, 2.0694984060750174, 2.0694984060750174, 2.0694984060750174, 2.0694984060750174, 2.0694984060750174, 2.0694984060750174, 2.0694984060750174, 2.0694984060750174, 2.0694984060750174, 2.0694984060750174, 2.0694984060750174, 2.0694984060750174, 2.0694984060750174, 2.0694984060750174], "length": 35.66658808134536, "seg_id": 0, "type": "Root", "parent": null, "children": [1, 2]}, {"pos": [[0.0, 0.0, 35.66658808134536], [1.3415187613399135, 0.18314316436943318, 37.15244527097605], [2.658621294666525, 0.3473858020707791, 38.63830246060675], [3.9513075999798337, 0.49272791310403774, 40.12415965023745], [5.219577677279841, 0.6191694974692091, 41.61001683986815], [6.463431526566547, 0.7267105551662932, 43.09587402949885], [7.6828691478399485, 0.8153510861952901, 44.58173121912955], [8.877890541100049, 0.8850910905561997, 46.067588408760244], [10.048495706346849, 0.935930568249022, 47.553445598390944], [11.194684643580345, 0.9678695192737572, 49.03930278802165], [12.316457352800539, 0.9809079436304049, 50.52515997765234], [13.41381383400743, 0.9750458413189654, 52.01101716728304]], "radius": [1.2786460356880416, 1.2786460356880416, 1.2786460356880416, 1.2786460356880416, 1.2786460356880416, 1.2786460356880416, 1.2786460356880416, 1.2786460356880416, 1.2786460356880416, 1.2786460356880416, 1.2786460356880416, 1.2786460356880416], "ref_radius": [1.2786460356880416, 1.2786460356880416, 1.2786460356880416, 1.2786460356880416, 1.2786460356880416, 1.2786460356880416, 1.2786460356880416, 1.2786460356880416, 1.2786460356880416, 1.2786460356880416, 1.2786460356880416, 1.2786460356880416], "length": 21.166517855125065, "seg_id": 1, "type": "Side", "parent": 0, "children": []}, {"pos": [[0.0, 0.0, 35.66658808134536], [0.40848884049540723, 0.03652135266394251, 37.6628489455222], [0.7224136567531768, 0.06630360971007568, 39.65910980969903], [0.9417744487733085, 0.0893467711383995, 41.65537067387587], [1.0665712165558023, 0.10565083694891395, 43.651631538052705], [1.0968039601006585, 0.11521580714161905, 45.647892402229544], [1.032472679407877, 0.11804168171651482, 47.64415326640638], [0.8735773744774576, 0.1141284606736012, 49.64041413058321], [0.6201180453094004, 0.10347614401287825, 51.63667499476006], [0.2720946919037053, 0.08608473173434594, 53.63293585893689]], "radius": [0.8846472406824342, 1.048831816568513, 1.2430334710927924, 1.2065201165777566, 0.9993086879581352, 0.8276486868084467, 0.7064917694414812, 0.6455848948034646, 0.64860906710798, 0.7129284154536231], "ref_radius": [2.0694984060750174, 2.051529791811036, 2.033561177547054, 2.0155925632830725, 1.9976239490190906, 1.9796553347551087, 1.961686720491127, 1.9437181062271454, 1.9257494919631635, 1.9077808776991818], "length": 17.96861426398174, "seg_id": 2, "type": "Main", "parent": 0, "children": [3, 4]}, {"pos": [[0.2720946919037053, 0.08608473173434594, 53.63293585893689], [1.3972245630639455, 0.02712567392601742, 55.052868985495856], [2.545449537639859, 0.0007115192803255274, 56.47280211205484], [3.716769615631446, 0.006842267797270263, 57.89273523861382], [4.911184797038706, 0.045517919476851604, 59.3126683651728], [6.128695081861638, 0.1167384743190695, 60.732601491731764], [7.369300470100245, 0.22050393232392415, 62.15253461829073], [8.633000961754522, 0.3568142934914152, 63.57246774484972], [9.919796556824476, 0.5256695578215431, 64.99240087140869], [11.229687255310102, 0.7270697253143076, 66.41233399796766], [12.5626730572114, 0.9610147959697084, 67.83226712452664], [13.918753962528372, 1.2275047697877464, 69.25220025108561], [15.297929971261018, 1.5265396467684207, 70.67213337764458]], "radius": [1.3696187082248432, 1.3696187082248432, 1.3696187082248432, 1.3696187082248432, 1.3696187082248432, 1.3696187082248432, 1.3696187082248432, 1.3696187082248432, 1.3696187082248432, 1.3696187082248432, 1.3696187082248432, 1.3696187082248432, 1.3696187082248432], "ref_radius": [1.3696187082248432, 1.3696187082248432, 1.3696187082248432, 1.3696187082248432, 1.3696187082248432, 1.3696187082248432, 1.3696187082248432, 1.3696187082248432, 1.3696187082248432, 1.3696187082248432, 1.3696187082248432, 1.3696187082248432, 1.3696187082248432], "length": 22.763674753566466, "seg_id": 3, "type": "Side", "parent": 2, "children": []}, {"pos": [[0.2720946919037053, 0.08608473173434594, 53.63293585893689], [0.279264725342765, -0.09190444046756795, 55.41493864355487], [0.29646809168271393, -0.24852907209824532, 57.19694142817284], [0.32370479092355225, -0.38378916315768613, 58.97894421279082], [0.3609748230652797, -0.4976847136458903, 60.76094699740879], [0.4082781881078965, -0.5902157235628578, 62.54294978202675], [0.46561488605140267, -0.6613821929085889, 64.32495256664473], [0.5329849168957979, -0.7111841216830833, 66.10695535126268], [0.6103882806410825, -0.7396215098863411, 67.88895813588066], [0.6978249772872565, -0.7466943575183624, 69.67096092049863], [0.7952950068343196, -0.7324026645791473, 71.45296370511662], [0.9027983692822719, -0.6967464310686955, 73.23496648973457], [1.020335064631114, -0.6397256569870069, 75.01696927435255], [1.1479050928808447, -0.5613403423340819, 76.79897205897052], [1.285508454031465, -0.46159048710992034, 78.58097484358849], [1.4331451480829744, -0.3404760913145223, 80.36297762820647]], "radius": [0.8299634023866553, 0.9867959070085139, 0.8742954328255479, 0.8058986019081593, 0.8056460005040325, 0.8707700608460859, 0.9899971669458836, 1.1451791595341625, 1.2979488509440964, 1.1017190755045427, 0.9056046046609624, 0.7235819447022961, 0.5682988766431492, 0.4501443581022766, 0.37650710089391937, 0.35127555662728027], "ref_radius": [1.8898122634352001, 1.8730881098074605, 1.8563639561797207, 1.8396398025519811, 1.8229156489242415, 1.8061914952965017, 1.789467341668762, 1.7727431880410225, 1.7560190344132827, 1.739294880785543, 1.7225707271578035, 1.7058465735300636, 1.689122419902324, 1.6723982662745842, 1.6556741126468446, 1.638949959019105], "length": 26.758645804383487, "seg_id": 4, "type": "Main", "parent": 2,