{"case_id": "RCA_7982_bc0", "artery_type": "RCA", "segments": [{"pos": [[0.0, 0.0, 0.0], [0.14947574535369526, -0.19078299756391603, 1.831521150744496], [0.2823430745569799, -0.3603678842873969, 3.663042301488991], [0.39860198760985394, -0.5087546601704427, 5.4945634522334865], [0.4982524845123175, -0.6359433252130534, 7.326084602977983], [0.5812945652643705, -0.741933879415229, 9.157605753722478], [0.6477282298660128, -0.8267263227769694, 10.989126904466975], [0.6975534783172445, -0.8903206552982746, 12.820648055211468], [0.7307703106180657, -0.9327168769791451, 14.652169205955968], [0.7473787267684764, -0.9539149878195803, 16.483690356700464], [0.7473787267684763, -0.9539149878195802, 18.315211507444957], [0.7307703106180657, -0.9327168769791451, 20.146732658189457], [0.6975534783172446, -0.8903206552982748, 21.97825380893395], [0.647728229866013, -0.8267263227769696, 23.809774959678442], [0.5812945652643705, -0.741933879415229, 25.64129611042294], [0.4982524845123175, -0.6359433252130534, 27.47281726116744], [0.3986019876098541, -0.5087546601704429, 29.30433841191193], [0.2823430745569802, -0.36036788428739724, 31.135859562656425], [0.1494757453536954, -0.1907829975639162, 32.96738071340092], [0.0, 0.0, 34.79890186414542]], "radius": [2.1488110359290573, 2.1488110359290573, 2.1488110359290573, 2.1488110359290573, 2.1488110359290573, 2.1488110359290573, 2.1488110359290573, 2.1488110359290573, 2.1488110359290573, 2.1488110359290573, 2.1488110359290573, 2.1488110359290573, 2.1488110359290573, 2.1488110359290573, 2.1488110359290573, 2.1488110359290573, 2.1488110359290573, 2.1488110359290573, 2.1488110359290573, 2.1488110359290573], "ref_radius": [2.1488110359290573, 2.1488110359290573, 2.1488110359290573, 2.1488110359290573, 2.1488110359290573, 2.1488110359290573, 2.1488110359290573, 2.1488110359290573, 2.1488110359290573, 2.1488110359290573, 2.1488110359290573, 2.1488110359290573, 2.1488110359290573, 2.1488110359290573, 2.1488110359290573, 2.1488110359290573, 2.1488110359290573, 2.1488110359290573, 2.1488110359290573, 2.1488110359290573], "length": 34.79890186414542, "seg_id": 0, "type": "Root", "parent": null, "children": [1, 2]}, {"pos": [[0.0, 0.0, 34.79890186414542], [1.349251601966079, 0.21648200848119395, 36.269491359772175], [2.657154206122363, 0.38007906795580004, 37.740080855398936], [3.9237078124688516, 0.49079117842381825, 39.21067035102569], [5.148912421005545, 0.5486183398852487, 40.68125984665246], [6.332768031732442, 0.5535605523400912, 42.151849342279206], [7.475274644649545, 0.5056178157883457, 43.62243883790597], [8.576432259756851, 0.40479013023001276, 45.09302833353273], [9.636240877054364, 0.25107749566509163, 46.56361782915948], [10.65470049654208, 0.044479912093582596, 48.03420732478624], [11.63181111822, -0.2150026204845139, 49.504796820413], [12.567572742088124, -0.5273701020691987, 50.97538631603975], [13.461985368146456, -0.8926225326604713, 52.445975811666514]], "radius": [1.3362811395720318, 1.3362811395720318, 1.3362811395720318, 1.3362811395720318, 1.3362811395720318, 1.3362811395720318, 1.3362811395720318, 1.3362811395720318, 1.3362811395720318, 1.3362811395720318, 1.3362811395720318, 1.3362811395720318, 1.3362811395720318], "ref_radius": [1.3362811395720318, 1.3362811395720318, 1.3362811395720318, 1.3362811395720318, 1.3362811395720318, 1.3362811395720318, 1.3362811395720318, 1.3362811395720318, 1.3362811395720318, 1.3362811395720318, 1.3362811395720318, 1.3362811395720318, 1.3362811395720318], "length": 22.213532901078118, "seg_id": 1, "type": "Side", "parent": 0, "children": []}, {"pos": [[0.0, 0.0, 34.79890186414542], [-0.030690859262708963, 0.06300001051234846, 36.57777823454865], [-0.05612285955062536, 0.12450766351681611, 38.35665460495188], [-0.0762960008637492, 0.18452295901340293, 40.1355309753551], [-0.09121028320208047, 0.24304589700210896, 41.91440734575833], [-0.10086570656561916, 0.3000764774829342, 43.69328371616155], [-0.1052622709543653, 0.3556147004558786, 45.472160086564784], [-0.10439997636831888, 0.40966056592094224, 47.25103645696801], [-0.09827882280747988, 0.4622140738781251, 49.029912827371234], [-0.08689881027184831, 0.513275224327427, 50.80878919777447], [-0.0702599387614242, 0.5628440172688483, 52.5876655681777], [-0.048362208276207505, 0.6109204527023886, 54.36654193858092], [-0.021205618816198285, 0.6575045306280481, 56.14541830898414], [0.011209829618603534, 0.702596251045827, 57.92429467938738], [0.04888413702819791, 0.7461956139557249, 59.703171049790605], [0.09181730341258489, 0.7883026193577419, 61.48204742019383], [0.14000932877176442, 0.8289172672518784, 63.26092379059706], [0.1934602131057365, 0.8680395576381339, 65.03980016100029]], "radius": [2.1488110359290573, 2.132003273453869, 2.115195510978681, 2.0983877485034927, 2.0815799860283044, 2.064772223553116, 2.047964461077928, 2.03115669860274, 2.0139379869526834, 1.8298478860358267, 1.4169548062510384, 0.9488687788893038, 0.6195901908310955, 0.5612112215471656, 0.7891702490934349, 1.1977322975114784, 1.6067463941191973, 1.8390325415220512], "ref_radius": [2.1488110359290573, 2.132003273453869, 2.115195510978681, 2.0983877485034927, 2.0815799860283044, 2.064772223553116, 2.047964461077928, 2.03115669860274, 2.0143489361275515, 1.9975411736523634, 1.980733411177175, 1.963925648701987, 1.9471178862267986, 1.9303101237516105, 1.9135023612764221, 1.896694598801234, 1.8798868363260457, 1.8630790738508576], "length": 30.253972455338797, "seg_id": 2, "type": "Main", "parent": 0, "children": [3, 4]}, {"pos": [[0.1934602131057365, 0.8680395576381339, 65.03980016100029], [1.3462679102053698, 1.2354227285290866, 66.35952772431372], [2.5318932764243534, 1.5555107179550594, 67.6792552876272], [3.7503363117626867, 1.8283035259160514, 68.99898285094064], [5.001597016220369, 2.0538011524120634, 70.3187104142541], [6.285675389797401, 2.232003597443094, 71.63843797756755], [7.602571432493782, 2.3629108610091447, 72.958165540881], [8.952285144309513, 2.446522943110215, 74.27789310419445], [10.334816525244596, 2.482839843746305, 75.5976206675079], [11.750165575299027, 2.4718615629174145, 76.91734823082135], [13.198332294472806, 2.4135881006235436, 78.2370757941348], [14.679316682765936, 2.3080194568646917, 79.55680335744825], [16.193118740178416, 2.1551556316408598, 80.8765309207617]], "radius": [1.0943209012206494, 1.0943209012206494, 1.0943209012206494, 1.0943209012206494, 1.0943209012206494, 1.0943209012206494, 1.0943209012206494, 1.0943209012206494, 1.0943209012206494, 1.0943209012206494, 1.0943209012206494, 1.0943209012206494, 1.0943209012206494], "ref_radius": [1.0943209012206494, 1.0943209012206494, 1.0943209012206494, 1.0943209012206494, 1.0943209012206494, 1.0943209012206494, 1.0943209012206494, 1.0943209012206494, 1.0943209012206494, 1.0943209012206494, 1.0943209012206494, 1.0943209012206494, 1.0943209012206494], "length": 22.548786706340962, "seg_id": 3, "type": "Side", "parent": 2, "children": []}, {"pos": [[0.1934602131057365, 0.8680395576381339, 65.03980016100029], [0.44665604084833516, 1.393771637618239, 66.86534742535312], [0.6789894160643749, 1.8902994484313291, 68.69089468970597], [0.8904603387538559, 2.3576229900774037, 70.5164419540588], [1.081068808916778, 2.7957422625564634, 72.34198921841164], [1.2508148265531411, 3.204657265868507, 74.16753648276449], [1.3996983916629455, 3.5843680000135354, 75.99308374711732], [1.5277195042461909, 3.934874464991549, 77.81863101147017], [1.6348781643028774, 4.256176660802547, 79.64417827582301], [1.7211743718330053, 4.54827458744653, 81.46972554017586], [1.7866081268365739, 4.811168244923497, 83.29527280452871], [1.831179429313584, 5.04485763323345, 85.12082006888153], [1.8548882792640349, 5.2493427523763865, 86.94636733323438], [1.8577346766879272, 5.424623602352308, 88.77191459758723], [1.8397186215852603, 5.570700183161214, 90.59746186194008], [1.8008401139560348, 5.687572494803105, 92.4230091262929], [1.7410991538002503, 5.7752405372779805, 94.24855639064575]],