{"case_id": "RCA_7985_bc7", "artery_type": "RCA", "segments": [{"pos": [[0.0, 0.0, 0.0], [0.06746488734552132, 0.04248284469992014, 1.8857520533242735], [0.12143679722193838, 0.07646912045985627, 3.771504106648547], [0.16191572962925116, 0.10195882727980833, 5.65725615997282], [0.1889016845674597, 0.11895196515977641, 7.543008213297095], [0.20239466203656398, 0.12744853409976042, 9.428760266621369], [0.20239466203656398, 0.12744853409976042, 11.314512319945642], [0.1889016845674597, 0.11895196515977641, 13.200264373269915], [0.16191572962925116, 0.10195882727980833, 15.086016426594188], [0.12143679722193836, 0.07646912045985625, 16.971768479918463], [0.06746488734552127, 0.04248284469992011, 18.857520533242738], [0.0, 0.0, 20.74327258656701]], "radius": [2.1543266606696907, 2.1543266606696907, 2.148060256879142, 2.096491061100592, 1.9965369319635604, 1.8557964594777987, 1.6849688429403349, 1.4970405295506797, 1.3062979746759182, 1.1272415744919684, 0.9734833346795004, 0.856712075250684], "ref_radius": [2.1543266606696907, 2.1543266606696907, 2.1543266606696907, 2.1543266606696907, 2.1543266606696907, 2.1543266606696907, 2.1543266606696907, 2.1543266606696907, 2.1543266606696907, 2.1543266606696907, 2.1543266606696907, 2.1543266606696907], "length": 20.74327258656701, "seg_id": 0, "type": "Root", "parent": null, "children": [1, 2]}, {"pos": [[0.0, 0.0, 20.74327258656701], [1.171458316137969, -0.03509185310934183, 22.156962567910007], [2.367650424596282, -0.03788929463828361, 23.570652549253005], [3.588576325374937, -0.008392324586825317, 24.984342530596006], [4.834236018473936, 0.05339905704503303, 26.398032511939004], [6.104629503893278, 0.14748485025729147, 27.811722493282005], [7.399756781632963, 0.27386505504994985, 29.225412474625003], [8.719617851692993, 0.4325396714230084, 30.639102455968], [10.064212714073363, 0.623508699376467, 32.052792437311], [11.43354136877408, 0.8467721389103258, 33.466482418654], [12.827603815795136, 1.1023299900245846, 34.880172399997], [14.246400055136538, 1.3901822527192431, 36.29386238134]], "radius": [1.5687166702061865, 1.5687166702061865, 1.5687166702061865, 1.5687166702061865, 1.5687166702061865, 1.5687166702061865, 1.5687166702061865, 1.5687166702061865, 1.5687166702061865, 1.5687166702061865, 1.5687166702061865, 1.5687166702061865], "ref_radius": [1.5687166702061865, 1.5687166702061865, 1.5687166702061865, 1.5687166702061865, 1.5687166702061865, 1.5687166702061865, 1.5687166702061865, 1.5687166702061865, 1.5687166702061865, 1.5687166702061865, 1.5687166702061865, 1.5687166702061865], "length": 21.135594720567195, "seg_id": 1, "type": "Side", "parent": 0, "children": []}, {"pos": [[0.0, 0.0, 20.74327258656701], [0.010692364516662875, 0.44953754575822025, 22.520261515627826], [-0.012903505959365513, 0.8559704658386199, 24.29725044468864], [-0.07078761142808516, 1.219298760241199, 26.074239373749457], [-0.16295995188949608, 1.5395224289659577, 27.85122830281027], [-0.28942052734359824, 1.8166414720128956, 29.628217231871087], [-0.4501693377903917, 2.0506558893820133, 31.4052061609319], [-0.6452063832298766, 2.2415656810733102, 33.18219508999272], [-0.8745316636620524, 2.389370847086786, 34.95918401905354], [-1.1381451790869193, 2.4940713874224416, 36.736172948114344], [-1.436046929504478, 2.5556673020802774, 38.513161877175165], [-1.7682369149147283, 2.574158591060292, 40.290150806235985], [-2.1347151353176685, 2.549545254362486, 42.0671397352968], [-2.535481590713301, 2.4818272919868596, 43.84412866435761]], "radius": [0.7858048374341562, 0.760215055724659, 0.7868608157494843, 0.8620583889336961, 0.9785016848287074, 1.1258731172245626, 1.2916739771885464, 1.4622076887898487, 1.6236386838027133, 1.7475408172692823, 1.600906690716356, 1.4424310442330261, 1.2808403928189867, 1.1248967701307624], "ref_radius": [2.1543266606696907, 2.1376325690054117, 2.1209384773411326, 2.1042443856768536, 2.087550294012574, 2.070856202348295, 2.054162110684016, 2.037468019019737, 2.020773927355458, 2.004079835691179, 1.9873857440268996, 1.9706916523626206, 1.9539975606983415, 1.9373034690340623], "length": 23.371728329990745, "seg_id": 2, "type": "Main", "parent": 0, "children": [3, 4]}, {"pos": [[-2.535481590713301, 2.4818272919868596, 43.84412866435761], [-0.6628191358234022, 3.1708118167810078, 45.307943075765266], [1.0023480391600494, 3.6750664657669994, 46.771757487172906], [2.4600199342370543, 3.9945912389448353, 48.235571898580545], [3.7101965494076126, 4.1293861363145155, 49.69938630998819], [4.752877884671723, 4.07945115787604, 51.16320072139584], [5.588063940029388, 3.8447863036294088, 52.627015132803486]], "radius": [1.2141806981422567, 1.2141806981422567, 1.2141806981422567, 1.2141806981422567, 1.2141806981422567, 1.2141806981422567, 1.2141806981422567], "ref_radius": [1.2141806981422567, 1.2141806981422567, 1.2141806981422567, 1.2141806981422567, 1.2141806981422567, 1.2141806981422567, 1.2141806981422567], "length": 12.041127188726012, "seg_id": 3, "type": "Side", "parent": 2, "children": []}, {"pos": [[-2.535481590713301, 2.4818272919868596, 43.84412866435761], [-2.399593287693784, 2.35603852843051, 45.64013313147579], [-2.277163043995671, 2.2615553160091464, 47.43613759859397], [-2.168190859618961, 2.1983776547227705, 49.232142065712154], [-2.0726767345636534, 2.1665055445713803, 51.028146532830334], [-1.990620668829749, 2.1659389855549773, 52.82415099994851], [-1.9220226624172476, 2.196677977673561, 54.62015546706668], [-1.8668827153261491, 2.258722520927132, 56.41615993418486], [-1.8252008275564537, 2.3520726153156897, 58.21216440130304], [-1.7969769991081614, 2.476728260839234, 60.00816886842122], [-1.782211229981272, 2.632689457497765, 61.804173335539396], [-1.7809035201757857, 2.819956205291283, 63.60017780265758], [-1.7930538696917024, 3.038528504219788, 65.39618226977575], [-1.818662278529022, 3.2884063542832798, 67.19218673689393], [-1.8577287466877446, 3.5695897554817577, 68.98819120401211], [-1.9102532741678702, 3.882078707815223, 70.78419567113029]], "radius": [0.9828865556774383, 0.8620682398338748, 0.7685083910808159, 0.7064854638860742, 0.678368804262, 0.6845139316474687, 0.723277381572677, 0.791148177159807, 0.8829861929541083, 0.9796048131522354, 0.8417857005042706, 0.7369585020994623, 0.6722288153284315, 0.6512294801709726, 0.6738838914033165, 0.7364838862108596], "ref_radius": [1.9206093773697832, 1.903744579240563, 1.8868797811113427, 1.8700149829821224, 1.8531501848529022, 1.8362853867236817, 1.8194205885944614, 1.8025557904652412, 1.785690992336021, 1.7688261942068007, 1.7519613960775804, 1.7350965979483601, 1.7182317998191399, 1.7013670016899194, 1.6845022035606991, 1.6676374054314789], "length": 26.98367700675246, "seg_id": 4, "type": "Main", "parent": 2, "children": [5, 6]}, {"pos": [[-1.9102532741678702, 3.882078707815223, 70.78419567113029], [-0.9959724616132332, 4.251323494585635, 72.3398670328781], [-0.026238781122099708, 4.566694492956777, 73.89553839462592], [0.9989477673055308, 4.828191702928648, 75.45120975637374], [2.079587183669658, 5.035815124501246, 77.00688111812154], [3.2156794679702823, 5.1895647576745745, 78.56255247986935], [4.407224620207403, 5.2894406024486305, 80.11822384161718], [5.654222640381018, 5.335442658823417, 81.67389520336498], [6.956673528491135, 5.3275709267989315, 83.2295665651128], [8.314577284537746, 5.265825406375174, 84.78523792686062]], "radius": [0.8761921047459277, 0.8761921047459277, 0.8761921047459277, 0.8761921047459277, 0.8761921047459277, 0.8761921047459277, 0.8761921047459277, 0.8761921047459277, 0.8761921047459277, 0.8761921047459277], "ref_radius": [0.8761921047459277, 0.8761921047459277, 0.8761921047459277, 0.8761921047459277, 0.8761921047459277, 0.8761921047459277, 0.8761921047459277, 0.8761921047459277, 0.8761921047459277, 0.8761921047459277], "length": 17.392271246929255, "seg_id": 5, "type": "Side", "parent": 4,