{"case_id": "RCA_1247_bc2", "artery_type": "RCA", "segments": [{"pos": [[0.0, 0.0, 0.0], [-0.07551326619538548, -0.11235736659423735, 1.8695987132507779], [-0.13592387915169385, -0.2022432598696272, 3.7391974265015557], [-0.18123183886892513, -0.2696576798261696, 5.608796139752332], [-0.21143714534707933, -0.31460062646386455, 7.4783948530031115], [-0.22653979858615644, -0.337072099782712, 9.347993566253889], [-0.22653979858615644, -0.337072099782712, 11.217592279504665], [-0.21143714534707933, -0.31460062646386455, 13.087190992755446], [-0.18123183886892513, -0.2696576798261696, 14.956789706006221], [-0.13592387915169385, -0.20224325986962718, 16.826388419257], [-0.07551326619538541, -0.11235736659423726, 18.695987132507778], [0.0, 0.0, 20.565585845758555]], "radius": [2.079766534303493, 2.079766534303493, 2.079766534303493, 2.079766534303493, 2.0797582442304963, 1.855577029016896, 1.331443466653838, 0.8427187635481663, 0.702108149442094, 0.9995798091006254, 1.5447997097150985, 1.9889147787924468], "ref_radius": [2.079766534303493, 2.079766534303493, 2.079766534303493, 2.079766534303493, 2.079766534303493, 2.079766534303493, 2.079766534303493, 2.079766534303493, 2.079766534303493, 2.079766534303493, 2.079766534303493, 2.079766534303493], "length": 20.565585845758555, "seg_id": 0, "type": "Root", "parent": null, "children": [1, 2]}, {"pos": [[0.0, 0.0, 20.565585845758555], [0.9417111109960727, -0.06386548951056455, 22.122311314265804], [2.0455042315825906, -0.1254020391361125, 23.679036782773053], [3.3113793617595544, -0.1846096488766439, 25.235762251280303], [4.739336501526964, -0.24148831873215876, 26.79248771978755], [6.329375650884817, -0.29603804870265704, 28.3492131882948], [8.081496809833117, -0.34825883878813874, 29.90593865680205]], "radius": [1.4509672271461471, 1.4509672271461471, 1.4509672271461471, 1.4509672271461471, 1.4509672271461471, 1.4509672271461471, 1.4509672271461471], "ref_radius": [1.4509672271461471, 1.4509672271461471, 1.4509672271461471, 1.4509672271461471, 1.4509672271461471, 1.4509672271461471, 1.4509672271461471], "length": 12.356134733034644, "seg_id": 1, "type": "Side", "parent": 0, "children": []}, {"pos": [[0.0, 0.0, 20.565585845758555], [0.12884572145065695, -0.022830284822520856, 22.453424726954253], [0.25482423375786734, -0.02096349077132289, 24.34126360814994], [0.3779355369216312, 0.0056003821535939025, 26.22910248934563], [0.49817963094194856, 0.05686133395222952, 28.116941370541326], [0.6155565158188194, 0.13281936462458394, 30.004780251737024], [0.7300661915522436, 0.2334744741706572, 31.892619132932715], [0.8417086581422214, 0.3588266625904494, 33.780458014128406], [0.9504839155887524, 0.5088759298839602, 35.6682968953241], [1.056391963891837, 0.6836222760511897, 37.55613577651979], [1.1594328030514751, 0.8830657010921384, 39.443974657715486], [1.2596064330676668, 1.107206205006806, 41.33181353891118], [1.3569128539404118, 1.356043787795192, 43.21965242010687], [1.45135206566971, 1.629578449457297, 45.10749130130256]], "radius": [2.079766534303493, 2.062167440632918, 2.044568346962343, 2.026969253291768, 2.009370159621193, 1.9917710659506178, 1.9741719722800428, 1.9565728786094678, 1.9389737849388928, 1.9213746912683176, 1.9037755975977426, 1.8861765039271676, 1.8685774102565926, 1.8509783165860176], "ref_radius": [2.079766534303493, 2.062167440632918, 2.044568346962343, 2.026969253291768, 2.009370159621193, 1.9917710659506178, 1.9741719722800428, 1.9565728786094678, 1.9389737849388928, 1.9213746912683176, 1.9037755975977426, 1.8861765039271676, 1.8685774102565926, 1.8509783165860176], "length": 24.638731138805014, "seg_id": 2, "type": "Main", "parent": 0, "children": [3, 4]}, {"pos": [[1.45135206566971, 1.629578449457297, 45.10749130130256], [2.3060973453171614, 2.0392205380617554, 46.805935022541114], [3.346020004307385, 2.271804742223458, 48.504378743779675], [4.5711200426403815, 2.3273310619424046, 50.202822465018215], [5.98139746031615, 2.205799497218596, 51.90126618625678], [7.576852257334691, 1.9072100480520315, 53.599709907495324], [9.357484433696005, 1.431562714442711, 55.29815362873388]], "radius": [1.1787379104115414, 1.1787379104115414, 1.1787379104115414, 1.1787379104115414, 1.1787379104115414, 1.1787379104115414, 1.1787379104115414], "ref_radius": [1.1787379104115414, 1.1787379104115414, 1.1787379104115414, 1.1787379104115414, 1.1787379104115414, 1.1787379104115414, 1.1787379104115414], "length": 12.899447194503892, "seg_id": 3, "type": "Side", "parent": 2, "children": []}, {"pos": [[1.45135206566971, 1.629578449457297, 45.10749130130256], [1.1501065462821347, 1.1990059784462725, 46.98816640916895], [0.8956393744890773, 0.8603515603120577, 48.868841517035335], [0.6879505502905373, 0.6136151950546528, 50.74951662490173], [0.5270400736865147, 0.45879688267405727, 52.630191732768125], [0.41290794467700986, 0.39589662317027147, 54.510866840634506], [0.34555416326202276, 0.4249144165432953, 56.3915419485009], [0.3249787294415532, 0.5458502627931286, 58.27221705636728], [0.3511816432156013, 0.7587041619197721, 60.152892164233684], [0.42416290458416706, 1.063476113923225, 62.03356727210007]], "radius": [1.8333792229154426, 1.8164125603916532, 1.799445897867864, 1.7824792353440746, 1.7655125728202852, 1.748545910296496, 1.7315792477727066, 1.7146125852489174, 1.697645922725128, 1.6806792602013385], "ref_radius": [1.8333792229154426, 1.8164125603916532, 1.799445897867864, 1.7824792353440746, 1.7655125728202852, 1.748545910296496, 1.7315792477727066, 1.7146125852489174, 1.697645922725128, 1.6806792602013385], "length": 16.96666252378934, "seg_id": 4, "type": "Main", "parent": 2, "children": [5, 6]}, {"pos": [[0.42416290458416706, 1.063476113923225, 62.03356727210007], [1.5850093753301895, 1.0538704509005798, 63.4433224395186], [2.7534698903229504, 1.0348982509975508, 64.85307760693713], [3.9295444495624494, 1.006559514214138, 66.26283277435566], [5.113233053048689, 0.9688542405503414, 67.67258794177418], [6.304535700781665, 0.9217824300061608, 69.0823431091927], [7.50345239276138, 0.8653440825815962, 70.49209827661123], [8.709983128987837, 0.7995391982766481, 71.90185344402977], [9.92412790946103, 0.724367777091316, 73.31160861144829], [11.14588673418096, 0.6398298190256, 74.72136377886683], [12.375259603147631, 0.5459253240795001, 76.13111894628537], [13.612246516361042, 0.4426542922530163, 77.5408741137039], [14.85684747382119, 0.3300167235461487, 78.95062928112242], [16.109062475528077, 0.2080126179588973, 80.36038444854096], [17.368891521481704, 0.07664197549126184, 81.77013961595948]], "radius": [0.987451458804146, 0.987451458804146, 0.987451458804146, 0.987451458804146, 0.987451458804146, 0.987451458804146, 0.987451458804146, 0.987451458804146, 0.987451458804146, 0.987451458804146, 0.987451458804146, 0.987451458804146, 0.987451458804146, 0.987451458804146, 0.987451458804146], "ref_radius": [0.987451458804146, 0.987451458804146, 0.987451458804146, 0.987451458804146, 0.987451458804146, 0.987451458804146, 0.987451458804146, 0.987451458804146, 0.987451458804146, 0.987451458804146, 0.987451458804146, 0.987451458804146, 0.987451458804146, 0.987451458804146, 0.987451458804146], "length": 26.031326462581138, "seg_id": 5, "type": "Side", "parent": 4,