{"case_id": "RCA_1468_bc2", "artery_type": "RCA", "segments": [{"pos": [[0.0, 0.0, 0.0], [0.07066613448618933, -0.19192232554886549, 1.7597488868335347], [0.13348047625169093, -0.3625199482589681, 3.519497773667069], [0.18844302529650483, -0.5117928681303079, 5.279246660500603], [0.2355537816206311, -0.639741085162885, 7.038995547334139], [0.2748127452240696, -0.7463645993566992, 8.798744434167673], [0.3062199161068204, -0.8316634107117504, 10.558493321001208], [0.32977529426888347, -0.8956375192280388, 12.318242207834741], [0.3454788797102589, -0.9382869249055646, 14.077991094668276], [0.3533306724309467, -0.9596116277443275, 15.837739981501812], [0.3533306724309466, -0.9596116277443275, 17.597488868335347], [0.3454788797102589, -0.9382869249055646, 19.35723775516888], [0.3297752942688835, -0.8956375192280389, 21.116986642002416], [0.3062199161068205, -0.8316634107117507, 22.876735528835948], [0.2748127452240696, -0.7463645993566992, 24.636484415669486], [0.2355537816206311, -0.639741085162885, 26.396233302503024], [0.18844302529650492, -0.5117928681303081, 28.15598218933655], [0.13348047625169107, -0.3625199482589685, 29.915731076170086], [0.07066613448618939, -0.19192232554886565, 31.67547996300362], [0.0, 0.0, 33.43522884983716]], "radius": [1.915301413029089, 1.915301413029089, 1.915301413029089, 1.915301413029089, 1.8854757239057625, 1.7727802297702555, 1.590093480030839, 1.3605889103477016, 1.1133786998299318, 0.8798209514387267, 0.6895419816037238, 0.5666782833724366, 0.5268148622802786, 0.5750083106920036, 0.705145389537976, 0.9007184800229446, 1.1369195408648665, 1.2745744120557185, 1.0492021430793197, 0.8435346635307359], "ref_radius": [1.915301413029089, 1.915301413029089, 1.915301413029089, 1.915301413029089, 1.915301413029089, 1.915301413029089, 1.915301413029089, 1.915301413029089, 1.915301413029089, 1.915301413029089, 1.915301413029089, 1.915301413029089, 1.915301413029089, 1.915301413029089, 1.915301413029089, 1.915301413029089, 1.915301413029089, 1.915301413029089, 1.915301413029089, 1.915301413029089], "length": 33.43522884983716, "seg_id": 0, "type": "Root", "parent": null, "children": [1, 2]}, {"pos": [[0.0, 0.0, 33.43522884983716], [1.0603292768577348, -0.3401253908479492, 35.011384643025245], [2.101310482863471, -0.6389406830496304, 36.58754043621333], [3.12294361801721, -0.8964458766050432, 38.1636962294014], [4.12522868231895, -1.1126409715141878, 39.73985202258949], [5.108165675768691, -1.2875259677770645, 41.31600781577757], [6.071754598366436, -1.4211008653936732, 42.892163608965646], [7.015995450112181, -1.5133656643640134, 44.46831940215374], [7.94088823100593, -1.5643203646880854, 46.04447519534182], [8.846432941047679, -1.5739649663658895, 47.620630988529896], [9.732629580237429, -1.5422994693974255, 49.19678678171798]], "radius": [1.2997053471467026, 1.2997053471467026, 1.2997053471467026, 1.2997053471467026, 1.2997053471467026, 1.2997053471467026, 1.2997053471467026, 1.2997053471467026, 1.2997053471467026, 1.2997053471467026, 1.2997053471467026], "ref_radius": [1.2997053471467026, 1.2997053471467026, 1.2997053471467026, 1.2997053471467026, 1.2997053471467026, 1.2997053471467026, 1.2997053471467026, 1.2997053471467026, 1.2997053471467026, 1.2997053471467026, 1.2997053471467026], "length": 18.58842313482915, "seg_id": 1, "type": "Side", "parent": 0, "children": []}, {"pos": [[0.0, 0.0, 33.43522884983716], [-0.015951706042941577, -0.35069134775774086, 35.340231001796475], [-0.010997862520996785, -0.7003324269372034, 37.24523315375581], [0.014861530565834391, -1.048923237538388, 39.15023530571513], [0.061626473217551936, -1.396463779561294, 41.05523745767445], [0.12929696543415584, -1.7429540530059215, 42.960239609633774], [0.21787300721564618, -2.0883940578722715, 44.86524176159309], [0.3273545985620227, -2.4327837941603425, 46.770243913552406], [0.4577417394732859, -2.7761232618701355, 48.67524606551173], [0.6090344299494354, -3.1184124610016504, 50.58024821747105], [0.781232669990471, -3.4596513915548863, 52.485250369430375], [0.9743364595963933, -3.799840053529845, 54.3902525213897], [1.188345798767202, -4.138978446926525, 56.29525467334902]], "radius": [0.6800228050464241, 0.5711294992869851, 0.5341415588453338, 0.570477332796856, 0.6735617117133805, 0.8296917355323413, 1.0017277568542893, 0.8568027696224328, 0.7617100302503705, 0.7250137863707833, 0.7483296010199968, 0.826274730325351, 0.9472346087382976], "ref_radius": [1.915301413029089, 1.897407509915928, 1.879513606802767, 1.8616197036896058, 1.8437258005764448, 1.825831897463284, 1.8079379943501228, 1.7900440912369617, 1.7721501881238007, 1.7542562850106396, 1.7363623818974785, 1.7184684787843176, 1.7005745756711566], "length": 23.262074047109365, "seg_id": 2, "type": "Main", "parent": 0, "children": [3, 4]}, {"pos": [[1.188345798767202, -4.138978446926525, 56.29525467334902], [2.230801275907725, -4.422783984227001, 57.85516043284151], [3.258220609510112, -4.6956967913355925, 59.41506619233399], [4.270603799574363, -4.957716868252297, 60.97497195182648], [5.267950846100477, -5.208844214977117, 62.53487771131898], [6.250261749088454, -5.449078831510049, 64.09478347081146], [7.217536508538295, -5.678420717851097, 65.65468923030396], [8.169775124449998, -5.896869874000259, 67.21459498979644], [9.106977596823567, -6.104426299957535, 68.77450074928893], [10.029143925659, -6.301089995722926, 70.33440650878143], [10.936274110956294, -6.48686096129643, 71.89431226827391], [11.828368152715452, -6.661739196678049, 73.4542180277664]], "radius": [1.1973973548726655, 1.1973973548726655, 1.1973973548726655, 1.1973973548726655, 1.1973973548726655, 1.1973973548726655, 1.1973973548726655, 1.1973973548726655, 1.1973973548726655, 1.1973973548726655, 1.1973973548726655, 1.1973973548726655], "ref_radius": [1.1973973548726655, 1.1973973548726655, 1.1973973548726655, 1.1973973548726655, 1.1973973548726655, 1.1973973548726655, 1.1973973548726655, 1.1973973548726655, 1.1973973548726655, 1.1973973548726655, 1.1973973548726655, 1.1973973548726655], "length": 20.347098586561273, "seg_id": 3, "type": "Side", "parent": 2, "children": []}, {"pos": [[1.188345798767202, -4.138978446926525, 56.29525467334902], [1.0857360581785613, -4.468579615566874, 58.091112464711756], [0.9893106877221989, -4.80118136975103, 59.88697025607447], [0.8990696873981148, -5.136783709478996, 61.682828047437205], [0.8150130572063091, -5.475386634750772, 63.47868583879993], [0.737140797146782, -5.816990145566356, 65.27454363016267], [0.665452907219533, -6.161594241925748, 67.07040142152539], [0.5999493874245625, -6.50919892382895, 68.86625921288812], [0.5406302377618704, -6.85980419127596, 70.66211700425085], [0.48749545823145657, -7.213410044266778, 72.45797479561357], [0.44054504883332113, -7.570016482801406, 74.2538325869763], [0.3997790095674641, -7.929623506879844, 76.04969037833902], [0.36519734043388546, -8.292231116502089, 77.84554816970176], [0.33680004143258513, -8.657839311668143, 79.64140596106448]], "radius": [1.0948398635840384, 1.2506413184239347, 1.3945394591797515, 1.5087103860944266, 1.5791426277005682, 1.5971890347034126, 1.580703362929267, 1.5637071446578124, 1.5467109263863577, 1.529714708114903, 1.512718489843448, 1.4957222715719933, 1.4787260533005386, 1.461729835029084], "ref_radius": [1.6826806725579955, 1.6656844542865408, 1.648688236015086, 1.6316920177436314, 1.6146957994721765, 1.5976995812007218, 1.580703362929267, 1.5637071446578124, 1.5467109263863577, 1.529714708114903, 1.512718489843448, 1.4957222715719933, 1.4787260533005386, 1.461729835029084], "length": 23.794705580036627, "seg_id": 4, "type": "Main", "parent": 2,