{"case_id": "RCA_1340_bc6", "artery_type": "RCA", "segments": [{"pos": [[0.0, 0.0, 0.0], [-0.21409724254889348, 0.20911290626364867, 1.8783982734468865], [-0.3952564477825726, 0.38605459617904364, 3.7567965468937725], [-0.5434776157010373, 0.530825069746185, 5.635194820340659], [-0.6587607463042876, 0.6434243269650728, 7.513593093787545], [-0.7411058395923235, 0.7238523678357068, 9.39199136723443], [-0.790512895565145, 0.7721091923580872, 11.270389640681316], [-0.8069819142227523, 0.7881948005322141, 13.148787914128205], [-0.7905128955651451, 0.7721091923580873, 15.02718618757509], [-0.7411058395923236, 0.7238523678357068, 16.905584461021974], [-0.6587607463042877, 0.6434243269650729, 18.78398273446886], [-0.5434776157010374, 0.530825069746185, 20.66238100791575], [-0.3952564477825727, 0.3860545961790438, 22.540779281362635], [-0.21409724254889373, 0.20911290626364887, 24.419177554809522], [0.0, 0.0, 26.29757582825641]], "radius": [2.143266093311703, 2.122233840261326, 2.0526920759261524, 1.9395693296319025, 1.791182911921533, 1.6184428825034938, 1.434049891909483, 1.2515613705852373, 1.0843947235363829, 0.9448408202960341, 0.8431603130208536, 0.7868292256129945, 0.7799892816651195, 0.8231433856749932, 0.9131186471673476], "ref_radius": [2.143266093311703, 2.143266093311703, 2.143266093311703, 2.143266093311703, 2.143266093311703, 2.143266093311703, 2.143266093311703, 2.143266093311703, 2.143266093311703, 2.143266093311703, 2.143266093311703, 2.143266093311703, 2.143266093311703, 2.143266093311703, 2.143266093311703], "length": 26.29757582825641, "seg_id": 0, "type": "Root", "parent": null, "children": [1, 2]}, {"pos": [[0.0, 0.0, 26.29757582825641], [1.170220067428259, -0.05937407493592023, 27.780237238325185], [2.328420966405825, -0.11269589318897673, 29.262898648393957], [3.474602696932699, -0.1599654547591695, 30.745560058462733], [4.608765259008878, -0.20118275964649848, 32.22822146853151], [5.730908652634366, -0.2363478078509638, 33.71088287860028], [6.841032877809161, -0.26546059937256533, 35.19354428866905], [7.939137934533262, -0.28852113421130315, 36.676205698737824], [9.02522382280667, -0.30552941236717723, 38.1588671088066], [10.099290542629387, -0.3164854338401875, 39.641528518875376], [11.16133809400141, -0.32138919863033416, 41.12418992894415], [12.211366476922738, -0.320240706737617, 42.60685133901292], [13.249375691393379, -0.3130399581620361, 44.0895127490817], [14.275365737413322, -0.2997869529035916, 45.572174159150464], [15.289336614982574, -0.2804816909622832, 47.05483556921924], [16.29128832410113, -0.25512417233811113, 48.537496979288015]], "radius": [1.3532310137741774, 1.3532310137741774, 1.3532310137741774, 1.3532310137741774, 1.3532310137741774, 1.3532310137741774, 1.3532310137741774, 1.3532310137741774, 1.3532310137741774, 1.3532310137741774, 1.3532310137741774, 1.3532310137741774, 1.3532310137741774, 1.3532310137741774, 1.3532310137741774, 1.3532310137741774], "ref_radius": [1.3532310137741774, 1.3532310137741774, 1.3532310137741774, 1.3532310137741774, 1.3532310137741774, 1.3532310137741774, 1.3532310137741774, 1.3532310137741774, 1.3532310137741774, 1.3532310137741774, 1.3532310137741774, 1.3532310137741774, 1.3532310137741774, 1.3532310137741774, 1.3532310137741774, 1.3532310137741774], "length": 27.569643748267914, "seg_id": 1, "type": "Side", "parent": 0, "children": []}, {"pos": [[0.0, 0.0, 26.29757582825641], [0.19729115916506434, -0.06313821142042694, 28.16131335911376], [0.37428543242472223, -0.15968388769308034, 30.025050889971105], [0.5309828197789737, -0.2896370288179602, 31.888788420828448], [0.6673833212278184, -0.45299763479506644, 33.75252595168579], [0.7834869367712569, -0.6497657056243991, 35.61626348254314], [0.8792936664092889, -0.8799412413059584, 37.48000101340048], [0.9548035101419143, -1.143524241839744, 39.34373854425783], [1.0100164679691332, -1.440514707225756, 41.20747607511518], [1.0449325398909457, -1.7709126374639943, 43.07121360597252], [1.0595517259073517, -2.134718032554459, 44.934951136829866]], "radius": [1.043299666361584, 1.1945185842493458, 1.174361344511355, 0.9665206281409882, 0.8289382025930914, 0.7782536240033286, 0.8185429353957796, 0.9409464192573609, 1.1251357117765124, 1.3102864848520963, 1.104996496056434], "ref_radius": [2.143266093311703, 2.126185065478349, 2.109104037644995, 2.0920230098116415, 2.0749419819782875, 2.0578609541449335, 2.0407799263115796, 2.0236988984782256, 2.006617870644872, 1.9895368428115179, 1.9724558149781641], "length": 18.78913061668927, "seg_id": 2, "type": "Main", "parent": 0, "children": [3, 4]}, {"pos": [[1.0595517259073517, -2.134718032554459, 44.934951136829866], [2.5744417309816656, -2.217663094917633, 46.40178834146746], [4.039285695693645, -2.29112496998635, 47.868625546105065], [5.454083620043289, -2.3551036577606093, 49.33546275074266], [6.818835504030599, -2.4095991582404124, 50.802299955380256], [8.133541347655571, -2.454611471425757, 52.269137160017856], [9.398201150918212, -2.490140597316645, 53.73597436465545], [10.612814913818514, -2.516186535913076, 55.20281156929305], [11.777382636356485, -2.5327492872150494, 56.669648773930646], [12.891904318532116, -2.5398288512225657, 58.13648597856824], [13.956379960345416, -2.537425227935625, 59.603323183205845], [14.97080956179638, -2.525538417354227, 61.07016038784344], [15.935193122885009, -2.5041684194783715, 62.536997592481036]], "radius": [1.2931098899552096, 1.2931098899552096, 1.2931098899552096, 1.2931098899552096, 1.2931098899552096, 1.2931098899552096, 1.2931098899552096, 1.2931098899552096, 1.2931098899552096, 1.2931098899552096, 1.2931098899552096, 1.2931098899552096, 1.2931098899552096], "ref_radius": [1.2931098899552096, 1.2931098899552096, 1.2931098899552096, 1.2931098899552096, 1.2931098899552096, 1.2931098899552096, 1.2931098899552096, 1.2931098899552096, 1.2931098899552096, 1.2931098899552096, 1.2931098899552096, 1.2931098899552096, 1.2931098899552096], "length": 23.04893142830651, "seg_id": 3, "type": "Side", "parent": 2, "children": []}, {"pos": [[1.0595517259073517, -2.134718032554459, 44.934951136829866], [0.9476827824294529, -1.9322665481186378, 46.87221914102829], [0.8952092492954895, -1.7599434151688231, 48.80948714522672], [0.9021311265054612, -1.617748633705014, 50.746755149425134], [0.9684484140593685, -1.5056822037272115, 52.684023153623556], [1.094161111957211, -1.423744125235415, 54.62129115782198], [1.279269220198989, -1.3719343982296253, 56.5585591620204], [1.523772738784702, -1.3502530227098415, 58.495827166218824], [1.827671667714351, -1.3586999986760642, 60.43309517041725], [2.190966006987934, -1.3972753261282929, 62.37036317461567], [2.6136557566054535, -1.465979005066528, 64.30763117881409]], "radius": [0.945566802616393, 0.8513988761179718, 0.8329724250713466, 0.889715533563842, 1.0106123839128733, 1.1759272212840974, 1.3601125547503448, 1.5354741576366975, 1.6760674214435123, 1.7612768965824408, 1.7785891665780031], "ref_radius": [1.9553747871448102, 1.9376962250881296, 1.9200176630314487, 1.902339100974768, 1.8846605389180873, 1.8669819768614067, 1.849303414804726, 1.8316248527480452, 1.8139462906913646, 1.796267728634684, 1.7785891665780031], "length": 19.446418262348764, "seg_id": 4, "type": "Main", "parent": 2, "children": [5, 6]}, {"pos": [[2.6136557566054535, -1.465979005066528, 64.30763117881409], [3.875116666526806, -1.4395115747317095, 65.81240041606324], [5.149741633475506, -1.3557300225516695, 67.31716965331239], [6.437530657451553, -1.214634348526407, 68.82193889056154], [7.738483738454951, -1.0162245526559233, 70.32670812781068], [9.052600876485695, -0.7605006349402178, 71.83147736505984], [10.379882071543788, -0.44746259537929023, 73.33624660230898], [11.720327323629228, -0.07711043397314077, 74.84101583955812]], "radius": [0.9622147204124697, 0.9622147204124697, 0.9622147204124697, 0.9622147204124697, 0.9622147204124697, 0.9622147204124697, 0.9622147204124697, 0.9622147204124697],