{"case_id": "RCA_6608_bc0", "artery_type": "RCA", "segments": [{"pos": [[0.0, 0.0, 0.0], [-0.09178222401142934, -0.3518767616002338, 1.9843523962891072], [-0.16316839824254106, -0.6255586872893046, 3.968704792578215], [-0.21415852269333513, -0.8210457770672123, 5.953057188867321], [-0.24475259736381152, -0.9383380309339567, 7.937409585156428], [-0.25495062225397036, -0.9774354488895383, 9.921761981445535], [-0.24475259736381152, -0.9383380309339567, 11.906114377734642], [-0.21415852269333507, -0.821045777067212, 13.89046677402375], [-0.163168398242541, -0.6255586872893044, 15.874819170312858], [-0.09178222401142931, -0.35187676160023373, 17.859171566601965], [0.0, 0.0, 19.84352396289107]], "radius": [2.3007590485338842, 2.3007590485338842, 2.3007590485338842, 2.3007590485338842, 2.3007590485338842, 2.3007590485338842, 2.3007590485338842, 2.3007590485338842, 2.3007590485338842, 2.3007590485338842, 2.3007590485338842], "ref_radius": [2.3007590485338842, 2.3007590485338842, 2.3007590485338842, 2.3007590485338842, 2.3007590485338842, 2.3007590485338842, 2.3007590485338842, 2.3007590485338842, 2.3007590485338842, 2.3007590485338842, 2.3007590485338842], "length": 19.84352396289107, "seg_id": 0, "type": "Root", "parent": null, "children": [1, 2]}, {"pos": [[0.0, 0.0, 19.84352396289107], [0.9599101874027097, -0.24449213576474002, 21.362204185543593], [1.9417327942217444, -0.4506173201753881, 22.880884408196113], [2.9454678204571043, -0.6183755532319442, 24.399564630848634], [3.9711152661087894, -0.7477668349344083, 25.918244853501154], [5.018675131176798, -0.8387911652827804, 27.436925076153674], [6.088147415661134, -0.8914485442770606, 28.955605298806194], [7.179532119561795, -0.9057389719172488, 30.474285521458718], [8.292829242878781, -0.8816624482033452, 31.99296574411124], [9.42803878561209, -0.8192189731353494, 33.51164596676376], [10.585160747761726, -0.7184085467132618, 35.030326189416286], [11.764195129327687, -0.5792311689370823, 36.549006412068806], [12.965141930309974, -0.40168683980681064, 38.067686634721326], [14.188001150708587, -0.18577555932244724, 39.58636685737385], [15.432772790523522, 0.06850267251600857, 41.10504708002637]], "radius": [1.4163689182705241, 1.4163689182705241, 1.4163689182705241, 1.4163689182705241, 1.4163689182705241, 1.4163689182705241, 1.4163689182705241, 1.4163689182705241, 1.4163689182705241, 1.4163689182705241, 1.4163689182705241, 1.4163689182705241, 1.4163689182705241, 1.4163689182705241, 1.4163689182705241], "ref_radius": [1.4163689182705241, 1.4163689182705241, 1.4163689182705241, 1.4163689182705241, 1.4163689182705241, 1.4163689182705241, 1.4163689182705241, 1.4163689182705241, 1.4163689182705241, 1.4163689182705241, 1.4163689182705241, 1.4163689182705241, 1.4163689182705241, 1.4163689182705241, 1.4163689182705241], "length": 26.27218174953393, "seg_id": 1, "type": "Side", "parent": 0, "children": []}, {"pos": [[0.0, 0.0, 19.84352396289107], [-0.4592282817744136, -0.23961221081556078, 21.82042699595043], [-0.8796359686865387, -0.3815969008728002, 23.797330029009796], [-1.261223060736375, -0.4259540701717183, 25.774233062069158], [-1.603989557923923, -0.3726837187123151, 27.751136095128523], [-1.907935460249182, -0.2217858464945906, 29.72803912818788], [-2.173060767712153, 0.026739546481455267, 31.704942161247242], [-2.399365480312835, 0.3728924602158224, 33.681845194306604], [-2.5868495980512285, 0.8166728947085109, 35.65874822736597]], "radius": [2.3007590485338842, 2.282929953710627, 2.145759812019978, 1.7573266978651516, 1.2542645937942751, 0.8138564136601028, 0.5882134220517301, 0.6503700466002225, 0.9694783113529761], "ref_radius": [2.3007590485338842, 2.282929953710627, 2.26510085888737, 2.2472717640641124, 2.2294426692408553, 2.211613574417598, 2.193784479594341, 2.1759553847710835, 2.1581262899478264], "length": 16.0461853409315, "seg_id": 2, "type": "Main", "parent": 0, "children": [3, 4]}, {"pos": [[-2.5868495980512285, 0.8166728947085109, 35.65874822736597], [-1.8433549088068417, 0.7495524395673865, 37.18880298568653], [-1.0043783404443105, 0.768386777957343, 38.71885774400709], [-0.06991989296363443, 0.8731759098783806, 40.248912502327656], [0.9600204336351863, 1.063919835330499, 41.778967260648216], [2.085442639352152, 1.3406185543136986, 43.309022018968776], [3.3063467241872617, 1.7032720668279786, 44.839076777289335], [4.622732688140517, 2.15188037287334, 46.369131535609895], [6.034600531211916, 2.686443472449782, 47.89918629393046]], "radius": [1.2892131691434388, 1.2892131691434388, 1.2892131691434388, 1.2892131691434388, 1.2892131691434388, 1.2892131691434388, 1.2892131691434388, 1.2892131691434388, 1.2892131691434388], "ref_radius": [1.2892131691434388, 1.2892131691434388, 1.2892131691434388, 1.2892131691434388, 1.2892131691434388, 1.2892131691434388, 1.2892131691434388, 1.2892131691434388, 1.2892131691434388], "length": 15.088199640983, "seg_id": 3, "type": "Side", "parent": 2, "children": []}, {"pos": [[-2.5868495980512285, 0.8166728947085109, 35.65874822736597], [-2.7936224820305346, 1.2219495568487284, 37.385603336840404], [-3.0085001278012253, 1.627253312164778, 39.11245844631483], [-3.2314825353633023, 2.0325841606566604, 40.83931355578925], [-3.4625697047167665, 2.4379421023243757, 42.56616866526369], [-3.7017616358616174, 2.8433271371679236, 44.29302377473813], [-3.949058328797853, 3.2487392651873037, 46.01987888421255], [-4.204459783525474, 3.6541784863825164, 47.74673399368697], [-4.467966000044482, 4.059644800753562, 49.47358910316141], [-4.739576978354878, 4.4651382083004405, 51.200444212635844], [-5.019292718456658, 4.87065870902315, 52.92729932211027], [-5.307113220349823, 5.276206302921695, 54.6541544315847], [-5.603038484034376, 5.68178098999607, 56.38100954105913], [-5.907068509510314, 6.087382770246278, 58.10786465053356], [-6.219203296777638, 6.49301164367232, 59.834719760007985], [-6.53944284583635, 6.8986676102741935, 61.56157486948243], [-6.867787156686446, 7.3043506700519, 63.28842997895685], [-7.204236229327929, 7.7100608230054375, 65.01528508843128], [-7.548790063760798, 8.11579806913481, 66.74214019790571], [-7.9014486599850535, 8.521562408440014, 68.46899530738014]], "radius": [1.4234983510479982, 1.8449162069715868, 2.079710548246543, 2.08911833378628, 2.072058713340183, 2.0549990928940867, 2.0379394724479902, 2.020879852001894, 2.0038202315557974, 1.9867606111097007, 1.9352293770962143, 1.4442031222992888, 0.7661854048834129, 0.448962228744737, 0.7363851086453692, 1.3747221168367014, 1.828486946319744, 1.8502836475409286, 1.8332240270948321, 1.8161644066487357], "ref_radius": [2.1402971951245693, 2.123237574678473, 2.1061779542323764, 2.08911833378628, 2.072058713340183, 2.0549990928940867, 2.0379394724479902, 2.020879852001894, 2.0038202315557974, 1.9867606111097007, 1.9697009906636043, 1.9526413702175076, 1.9355817497714112, 1.9185221293253147, 1.9014625088792183, 1.8844028884331216, 1.8673432679870252, 1.8502836475409286, 1.8332240270948321, 1.8161644066487357], "length": 34.11924089219301, "seg_id": 4, "type": "Main", "parent": 2, "children": [5, 6]}, {"pos": [[-7.9014486599850535, 8.521562408440014, 68.46899530738014], [-6.73978231808079, 8.464094391860614, 69.95863208135314], [-5.557719104831669, 8.464530015751201, 71.44826885532613], [-4.355259020237694, 8.522869280111777, 72.93790562929915], [-3.132402064298863, 8.63911218494234, 74.42754240327216], [-1.8891482370151744, 8.813258730242888, 75.91717917724516], [-0.6254975383866308, 9.045308916013424, 77.40681595121816], [0.6585500315867701, 9.335262742253947, 78.89645272519115], [1.9629944729050273, 9.683120208964457, 80.38608949916416], [3.2878357855681415, 10.088881316144956, 81.87572627313716], [4.6330739695761105, 10.55254606379544, 83.36536304711016], [5.998709024928935, 11.07411445191591, 84.85499982108317]],