{"case_id": "RCA_1073_bc7", "artery_type": "RCA", "segments": [{"pos": [[0.0, 0.0, 0.0], [-0.24699838275381514, 0.18054352465320028, 1.8102994383280733], [-0.4587112822570853, 0.33529511721308625, 3.620598876656147], [-0.6351386985098105, 0.46425477767965795, 5.430898314984221], [-0.7762806315119906, 0.5674225060529152, 7.241197753312294], [-0.8821370812636256, 0.6447983023328582, 9.051497191640367], [-0.9527080477647155, 0.6963821665194868, 10.86179662996844], [-0.9879935310152606, 0.7221740986128011, 12.672096068296513], [-0.9879935310152606, 0.7221740986128011, 14.482395506624586], [-0.9527080477647155, 0.6963821665194868, 16.292694944952657], [-0.8821370812636256, 0.6447983023328582, 18.102994383280734], [-0.7762806315119907, 0.5674225060529153, 19.913293821608804], [-0.6351386985098103, 0.4642547776796578, 21.72359325993688], [-0.4587112822570852, 0.3352951172130862, 23.533892698264957], [-0.24699838275381508, 0.18054352465320023, 25.344192136593026], [0.0, 0.0, 27.1544915749211]], "radius": [2.1553532072849406, 2.1553532072849406, 2.1553532072849406, 2.1553318661420624, 2.1206056382647516, 2.0228377007401477, 1.8707224891648808, 1.677787504924325, 1.4611903237768358, 1.2401927844149276, 1.034448046367639, 0.8622528480094276, 0.7389203901715762, 0.6754185437000424, 0.6773944842271749, 0.744672492717767], "ref_radius": [2.1553532072849406, 2.1553532072849406, 2.1553532072849406, 2.1553532072849406, 2.1553532072849406, 2.1553532072849406, 2.1553532072849406, 2.1553532072849406, 2.1553532072849406, 2.1553532072849406, 2.1553532072849406, 2.1553532072849406, 2.1553532072849406, 2.1553532072849406, 2.1553532072849406, 2.1553532072849406], "length": 27.1544915749211, "seg_id": 0, "type": "Root", "parent": null, "children": [1, 2]}, {"pos": [[0.0, 0.0, 27.1544915749211], [1.504586640551491, 0.38838066675852223, 28.729502095951393], [2.9300046036757657, 0.6932235463991143, 30.304512616981693], [4.276253889372824, 0.9145286389217763, 31.879523138011997], [5.543334497642666, 1.0522959443265079, 33.45453365904229], [6.731246428485292, 1.1065254626133094, 35.02954418007259], [7.839989681900702, 1.0772171937821806, 36.604554701102884], [8.869564257888895, 0.9643711378331218, 38.17956522213318], [9.819970156449873, 0.7679872947661326, 39.75457574316347], [10.691207377583634, 0.4880656645812132, 41.32958626419377]], "radius": [1.2094462948419378, 1.2094462948419378, 1.2094462948419378, 1.2094462948419378, 1.2094462948419378, 1.2094462948419378, 1.2094462948419378, 1.2094462948419378, 1.2094462948419378, 1.2094462948419378], "ref_radius": [1.2094462948419378, 1.2094462948419378, 1.2094462948419378, 1.2094462948419378, 1.2094462948419378, 1.2094462948419378, 1.2094462948419378, 1.2094462948419378, 1.2094462948419378, 1.2094462948419378], "length": 17.761571797937485, "seg_id": 1, "type": "Side", "parent": 0, "children": []}, {"pos": [[0.0, 0.0, 27.1544915749211], [0.10316788853533256, -0.1185153203979564, 28.992051725087414], [0.20819814371410958, -0.22947811780069138, 30.829611875253725], [0.3150907655363311, -0.332888392208205, 32.667172025420044], [0.4238457540019971, -0.4287461436204973, 34.50473217558636], [0.5344631091111076, -0.5170513720375682, 36.34229232575267], [0.6469428308636627, -0.5978040774594177, 38.17985247591899], [0.7612849192596622, -0.6710042598860458, 40.01741262608531], [0.8774893742991063, -0.7366519193174526, 41.85497277625163], [0.9955561959819947, -0.794747055753638, 43.69253292641794], [1.1154853843083279, -0.8452896691946021, 45.530093076584265], [1.2372769392781056, -0.8882797596403448, 47.367653226750576], [1.3609308608913273, -0.9237173270908661, 49.20521337691689], [1.4864471491479938, -0.951602371546166, 51.042773527083206], [1.6138258040481048, -0.9719348930062446, 52.880333677249524], [1.7430668255916602, -0.9847148914711017, 54.717893827415836], [1.8741702137786604, -0.9899423669407376, 56.55545397758216], [2.007135968609105, -0.987617319415152, 58.39301412774847]], "radius": [0.8712695820422824, 1.0374842683063341, 0.8473386671903684, 0.629772829564891, 0.48534091665931833, 0.427475595723942, 0.4599166650825963, 0.5764612370893134, 0.7618086026784996, 0.9933889881143056, 1.0731862469853524, 0.8869711752991065, 0.766011162791375, 0.7238032260669232, 0.7630115011896632, 0.8752999208243952, 1.042651134704483, 1.2399673848843478], "ref_radius": [2.1553532072849406, 2.137954033240673, 2.1205548591964054, 2.103155685152138, 2.08575651110787, 2.0683573370636026, 2.050958163019335, 2.0335589889750674, 2.0161598149307998, 1.9987606408865322, 1.9813614668422646, 1.963962292797997, 1.9465631187537296, 1.929163944709462, 1.9117647706651941, 1.8943655966209267, 1.8769664225766591, 1.8595672485323915], "length": 31.318513279681675, "seg_id": 2, "type": "Main", "parent": 0, "children": [3, 4]}, {"pos": [[2.007135968609105, -0.987617319415152, 58.39301412774847], [3.501700611744413, -1.1140463082507728, 60.04116787107402], [4.965061402570891, -1.265978636886902, 61.689321614399574], [6.397218341088538, -1.4434143053235395, 63.33747535772511], [7.798171427297357, -1.6463533135606858, 64.98562910105068], [9.167920661197345, -1.8747956615983403, 66.63378284437621], [10.506466042788503, -2.1287413494365035, 68.28193658770176]], "radius": [1.2101030125580767, 1.2101030125580767, 1.2101030125580767, 1.2101030125580767, 1.2101030125580767, 1.2101030125580767, 1.2101030125580767], "ref_radius": [1.2101030125580767, 1.2101030125580767, 1.2101030125580767, 1.2101030125580767, 1.2101030125580767, 1.2101030125580767, 1.2101030125580767], "length": 13.089368326268124, "seg_id": 3, "type": "Side", "parent": 2, "children": []}, {"pos": [[2.007135968609105, -0.987617319415152, 58.39301412774847], [1.7688315478261285, -1.1349204810681923, 60.39929243051555], [1.6007738616376723, -1.3684345701966314, 62.405570733282644], [1.5029629100437365, -1.6881595868004706, 64.41184903604973], [1.4753986930443208, -2.0940955308797085, 66.41812733881682], [1.5180812106394255, -2.586242402434346, 68.4244056415839], [1.6310104628290503, -3.164600201464383, 70.43068394435097], [1.8141864496131954, -3.829168927969819, 72.43696224711806], [2.0676091709918607, -4.579948581950655, 74.44324054988515]], "radius": [1.4385793751755827, 1.6094003146108198, 1.7289196250417844, 1.7804190511674634, 1.7690683429711827, 1.7507934100919473, 1.732518477212712, 1.7142435443334767, 1.6959686114542414], "ref_radius": [1.842168074488124, 1.8238931416088886, 1.8056182087296533, 1.787343275850418, 1.7690683429711827, 1.7507934100919473, 1.732518477212712, 1.7142435443334767, 1.6959686114542414], "length": 16.447439591311788, "seg_id": 4, "type": "Main", "parent": 2, "children": [5, 6]}, {"pos": [[2.0676091709918607, -4.579948581950655, 74.44324054988515], [3.4738730373014777, -4.71472248007791, 75.78321260046553], [4.85947642140622, -4.9121269044688765, 77.1231846510459], [6.224419323306087, -5.172161855123557, 78.46315670162629], [7.56870174300108, -5.4948273320419485, 79.80312875220667], [8.892323680491195, -5.880123335224054, 81.14310080278706], [10.195285135776437, -6.32804986466987, 82.48307285336743], [11.477586108856805, -6.8386069203794, 83.82304490394782], [12.739226599732296, -7.411794502352642, 85.1630169545282], [13.980206608402915, -8.047612610589598, 86.50298900510859], [15.200526134868657, -8.746061245090264, 87.84296105568897], [16.400185179129522, -9.507140405854642, 89.18293310626936]], "radius": [1.1989441479283436, 1.1989441479283436, 1.1989441479283436, 1.1989441479283436, 1.1989441479283436, 1.1989441479283436, 1.1989441479283436, 1.1989441479283436, 1.1989441479283436, 1.1989441479283436, 1.1989441479283436, 1.1989441479283436], "ref_radius": [1.1989441479283436, 1.1989441479283436, 1.1989441479283436, 1.1989441479283436, 1.1989441479283436, 1.1989441479283436, 1.1989441479283436, 1.1989441479283436, 1.1989441479283436, 1.1989441479283436, 1.1989441479283436, 1.1989441479283436], "length": 21.141392833853637, "seg_id": 5, "type": "Side", "parent": 4,