{"case_id": "RCA_2271_bc2", "artery_type": "RCA", "segments": [{"pos": [[0.0, 0.0, 0.0], [-0.20472340752812318, 0.2331697406659466, 1.8230578593739382], [-0.3753262471348925, 0.42747785788756876, 3.6461157187478763], [-0.511808518820308, 0.5829243516648664, 5.469173578121814], [-0.6141702225843696, 0.6995092219978398, 7.292231437495753], [-0.6824113584270773, 0.7772324688864887, 9.11528929686969], [-0.7165319263484311, 0.8160940923308131, 10.93834715624363], [-0.7165319263484311, 0.8160940923308131, 12.76140501561757], [-0.6824113584270772, 0.7772324688864887, 14.584462874991505], [-0.6141702225843696, 0.6995092219978398, 16.40752073436544], [-0.511808518820308, 0.5829243516648664, 18.23057859373938], [-0.37532624713489227, 0.4274778578875685, 20.05363645311332], [-0.20472340752812307, 0.23316974066594648, 21.87669431248726], [0.0, 0.0, 23.699752171861196]], "radius": [2.3824104748156243, 2.3824092542637496, 2.3420240818601976, 2.2259479300302227, 2.046274613292147, 1.821724047255381, 1.5756918463749123, 1.333811767077656, 1.1212849619568064, 0.9602543063642974, 0.867497362700304, 0.8526783492755947, 0.9173412387053674, 1.0547488935272435], "ref_radius": [2.3824104748156243, 2.3824104748156243, 2.3824104748156243, 2.3824104748156243, 2.3824104748156243, 2.3824104748156243, 2.3824104748156243, 2.3824104748156243, 2.3824104748156243, 2.3824104748156243, 2.3824104748156243, 2.3824104748156243, 2.3824104748156243, 2.3824104748156243], "length": 23.699752171861196, "seg_id": 0, "type": "Root", "parent": null, "children": [1, 2]}, {"pos": [[0.0, 0.0, 23.699752171861196], [1.2899992399260354, 0.32319511038577414, 25.204251238481202], [2.5590265185393024, 0.6054487498026877, 26.708750305101212], [3.8070818358397993, 0.8467609182507403, 28.213249371721226], [5.03416519182753, 1.0471316157299326, 29.717748438341236], [6.240276586502491, 1.2065608422402643, 31.222247504961246], [7.425416019864681, 1.325048597781735, 32.72674657158126], [8.589583491914105, 1.4025948823543453, 34.23124563820127], [9.732779002650759, 1.4391996959580948, 35.73574470482128], [10.855002552074644, 1.434863038592984, 37.24024377144129], [11.956254140185763, 1.3895849102590119, 38.7447428380613], [13.03653376698411, 1.3033653109561798, 40.24924190468131]], "radius": [1.4799677634403137, 1.4799677634403137, 1.4799677634403137, 1.4799677634403137, 1.4799677634403137, 1.4799677634403137, 1.4799677634403137, 1.4799677634403137, 1.4799677634403137, 1.4799677634403137, 1.4799677634403137, 1.4799677634403137], "ref_radius": [1.4799677634403137, 1.4799677634403137, 1.4799677634403137, 1.4799677634403137, 1.4799677634403137, 1.4799677634403137, 1.4799677634403137, 1.4799677634403137, 1.4799677634403137, 1.4799677634403137, 1.4799677634403137, 1.4799677634403137], "length": 21.107713855560938, "seg_id": 1, "type": "Side", "parent": 0, "children": []}, {"pos": [[0.0, 0.0, 23.699752171861196], [0.36543936030402613, 0.561136991127908, 25.49517207152439], [0.7066826018936762, 1.0701653292887043, 27.290591971187595], [1.0237297247689496, 1.5270850144823884, 29.08601187085079], [1.3165807289298472, 1.9318960467089608, 30.881431770513988], [1.585235614376368, 2.284598425968421, 32.67685167017718], [1.8296943811085131, 2.5851921522607695, 34.47227156984038], [2.0499570291262814, 2.8336772255860057, 36.267691469503575], [2.246023558429674, 3.0300536459441307, 38.063111369166776], [2.41789396901869, 3.174321413335143, 39.85853126882997], [2.5655682608933295, 3.2664805277590436, 41.65395116849317], [2.6890464340535933, 3.3065309892158323, 43.44937106815637], [2.7883284884994803, 3.2944727977055095, 45.24479096781957]], "radius": [1.2505849992820084, 1.4739140302373777, 1.4273643036093608, 1.251199966001086, 1.1132439781191363, 1.0237015461773797, 0.9884872511156839, 1.0087802451401855, 1.0809921168692125, 1.1971442461684043, 1.3456162983754392, 1.5121961402928623, 1.6813365474134745], "ref_radius": [2.3824104748156243, 2.365508091952663, 2.3486057090897017, 2.331703326226741, 2.3148009433637795, 2.297898560500818, 2.280996177637857, 2.264093794774896, 2.2471914119119347, 2.2302890290489734, 2.213386646186012, 2.1964842633230512, 2.17958188046009], "length": 21.97309772184957, "seg_id": 2, "type": "Main", "parent": 0, "children": [3, 4]}, {"pos": [[2.7883284884994803, 3.2944727977055095, 45.24479096781957], [4.594121690799149, 3.4247824010691574, 46.523232226170435], [6.332479360675571, 3.5408088940280447, 47.801673484521295], [8.00340149812875, 3.642552276582169, 49.08011474287215], [9.606888103158678, 3.7300125487315317, 50.35855600122301], [11.142939175765363, 3.8031897104761336, 51.636997259573874], [12.611554715948804, 3.862083761815974, 52.91543851792474], [14.012734723708997, 3.906694702751052, 54.1938797762756], [15.346479199045948, 3.937022533281369, 55.47232103462646], [16.612788141959648, 3.9530672534069247, 56.75076229297732], [17.811661552450104, 3.9548288631277186, 58.02920355132818]], "radius": [1.3101324907205807, 1.3101324907205807, 1.3101324907205807, 1.3101324907205807, 1.3101324907205807, 1.3101324907205807, 1.3101324907205807, 1.3101324907205807, 1.3101324907205807, 1.3101324907205807, 1.3101324907205807], "ref_radius": [1.3101324907205807, 1.3101324907205807, 1.3101324907205807, 1.3101324907205807, 1.3101324907205807, 1.3101324907205807, 1.3101324907205807, 1.3101324907205807, 1.3101324907205807, 1.3101324907205807, 1.3101324907205807], "length": 19.737725593109896, "seg_id": 3, "type": "Side", "parent": 2, "children": []}, {"pos": [[2.7883284884994803, 3.2944727977055095, 45.24479096781957], [3.003422649630126, 3.2374108807398323, 47.10734294891664], [3.210770612346142, 3.1998946023541013, 48.96989493001373], [3.4103723766475262, 3.1819239625483147, 50.83244691111081], [3.6022279425342796, 3.1834989613224742, 52.6949988922079], [3.786337310006401, 3.2046195986765778, 54.557550873304976], [3.9627004790638924, 3.2452858746106275, 56.42010285440206], [4.131317449706752, 3.3054977891246216, 58.28265483549913], [4.292188221934982, 3.385255342218562, 60.145206816596215], [4.445312795748579, 3.4845585338924465, 62.0077587976933], [4.590691171147546, 3.603407364146277, 63.870310778790376], [4.728323348131882, 3.7418018329800526, 65.73286275988745], [4.858209326701587, 3.8997419403937736, 67.59541474098454]], "radius": [1.7248765161977198, 1.4876004105039309, 1.2434124434091889, 1.0136659438617899, 0.8180541642774677, 0.6728375006061427, 0.5894132009234951, 0.5733531583689886, 0.6239904358345385, 0.7345835202088171, 0.8930338112350125, 1.083081466538891, 1.285862038439733], "ref_radius": [2.1626794975971286, 2.1454068640370716, 2.1281342304770146, 2.1108615969169575, 2.0935889633569005, 2.0763163297968434, 2.0590436962367864, 2.0417710626767294, 2.0244984291166723, 2.0072257955566153, 1.9899531619965585, 1.9726805284365014, 1.9554078948764444], "length": 22.45442362807413, "seg_id": 4, "type": "Main", "parent": 2, "children": [5, 6]}, {"pos": [[4.858209326701587, 3.8997419403937736, 67.59541474098454], [6.209098185022491, 4.005504823780286, 69.1227195600628], [7.620714580004851, 4.116398133306555, 70.65002437914106], [9.093058511648664, 4.232421868972584, 72.17732919821931], [10.626129979953937, 4.35357603077837, 73.70463401729756], [12.219928984920664, 4.479860618723916, 75.23193883637583], [13.87445552654885, 4.61127563280922, 76.75924365545409]], "radius": [1.384690576979295, 1.384690576979295, 1.384690576979295, 1.384690576979295, 1.384690576979295, 1.384690576979295, 1.384690576979295], "ref_radius": [1.384690576979295, 1.384690576979295, 1.384690576979295, 1.384690576979295, 1.384690576979295, 1.384690576979295, 1.384690576979295], "length": 12.875353824472969, "seg_id": 5, "type": "Side", "parent": 4,