{"case_id": "RCA_823_bc5", "artery_type": "RCA", "segments": [{"pos": [[0.0, 0.0, 0.0], [0.2592001674814827, 0.228722501520428, 1.9141455545608421], [0.4536002930925948, 0.400264377660749, 3.8282911091216842], [0.5832003768333363, 0.514625628420963, 5.742436663682527], [0.6480004187037068, 0.57180625380107, 7.6565822182433685], [0.6480004187037068, 0.57180625380107, 9.570727772804211], [0.5832003768333363, 0.514625628420963, 11.484873327365053], [0.4536002930925949, 0.4002643776607491, 13.399018881925892], [0.25920016748148283, 0.22872250152042808, 15.313164436486739], [0.0, 0.0, 17.22730999104758]], "radius": [2.734669093517967, 2.7040386657044775, 2.450429669938989, 2.0009838938900604, 1.4708483490846402, 0.9958425869382206, 0.6976620307565167, 0.6526998780495843, 0.8724753326723007, 1.300682410331632], "ref_radius": [2.734669093517967, 2.734669093517967, 2.734669093517967, 2.734669093517967, 2.734669093517967, 2.734669093517967, 2.734669093517967, 2.734669093517967, 2.734669093517967, 2.734669093517967], "length": 17.22730999104758, "seg_id": 0, "type": "Root", "parent": null, "children": [1, 2]}, {"pos": [[0.0, 0.0, 17.22730999104758], [1.3309557703586103, -0.35552591118845556, 18.81733564359899], [2.654123116095908, -0.6202234898632423, 20.407361296150395], [3.9695020372118908, -0.7940927360243604, 21.9973869487018], [5.277092533706562, -0.8771336496718098, 23.587412601253206], [6.576894605579919, -0.8693462308055905, 25.17743825380461], [7.868908252831964, -0.7707304794257024, 26.767463906356017], [9.153133475462695, -0.5812863955321456, 28.357489558907425]], "radius": [1.7043527106241123, 1.7043527106241123, 1.7043527106241123, 1.7043527106241123, 1.7043527106241123, 1.7043527106241123, 1.7043527106241123, 1.7043527106241123], "ref_radius": [1.7043527106241123, 1.7043527106241123, 1.7043527106241123, 1.7043527106241123, 1.7043527106241123, 1.7043527106241123, 1.7043527106241123, 1.7043527106241123], "length": 14.422158073813755, "seg_id": 1, "type": "Side", "parent": 0, "children": []}, {"pos": [[0.0, 0.0, 17.22730999104758], [-0.32193340374962315, -0.18622753902440678, 18.99705313270895], [-0.6367362052457797, -0.3644223174168019, 20.766796274370318], [-0.9444084044884696, -0.5345843351771856, 22.53653941603168], [-1.244950001477693, -0.6967135923055577, 24.306282557693052], [-1.5383609962134501, -0.8508100888019184, 26.076025699354425], [-1.8246413886957404, -0.9968738246662674, 27.845768841015786], [-2.1037911789245642, -1.1349047998986048, 29.615511982677155], [-2.3758103668999215, -1.264903014498931, 31.385255124338524], [-2.640698952621812, -1.3868684684672457, 33.15499826599989], [-2.898456936090236, -1.5008011618035484, 34.92474140766126], [-3.149084317305194, -1.60670109450784, 36.69448454932263], [-3.3925810962666847, -1.7045682665801196, 38.464227690983996], [-3.6289472729747088, -1.7944026780203879, 40.23397083264536], [-3.8581828474292665, -1.8762043288286447, 42.003713974306734], [-4.0802878196303585, -1.9499732190048902, 43.77345711596811], [-4.295262189577983, -2.0157093485491235, 45.543200257629465], [-4.503105957272141, -2.0734127174613457, 47.31294339929083], [-4.703819122712833, -2.1230833257415562, 49.0826865409522], [-4.897401685900058, -2.1647211733897556, 50.852429682613575]], "radius": [1.8276154069477348, 2.303843083300086, 2.613999313814371, 2.683595927575044, 2.666571538927403, 2.6495471502797616, 2.6325227616321207, 2.6154983729844794, 2.5984739843368385, 2.319464549763372, 1.6477906161297078, 0.9470418341569131, 0.5918663864229661, 0.7645483946255223, 1.3587100739586937, 2.0408695761487983, 2.4343486056826777, 2.445254486508069, 2.428230097860428, 2.411205709212787], "ref_radius": [2.734669093517967, 2.717644704870326, 2.7006203162226847, 2.683595927575044, 2.666571538927403, 2.6495471502797616, 2.6325227616321207, 2.6154983729844794, 2.5984739843368385, 2.5814495956891976, 2.5644252070415563, 2.5474008183939154, 2.5303764297462745, 2.513352041098633, 2.4963276524509923, 2.4793032638033514, 2.46227887515571, 2.445254486508069, 2.428230097860428, 2.411205709212787], "length": 34.0487772952821, "seg_id": 2, "type": "Main", "parent": 0, "children": [3, 4]}, {"pos": [[-4.897401685900058, -2.1647211733897556, 50.852429682613575], [-3.9988035792270678, -2.013094541252909, 52.50884978253464], [-3.119916249613035, -1.8880236190135655, 54.16526988245571], [-2.26073969705796, -1.789508406671726, 55.82168998237678], [-1.4212739215618433, -1.7175489042273897, 57.47811008229783], [-0.6015189231246845, -1.6721451116805572, 59.134530182218896], [0.19852529825351717, -1.653297029031228, 60.79095028213995], [0.9788587425727598, -1.661004656279403, 62.44737038206102], [1.7394814098330444, -1.6952679934250816, 64.10379048198207], [2.480393300034371, -1.7560870404682634, 65.76021058190315], [3.20159441317674, -1.843461797408949, 67.41663068182422], [3.9030847492601506, -1.9573922642471384, 69.07305078174527], [4.5848643082846054, -2.0978784409828313, 70.72947088166634], [5.246933090250099, -2.264920327616028, 72.3858909815874], [5.889291095156636, -2.458517924146728, 74.04231108150846], [6.511938323004215, -2.6786712305749316, 75.69873118142952]], "radius": [1.753983916775811, 1.753983916775811, 1.753983916775811, 1.753983916775811, 1.753983916775811, 1.753983916775811, 1.753983916775811, 1.753983916775811, 1.753983916775811, 1.753983916775811, 1.753983916775811, 1.753983916775811, 1.753983916775811, 1.753983916775811, 1.753983916775811, 1.753983916775811], "ref_radius": [1.753983916775811, 1.753983916775811, 1.753983916775811, 1.753983916775811, 1.753983916775811, 1.753983916775811, 1.753983916775811, 1.753983916775811, 1.753983916775811, 1.753983916775811, 1.753983916775811, 1.753983916775811, 1.753983916775811, 1.753983916775811, 1.753983916775811, 1.753983916775811], "length": 27.345491077509074, "seg_id": 3, "type": "Side", "parent": 2, "children": []}, {"pos": [[-4.897401685900058, -2.1647211733897556, 50.852429682613575], [-5.057389555242896, -2.4403856814280718, 52.63330485978593], [-5.2446424896111346, -2.6967718022200327, 54.41418003695831], [-5.459160489004772, -2.9338795357656364, 56.195055214130655], [-5.70094355342381, -3.1517088820648853, 57.975930391303024], [-5.969991682868247, -3.350259841117777, 59.756805568475386], [-6.266304877338084, -3.5295324129243135, 61.53768074564775], [-6.58988313683332, -3.6895265974844937, 63.31855592282011], [-6.940726461353957, -3.8302423947983177, 65.09943109999247], [-7.318834850899993, -3.9516798048657855, 66.88030627716483], [-7.724208305471429, -4.0538388276868975, 68.6611814543372], [-8.156846825068264, -4.136719463261653, 70.44205663150956], [-8.6167504096905, -4.200321711590053, 72.22293180868192]], "radius": [2.394181320565146, 2.377422050665347, 2.3606627807655483, 2.3439035108657493, 2.3271442409659504, 2.310384971066152, 2.293625701166353, 2.276866431266554, 2.260107161366755, 2.2433478914669562, 2.2265886215671573, 2.2098293516673584, 2.1930700817675595], "ref_radius": [2.394181320565146, 2.377422050665347, 2.3606627807655483, 2.3439035108657493, 2.3271442409659504, 2.310384971066152, 2.293625701166353, 2.276866431266554, 2.260107161366755, 2.2433478914669562, 2.2265886215671573, 2.2098293516673584, 2.1930700817675595], "length": 21.787050869738536, "seg_id": 4, "type": "Main", "parent": 2, "children": [5, 6]}, {"pos": [[-8.6167504096905, -4.200321711590053, 72.22293180868192], [-7.8494513901412635, -4.706721211858877, 74.11741986394179], [-7.081576648446266, -5.1244098822632305, 76.01190791920165], [-6.313126184605508, -5.453387722803115, 77.90639597446147], [-5.544099998618992, -5.6936547334785335, 79.80088402972135], [-4.774498090486716, -5.845210914289483, 81.69537208498122], [-4.004320460208679, -5.908056265235963, 83.58986014024107], [-3.233567107784883, -5.882190786317976, 85.48434819550093]], "radius": [1.3762480623564164, 1.3762480623564164, 1.3762480623564164, 1.3762480623564164, 1.3762480623564164, 1.3762480623564164, 1.3762480623564164, 1.3762480623564164],