{"case_id": "RCA_2733_bc8", "artery_type": "RCA", "segments": [{"pos": [[0.0, 0.0, 0.0], [0.2403558238757584, 0.19496213276408478, 1.831449395134827], [0.4437338286937078, 0.3599300912567719, 3.662898790269654], [0.6101340144538482, 0.4949038754780613, 5.494348185404481], [0.7395563811561797, 0.5998834854279531, 7.325797580539308], [0.8320009288007021, 0.6748689211064473, 9.157246975674134], [0.8874676573874155, 0.7198601825135437, 10.98869637080896], [0.9059565669163201, 0.7348572696492426, 12.820145765943789], [0.8874676573874156, 0.7198601825135438, 14.651595161078614], [0.8320009288007022, 0.6748689211064473, 16.48304455621344], [0.7395563811561798, 0.5998834854279532, 18.31449395134827], [0.6101340144538483, 0.4949038754780614, 20.145943346483094], [0.4437338286937079, 0.359930091256772, 21.977392741617923], [0.24035582387575866, 0.19496213276408497, 23.80884213675275], [0.0, 0.0, 25.640291531887577]], "radius": [2.494978441020646, 2.494202883831614, 2.30870067966241, 1.8715745330717328, 1.363409785249572, 0.9941392097943902, 0.9163156873336658, 1.1620896336359081, 1.6299270354768742, 2.1265551328264953, 2.446807167521492, 2.494978441020646, 2.494978441020646, 2.494978441020646, 2.494978441020646], "ref_radius": [2.494978441020646, 2.494978441020646, 2.494978441020646, 2.494978441020646, 2.494978441020646, 2.494978441020646, 2.494978441020646, 2.494978441020646, 2.494978441020646, 2.494978441020646, 2.494978441020646, 2.494978441020646, 2.494978441020646, 2.494978441020646, 2.494978441020646], "length": 25.640291531887577, "seg_id": 0, "type": "Root", "parent": null, "children": [1, 2]}, {"pos": [[0.0, 0.0, 25.640291531887577], [1.6264763875142465, -0.4848150432428178, 27.14740279213245], [3.12080149046798, -0.8049053821617597, 28.65451405237732], [4.4829753088612, -0.9602710167568254, 30.161625312622185], [5.712997842693907, -0.9509119470280153, 31.668736572867054], [6.810869091966101, -0.7768281729753292, 33.17584783311192], [7.776589056677782, -0.4380196945987669, 34.68295909335679]], "radius": [1.8360343295638117, 1.8360343295638117, 1.8360343295638117, 1.8360343295638117, 1.8360343295638117, 1.8360343295638117, 1.8360343295638117], "ref_radius": [1.8360343295638117, 1.8360343295638117, 1.8360343295638117, 1.8360343295638117, 1.8360343295638117, 1.8360343295638117, 1.8360343295638117], "length": 11.934698791194716, "seg_id": 1, "type": "Side", "parent": 0, "children": []}, {"pos": [[0.0, 0.0, 25.640291531887577], [0.15048280720983442, -0.048541499125860456, 27.55750319742979], [0.26124656062545887, -0.11219577968121444, 29.474714862972014], [0.3322912602468734, -0.19096284166606192, 31.39192652851423], [0.3636169060740778, -0.2848426850804029, 33.30913819405645], [0.35522349810707243, -0.3938353099242373, 35.22634985959866], [0.3071110363458569, -0.5179407161975654, 37.14356152514088], [0.21927952079043161, -0.6571589039003868, 39.06077319068309], [0.09172895144079612, -0.8114898730327019, 40.97798485622532], [-0.07554067170304923, -0.9809336235945105, 42.89519652176754], [-0.28252934864110435, -1.1654901555858124, 44.81240818730975], [-0.5292370793733698, -1.365159469006608, 46.72961985285197], [-0.8156638638998452, -1.5799415638568972, 48.64683151839419]], "radius": [2.494978441020646, 2.4772283280110083, 2.4594782150013703, 2.4417281019917327, 2.4239779889820947, 2.406227875972457, 2.388477762962819, 2.3707276499531815, 2.3529775369435435, 2.335227423933906, 2.317477310924268, 2.2997271979146303, 2.2819770849049927], "ref_radius": [2.494978441020646, 2.4772283280110083, 2.4594782150013703, 2.4417281019917327, 2.4239779889820947, 2.406227875972457, 2.388477762962819, 2.3707276499531815, 2.3529775369435435, 2.335227423933906, 2.317477310924268, 2.2997271979146303, 2.2819770849049927], "length": 23.075146912529117, "seg_id": 2, "type": "Main", "parent": 0, "children": [3, 4]}, {"pos": [[-0.8156638638998452, -1.5799415638568972, 48.64683151839419], [0.3510054202704896, -1.8279810196851158, 50.26178560261144], [1.4850680141907284, -2.046318435543963, 51.8767396868287], [2.586523917860872, -2.234953811433439, 53.49169377104595], [3.6553731312809177, -2.393887147353543, 55.10664785526321], [4.691615654450867, -2.523118443304276, 56.721601939480465], [5.695251487370722, -2.622647699285638, 58.33655602369771], [6.666280630040481, -2.6924749152976286, 59.95151010791496], [7.6047030824601425, -2.732600091340248, 61.566464192132216], [8.510518844629708, -2.743023227413495, 63.181418276349476], [9.383727916549176, -2.723744323517372, 64.79637236056672], [10.22433029821855, -2.674763379651877, 66.41132644478398], [11.03232598963783, -2.596080395817011, 68.02628052900124], [11.80771499080701, -2.4876953720127735, 69.64123461321849], [12.550497301726097, -2.3496083082391648, 71.25618869743573], [13.260672922395084, -2.1818192044961844, 72.87114278165299]], "radius": [1.5524198809432739, 1.5524198809432739, 1.5524198809432739, 1.5524198809432739, 1.5524198809432739, 1.5524198809432739, 1.5524198809432739, 1.5524198809432739, 1.5524198809432739, 1.5524198809432739, 1.5524198809432739, 1.5524198809432739, 1.5524198809432739, 1.5524198809432739, 1.5524198809432739, 1.5524198809432739], "ref_radius": [1.5524198809432739, 1.5524198809432739, 1.5524198809432739, 1.5524198809432739, 1.5524198809432739, 1.5524198809432739, 1.5524198809432739, 1.5524198809432739, 1.5524198809432739, 1.5524198809432739, 1.5524198809432739, 1.5524198809432739, 1.5524198809432739, 1.5524198809432739, 1.5524198809432739, 1.5524198809432739], "length": 28.023610941396345, "seg_id": 3, "type": "Side", "parent": 2, "children": []}, {"pos": [[-0.8156638638998452, -1.5799415638568972, 48.64683151839419], [-0.4873720760392013, -1.6495832803388253, 50.569973302409046], [-0.24458666743354462, -1.7063794243531414, 52.49311508642393], [-0.08730763808287496, -1.7503299958998455, 54.416256870438794], [-0.015534987987192411, -1.781434994978937, 56.33939865445366], [-0.029268717146497036, -1.799694421590417, 58.26254043846852], [-0.12850882556078863, -1.8051082757342842, 60.18568222248339], [-0.3132553132300672, -1.7976765574105396, 62.10882400649825], [-0.5835081801543334, -1.777399266619183, 64.03196579051313], [-0.9392674263335865, -1.7442764033602138, 65.95510757452799]], "radius": [2.2642269718953547, 2.246917474392092, 2.2296079768888295, 2.212298479385567, 2.1949889818823043, 2.1776794843790417, 2.160369986875779, 2.1430604893725165, 2.1257509918692534, 2.108441494365991], "ref_radius": [2.2642269718953547, 2.246917474392092, 2.2296079768888295, 2.212298479385567, 2.1949889818823043, 2.1776794843790417, 2.160369986875779, 2.1430604893725165, 2.1257509918692534, 2.108441494365991], "length": 17.309497503262634, "seg_id": 4, "type": "Main", "parent": 2, "children": [5, 6]}, {"pos": [[-0.9392674263335865, -1.7442764033602138, 65.95510757452799], [0.32847254803045595, -1.381664494332344, 67.27085231938618], [1.6014949409439752, -1.0784569263777328, 68.58659706424436], [2.879799752406971, -0.8346536994963801, 69.90234180910254], [4.163386982419443, -0.6502548136882872, 71.21808655396072], [5.452256630981392, -0.5252602689534529, 72.53383129881891], [6.746408698092818, -0.4596700652918776, 73.84957604367709], [8.045843183753721, -0.45348420270356143, 75.16532078853527], [9.3505600879641, -0.5067026811885043, 76.48106553339346], [10.660559410723954, -0.6193255007467059, 77.79681027825164], [11.975841152033286, -0.7913526613781666, 79.11255502310982]], "radius": [1.4012965504828856, 1.4012965504828856, 1.4012965504828856, 1.4012965504828856, 1.4012965504828856, 1.4012965504828856, 1.4012965504828856, 1.4012965504828856, 1.4012965504828856, 1.4012965504828856, 1.4012965504828856], "ref_radius": [1.4012965504828856, 1.4012965504828856, 1.4012965504828856, 1.4012965504828856, 1.4012965504828856, 1.4012965504828856, 1.4012965504828856, 1.4012965504828856, 1.4012965504828856, 1.4012965504828856, 1.4012965504828856], "length": 18.461487388919437, "seg_id": 5, "type": "Side", "parent": 4,