{"case_id": "RCA_8776_bc7", "artery_type": "RCA", "segments": [{"pos": [[0.0, 0.0, 0.0], [-0.10505310714318218, 0.1671297573460431, 1.8239018838919263], [-0.19609913333394008, 0.31197554704594715, 3.6478037677838526], [-0.2731380785722737, 0.4345373690997121, 5.471705651675778], [-0.33616994285818297, 0.534815223507338, 7.295607535567705], [-0.385194726191668, 0.6128091102688248, 9.119509419459632], [-0.4202124285727287, 0.6685190293841724, 10.943411303351557], [-0.44122305000136514, 0.7019449808533811, 12.767313187243484], [-0.4482265904775773, 0.7130869646764506, 14.59121507113541], [-0.44122305000136514, 0.7019449808533811, 16.415116955027337], [-0.4202124285727287, 0.6685190293841724, 18.239018838919264], [-0.385194726191668, 0.6128091102688248, 20.06292072281119], [-0.33616994285818297, 0.534815223507338, 21.886822606703117], [-0.2731380785722737, 0.4345373690997121, 23.71072449059504], [-0.19609913333394008, 0.31197554704594715, 25.53462637448697], [-0.10505310714318218, 0.1671297573460431, 27.358528258378893], [0.0, 0.0, 29.18243014227082]], "radius": [2.500240643798326, 2.420590110551344, 2.068004983034264, 1.5465460266951834, 1.0303873568262634, 0.6919327236784414, 0.644230403781314, 0.903213596218843, 1.382378525631546, 1.9216778351854187, 2.340978498153542, 2.500228606085425, 2.500240643798326, 2.500240643798326, 2.500240643798326, 2.500240643798326, 2.500240643798326], "ref_radius": [2.500240643798326, 2.500240643798326, 2.500240643798326, 2.500240643798326, 2.500240643798326, 2.500240643798326, 2.500240643798326, 2.500240643798326, 2.500240643798326, 2.500240643798326, 2.500240643798326, 2.500240643798326, 2.500240643798326, 2.500240643798326, 2.500240643798326, 2.500240643798326, 2.500240643798326], "length": 29.18243014227082, "seg_id": 0, "type": "Root", "parent": null, "children": [1, 2]}, {"pos": [[0.0, 0.0, 29.18243014227082], [1.1535484365575146, 0.2579904561000522, 30.617364354511245], [2.343138224906063, 0.4525732288849305, 32.05229856675167], [3.568769365045644, 0.5837483183546348, 33.487232778992094], [4.83044185697626, 0.6515157245091652, 34.92216699123252], [6.128155700697909, 0.6558754473485215, 36.35710120347295], [7.46191089621059, 0.5968274868727041, 37.79203541571337], [8.831707443514308, 0.47437184308171254, 39.2269696279538], [10.237545342609057, 0.288508515975547, 40.66190384019423], [11.67942459349484, 0.03923750555420752, 42.096838052434656], [13.157345196171658, -0.27344118818230606, 43.53177226467508], [14.671307150639507, -0.649527565233993, 44.966706476915505]], "radius": [1.3951501062298695, 1.3951501062298695, 1.3951501062298695, 1.3951501062298695, 1.3951501062298695, 1.3951501062298695, 1.3951501062298695, 1.3951501062298695, 1.3951501062298695, 1.3951501062298695, 1.3951501062298695, 1.3951501062298695], "ref_radius": [1.3951501062298695, 1.3951501062298695, 1.3951501062298695, 1.3951501062298695, 1.3951501062298695, 1.3951501062298695, 1.3951501062298695, 1.3951501062298695, 1.3951501062298695, 1.3951501062298695, 1.3951501062298695, 1.3951501062298695], "length": 21.55951110240742, "seg_id": 1, "type": "Side", "parent": 0, "children": []}, {"pos": [[0.0, 0.0, 29.18243014227082], [-0.3241077832350538, -0.07444976137979001, 30.96515275096131], [-0.6208644202052841, -0.14318403650950778, 32.7478753596518], [-0.890269910910691, -0.20620282538915335, 34.53059796834229], [-1.1323242553512745, -0.26350612801872664, 36.31332057703279], [-1.3470274535270343, -0.31509394439822774, 38.09604318572328], [-1.534379505437971, -0.36096627452765656, 39.878765794413766], [-1.694380411084084, -0.4011231184070132, 41.66148840310426], [-1.827030170465374, -0.43556447603629755, 43.44421101179475], [-1.93232878358184, -0.4642903474155098, 45.22693362048524], [-2.010276250433483, -0.4873007325446497, 47.00965622917573], [-2.0608725710203024, -0.5045956314237173, 48.792378837866224], [-2.084117745342298, -0.5161750440527129, 50.575101446556715], [-2.0800117733994705, -0.522038970431636, 52.35782405524721], [-2.04855465519182, -0.522187410560487, 54.1405466639377], [-1.9897463907193456, -0.5166203644392657, 55.92326927262819], [-1.9035869799820477, -0.5053378320679723, 57.70599188131868]], "radius": [2.500240643798326, 2.4834221276386934, 2.4666036114790613, 2.4497850953194287, 2.432966579159796, 2.376937325908559, 1.7465907168611885, 0.9577918884247765, 0.7990659891150491, 1.4108155397778561, 2.1524659455430157, 2.3152369660423693, 2.2984184498827367, 2.2815999337231045, 2.264781417563472, 2.24796290140384, 2.231144385244207], "ref_radius": [2.500240643798326, 2.4834221276386934, 2.4666036114790613, 2.4497850953194287, 2.432966579159796, 2.416148063000164, 2.3993295468405313, 2.382511030680899, 2.3656925145212666, 2.348873998361634, 2.332055482202002, 2.3152369660423693, 2.2984184498827367, 2.2815999337231045, 2.264781417563472, 2.24796290140384, 2.231144385244207], "length": 28.59147747137513, "seg_id": 2, "type": "Main", "parent": 0, "children": [3, 4]}, {"pos": [[-1.9035869799820477, -0.5053378320679723, 57.70599188131868], [-0.6886757289260879, -0.8939864246402396, 59.23555944815736], [0.5269326776338701, -1.2158551059026232, 60.765127014996054], [1.7432382396978259, -1.470943875855123, 62.29469458183471], [2.9602409572657793, -1.6592527344977386, 63.824262148673384], [4.17794083033773, -1.780781681830471, 65.35382971551206], [5.39633785891368, -1.8355307178533191, 66.88339728235073], [6.615432042993627, -1.8234998425662834, 68.41296484918941], [7.8352233825775714, -1.7446890559693644, 69.94253241602809], [9.055711877665512, -1.599098358062561, 71.47209998286677], [10.276897528257452, -1.3867277488458742, 73.00166754970543]], "radius": [1.3286133809594267, 1.3286133809594267, 1.3286133809594267, 1.3286133809594267, 1.3286133809594267, 1.3286133809594267, 1.3286133809594267, 1.3286133809594267, 1.3286133809594267, 1.3286133809594267, 1.3286133809594267], "ref_radius": [1.3286133809594267, 1.3286133809594267, 1.3286133809594267, 1.3286133809594267, 1.3286133809594267, 1.3286133809594267, 1.3286133809594267, 1.3286133809594267, 1.3286133809594267, 1.3286133809594267, 1.3286133809594267], "length": 19.572908450032113, "seg_id": 3, "type": "Side", "parent": 2, "children": []}, {"pos": [[-1.9035869799820477, -0.5053378320679723, 57.70599188131868], [-2.1985589681170246, -0.7525339024557436, 59.539429208114804], [-2.491797074366096, -0.9967694663195283, 61.372866534910926], [-2.7833012987292616, -1.2380445236593263, 63.20630386170706], [-3.073071641206521, -1.4763590744751376, 65.03974118850319], [-3.361108101797875, -1.711713118766962, 66.8731785152993], [-3.6474106805033224, -1.9441066565347997, 68.70661584209542], [-3.931979377322865, -2.1735396877786513, 70.54005316889155], [-4.214814192256501, -2.4000122124985155, 72.37349049568766], [-4.495915125304231, -2.623524230694393, 74.20692782248378], [-4.775282176466057, -2.844075742366285, 76.0403651492799], [-5.052915345741976, -3.061666747514189, 77.87380247607604], [-5.32881463313199, -3.2762972461381077, 79.70723980287215], [-5.6029800386360975, -3.4879672382380384, 81.54067712966827], [-5.8754115622543, -3.696676723813983, 83.3741144564644], [-6.146109203986596, -3.9024257028659406, 85.20755178326051]], "radius": [2.2143258690845746, 2.196804955265932, 2.179284041447289, 2.1617631276286464, 2.1442422138100032, 2.1267212999913605, 2.1092003861727178, 2.091679472354075, 2.0741585585354323, 2.0566376447167896, 2.0391167308981464, 2.0215958170795036, 2.004074903260861, 1.9865539894422182, 1.9690330756235752, 1.9515121618049325], "ref_radius": [2.2143258690845746, 2.196804955265932, 2.179284041447289, 2.1617631276286464, 2.1442422138100032, 2.1267212999913605, 2.1092003861727178, 2.091679472354075, 2.0741585585354323, 2.0566376447167896, 2.0391167308981464, 2.0215958170795036, 2.004074903260861, 1.9865539894422182, 1.9690330756235752, 1.9515121618049325], "length": 28.03346210982849, "seg_id": 4, "type": "Main", "parent": 2,