{"case_id": "RCA_1480_bc2", "artery_type": "RCA", "segments": [{"pos": [[0.0, 0.0, 0.0], [0.10426838546625065, -0.09394436442650597, 1.7728804809222085], [0.19463431953700122, -0.17536281359614447, 3.545760961844417], [0.2710978022122517, -0.24425534750891553, 5.3186414427666255], [0.3336588334920021, -0.3006219661648191, 7.091521923688834], [0.3823174133762524, -0.34446266956385524, 8.864402404611043], [0.4170735418650026, -0.3757774577060239, 10.637282885533251], [0.43792721895825276, -0.3945663305913251, 12.41016336645546], [0.4448784446560028, -0.40082928821975883, 14.183043847377668], [0.43792721895825276, -0.3945663305913251, 15.955924328299876], [0.4170735418650026, -0.3757774577060239, 17.728804809222087], [0.3823174133762524, -0.34446266956385524, 19.501685290144295], [0.3336588334920021, -0.3006219661648191, 21.274565771066502], [0.2710978022122517, -0.24425534750891553, 23.04744625198871], [0.19463431953700122, -0.17536281359614447, 24.82032673291092], [0.10426838546625065, -0.09394436442650597, 26.59320721383313], [0.0, 0.0, 28.366087694755336]], "radius": [2.289261099432491, 2.289261099432491, 2.289261099432491, 2.289261099432491, 2.289261099432491, 2.2812423696728894, 1.9558921148137616, 1.3280642235815208, 0.7530864227795588, 0.5563752123349239, 0.8492619749723447, 1.4659834672422514, 2.057497779762508, 2.289261099432491, 2.289261099432491, 2.289261099432491, 2.289261099432491], "ref_radius": [2.289261099432491, 2.289261099432491, 2.289261099432491, 2.289261099432491, 2.289261099432491, 2.289261099432491, 2.289261099432491, 2.289261099432491, 2.289261099432491, 2.289261099432491, 2.289261099432491, 2.289261099432491, 2.289261099432491, 2.289261099432491, 2.289261099432491, 2.289261099432491, 2.289261099432491], "length": 28.366087694755336, "seg_id": 0, "type": "Root", "parent": null, "children": [1, 2]}, {"pos": [[0.0, 0.0, 28.366087694755336], [1.1658856428712279, -0.15317851822696651, 29.957112064483294], [2.3356859863109483, -0.2880348785288184, 31.54813643421125], [3.50940103031916, -0.4045690809055557, 33.139160803939205], [4.687030774895864, -0.5027811253571783, 34.73018517366716], [5.86857522004106, -0.5826710118836864, 36.32120954339511], [7.054034365754749, -0.6442387404850799, 37.912233913123075], [8.243408212036929, -0.6874843111613587, 39.50325828285102], [9.436696758887603, -0.7124077239125229, 41.09428265257898], [10.633900006306767, -0.7190089787385725, 42.68530702230694], [11.835017954294422, -0.7072880756395076, 44.27633139203489]], "radius": [1.322466836147603, 1.322466836147603, 1.322466836147603, 1.322466836147603, 1.322466836147603, 1.322466836147603, 1.322466836147603, 1.322466836147603, 1.322466836147603, 1.322466836147603, 1.322466836147603], "ref_radius": [1.322466836147603, 1.322466836147603, 1.322466836147603, 1.322466836147603, 1.322466836147603, 1.322466836147603, 1.322466836147603, 1.322466836147603, 1.322466836147603, 1.322466836147603, 1.322466836147603], "length": 19.84196968315487, "seg_id": 1, "type": "Side", "parent": 0, "children": []}, {"pos": [[0.0, 0.0, 28.366087694755336], [-0.07354820275841427, -0.3536688384698186, 30.243435119910433], [-0.17525058551619604, -0.660896597757773, 32.12078254506552], [-0.3051071482733453, -0.9216832778638628, 33.99812997022061], [-0.463117891029862, -1.1360288787880886, 35.875477395375704], [-0.6492828137857463, -1.3039334005304501, 37.752824820530805], [-0.863601916540998, -1.4253968430909474, 39.6301722456859], [-1.1060751992956173, -1.50041920646958, 41.50751967084099], [-1.376702662049604, -1.5290004906663486, 43.38486709599608], [-1.6754843048029577, -1.5111406956812528, 45.262214521151165], [-2.0024201275556797, -1.4468398215142928, 47.13956194630626], [-2.3575101303077695, -1.3360978681654685, 49.01690937146135], [-2.740754313059226, -1.17891483563478, 50.894256796616446], [-3.1521526758100493, -0.9752907239222272, 52.77160422177154]], "radius": [2.289261099432491, 2.271669988280829, 2.254078877129167, 2.236487765977505, 2.218896654825843, 2.2013055436741813, 2.1837144325225193, 2.1661233213708573, 2.1485322102191953, 2.1309410990675333, 2.1133499879158713, 2.0957588767642092, 2.0781677656125472, 2.0605766544608857], "ref_radius": [2.289261099432491, 2.271669988280829, 2.254078877129167, 2.236487765977505, 2.218896654825843, 2.2013055436741813, 2.1837144325225193, 2.1661233213708573, 2.1485322102191953, 2.1309410990675333, 2.1133499879158713, 2.0957588767642092, 2.0781677656125472, 2.0605766544608857], "length": 24.627555612326738, "seg_id": 2, "type": "Main", "parent": 0, "children": [3, 4]}, {"pos": [[-3.1521526758100493, -0.9752907239222272, 52.77160422177154], [-2.1232707674744726, -0.9148258743357952, 54.18227112384217], [-1.07026599355659, -0.8525665367355323, 55.592938025912794], [0.006861645943597061, -0.7885127111214394, 57.003604927983424], [1.108112151026089, -0.7226643974935159, 58.414271830054055], [2.233485521690885, -0.655021595851762, 59.8249387321247], [3.382981757937986, -0.5855843061961775, 61.23560563419532], [4.556600859767393, -0.5143525285267626, 62.646272536265954], [5.754342827179103, -0.4413262628435173, 64.05693943833658], [6.9762076601731176, -0.36650550914644153, 65.4676063404072], [8.222195358749438, -0.28989026743553525, 66.87827324247785], [9.492305922908066, -0.21148053771079844, 68.28894014454848], [10.786539352648994, -0.13127631997223138, 69.69960704661912], [12.104895647972228, -0.04927761421983379, 71.11027394868974]], "radius": [1.2899798044706334, 1.2899798044706334, 1.2899798044706334, 1.2899798044706334, 1.2899798044706334, 1.2899798044706334, 1.2899798044706334, 1.2899798044706334, 1.2899798044706334, 1.2899798044706334, 1.2899798044706334, 1.2899798044706334, 1.2899798044706334, 1.2899798044706334], "ref_radius": [1.2899798044706334, 1.2899798044706334, 1.2899798044706334, 1.2899798044706334, 1.2899798044706334, 1.2899798044706334, 1.2899798044706334, 1.2899798044706334, 1.2899798044706334, 1.2899798044706334, 1.2899798044706334, 1.2899798044706334, 1.2899798044706334, 1.2899798044706334], "length": 23.87345452980264, "seg_id": 3, "type": "Side", "parent": 2, "children": []}, {"pos": [[-3.1521526758100493, -0.9752907239222272, 52.77160422177154], [-3.020609457199212, -1.065942020212467, 54.584896261970016], [-2.9124372407506494, -1.1379847682758701, 56.39818830216849], [-2.8276360264643596, -1.1914189681124365, 58.211480342366954], [-2.766205814340346, -1.226244619722166, 60.02477238256543], [-2.7281466043786056, -1.2424617231050585, 61.83806442276389], [-2.7134583965791403, -1.2400702782611142, 63.65135646296236], [-2.722141190941949, -1.2190702851903334, 65.46464850316084], [-2.7541949874670317, -1.1794617438927157, 67.2779405433593], [-2.8096197861543892, -1.121244654368261, 69.09123258355777], [-2.8884155870040216, -1.0444190166169696, 70.90452462375626], [-2.990582390015928, -0.9489848306388412, 72.71781666395472], [-3.116120195190108, -0.8349420964338762, 74.5311087041532], [-3.265029002526563, -0.7022908140020743, 76.34440074435167], [-3.437308812025292, -0.5510309833434353, 78.15769278455014]], "radius": [2.0429855433092237, 2.0260580534662136, 2.009130563623203, 1.9922030737801928, 1.9752755839371825, 1.9583480940941724, 1.9414206042511621, 1.9244931144081519, 1.9075656245651416, 1.8906381347221313, 1.873710644879121, 1.8567831550361107, 1.8398556651931004, 1.82292817535009, 1.8060006855070798], "ref_radius": [2.0429855433092237, 2.0260580534662136, 2.009130563623203, 1.9922030737801928, 1.9752755839371825, 1.9583480940941724, 1.9414206042511621, 1.9244931144081519, 1.9075656245651416, 1.8906381347221313, 1.873710644879121, 1.8567831550361107, 1.8398556651931004, 1.82292817535009, 1.8060006855070798], "length": 25.391234764515403, "seg_id": 4, "type": "Main", "parent": 2,