{"case_id": "RCA_7570_bc9", "artery_type": "RCA", "segments": [{"pos": [[0.0, 0.0, 0.0], [0.25515376406937706, 0.1634985146689699, 1.8126043137955659], [0.4710531028973115, 0.30184341169655976, 3.6252086275911317], [0.6476980164838033, 0.4150346910827697, 5.437812941386698], [0.7850885048288525, 0.5030723528275997, 7.250417255182263], [0.883224567932459, 0.5659563969310495, 9.063021568977828], [0.9421062057946229, 0.6036868233931194, 10.875625882773395], [0.9617334184153443, 0.6162636322138095, 12.688230196568961], [0.942106205794623, 0.6036868233931195, 14.500834510364527], [0.8832245679324591, 0.5659563969310496, 16.31343882416009], [0.7850885048288526, 0.5030723528275997, 18.12604313795566], [0.6476980164838034, 0.41503469108276975, 19.938647451751223], [0.47105310289731167, 0.30184341169655987, 21.75125176554679], [0.25515376406937734, 0.16349851466897006, 23.563856079342358], [0.0, 0.0, 25.376460393137922]], "radius": [1.9748504947300134, 1.9748504947300134, 1.9748504947300134, 1.9748504947300134, 1.9748504947300134, 1.9323279680722651, 1.739536082154238, 1.4324188698199696, 1.0795696597879978, 0.7597958287854094, 0.5445175077089164, 0.4818161978568003, 0.5856959712414369, 0.8329557204132565, 1.168371027551789], "ref_radius": [1.9748504947300134, 1.9748504947300134, 1.9748504947300134, 1.9748504947300134, 1.9748504947300134, 1.9748504947300134, 1.9748504947300134, 1.9748504947300134, 1.9748504947300134, 1.9748504947300134, 1.9748504947300134, 1.9748504947300134, 1.9748504947300134, 1.9748504947300134, 1.9748504947300134], "length": 25.376460393137922, "seg_id": 0, "type": "Root", "parent": null, "children": [1, 2]}, {"pos": [[0.0, 0.0, 25.376460393137922], [0.985452902621382, -0.12339585267055378, 27.049054103129215], [2.0064413615006513, -0.17041321931481745, 28.72164781312051], [3.062965376637808, -0.14105209993279091, 30.3942415231118], [4.155024948032851, -0.03531249452447427, 32.06683523310309], [5.2826200756857835, 0.14680559691013242, 33.73942894309439], [6.445750759596602, 0.40530217437102933, 35.412022653085685], [7.644416999765308, 0.7401772378582165, 37.084616363076975]], "radius": [1.2428386191174263, 1.2428386191174263, 1.2428386191174263, 1.2428386191174263, 1.2428386191174263, 1.2428386191174263, 1.2428386191174263, 1.2428386191174263], "ref_radius": [1.2428386191174263, 1.2428386191174263, 1.2428386191174263, 1.2428386191174263, 1.2428386191174263, 1.2428386191174263, 1.2428386191174263, 1.2428386191174263], "length": 14.002353010339505, "seg_id": 1, "type": "Side", "parent": 0, "children": []}, {"pos": [[0.0, 0.0, 25.376460393137922], [-0.2280153646412813, 0.12108644035805852, 27.14474359158953], [-0.45198772123770714, 0.24702090073524677, 28.913026790041126], [-0.6719170697892777, 0.37780338113156475, 30.681309988492725], [-0.8878034102959929, 0.5134338815470125, 32.449593186944334], [-1.0996467427578527, 0.6539124019815902, 34.21787638539594], [-1.307447067174857, 0.7992389424352975, 35.98615958384754], [-1.5112043835470057, 0.9494135029081345, 37.75444278229914], [-1.7109186918742996, 1.1044360834001012, 39.52272598075075], [-1.906589992156738, 1.2643066839111978, 41.29100917920236], [-2.0982182843943207, 1.4290253044414243, 43.05929237765396], [-2.285803568587048, 1.5985919449907806, 44.82757557610556], [-2.46934584473492, 1.7730066055592661, 46.595858774557165], [-2.6488451128379364, 1.9522692861468818, 48.36414197300876], [-2.824301372896098, 2.136379986753627, 50.13242517146037], [-2.9957146249094038, 2.325338707379503, 51.900708369911975], [-3.163084868877854, 2.5191454480245072, 53.66899156836358], [-3.326412104801449, 2.717800208688642, 55.43727476681518], [-3.485696332680189, 2.9213029893719065, 57.205557965266784], [-3.6409375525140737, 3.129653790074301, 58.97384116371839]], "radius": [1.5170283043077701, 1.7855804407653422, 1.9233866571810272, 1.9239424492368067, 1.9069731007390711, 1.8900037522413355, 1.8730344037436, 1.8560650552458644, 1.8390957067481288, 1.822126358250393, 1.8051570097526575, 1.788187661254922, 1.7712183127571863, 1.7542489642594508, 1.7372796157617152, 1.7203102672639796, 1.703340918766244, 1.6388027639278664, 1.3697841620802123, 0.9917472941479599], "ref_radius": [1.9748504947300134, 1.9578811462322778, 1.9409117977345423, 1.9239424492368067, 1.9069731007390711, 1.8900037522413355, 1.8730344037436, 1.8560650552458644, 1.8390957067481288, 1.822126358250393, 1.8051570097526575, 1.788187661254922, 1.7712183127571863, 1.7542489642594508, 1.7372796157617152, 1.7203102672639796, 1.703340918766244, 1.6863715702685085, 1.669402221770773, 1.6524328732730373], "length": 33.93869699547117, "seg_id": 2, "type": "Main", "parent": 0, "children": [3, 4]}, {"pos": [[-3.6409375525140737, 3.129653790074301, 58.97384116371839], [-2.7912572341146737, 3.3472607995822474, 60.422288615953946], [-1.87355925591637, 3.516614062713061, 61.870736068189515], [-0.8878436179191611, 3.637713579466741, 63.31918352042506], [0.16588967987695113, 3.710559349843289, 64.76763097266061], [1.2876406374719676, 3.7351513738427045, 66.21607842489617], [2.4774092548658895, 3.711489651464987, 67.66452587713172], [3.735195532058714, 3.6395741827101373, 69.11297332936728], [5.060999469050444, 3.5194049675781542, 70.56142078160283], [6.4548210658410765, 3.3509820060690387, 72.00986823383839], [7.916660322430613, 3.1343052981827904, 73.45831568607395]], "radius": [1.0938676469245805, 1.0938676469245805, 1.0938676469245805, 1.0938676469245805, 1.0938676469245805, 1.0938676469245805, 1.0938676469245805, 1.0938676469245805, 1.0938676469245805, 1.0938676469245805, 1.0938676469245805], "ref_radius": [1.0938676469245805, 1.0938676469245805, 1.0938676469245805, 1.0938676469245805, 1.0938676469245805, 1.0938676469245805, 1.0938676469245805, 1.0938676469245805, 1.0938676469245805, 1.0938676469245805, 1.0938676469245805], "length": 18.530463903103477, "seg_id": 3, "type": "Side", "parent": 2, "children": []}, {"pos": [[-3.6409375525140737, 3.129653790074301, 58.97384116371839], [-3.6799588550745272, 3.003978607904615, 60.907954012975324], [-3.7642904776650217, 2.934467095115017, 62.84206686223226], [-3.8939324202855556, 2.921119251705505, 64.77617971148916], [-4.068884682936131, 2.9639350776760818, 66.7102925607461], [-4.289147265616748, 3.0629145730267457, 68.64440541000303], [-4.554720168327405, 3.2180577377574977, 70.57851825925997], [-4.865603391068103, 3.429364571868337, 72.51263110851689], [-5.221796933838842, 3.696835075359264, 74.4467439577738], [-5.623300796639622, 4.020469248230278, 76.38085680703074], [-6.070114979470443, 4.40026709048138, 78.31496965628766]], "radius": [0.6637694816731206, 0.5200281975699943, 0.6134311224486234, 0.8938734668260246, 1.2323788241924396, 1.4780066501119637, 1.528911996675499, 1.5111534086588652, 1.4933948206422314, 1.4756362326255976, 1.4578776446089639], "ref_radius": [1.6354635247753018, 1.617704936758668, 1.5999463487420342, 1.5821877607254005, 1.5644291727087667, 1.546670584692133, 1.528911996675499, 1.5111534086588652, 1.4933948206422314, 1.4756362326255976, 1.4578776446089639], "length": 19.53444681829717, "seg_id": 4, "type": "Main", "parent": 2, "children": [5, 6]}, {"pos": [[-6.070114979470443, 4.40026709048138, 78.31496965628766], [-5.203922118585913, 4.844760634507024, 79.9219875279469], [-4.219707889203667, 5.1749772547743875, 81.52900539960618], [-3.1174722913237023, 5.390916951283472, 83.1360232712654], [-1.8972153249460209, 5.492579724034278, 84.74304114292467], [-0.5589369900706223, 5.479965573026805, 86.35005901458392], [0.8973627133024933, 5.353074498261053, 87.95707688624317], [2.471683785173326, 5.111906499737023, 89.56409475790242], [4.1640262255418765, 4.756461577454712, 91.17111262956168]], "radius": [0.9496312681362477, 0.9496312681362477, 0.9496312681362477, 0.9496312681362477, 0.9496312681362477, 0.9496312681362477, 0.9496312681362477, 0.9496312681362477, 0.9496312681362477],