{"case_id": "RCA_2937_bc5", "artery_type": "RCA", "segments": [{"pos": [[0.0, 0.0, 0.0], [0.11865643712697982, 0.040584923199127904, 1.8391001055977432], [0.2203619546643911, 0.07537200022695183, 3.678200211195487], [0.30511655261223386, 0.10436123108347177, 5.517300316793231], [0.372920230970508, 0.1275526157686877, 7.356400422390974], [0.4237729897392137, 0.14494615428259966, 9.195500527988717], [0.4576748289183507, 0.15654184662520762, 11.03460063358646], [0.4746257485079193, 0.16233969279651161, 12.873700739184205], [0.4746257485079193, 0.16233969279651161, 14.712800844781945], [0.4576748289183507, 0.15654184662520762, 16.55190095037969], [0.4237729897392137, 0.14494615428259966, 18.391001055977434], [0.3729202309705081, 0.12755261576868773, 20.230101161575178], [0.30511655261223375, 0.10436123108347173, 22.06920126717292], [0.22036195466439104, 0.07537200022695181, 23.908301372770666], [0.11865643712697979, 0.04058492319912789, 25.74740147836841], [0.0, 0.0, 27.58650158396615]], "radius": [2.364479015974259, 2.3207182210951856, 2.07099287950074, 1.6747143623104983, 1.2573806156191194, 0.9511575928502494, 0.8530234513788482, 0.994056416902706, 1.3295925807386615, 1.7533705696978226, 2.131183595101386, 2.343381570863071, 2.364479015974259, 2.364479015974259, 2.364479015974259, 2.364479015974259], "ref_radius": [2.364479015974259, 2.364479015974259, 2.364479015974259, 2.364479015974259, 2.364479015974259, 2.364479015974259, 2.364479015974259, 2.364479015974259, 2.364479015974259, 2.364479015974259, 2.364479015974259, 2.364479015974259, 2.364479015974259, 2.364479015974259, 2.364479015974259, 2.364479015974259], "length": 27.58650158396615, "seg_id": 0, "type": "Root", "parent": null, "children": [1, 2]}, {"pos": [[0.0, 0.0, 27.58650158396615], [1.3668551450949566, -0.3306222040035899, 29.316446588850525], [2.694090971701616, -0.555443969418821, 31.046391593734885], [3.9817074798199785, -0.6744652962456932, 32.776336598619245], [5.229704669450044, -0.6876861844842065, 34.50628160350362], [6.438082540591812, -0.5951066341343612, 36.23622660838799], [7.606841093245283, -0.39672664519615675, 37.96617161327235], [8.735980327410457, -0.09254621766959345, 39.69611661815672]], "radius": [1.5844525469161332, 1.5844525469161332, 1.5844525469161332, 1.5844525469161332, 1.5844525469161332, 1.5844525469161332, 1.5844525469161332, 1.5844525469161332], "ref_radius": [1.5844525469161332, 1.5844525469161332, 1.5844525469161332, 1.5844525469161332, 1.5844525469161332, 1.5844525469161332, 1.5844525469161332, 1.5844525469161332], "length": 14.932136262424137, "seg_id": 1, "type": "Side", "parent": 0, "children": []}, {"pos": [[0.0, 0.0, 27.58650158396615], [0.11797603048733799, 0.008750355833616998, 29.425127917967334], [0.2102547366313357, 0.0137604177451873, 31.263754251968518], [0.27683611843199324, 0.015030185734710901, 33.102380585969705], [0.3177201758893106, 0.01255965980218781, 34.94100691997089], [0.3329069090032877, 0.006348839947618021, 36.77963325397207], [0.32239631777392475, -0.0036022738289984493, 38.61825958797326], [0.2861884022012214, -0.017293681527661635, 40.45688592197445], [0.22428316228517786, -0.03472538314837152, 42.29551225597563], [0.13668059802579413, -0.05589737869112811, 44.134138589976814], [0.023380709423070134, -0.08080966815593138, 45.972764923978005], [-0.11561650352299391, -0.10946225154278133, 47.81139125797919], [-0.28031104081239805, -0.14185512885167795, 49.65001759198037], [-0.47070290244514257, -0.17798830008262134, 51.488643925981556], [-0.6867920884212273, -0.21786176523561138, 53.32727025998274], [-0.9285785987406524, -0.26147552431064813, 55.16589659398392], [-1.1960624334034178, -0.3088295773077316, 57.004522927985114], [-1.489243592409523, -0.35992392422686176, 58.8431492619863]], "radius": [2.364479015974259, 2.3470933629581867, 2.3297077099421144, 2.3123220569260425, 2.2949364039099702, 2.277550750893898, 2.2601650978778256, 2.2427794448617533, 2.2253937918456814, 2.1243720476897625, 1.7801984774280477, 1.2893940247289946, 0.7984888017597853, 0.4517199549036739, 0.3477633347782221, 0.5108390730628001, 0.8846433493997363, 1.3505621567077855], "ref_radius": [2.364479015974259, 2.3470933629581867, 2.3297077099421144, 2.3123220569260425, 2.2949364039099702, 2.277550750893898, 2.2601650978778256, 2.2427794448617533, 2.2253937918456814, 2.208008138829609, 2.190622485813537, 2.1732368327974645, 2.1558511797813926, 2.1384655267653203, 2.121079873749248, 2.1036942207331757, 2.0863085677171034, 2.068922914701031], "length": 31.294175428929996, "seg_id": 2, "type": "Main", "parent": 0, "children": [3, 4]}, {"pos": [[-1.489243592409523, -0.35992392422686176, 58.8431492619863], [-0.06588255630095724, -0.5648608340279346, 60.319555756210775], [1.3119079623688537, -0.6882666831695958, 61.79596225043527], [2.6441279635999093, -0.7301414716518455, 63.272368744659744], [3.9307774473922104, -0.6904851994746837, 64.74877523888422], [5.171856413745756, -0.5692978666381102, 66.22518173310871], [6.367364862660548, -0.36657947314212536, 67.70158822733319], [7.517302794136582, -0.08233001898672884, 69.17799472155767], [8.621670208173864, 0.2834504958280792, 70.65440121578214]], "radius": [1.0271944371655997, 1.0271944371655997, 1.0271944371655997, 1.0271944371655997, 1.0271944371655997, 1.0271944371655997, 1.0271944371655997, 1.0271944371655997, 1.0271944371655997], "ref_radius": [1.0271944371655997, 1.0271944371655997, 1.0271944371655997, 1.0271944371655997, 1.0271944371655997, 1.0271944371655997, 1.0271944371655997, 1.0271944371655997, 1.0271944371655997], "length": 15.561175445423618, "seg_id": 3, "type": "Side", "parent": 2, "children": []}, {"pos": [[-1.489243592409523, -0.35992392422686176, 58.8431492619863], [-1.7225352993196874, -0.05385255420969998, 60.595099921610704], [-1.9650329598822154, 0.22278619264883684, 62.34705058123511], [-2.2167365740971063, 0.4699923163487488, 64.09900124085952], [-2.4776461419643607, 0.6877658168900358, 65.85095190048393], [-2.7477616634839785, 0.8761066942726978, 67.60290256010833], [-3.0270831386559593, 1.035014948496735, 69.35485321973273], [-3.3156105674803036, 1.1644905795621474, 71.10680387935714], [-3.613343949957011, 1.2645335874689347, 72.85875453898156], [-3.9202832860860815, 1.335143972217097, 74.61070519860596], [-4.2364285758675155, 1.3763217338066345, 76.36265585823037], [-4.561779819301313, 1.388066872237547, 78.11460651785478], [-4.8963370163874735, 1.3703793875098347, 79.8665571774792], [-5.2401001671259975, 1.3232592796234974, 81.61850783710359], [-5.593069271516884, 1.2467065485785354, 83.370458496728], [-5.955244329560135, 1.1407211943749482, 85.1224091563524], [-6.326625341255749, 1.0053032170127363, 86.87435981597682]], "radius": [1.7643006676598971, 2.000244822771614, 2.0180333937586217, 2.001281459795453, 1.9845295258322844, 1.9677775918691156, 1.9510256579059468, 1.934273723942778, 1.9175217899796093, 1.9007698560164408, 1.884017922053272, 1.8672659880901032, 1.8505140541269345, 1.8337621201637657, 1.817010186200597, 1.8002582522374284, 1.7835063182742596], "ref_radius": [2.051537261684959, 2.0347853277217904, 2.0180333937586217, 2.001281459795453, 1.9845295258322844, 1.9677775918691156, 1.9510256579059468, 1.934273723942778, 1.9175217899796093, 1.9007698560164408, 1.884017922053272, 1.8672659880901032, 1.8505140541269345, 1.8337621201637657, 1.817010186200597, 1.8002582522374284, 1.7835063182742596], "length": 28.478287737386832, "seg_id": 4, "type": "Main", "parent": 2,