{"case_id": "RCA_5277_bc2", "artery_type": "RCA", "segments": [{"pos": [[0.0, 0.0, 0.0], [-0.2226104950035312, 0.0992822322429134, 1.8496296260352545], [-0.4134194907208437, 0.1843812884511249, 3.699259252070509], [-0.5724269871519375, 0.2552971686246345, 5.548888878105764], [-0.6996329842968124, 0.31202987276344213, 7.398518504141018], [-0.7950374821554687, 0.35457940086754786, 9.248148130176272], [-0.8586404807279061, 0.38294575293695166, 11.097777756211528], [-0.8904419800141248, 0.3971289289716536, 12.94740738224678], [-0.8904419800141248, 0.3971289289716536, 14.797037008282036], [-0.8586404807279061, 0.38294575293695166, 16.646666634317288], [-0.7950374821554687, 0.35457940086754786, 18.496296260352544], [-0.6996329842968125, 0.3120298727634422, 20.345925886387796], [-0.5724269871519373, 0.2552971686246344, 22.195555512423056], [-0.4134194907208436, 0.18438128845112486, 24.045185138458308], [-0.22261049500353117, 0.09928223224291337, 25.89481476449356], [0.0, 0.0, 27.744444390528816]], "radius": [2.8543932920530857, 2.8543932920530857, 2.8543932920530857, 2.8543932920530857, 2.8543932920530857, 2.8543932920530857, 2.8543932920530857, 2.8543932920530857, 2.8543932920530857, 2.8543932920530857, 2.8543932920530857, 2.8543932920530857, 2.8543932920530857, 2.8543932920530857, 2.8543932920530857, 2.8543932920530857], "ref_radius": [2.8543932920530857, 2.8543932920530857, 2.8543932920530857, 2.8543932920530857, 2.8543932920530857, 2.8543932920530857, 2.8543932920530857, 2.8543932920530857, 2.8543932920530857, 2.8543932920530857, 2.8543932920530857, 2.8543932920530857, 2.8543932920530857, 2.8543932920530857, 2.8543932920530857, 2.8543932920530857], "length": 27.744444390528816, "seg_id": 0, "type": "Root", "parent": null, "children": [1, 2]}, {"pos": [[0.0, 0.0, 27.744444390528816], [0.8482249739486095, 0.3135694553701347, 29.375361144536573], [1.7303991114527126, 0.583385524402384, 31.006277898544333], [2.6465224125123097, 0.8094482070967479, 32.63719465255209], [3.596594877127401, 0.9917575034532267, 34.26811140655985], [4.580616505297987, 1.13031341347182, 35.89902816056761], [5.598587297024064, 1.2251159371525278, 37.52994491457537], [6.650507252305637, 1.2761650744953503, 39.160861668583124], [7.736376371142704, 1.2834608255002875, 40.79177842259088], [8.856194653535265, 1.2470031901673393, 42.422695176598644], [10.009962099483321, 1.1667921684965057, 44.05361193060641], [11.197678708986867, 1.042827760487787, 45.684528684614165]], "radius": [2.0237355489524718, 2.0237355489524718, 2.0237355489524718, 2.0237355489524718, 2.0237355489524718, 2.0237355489524718, 2.0237355489524718, 2.0237355489524718, 2.0237355489524718, 2.0237355489524718, 2.0237355489524718, 2.0237355489524718], "ref_radius": [2.0237355489524718, 2.0237355489524718, 2.0237355489524718, 2.0237355489524718, 2.0237355489524718, 2.0237355489524718, 2.0237355489524718, 2.0237355489524718, 2.0237355489524718, 2.0237355489524718, 2.0237355489524718, 2.0237355489524718], "length": 21.173618554385776, "seg_id": 1, "type": "Side", "parent": 0, "children": []}, {"pos": [[0.0, 0.0, 27.744444390528816], [-0.11669924066148349, 0.2885220718732165, 29.634177350217094], [-0.23378140333311095, 0.5553573793042483, 31.523910309905368], [-0.3512464880148824, 0.8005059222930955, 33.413643269593635], [-0.46909449470679776, 1.0239677008397579, 35.30337622928191], [-0.5873254234088572, 1.2257427149442357, 37.19310918897018], [-0.7059392741210606, 1.405830964606529, 39.08284214865846], [-0.824936046843408, 1.5642324498266373, 40.97257510834673], [-0.9443157415758994, 1.7009471706045614, 42.862308068035006], [-1.0640783583185347, 1.8159751269403004, 44.75204102772328], [-1.184223897071314, 1.9093163188338549, 46.641773987411554]], "radius": [2.8543932920530857, 2.8370929089078283, 2.8197925257625704, 2.802492142617313, 2.7851917594720557, 2.599383169883805, 2.042821014305742, 1.353014842199976, 0.8272955451094042, 0.6877938725125419, 0.9856336384588797], "ref_radius": [2.8543932920530857, 2.8370929089078283, 2.8197925257625704, 2.802492142617313, 2.7851917594720557, 2.767891376326798, 2.7505909931815404, 2.733290610036283, 2.715990226891025, 2.698689843745768, 2.6813894606005104], "length": 19.03042145978329, "seg_id": 2, "type": "Main", "parent": 0, "children": [3, 4]}, {"pos": [[-1.184223897071314, 1.9093163188338549, 46.641773987411554], [-0.0008436176530316475, 1.828143905614456, 48.090314999619295], [1.2402802460452955, 1.8054493037366552, 49.53885601182703], [2.5391476940236677, 1.8412325132004526, 50.98739702403476], [3.895758726282085, 1.935493534005848, 52.4359380362425], [5.310113342820548, 2.0882323661528415, 53.884479048450245], [6.782211543639054, 2.2994490096414326, 55.33302006065797], [8.312053328737605, 2.569143464471622, 56.781561072865706], [9.899638698116204, 2.89731573064341, 58.23010208507345], [11.544967651774847, 3.283965808156796, 59.67864309728118]], "radius": [1.716494869044959, 1.716494869044959, 1.716494869044959, 1.716494869044959, 1.716494869044959, 1.716494869044959, 1.716494869044959, 1.716494869044959, 1.716494869044959, 1.716494869044959], "ref_radius": [1.716494869044959, 1.716494869044959, 1.716494869044959, 1.716494869044959, 1.716494869044959, 1.716494869044959, 1.716494869044959, 1.716494869044959, 1.716494869044959, 1.716494869044959], "length": 18.272436479396646, "seg_id": 3, "type": "Side", "parent": 2, "children": []}, {"pos": [[-1.184223897071314, 1.9093163188338549, 46.641773987411554], [-0.8677421548288307, 2.145208178450661, 48.458306960121504], [-0.5624044849445328, 2.37919862999578, 50.27483993283145], [-0.26821088741841975, 2.611287673469212, 52.0913729055414], [0.014838637749508082, 2.8414753088709555, 53.90790587825135], [0.286744090559251, 3.069761536201012, 55.7244388509613], [0.5475054710108087, 3.296146355459381, 57.54097182367124], [0.7971227791041815, 3.5206297666460626, 59.35750479638119], [1.035596014839369, 3.7432117697610563, 61.17403776909114], [1.2629251782163715, 3.963892364804363, 62.99057074180109], [1.479110269235189, 4.182671551775982, 64.80710371451104], [1.6841512878958214, 4.399549330675914, 66.623636687221], [1.8780482341982685, 4.614525701504158, 68.44016965993094], [2.060801108142531, 4.827600664260714, 70.2567026326409], [2.232409909728608, 5.0387742189455835, 72.07323560535083], [2.3928746389565, 5.248046365558766, 73.88976857806078], [2.542195295826207, 5.45541710410026, 75.70630155077073]], "radius": [1.580833693567038, 2.205664702051992, 2.583009404812722, 2.6120016139496425, 2.594639126114439, 2.5772766382792356, 2.559914150444032, 2.5425516626088287, 2.525189174773625, 2.507826686938422, 2.438536675254956, 2.1248858838759928, 1.6341226819041854, 1.106801837606822, 0.6920198016539418, 0.5044035768928297, 0.5916249022353599], "ref_radius": [2.6640890774552526, 2.6467265896200494, 2.6293641017848457, 2.6120016139496425, 2.594639126114439, 2.5772766382792356, 2.559914150444032, 2.5425516626088287, 2.525189174773625, 2.507826686938422, 2.490464199103218, 2.473101711268015, 2.4557392234328113, 2.438376735597608, 2.4210142477624044, 2.403651759927201, 2.3862892720919975], "length": 29.51622931984584, "seg_id": 4, "type": "Main", "parent": 2, "children": [5, 6]}, {"pos": [[2.542195295826207, 5.45541710410026, 75.70630155077073], [4.047133434702164, 5.40018266074178, 77.04060646052491], [5.536582684239374, 5.400138942451065, 78.37491137027911], [7.010543044437837, 5.455285949228112, 79.70921628003327], [8.469014515297555, 5.565623681072926, 81.04352118978744], [9.911997096818526, 5.731152137985502, 82.37782609954164], [11.339490789000752, 5.951871319965843, 83.7121310092958], [12.751495591844233, 6.227781227013947, 85.04643591905], [14.148011505348965, 6.558881859129816, 86.38074082880418], [15.529038529514951, 6.945173216313449, 87.71504573855835], [16.894576664342193, 7.386655298564846, 89.04935064831253]],