{"case_id": "RCA_8022_bc1", "artery_type": "RCA", "segments": [{"pos": [[0.0, 0.0, 0.0], [0.30027741591811197, 0.32095169826811587, 2.0264308000943916], [0.525485477856696, 0.5616654719692028, 4.052861600188783], [0.6756241858157521, 0.7221413211032608, 6.079292400283174], [0.75069353979528, 0.8023792456702896, 8.105723200377566], [0.75069353979528, 0.8023792456702896, 10.13215400047196], [0.6756241858157521, 0.7221413211032608, 12.158584800566349], [0.5254854778566962, 0.5616654719692029, 14.185015600660739], [0.30027741591811213, 0.320951698268116, 16.211446400755133], [0.0, 0.0, 18.237877200849525]], "radius": [2.172923861599636, 2.172923861599636, 2.172923861599636, 2.1720297306916776, 2.0180488986093748, 1.6578629540584382, 1.2324643508781805, 0.9083726155231329, 0.8124513575484071, 0.9822483317784494], "ref_radius": [2.172923861599636, 2.172923861599636, 2.172923861599636, 2.172923861599636, 2.172923861599636, 2.172923861599636, 2.172923861599636, 2.172923861599636, 2.172923861599636, 2.172923861599636], "length": 18.237877200849525, "seg_id": 0, "type": "Root", "parent": null, "children": [1, 2]}, {"pos": [[0.0, 0.0, 18.237877200849525], [1.113889113370147, -0.2195134120512062, 19.64322886219788], [2.2744941896033057, -0.38505499426128054, 21.04858052354624], [3.4818152286994755, -0.4966247466302228, 22.453932184894587], [4.735852230658656, -0.5542226691580332, 23.85928384624294], [6.036605195480849, -0.5578487618447117, 25.264635507591294], [7.384074123166055, -0.5075030246902583, 26.66998716893965], [8.77825901371427, -0.40318545769467284, 28.075338830288], [10.2191598671255, -0.24489606085795565, 29.48069049163636], [11.706776683399738, -0.03263483418010657, 30.88604215298471], [13.241109462536988, 0.23359822233887445, 32.29139381433306]], "radius": [1.3142331729737193, 1.3142331729737193, 1.3142331729737193, 1.3142331729737193, 1.3142331729737193, 1.3142331729737193, 1.3142331729737193, 1.3142331729737193, 1.3142331729737193, 1.3142331729737193, 1.3142331729737193], "ref_radius": [1.3142331729737193, 1.3142331729737193, 1.3142331729737193, 1.3142331729737193, 1.3142331729737193, 1.3142331729737193, 1.3142331729737193, 1.3142331729737193, 1.3142331729737193, 1.3142331729737193, 1.3142331729737193], "length": 19.310175481694213, "seg_id": 1, "type": "Side", "parent": 0, "children": []}, {"pos": [[0.0, 0.0, 18.237877200849525], [0.14491584407683317, -0.1131850387631169, 20.106496266132893], [0.27215797521471324, -0.21316976564815351, 21.97511533141626], [0.3817263934136402, -0.29995418065510987, 23.843734396699627], [0.47362109867361407, -0.373538283783986, 25.712353461982996], [0.5478420909946349, -0.43392207503478175, 27.580972527266365], [0.6043893703767025, -0.48110555440749725, 29.44959159254973], [0.643262936819817, -0.5150887219021325, 31.3182106578331], [0.6644627903239786, -0.5358715775186875, 33.18682972311647], [0.667988930889187, -0.5434541212571622, 35.05544878839983], [0.6538413585154423, -0.5378363531175565, 36.9240678536832], [0.6220200732027444, -0.5190182730998707, 38.792686918966574], [0.5725250749510936, -0.48699988120410453, 40.66130598424994], [0.5053563637604896, -0.44178117743025813, 42.529925049533304]], "radius": [1.3512976130061247, 1.7609568264699158, 2.0545008697551608, 2.1208496048710654, 2.1034915192948755, 2.086133433718685, 2.0687753481424953, 2.051417262566305, 2.034059176990115, 2.0167010914139247, 1.9993430058377346, 1.9819849202615445, 1.9320962840646685, 1.634355360689009], "ref_radius": [2.172923861599636, 2.1555657760234457, 2.138207690447256, 2.1208496048710654, 2.1034915192948755, 2.086133433718685, 2.0687753481424953, 2.051417262566305, 2.034059176990115, 2.0167010914139247, 1.9993430058377346, 1.9819849202615445, 1.9646268346853542, 1.947268749109164], "length": 24.301319806666204, "seg_id": 2, "type": "Main", "parent": 0, "children": [3, 4]}, {"pos": [[0.5053563637604896, -0.44178117743025813, 42.529925049533304], [1.815197584069807, -0.3502063229179929, 43.770222941567575], [3.1209917879506746, -0.27111655194806034, 45.01052083360184], [4.422738975403092, -0.20451186452046052, 46.250818725636115], [5.720439146427063, -0.1503922606351934, 47.49111661767038], [7.014092301022583, -0.10875774029225893, 48.73141450970465], [8.303698439189652, -0.07960830349165719, 49.97171240173893], [9.589257560928274, -0.06294395023338813, 51.2120102937732], [10.870769666238447, -0.05876468051745176, 52.45230818580747], [12.148234755120171, -0.06707049434384807, 53.69260607784174], [13.421652827573444, -0.08786139171257706, 54.93290396987601], [14.69102388359827, -0.12113737262363874, 56.17320186191027], [15.956347923194642, -0.1668984370770331, 57.41349975394454], [17.21762494636257, -0.2251445850727602, 58.65379764597881], [18.474854953102046, -0.29587581661081996, 59.89409553801309], [19.72803794341307, -0.37909213169121236, 61.13439343004735], [20.97717391729565, -0.4747935303139376, 62.37469132208163], [22.22226287474978, -0.5829800124789954, 63.614989214115894]], "radius": [1.4480754842403247, 1.4480754842403247, 1.4480754842403247, 1.4480754842403247, 1.4480754842403247, 1.4480754842403247, 1.4480754842403247, 1.4480754842403247, 1.4480754842403247, 1.4480754842403247, 1.4480754842403247, 1.4480754842403247, 1.4480754842403247, 1.4480754842403247, 1.4480754842403247, 1.4480754842403247, 1.4480754842403247, 1.4480754842403247], "ref_radius": [1.4480754842403247, 1.4480754842403247, 1.4480754842403247, 1.4480754842403247, 1.4480754842403247, 1.4480754842403247, 1.4480754842403247, 1.4480754842403247, 1.4480754842403247, 1.4480754842403247, 1.4480754842403247, 1.4480754842403247, 1.4480754842403247, 1.4480754842403247, 1.4480754842403247, 1.4480754842403247, 1.4480754842403247, 1.4480754842403247], "length": 30.269190546538127, "seg_id": 3, "type": "Side", "parent": 2, "children": []}, {"pos": [[0.5053563637604896, -0.44178117743025813, 42.529925049533304], [0.5443209229791338, -0.20433531886911394, 44.344475763207164], [0.5935506206074576, 0.020369333387737693, 46.159026476881024], [0.6530454566454605, 0.23233277934029695, 47.97357719055488], [0.7228054310931431, 0.4315550189885637, 49.78812790422872], [0.802830543950505, 0.6180360523325379, 51.60267861790258], [0.8931207952175464, 0.7917758793722197, 53.417229331576436], [0.9936761848942672, 0.9527745001076091, 55.2317800452503], [1.1044967129806675, 1.101031914538706, 57.04633075892416], [1.2255823794767469, 1.2365481226655102, 58.86088147259801], [1.356933184382506, 1.3593231244880222, 60.67543218627186], [1.4985491276979448, 1.4693569200062417, 62.48998289994572], [1.6504302094230625, 1.5666495092201687, 64.30453361361958], [1.81257642955786, 1.6512008921298031, 66.11908432729344], [1.9849877881023368, 1.7230110687351452, 67.93363504096729]], "radius": [1.1661631025467982, 0.7242200584443188, 0.4903347287752222, 0.5552957255806816, 0.8817570642608205, 1.3223406620495068, 1.6840279657791368, 1.8107301623657814, 1.7937043764847538, 1.7766785906037263, 1.759652804722699, 1.7426270188416713, 1.7256012329606438, 1.7085754470796162, 1.6915496611985887], "ref_radius": [1.929910663532974, 1.9128848776519465, 1.8958590917709188, 1.8788333058898914, 1.861807520008864, 1.8447817341278363, 1.8277559482468089, 1.8107301623657814, 1.7937043764847538, 1.7766785906037263, 1.759652804722699, 1.7426270188416713, 1.7256012329606438, 1.7085754470796162, 1.6915496611985887], "length": 25.538678821541264, "seg_id": 4, "type": "Main", "parent": 2, "children": [5, 6]}, {"pos": [[1.9849877881023368, 1.7230110687351452, 67.93363504096729], [3.065662677971597, 1.6624247308039004, 69.3768544363322], [4.321154752615039, 1.7210814063239062, 70.82007383169709], [5.751464012032663, 1.898981095295163, 72.26329322706198], [7.3565904562244695, 2.1961237977176706, 73.70651262242689], [9.136534085190457, 2.6125095135914296, 75.14973201779179], [11.091294898930629, 3.14813824291644, 76.59295141315668]],