{"case_id": "RCA_2984_bc9", "artery_type": "RCA", "segments": [{"pos": [[0.0, 0.0, 0.0], [0.07565653024227982, -0.027859273017964988, 1.8251761137875107], [0.14185599420427467, -0.052236136908684346, 3.6503522275750213], [0.1985983918859845, -0.07313059167215807, 5.475528341362531], [0.2458837232874094, -0.0905426373083862, 7.300704455150042], [0.28371198840854933, -0.10447227381736869, 9.125880568937554], [0.31208318724940426, -0.11491950119910557, 10.951056682725063], [0.3309973198099742, -0.12188431945359682, 12.776232796512573], [0.3404543860902592, -0.12536672858084244, 14.601408910300085], [0.3404543860902592, -0.12536672858084244, 16.426585024087593], [0.3309973198099742, -0.12188431945359682, 18.251761137875107], [0.31208318724940426, -0.11491950119910557, 20.076937251662617], [0.28371198840854933, -0.1044722738173687, 21.902113365450127], [0.24588372328740948, -0.09054263730838623, 23.72728947923764], [0.19859839188598458, -0.0731305916721581, 25.552465593025147], [0.1418559942042747, -0.05223613690868436, 27.377641706812657], [0.07565653024227983, -0.02785927301796499, 29.20281782060017], [0.0, 0.0, 31.02799393438768]], "radius": [2.316589487793081, 2.316589487793081, 2.316589487793081, 2.316589487793081, 2.316589487793081, 2.316589487793081, 2.316589487793081, 2.2890207708260286, 2.1971441689155236, 2.0486500959134015, 1.856443949112708, 1.6372300766162322, 1.4100600274825927, 1.1946768101556917, 1.0097990571954856, 0.8714942169812971, 0.7917821558581606, 0.7775905295704704], "ref_radius": [2.316589487793081, 2.316589487793081, 2.316589487793081, 2.316589487793081, 2.316589487793081, 2.316589487793081, 2.316589487793081, 2.316589487793081, 2.316589487793081, 2.316589487793081, 2.316589487793081, 2.316589487793081, 2.316589487793081, 2.316589487793081, 2.316589487793081, 2.316589487793081, 2.316589487793081, 2.316589487793081], "length": 31.02799393438768, "seg_id": 0, "type": "Root", "parent": null, "children": [1, 2]}, {"pos": [[0.0, 0.0, 31.02799393438768], [0.7843185441146695, -0.05076216128601162, 32.67451850690019], [1.5784811921279973, -0.11236863302592469, 34.32104307941272], [2.3824879440399833, -0.1848194152197392, 35.967567651925236], [3.1963387998506265, -0.26811450786745517, 37.61409222443775], [4.020033759559928, -0.36225391096907256, 39.260616796950266], [4.853572823167887, -0.4672376245245915, 40.90714136946278], [5.696955990674505, -0.5830656485340118, 42.5536659419753], [6.55018326207978, -0.7097379829973335, 44.20019051448781], [7.413254637383712, -0.8472546279145566, 45.84671508700032], [8.286170116586305, -0.9956155832856812, 47.49323965951284], [9.168929699687554, -1.1548208491107073, 49.13976423202536], [10.061533386687463, -1.324870425389635, 50.786288804537875], [10.963981177586028, -1.505764312122464, 52.43281337705039], [11.87627307238325, -1.6975025093091944, 54.079337949562905], [12.798409071079131, -1.9000850169498262, 55.72586252207542]], "radius": [1.5323459345354435, 1.5323459345354435, 1.5323459345354435, 1.5323459345354435, 1.5323459345354435, 1.5323459345354435, 1.5323459345354435, 1.5323459345354435, 1.5323459345354435, 1.5323459345354435, 1.5323459345354435, 1.5323459345354435, 1.5323459345354435, 1.5323459345354435, 1.5323459345354435, 1.5323459345354435], "ref_radius": [1.5323459345354435, 1.5323459345354435, 1.5323459345354435, 1.5323459345354435, 1.5323459345354435, 1.5323459345354435, 1.5323459345354435, 1.5323459345354435, 1.5323459345354435, 1.5323459345354435, 1.5323459345354435, 1.5323459345354435, 1.5323459345354435, 1.5323459345354435, 1.5323459345354435, 1.5323459345354435], "length": 27.881791739359404, "seg_id": 1, "type": "Side", "parent": 0, "children": []}, {"pos": [[0.0, 0.0, 31.02799393438768], [-0.12224351355745774, -0.018101838005535355, 32.833572506503764], [-0.2583184366060116, -0.07922129968728876, 34.63915107861985], [-0.4082247691456614, -0.18335838504526025, 36.44472965073592], [-0.5719625111764073, -0.3305130940794498, 38.250308222852006], [-0.7495316626982491, -0.5206854267898573, 40.05588679496809], [-0.9409322237111872, -0.7538753831764831, 41.86146536708417], [-1.146164194215221, -1.0300829632393265, 43.667043939200255], [-1.3652275742103515, -1.3493081669783884, 45.47262251131633], [-1.5981223636965773, -1.7115509943936684, 47.278201083432414], [-1.8448485626738993, -2.116811445485166, 49.0837796555485], [-2.1054061711423175, -2.565089520252882, 50.88935822766458], [-2.379795189101832, -3.0563852186968163, 52.69493679978066]], "radius": [0.8301527110857418, 0.9379946528680481, 1.095609215801501, 1.2876593973060855, 1.4960514968892422, 1.5996327464977158, 1.337266927407561, 1.0818286599087303, 0.8549550803398329, 0.675415021128192, 0.5574823573680718, 0.5097346469639725, 0.5343778124846554], "ref_radius": [2.316589487793081, 2.2996583476007424, 2.2827272074084033, 2.2657960672160646, 2.248864927023726, 2.2319337868313873, 2.2150026466390482, 2.1980715064467096, 2.181140366254371, 2.164209226062032, 2.147278085869693, 2.1303469456773545, 2.1134158054850154], "length": 22.010482250040422, "seg_id": 2, "type": "Main", "parent": 0, "children": [3, 4]}, {"pos": [[-2.379795189101832, -3.0563852186968163, 52.69493679978066], [-1.271079652922099, -3.25399211552638, 54.390463926338306], [-0.13296881051779358, -3.523691340387754, 56.08599105289594], [1.034537338111083, -3.865482893280939, 57.78151817945357], [2.231438792964531, -4.279366774205936, 59.47704530601122], [3.4577355540425505, -4.7653429831627445, 61.17257243256885], [4.713427621345142, -5.323411520151364, 62.86809955912649], [5.9985149948723056, -5.953572385171794, 64.56362668568413]], "radius": [1.3378291389343475, 1.3378291389343475, 1.3378291389343475, 1.3378291389343475, 1.3378291389343475, 1.3378291389343475, 1.3378291389343475, 1.3378291389343475], "ref_radius": [1.3378291389343475, 1.3378291389343475, 1.3378291389343475, 1.3378291389343475, 1.3378291389343475, 1.3378291389343475, 1.3378291389343475, 1.3378291389343475], "length": 14.814033030347252, "seg_id": 3, "type": "Side", "parent": 2, "children": []}, {"pos": [[-2.379795189101832, -3.0563852186968163, 52.69493679978066], [-3.1907285999787565, -3.277338261203196, 54.37079931323795], [-3.9474328279977584, -3.549994673386724, 56.04666182669525], [-4.649907873158836, -3.874354455247398, 57.72252434015254], [-5.29815373546199, -4.25041760678522, 59.398386853609836], [-5.89217041490722, -4.678184128000189, 61.074249367067125], [-6.431957911494527, -5.157654018892306, 62.750111880524415], [-6.91751622522391, -5.68882727946157, 64.4259743939817], [-7.348845356095369, -6.271703909707982, 66.10183690743901], [-7.7259453041089055, -6.906283909631542, 67.77769942089628], [-8.048816069264516, -7.592567279232248, 69.45356193435359], [-8.317457651562206, -8.330554018510103, 71.12942444781088], [-8.53187005100197, -9.120244127465105, 72.80528696126817]], "radius": [0.6271490899894978, 0.7778335055558727, 0.9711828517683423, 1.188424356305246, 1.319864752036316, 1.1167678401476775, 0.9414091424168238, 0.8090577249665865, 0.7305938869720845, 0.7115348245806323, 0.7515935679640855, 0.8448049341494539, 0.98019685369971], "ref_radius": [2.0964846652926767, 2.079648444237996, 2.062812223183315, 2.045976002128634, 2.0291397810739533, 2.0123035600192725, 1.9954673389645916, 1.9786311179099108, 1.96179489685523, 1.944958675800549, 1.9281224547458682, 1.9112862336911873, 1.8944500126365065], "length": 21.8870873710851, "seg_id": 4, "type": "Main", "parent": 2,