{"case_id": "RCA_1542_bc0", "artery_type": "RCA", "segments": [{"pos": [[0.0, 0.0, 0.0], [0.12808518839032101, 0.21866926707270568, 1.8369203461010744], [0.23909235166193257, 0.4081826318690506, 3.6738406922021487], [0.33302148981483465, 0.5685400943890347, 5.510761038303223], [0.40987260284902727, 0.6997416546326582, 7.347681384404297], [0.4696456907645104, 0.8017873125999209, 9.18460173050537], [0.5123407535612841, 0.8746770682908227, 11.021522076606447], [0.5379577912393483, 0.9184109217053639, 12.858442422707519], [0.546496803798703, 0.9329888728435443, 14.695362768808595], [0.5379577912393483, 0.9184109217053639, 16.532283114909667], [0.5123407535612841, 0.8746770682908227, 18.369203461010745], [0.4696456907645104, 0.8017873125999209, 20.206123807111815], [0.40987260284902727, 0.6997416546326582, 22.043044153212893], [0.33302148981483465, 0.5685400943890347, 23.879964499313967], [0.23909235166193257, 0.4081826318690506, 25.71688484541504], [0.12808518839032101, 0.21866926707270568, 27.553805191516116], [0.0, 0.0, 29.39072553761719]], "radius": [2.8066325976019963, 2.8066325976019963, 2.8066325976019963, 2.8066325976019963, 2.8066325976019963, 2.6748292941489007, 2.2168356062122885, 1.5668534998022938, 0.922295359458301, 0.4789262042550302, 0.3714059906693148, 0.6323907280602046, 1.1826142045910604, 1.8549626990373904, 2.4452307137075517, 2.774142211393433, 2.8066325976019963], "ref_radius": [2.8066325976019963, 2.8066325976019963, 2.8066325976019963, 2.8066325976019963, 2.8066325976019963, 2.8066325976019963, 2.8066325976019963, 2.8066325976019963, 2.8066325976019963, 2.8066325976019963, 2.8066325976019963, 2.8066325976019963, 2.8066325976019963, 2.8066325976019963, 2.8066325976019963, 2.8066325976019963, 2.8066325976019963], "length": 29.39072553761719, "seg_id": 0, "type": "Root", "parent": null, "children": [1, 2]}, {"pos": [[0.0, 0.0, 29.39072553761719], [1.0504743869669646, -0.04791052170387827, 30.94631462000052], [2.1313814079865216, -0.07215336268973505, 32.50190370238385], [3.2427210630586707, -0.07272852295757029, 34.05749278476718], [4.384493352183412, -0.049636002507384036, 35.613081867150505], [5.556698275360745, -0.0028758013391763093, 37.16867094953383], [6.759335832590671, 0.067552080547053, 38.72426003191716], [7.992406023873189, 0.16164764315130378, 40.27984911430049], [9.2559088492083, 0.27941088647357604, 41.835438196683825], [10.549844308596, 0.42084181051386976, 43.39102727906715], [11.874212402036294, 0.585940415272185, 44.94661636145048]], "radius": [1.818190126716191, 1.818190126716191, 1.818190126716191, 1.818190126716191, 1.818190126716191, 1.818190126716191, 1.818190126716191, 1.818190126716191, 1.818190126716191, 1.818190126716191, 1.818190126716191], "ref_radius": [1.818190126716191, 1.818190126716191, 1.818190126716191, 1.818190126716191, 1.818190126716191, 1.818190126716191, 1.818190126716191, 1.818190126716191, 1.818190126716191, 1.818190126716191, 1.818190126716191], "length": 19.57871256395432, "seg_id": 1, "type": "Side", "parent": 0, "children": []}, {"pos": [[0.0, 0.0, 29.39072553761719], [-0.24323934415324175, 0.01436082023253579, 31.258430079514596], [-0.4673005517505316, 0.02743815644821563, 33.12613462141201], [-0.6721836227918695, 0.03923200864703952, 34.993839163309424], [-0.8578885572772551, 0.04974237682900744, 36.861543705206834], [-1.024415355206689, 0.058969260994119414, 38.72924824710424], [-1.1717640165801706, 0.06691266114237543, 40.59695278900164], [-1.2999345413977004, 0.0735725772737755, 42.46465733089905], [-1.4089269296592781, 0.07894900938831961, 44.33236187279646], [-1.4987411813649039, 0.08304195748600776, 46.200066414693865], [-1.5693772965145778, 0.08585142156683997, 48.067770956591275], [-1.6208352751082995, 0.08737740163081623, 49.935475498488685], [-1.6531151171460694, 0.08761989767793651, 51.8031800403861], [-1.666216822627887, 0.08657890970820085, 53.670884582283506], [-1.660140391553753, 0.08425443772160923, 55.538589124180916], [-1.6348858239236668, 0.08064648171816167, 57.40629366607832]], "radius": [2.8066325976019963, 2.789093006080768, 2.7715534145595404, 2.754013823038312, 2.736474231517084, 2.7189346399958563, 2.701395048474628, 2.6838554569534003, 2.666315865432172, 2.6326467745508144, 2.3445759408915086, 1.822417340937066, 1.2606505499711107, 0.8660071861543697, 0.7798186740312734, 1.025922801734387], "ref_radius": [2.8066325976019963, 2.789093006080768, 2.7715534145595404, 2.754013823038312, 2.736474231517084, 2.7189346399958563, 2.701395048474628, 2.6838554569534003, 2.666315865432172, 2.648776273910944, 2.631236682389716, 2.613697090868488, 2.5961574993472603, 2.578617907826032, 2.561078316304804, 2.543538724783576], "length": 28.063346433964842, "seg_id": 2, "type": "Main", "parent": 0, "children": [3, 4]}, {"pos": [[-1.6348858239236668, 0.08064648171816167, 57.40629366607832], [-0.3799304834215062, -0.07427781593430423, 58.88612823032939], [0.8526680332532872, -0.20126135986099836, 60.36596279458046], [2.062909726100713, -0.3003041500619206, 61.845797358831526], [3.2507945951207713, -0.37140618653707114, 63.3256319230826], [4.416322640313462, -0.4145674692864499, 64.80546648733367], [5.559493861678785, -0.42978799831005676, 66.28530105158472], [6.680308259216742, -0.4170677736078918, 67.7651356158358], [7.778765832927329, -0.3764067951799551, 69.24497018008688], [8.854866582810548, -0.3078050630262466, 70.72480474433794], [9.908610508866403, -0.2112625771467663, 72.20463930858901], [10.93999761109489, -0.08677933754151398, 73.68447387284009], [11.949027889496007, 0.06564465578950981, 75.16430843709117], [12.935701344069756, 0.2460094028463054, 76.64414300134223]], "radius": [1.6708927928451982, 1.6708927928451982, 1.6708927928451982, 1.6708927928451982, 1.6708927928451982, 1.6708927928451982, 1.6708927928451982, 1.6708927928451982, 1.6708927928451982, 1.6708927928451982, 1.6708927928451982, 1.6708927928451982, 1.6708927928451982, 1.6708927928451982], "ref_radius": [1.6708927928451982, 1.6708927928451982, 1.6708927928451982, 1.6708927928451982, 1.6708927928451982, 1.6708927928451982, 1.6708927928451982, 1.6708927928451982, 1.6708927928451982, 1.6708927928451982, 1.6708927928451982, 1.6708927928451982, 1.6708927928451982, 1.6708927928451982], "length": 24.133466438994894, "seg_id": 3, "type": "Side", "parent": 2, "children": []}, {"pos": [[-1.6348858239236668, 0.08064648171816167, 57.40629366607832], [-1.7540735894335446, 0.11410226537179473, 59.337963359319005], [-1.8412989632027597, 0.13162811002108055, 61.269633052559676], [-1.896561945231311, 0.13322401566601916, 63.20130274580036], [-1.9198625355191994, 0.11888998230661046, 65.13297243904105], [-1.9112007340664245, 0.08862600994285458, 67.06464213228173], [-1.8705765408729864, 0.0424320985747515, 68.99631182552241], [-1.7979899559388848, -0.019691751797698914, 70.9279815187631], [-1.6934409792641199, -0.09774554117449655, 72.85965121200377], [-1.556929610848692, -0.1917292695556414, 74.79132090524448], [-1.3884558506926006, -0.3016429369411336, 76.72299059848515], [-1.1880196987958462, -0.4274865433309728, 78.65466029172583]], "radius": [1.503320167388466, 2.025587002622901, 2.39223272622688, 2.472851286835913, 2.4551353380271017, 2.43741938921829, 2.4197034404094784, 2.401987491600667, 2.384271542791855, 2.3665555939830436, 2.348839645174232, 2.3311236963654203], "ref_radius": [2.525999133262348, 2.5082831844535365, 2.4905672356447246, 2.472851286835913, 2.4551353380271017, 2.43741938921829, 2.4197034404094784, 2.401987491600667, 2.384271542791855, 2.3665555939830436, 2.348839645174232, 2.3311236963654203], "length": 21.259138570573903, "seg_id": 4, "type": "Main", "parent": 2,