{"case_id": "RCA_777_bc2", "artery_type": "RCA", "segments": [{"pos": [[0.0, 0.0, 0.0], [0.04436021517584442, 0.31551331432649815, 1.9440250251167712], [0.07984838731651996, 0.5679239657876967, 3.8880500502335424], [0.10646451642202659, 0.7572319543835955, 5.832075075350313], [0.12420860249236437, 0.8834372801141949, 7.776100100467085], [0.13308064552753326, 0.9465399429794945, 9.720125125583856], [0.13308064552753326, 0.9465399429794945, 11.664150150700626], [0.12420860249236437, 0.8834372801141949, 13.608175175817399], [0.10646451642202659, 0.7572319543835955, 15.55220020093417], [0.07984838731651994, 0.5679239657876965, 17.496225226050942], [0.04436021517584438, 0.3155133143264979, 19.44025025116771], [0.0, 0.0, 21.384275276284484]], "radius": [2.424917770447134, 2.424917770447134, 2.424917770447134, 2.424917770447134, 2.424917770447134, 2.424917770447134, 2.424917770447134, 2.3108519632617486, 1.8630962115796468, 1.266956368011775, 0.7859975385691258, 0.632861045982785], "ref_radius": [2.424917770447134, 2.424917770447134, 2.424917770447134, 2.424917770447134, 2.424917770447134, 2.424917770447134, 2.424917770447134, 2.424917770447134, 2.424917770447134, 2.424917770447134, 2.424917770447134, 2.424917770447134], "length": 21.384275276284484, "seg_id": 0, "type": "Root", "parent": null, "children": [1, 2]}, {"pos": [[0.0, 0.0, 21.384275276284484], [1.00619404846832, 0.023763700464606463, 22.775848240826623], [2.034329167492869, 0.025794478437363218, 24.16742120536876], [3.0844053570736465, 0.006092333918270271, 25.5589941699109], [4.1564226172106515, -0.0353427330926724, 26.95056713445304], [5.250380947903885, -0.09851072259546477, 28.342140098995174], [6.366280349153348, -0.18341163459010693, 29.733713063537312], [7.504120820959039, -0.29004546907659867, 31.12528602807945], [8.663902363320958, -0.4184122260549402, 32.51685899262159], [9.845624976239105, -0.5685119055251313, 33.90843195716373], [11.049288659713483, -0.7403445074871723, 35.30000492170586], [12.274893413744085, -0.9339100319410627, 36.691577886248], [13.522439238330922, -1.1492084788868036, 38.08315085079014], [14.791926133473982, -1.3862398483243934, 39.474723815332275], [16.083354099173274, -1.6450041402538331, 40.86629677987442], [17.39672313542879, -1.9255013546751225, 42.25786974441655]], "radius": [1.8259032908677335, 1.8259032908677335, 1.8259032908677335, 1.8259032908677335, 1.8259032908677335, 1.8259032908677335, 1.8259032908677335, 1.8259032908677335, 1.8259032908677335, 1.8259032908677335, 1.8259032908677335, 1.8259032908677335, 1.8259032908677335, 1.8259032908677335, 1.8259032908677335, 1.8259032908677335], "ref_radius": [1.8259032908677335, 1.8259032908677335, 1.8259032908677335, 1.8259032908677335, 1.8259032908677335, 1.8259032908677335, 1.8259032908677335, 1.8259032908677335, 1.8259032908677335, 1.8259032908677335, 1.8259032908677335, 1.8259032908677335, 1.8259032908677335, 1.8259032908677335, 1.8259032908677335, 1.8259032908677335], "length": 27.240787017589135, "seg_id": 1, "type": "Side", "parent": 0, "children": []}, {"pos": [[0.0, 0.0, 21.384275276284484], [0.07386022289046462, -0.4207248840560777, 23.22844622810227], [0.13546069836522545, -0.8180654569514192, 25.07261717992006], [0.18480142642428254, -1.1920217186860245, 26.916788131737846], [0.22188240706763585, -1.5425936692598936, 28.760959083555633], [0.2467036402952854, -1.8697813086730266, 30.60513003537342], [0.25926512610723124, -2.1735846369254235, 32.449300987191215], [0.2595668645034732, -2.4540036540170838, 34.293471939009], [0.24760885548401151, -2.711038359948008, 36.13764289082679], [0.223391099048846, -2.9446887547181966, 37.981813842644584], [0.1869135951979767, -3.1549548383276487, 39.82598479446237], [0.13817634393140374, -3.3418366107763644, 41.67015574628016], [0.07717934524912701, -3.5053340720643433, 43.51432669809794], [0.003922599151146455, -3.6454472221915877, 45.35849764991573], [-0.08159389436253786, -3.7621760611580943, 47.20266860173352], [-0.17937013529192594, -3.855520588963865, 49.04683955355131], [-0.2894061236370179, -3.9254808056089003, 50.891010505369096], [-0.4117018593978135, -3.972056711093199, 52.73518145718688]], "radius": [0.8752515342857858, 1.3958230906769098, 1.9616365731652199, 2.318738222669153, 2.354686194020202, 2.3371282999134695, 2.3195704058067363, 2.3020125117000036, 2.2844546175932705, 2.266896723486538, 2.2493388293798047, 2.231780935273072, 2.2142230411663393, 2.196665147059606, 2.179107252952873, 2.1615493588461403, 2.1439914647394076, 2.1264335706326745], "ref_radius": [2.424917770447134, 2.407359876340401, 2.389801982233668, 2.3722440881269353, 2.354686194020202, 2.3371282999134695, 2.3195704058067363, 2.3020125117000036, 2.2844546175932705, 2.266896723486538, 2.2493388293798047, 2.231780935273072, 2.2142230411663393, 2.196665147059606, 2.179107252952873, 2.1615493588461403, 2.1439914647394076, 2.1264335706326745], "length": 31.604209392119223, "seg_id": 2, "type": "Main", "parent": 0, "children": [3, 4]}, {"pos": [[-0.4117018593978135, -3.972056711093199, 52.73518145718688], [0.665418827097029, -3.8587140633453925, 54.09238222070743], [1.8025681312387414, -3.7912338236618712, 55.44958298422798], [2.999746053027324, -3.7696159920426338, 56.80678374774853], [4.256952592462778, -3.793860568487681, 58.163984511269085], [5.5741877495451, -3.8639675529970123, 59.52118527478963], [6.951451524274292, -3.9799369455706275, 60.87838603831018], [8.388743916650355, -4.141768746208527, 62.235586801830735], [9.886064926673289, -4.34946295491071, 63.59278756535127], [11.443414554343095, -4.603019571677179, 64.94998832887184], [13.060792799659767, -4.902438596507931, 66.30718909239238], [14.73819966262331, -5.247720029402967, 67.66438985591293]], "radius": [1.5351880331408394, 1.5351880331408394, 1.5351880331408394, 1.5351880331408394, 1.5351880331408394, 1.5351880331408394, 1.5351880331408394, 1.5351880331408394, 1.5351880331408394, 1.5351880331408394, 1.5351880331408394, 1.5351880331408394], "ref_radius": [1.5351880331408394, 1.5351880331408394, 1.5351880331408394, 1.5351880331408394, 1.5351880331408394, 1.5351880331408394, 1.5351880331408394, 1.5351880331408394, 1.5351880331408394, 1.5351880331408394, 1.5351880331408394, 1.5351880331408394], "length": 21.30793505812356, "seg_id": 3, "type": "Side", "parent": 2, "children": []}, {"pos": [[-0.4117018593978135, -3.972056711093199, 52.73518145718688], [-0.5327952458949928, -3.904748357170429, 54.524500228674434], [-0.6326089891173692, -3.8710188311845206, 56.313819000162], [-0.7111430890649426, -3.8708681331354713, 58.103137771649536], [-0.7683975457377134, -3.9042962630232836, 59.89245654313709], [-0.8043723591356808, -3.971303220847956, 61.68177531462463], [-0.8190675292588457, -4.0718890066094895, 63.471094086112174], [-0.8124830561072078, -4.206053620307884, 65.26041285759973], [-0.7846189396807669, -4.373797061943138, 67.04973162908729], [-0.7354751799795232, -4.575119331515253, 68.83905040057482], [-0.6650517770034765, -4.81002042902423, 70.62836917206238], [-0.5733487307526269, -5.0785003544700675, 72.41768794354994], [-0.46036604122697455, -5.380559107852765, 74.20700671503748], [-0.32610370842651937, -5.716196689172323, 75.99632548652502], [-0.17056173235126093, -6.085413098428742, 77.78564425801258]], "radius": [2.1088756765259418, 2.0921152719920237, 2.0753548674581053, 2.0585944629241872, 2.041834058390269, 2.0250736538563507, 2.0083132493224327, 1.9915528447885145, 1.9747924402545962, 1.9580320357206782, 1.94127163118676, 1.9245112266528417, 1.9077508221189237, 1.8909904175850054, 1.8742300130510872], "ref_radius": [2.1088756765259418, 2.0921152719920237, 2.0753548674581053, 2.0585944629241872, 2.041834058390269, 2.0250736538563507, 2.0083132493224327, 1.9915528447885145, 1.9747924402545962, 1.9580320357206782, 1.94127163118676, 1.9245112266528417, 1.9077508221189237, 1.8909904175850054, 1.8742300130510872], "length": 25.14060680087727, "seg_id": 4, "type": "Main", "parent": 2,