{"case_id": "RCA_5198_bc6", "artery_type": "RCA", "segments": [{"pos": [[0.0, 0.0, 0.0], [0.17535067195341206, 0.13280159072047068, 1.749252146264517], [0.3331662767114829, 0.2523230223688943, 3.498504292529034], [0.4734468142742126, 0.3585642949452709, 5.247756438793552], [0.596192284641601, 0.4515254084496004, 6.997008585058069], [0.7014026878136482, 0.5312063628818827, 8.746260731322584], [0.7890780237903544, 0.5976071582421182, 10.495512877587103], [0.8592182925717192, 0.6507277945303065, 12.24476502385162], [0.9118234941577429, 0.6905682717464476, 13.994017170116138], [0.9468936285484251, 0.7171285898905417, 15.743269316380655], [0.9644286957437664, 0.7304087489625889, 17.492521462645172], [0.9644286957437666, 0.7304087489625889, 19.241773608909686], [0.9468936285484252, 0.7171285898905418, 20.991025755174206], [0.9118234941577429, 0.6905682717464476, 22.740277901438724], [0.8592182925717192, 0.6507277945303065, 24.48953004770324], [0.7890780237903545, 0.5976071582421183, 26.238782193967758], [0.7014026878136485, 0.5312063628818829, 27.98803434023227], [0.596192284641601, 0.4515254084496004, 29.737286486496792], [0.47344681427421276, 0.35856429494527103, 31.48653863276131], [0.3331662767114833, 0.2523230223688946, 33.23579077902582], [0.17535067195341228, 0.13280159072047085, 34.985042925290344], [0.0, 0.0, 36.73429507155486]], "radius": [2.1645501035071493, 2.1645501035071493, 2.1645501035071493, 2.1645501035071493, 2.1645501035071493, 2.1645501035071493, 2.1645501035071493, 2.1645501035071493, 2.1645501035071493, 2.1645501035071493, 2.1613054426673326, 2.0942858087923257, 1.9476929923260162, 1.7380159887657454, 1.4888396043178644, 1.2281915990066794, 0.9853900792003469, 0.7877457499070781, 0.6574899628011925, 0.6092740980721505, 0.6485215536434112, 0.7708177126613225], "ref_radius": [2.1645501035071493, 2.1645501035071493, 2.1645501035071493, 2.1645501035071493, 2.1645501035071493, 2.1645501035071493, 2.1645501035071493, 2.1645501035071493, 2.1645501035071493, 2.1645501035071493, 2.1645501035071493, 2.1645501035071493, 2.1645501035071493, 2.1645501035071493, 2.1645501035071493, 2.1645501035071493, 2.1645501035071493, 2.1645501035071493, 2.1645501035071493, 2.1645501035071493, 2.1645501035071493, 2.1645501035071493], "length": 36.73429507155486, "seg_id": 0, "type": "Root", "parent": null, "children": [1, 2]}, {"pos": [[0.0, 0.0, 36.73429507155486], [1.0804781816294067, 0.5707665417129829, 38.46986437416476], [2.1636822786654593, 0.9516275687403537, 40.20543367677464], [3.2496122911081566, 1.142583081082112, 41.94100297938453], [4.3382682189575, 1.1436330787382583, 43.67657228199442], [5.429650062213488, 0.9547775617087924, 45.412141584604306], [6.523757820876123, 0.576016529993714, 47.147710887214195]], "radius": [1.2260860817022574, 1.2260860817022574, 1.2260860817022574, 1.2260860817022574, 1.2260860817022574, 1.2260860817022574, 1.2260860817022574], "ref_radius": [1.2260860817022574, 1.2260860817022574, 1.2260860817022574, 1.2260860817022574, 1.2260860817022574, 1.2260860817022574, 1.2260860817022574], "length": 12.301643796586387, "seg_id": 1, "type": "Side", "parent": 0, "children": []}, {"pos": [[0.0, 0.0, 36.73429507155486], [-0.24005109469520966, 0.08467680335981502, 38.54436437200885], [-0.49414719654979833, 0.1498329400298058, 40.354433672462825], [-0.7622883055637659, 0.1954684100099724, 42.164502972916814], [-1.0444744217371127, 0.22158321330031472, 43.9745722733708], [-1.3407055450698382, 0.2281773499008328, 45.784641573824786], [-1.6509816755619429, 0.21525081981152666, 47.59471087427877], [-1.9753028132134265, 0.18280362303239633, 49.40478017473275], [-2.313668958024289, 0.1308357595634417, 51.21484947518674], [-2.666080109994531, 0.059347229404662916, 53.024918775640714], [-3.032536269124151, -0.03166196744394023, 54.8349880760947], [-3.413037435413151, -0.14219183098236748, 56.64505737654869], [-3.8075836088615294, -0.272242361210619, 58.45512667700268], [-4.216174789469287, -0.42181355812869475, 60.265195977456656], [-4.638810977236424, -0.5909054217365948, 62.07526527791064], [-5.07549217216294, -0.7795179520343191, 63.88533457836462], [-5.526218374248834, -0.9876511490218675, 65.69540387881861]], "radius": [0.9624065066908949, 1.1921034743859957, 1.005802668291512, 0.8135110760747901, 0.710619213337299, 0.7089342250021344, 0.8053510960580463, 0.982549316731637, 1.2117492750228567, 1.457092604559356, 1.680980807479974, 1.414856067935879, 1.1285128905523085, 0.870969856363917, 0.6814825753354601, 0.5876109227301014, 0.6009670004550225], "ref_radius": [2.1645501035071493, 2.1471970589645037, 2.1298440144218582, 2.1124909698792127, 2.095137925336567, 2.0777848807939217, 2.0604318362512766, 2.043078791708631, 2.0257257471659855, 2.00837270262334, 1.9910196580806945, 1.973666613538049, 1.9563135689954034, 1.9389605244527581, 1.9216074799101126, 1.904254435367467, 1.8869013908248216], "length": 29.500175722497314, "seg_id": 2, "type": "Main", "parent": 0, "children": [3, 4]}, {"pos": [[-5.526218374248834, -0.9876511490218675, 65.69540387881861], [-4.331018752322841, -1.3420966333214641, 67.61256043552206], [-3.24974417570912, -1.5909980533501062, 69.5297169922255], [-2.2823946444076704, -1.7343554091077935, 71.44687354892895], [-1.4289701584184933, -1.7721687005945257, 73.3640301056324], [-0.689470717741588, -1.7044379278103032, 75.28118666233586], [-0.06389632237695453, -1.5311630907551261, 77.19834321903929], [0.4477530276754071, -1.2523441894289942, 79.11549977574275], [0.8454773324154967, -0.8679812238319073, 81.0326563324462]], "radius": [1.446174551252143, 1.446174551252143, 1.446174551252143, 1.446174551252143, 1.446174551252143, 1.446174551252143, 1.446174551252143, 1.446174551252143, 1.446174551252143], "ref_radius": [1.446174551252143, 1.446174551252143, 1.446174551252143, 1.446174551252143, 1.446174551252143, 1.446174551252143, 1.446174551252143, 1.446174551252143, 1.446174551252143], "length": 16.608556225500905, "seg_id": 3, "type": "Side", "parent": 2, "children": []}, {"pos": [[-5.526218374248834, -0.9876511490218675, 65.69540387881861], [-5.663106133599522, -0.9185484248337165, 67.52210055334739], [-5.836220276427189, -0.8561968143946538, 69.34879722787615], [-6.045560802731831, -0.800596317704679, 71.1754939024049], [-6.291127712513456, -0.7517469347637927, 73.00219057693366], [-6.5729210057720575, -0.7096486655719947, 74.82888725146242], [-6.890940682507638, -0.6743015101292847, 76.65558392599117], [-7.245186742720199, -0.6457054684356631, 78.48228060051994], [-7.635659186409736, -0.6238605404911297, 80.3089772750487], [-8.062358013576253, -0.6087667262956845, 82.13567394957747], [-8.525283224219748, -0.6004240258493275, 83.96237062410623], [-9.024434818340225, -0.5988324391520589, 85.78906729863499], [-9.559812795937678, -0.6039919662038783, 87.61576397316374], [-10.131417157012109, -0.615902607004786, 89.4424606476925], [-10.73924790156352, -0.634564361554782, 91.26915732222126]], "radius": [0.7156213874406643, 0.9093552072403136, 1.147605496653693, 1.3892406480094115, 1.5933524773558034, 1.7258706908930348, 1.7649456809695148, 1.7477387619055977, 1.7303373927089436, 1.7129360235122897, 1.6955346543156355, 1.6781332851189814, 1.6607319159223275, 1.6433305467256734, 1.6259291775290192], "ref_radius": [1.8695483462821763, 1.8521469770855221, 1.8347456078888682, 1.817344238692214, 1.79994286949556, 1.782541500298906, 1.7651401311022519, 1.7477387619055977, 1.7303373927089436, 1.7129360235122897, 1.6955346543156355, 1.6781332851189814, 1.6607319159223275, 1.6433305467256734, 1.6259291775290192], "length": 26.102053794981106, "seg_id": 4, "type": "Main", "parent": 2,