{"case_id": "RCA_5531_bc7", "artery_type": "RCA", "segments": [{"pos": [[0.0, 0.0, 0.0], [0.21189417149339024, -0.1261162804352064, 1.8723129991109673], [0.3935177470591533, -0.23421594937966903, 3.7446259982219345], [0.5448707266972893, -0.3242990068333879, 5.616938997332904], [0.6659531104077979, -0.396365452796363, 7.48925199644387], [0.7567648981906795, -0.4504152872685943, 9.361564995554836], [0.8173060900459337, -0.4864485102500818, 11.233877994665804], [0.847576685973561, -0.5044651217408256, 13.10619099377677], [0.847576685973561, -0.5044651217408256, 14.978503992887738], [0.8173060900459337, -0.4864485102500818, 16.850816991998705], [0.7567648981906795, -0.4504152872685943, 18.723129991109673], [0.665953110407798, -0.39636545279636304, 20.59544299022064], [0.5448707266972891, -0.3242990068333878, 22.46775598933161], [0.3935177470591532, -0.23421594937966897, 24.340068988442574], [0.21189417149339018, -0.12611628043520637, 26.212381987553545], [0.0, 0.0, 28.08469498666451]], "radius": [2.7936212527885402, 2.7936212527885402, 2.7936212527885402, 2.7936212527885402, 2.7936212527885402, 2.7900006652581943, 2.5066341230520868, 1.8736555585384083, 1.1313336501602218, 0.561442084902319, 0.3803027114288291, 0.6566731786056628, 1.2856476165787787, 2.02847725017855, 2.603195667934963, 2.7936212527885402], "ref_radius": [2.7936212527885402, 2.7936212527885402, 2.7936212527885402, 2.7936212527885402, 2.7936212527885402, 2.7936212527885402, 2.7936212527885402, 2.7936212527885402, 2.7936212527885402, 2.7936212527885402, 2.7936212527885402, 2.7936212527885402, 2.7936212527885402, 2.7936212527885402, 2.7936212527885402, 2.7936212527885402], "length": 28.08469498666451, "seg_id": 0, "type": "Root", "parent": null, "children": [1, 2]}, {"pos": [[0.0, 0.0, 28.08469498666451], [0.8895215701631849, 0.25866848082936705, 29.48520213001556], [1.844830714666872, 0.4794839161051011, 30.8857092733666], [2.8659274335110614, 0.6624463058272019, 32.28621641671766], [3.952811726695754, 0.8075556499956698, 33.68672356006871], [5.105483594220949, 0.9148119486105046, 35.087230703419756], [6.323943036086645, 0.9842152016717062, 36.487737846770806], [7.608190052292845, 1.0157654091792747, 37.888244990121855], [8.958224642839546, 1.0094625711332101, 39.288752133472904], [10.374046807726753, 0.9653066875335127, 40.68925927682396], [11.85565654695446, 0.8832977583801818, 42.089766420175], [13.403053860522668, 0.7634357836732182, 43.49027356352605]], "radius": [1.8102053357006724, 1.8102053357006724, 1.8102053357006724, 1.8102053357006724, 1.8102053357006724, 1.8102053357006724, 1.8102053357006724, 1.8102053357006724, 1.8102053357006724, 1.8102053357006724, 1.8102053357006724, 1.8102053357006724], "ref_radius": [1.8102053357006724, 1.8102053357006724, 1.8102053357006724, 1.8102053357006724, 1.8102053357006724, 1.8102053357006724, 1.8102053357006724, 1.8102053357006724, 1.8102053357006724, 1.8102053357006724, 1.8102053357006724, 1.8102053357006724], "length": 20.434200211207674, "seg_id": 1, "type": "Side", "parent": 0, "children": []}, {"pos": [[0.0, 0.0, 28.08469498666451], [0.34566703695818735, -0.224976949875765, 30.13031424271737], [0.5976881737696353, -0.3607417324825903, 32.175933498770235], [0.7560634104343442, -0.4072943478204759, 34.2215527548231], [0.8207927469523137, -0.3646347958894216, 36.26717201087596], [0.791876183323544, -0.23276307668942775, 38.312791266928826], [0.6693137195480351, -0.011679190220494018, 40.358410522981686], [0.4531053556257869, 0.29861686351737937, 42.404029779034545], [0.1432510915567994, 0.6981250845241925, 44.44964903508741]], "radius": [2.7936212527885402, 2.775420736566182, 2.7572202203438234, 2.739019704121465, 2.7208191878991066, 2.702618671676748, 2.68441815545439, 2.666217639232032, 2.5197227463584464], "ref_radius": [2.7936212527885402, 2.775420736566182, 2.7572202203438234, 2.739019704121465, 2.7208191878991066, 2.702618671676748, 2.68441815545439, 2.666217639232032, 2.6480171230096734], "length": 16.38046460012253, "seg_id": 2, "type": "Main", "parent": 0, "children": [3, 4]}, {"pos": [[0.1432510915567994, 0.6981250845241925, 44.44964903508741], [1.732863097708444, 0.5459286614741196, 45.98054328584663], [3.2404159791312144, 0.4270304444104302, 47.51143753660584], [4.66590973582511, 0.3414304333331244, 49.04233178736505], [6.009344367790131, 0.28912862824220226, 50.57322603812426], [7.270719875026277, 0.27012502913766373, 52.10412028888348], [8.450036257533549, 0.28441963601950887, 53.63501453964269]], "radius": [1.5737166234253055, 1.5737166234253055, 1.5737166234253055, 1.5737166234253055, 1.5737166234253055, 1.5737166234253055, 1.5737166234253055], "ref_radius": [1.5737166234253055, 1.5737166234253055, 1.5737166234253055, 1.5737166234253055, 1.5737166234253055, 1.5737166234253055, 1.5737166234253055], "length": 12.391318390070037, "seg_id": 3, "type": "Side", "parent": 2, "children": []}, {"pos": [[0.1432510915567994, 0.6981250845241925, 44.44964903508741], [0.3117406795334203, 0.6943184311148259, 46.29115890014851], [0.4688824026415682, 0.6461802214000719, 48.13266876520961], [0.614676260881243, 0.5537104553799306, 49.97417863027071], [0.749122254252445, 0.4169091330544017, 51.81568849533182], [0.8722203827551741, 0.23577625442348538, 53.657198360392925], [0.9839706463894299, 0.01031181948718185, 55.498708225454024], [1.0843730451552127, -0.2594841717545095, 57.34021809051512], [1.1734275790525226, -0.5736117193015883, 59.18172795557622], [1.2511342480813599, -0.9320708231540544, 61.023237820637334], [1.3174930522417239, -1.3348614833119081, 62.864747685698426], [1.3725039915336146, -1.7819836997751488, 64.70625755075953]], "radius": [2.076829400130574, 1.4835508319085875, 0.9364921901981429, 0.6152786968394457, 0.6213290331013743, 0.9448012711247775, 1.469362905553196, 2.012685135805672, 2.3885778087912, 2.47648017688803, 2.4594427957881093, 2.4424054146881886], "ref_radius": [2.629816606787315, 2.6127792256873943, 2.595741844587474, 2.5787044634875533, 2.5616670823876326, 2.544629701287712, 2.5275923201877917, 2.510554939087871, 2.4935175579879503, 2.47648017688803, 2.4594427957881093, 2.4424054146881886], "length": 20.44485731990469, "seg_id": 4, "type": "Main", "parent": 2, "children": [5, 6]}, {"pos": [[1.3725039915336146, -1.7819836997751488, 64.70625755075953], [2.6186831240145785, -2.4273619543665514, 66.14526201018245], [3.8421313597515403, -2.992952045775441, 67.58426646960538], [5.0428486987445, -3.4787539740018163, 69.0232709290283], [6.220835140993458, -3.8847677390456794, 70.46227538845122], [7.376090686498415, -4.210993340907027, 71.90127984787414], [8.508615335259371, -4.457430779585863, 73.34028430729705], [9.618409087276323, -4.624080055082185, 74.77928876671999], [10.705471942549275, -4.710941167395994, 76.2182932261429], [11.769803901078225, -4.718014116527288, 77.65729768556582], [12.811404962863172, -4.64529890247607, 79.09630214498874]], "radius": [1.828406744773874, 1.828406744773874, 1.828406744773874, 1.828406744773874, 1.828406744773874, 1.828406744773874, 1.828406744773874, 1.828406744773874, 1.828406744773874, 1.828406744773874, 1.828406744773874], "ref_radius": [1.828406744773874, 1.828406744773874, 1.828406744773874, 1.828406744773874, 1.828406744773874, 1.828406744773874, 1.828406744773874, 1.828406744773874, 1.828406744773874, 1.828406744773874, 1.828406744773874], "length": 18.604311672453992, "seg_id": 5, "type": "Side", "parent": 4,