{"case_id": "RCA_3272_bc6", "artery_type": "RCA", "segments": [{"pos": [[0.0, 0.0, 0.0], [0.12475580016851323, 0.04058938936006774, 1.8256257498272093], [0.2287189669756076, 0.07441388049345753, 3.6512514996544185], [0.31188950042128305, 0.10147347340016935, 5.476877249481628], [0.3742674005055397, 0.12176816808020323, 7.302502999308837], [0.41585266722837744, 0.13529796453355916, 9.128128749136046], [0.4366453005897963, 0.1420628627602371, 10.953754498963256], [0.4366453005897963, 0.1420628627602371, 12.779380248790467], [0.4158526672283774, 0.13529796453355913, 14.605005998617676], [0.3742674005055397, 0.12176816808020323, 16.43063174844488], [0.31188950042128305, 0.10147347340016935, 18.25625749827209], [0.22871896697560742, 0.07441388049345748, 20.081883248099302], [0.12475580016851316, 0.04058938936006772, 21.907508997926513], [0.0, 0.0, 23.73313474775372]], "radius": [2.8670213536683176, 2.8670213536683176, 2.8670213536683176, 2.862828299282971, 2.7583947405317657, 2.5279614412963394, 2.2051360556278046, 1.8370012053367413, 1.4772476926370273, 1.178343939577911, 0.9838837060921843, 0.9222281373588266, 1.0023694191044261, 1.2126193080019312], "ref_radius": [2.8670213536683176, 2.8670213536683176, 2.8670213536683176, 2.8670213536683176, 2.8670213536683176, 2.8670213536683176, 2.8670213536683176, 2.8670213536683176, 2.8670213536683176, 2.8670213536683176, 2.8670213536683176, 2.8670213536683176, 2.8670213536683176, 2.8670213536683176], "length": 23.73313474775372, "seg_id": 0, "type": "Root", "parent": null, "children": [1, 2]}, {"pos": [[0.0, 0.0, 23.73313474775372], [1.4746912768418283, 0.11916073223591042, 25.22230840505545], [2.8666177011949907, 0.21455129184752336, 26.71148206235718], [4.175779273059487, 0.2861716788348388, 28.20065571965892], [5.402175992435318, 0.33402189319785675, 29.689829376960645], [6.545807859322483, 0.3581019349365772, 31.17900303426238], [7.606674873720982, 0.35841180405100026, 32.66817669156411], [8.584777035630813, 0.33495150054112577, 34.15735034886583], [9.48011434505198, 0.2877210244069538, 35.646524006167574], [10.292686801984482, 0.21672037564848434, 37.1356976634693]], "radius": [1.9662431937065832, 1.9662431937065832, 1.9662431937065832, 1.9662431937065832, 1.9662431937065832, 1.9662431937065832, 1.9662431937065832, 1.9662431937065832, 1.9662431937065832, 1.9662431937065832], "ref_radius": [1.9662431937065832, 1.9662431937065832, 1.9662431937065832, 1.9662431937065832, 1.9662431937065832, 1.9662431937065832, 1.9662431937065832, 1.9662431937065832, 1.9662431937065832, 1.9662431937065832], "length": 16.900149763676104, "seg_id": 1, "type": "Side", "parent": 0, "children": []}, {"pos": [[0.0, 0.0, 23.73313474775372], [0.585923796475453, 0.14492192207100552, 25.660141087739817], [1.1091329393820486, 0.2670084960171221, 27.587147427725917], [1.5696274287197869, 0.36625972183834976, 29.514153767712013], [1.967407264488668, 0.4426755995346886, 31.441160107698117], [2.3024724466886917, 0.49625612910613853, 33.36816644768422], [2.5748229753198575, 0.5270013105526995, 35.29517278767031], [2.7844588503821663, 0.5349111438743716, 37.22217912765642], [2.931380071875618, 0.5199856290711548, 39.14918546764251], [3.0155866398002122, 0.482224766143049, 41.07619180762862], [3.0370785541559493, 0.4216285550900543, 43.00319814761471], [2.9958558149428285, 0.33819699591217084, 44.93020448760081]], "radius": [1.5223138090740642, 1.600568909466164, 1.3680231991123613, 1.2001309713427268, 1.111957633043792, 1.1102307702496936, 1.1927569062386323, 1.3487588632389595, 1.5600875850205063, 1.8031731971904064, 1.7631787176603453, 1.4760075539265431], "ref_radius": [2.8670213536683176, 2.849179352370897, 2.831337351073476, 2.8134953497760558, 2.795653348478635, 2.7778113471812143, 2.7599693458837935, 2.7421273445863728, 2.724285343288952, 2.7064433419915317, 2.688601340694111, 2.67075933939669], "length": 21.41040155690481, "seg_id": 2, "type": "Main", "parent": 0, "children": [3, 4]}, {"pos": [[2.9958558149428285, 0.33819699591217084, 44.93020448760081], [4.525314110095933, 0.18679928255270617, 46.27328279862611], [6.023092357329014, 0.05279890900171993, 47.61636110965142], [7.489190556642067, -0.06380412474078805, 48.95943942067671], [8.923608708035095, -0.16300981867481773, 50.30251773170201], [10.326346811508095, -0.2448181728003689, 51.645596042727306], [11.697404867061072, -0.3092291871174419, 52.988674353752614], [13.036782874694026, -0.3562428616260366, 54.331752664777916], [14.344480834406951, -0.38585919632615284, 55.67483097580322], [15.620498746199848, -0.39807819121779076, 57.01790928682851], [16.86483661007272, -0.39289984630095043, 58.36098759785382], [18.077494426025574, -0.3703241615756317, 59.704065908879116], [19.258472194058395, -0.3303511370418346, 61.04714421990442], [20.407769914171194, -0.2729807726995593, 62.39022253092973], [21.525387586363966, -0.19821306854880544, 63.73330084195502]], "radius": [2.03518306232195, 2.03518306232195, 2.03518306232195, 2.03518306232195, 2.03518306232195, 2.03518306232195, 2.03518306232195, 2.03518306232195, 2.03518306232195, 2.03518306232195, 2.03518306232195, 2.03518306232195, 2.03518306232195, 2.03518306232195, 2.03518306232195], "ref_radius": [2.03518306232195, 2.03518306232195, 2.03518306232195, 2.03518306232195, 2.03518306232195, 2.03518306232195, 2.03518306232195, 2.03518306232195, 2.03518306232195, 2.03518306232195, 2.03518306232195, 2.03518306232195, 2.03518306232195, 2.03518306232195, 2.03518306232195], "length": 26.404312449607335, "seg_id": 3, "type": "Side", "parent": 2, "children": []}, {"pos": [[2.9958558149428285, 0.33819699591217084, 44.93020448760081], [3.506300983640103, 0.10777027921432863, 46.72440704081947], [4.02659610619643, -0.11328515590278937, 48.51860959403814], [4.556741182611807, -0.3249693094391834, 50.31281214725679], [5.096736212886236, -0.5272821813948533, 52.10701470047546], [5.646581197019714, -0.720223771769799, 53.901217253694114], [6.206276135012245, -0.9037940805640208, 55.69541980691277], [6.775821026863827, -1.0779931077775184, 57.489622360131435], [7.35521587257446, -1.2428208534102918, 59.283824913350095], [7.944460672144142, -1.398277317462341, 61.078027466568756], [8.543555425572878, -1.5443624999336667, 62.87223001978742], [9.152500132860665, -1.681076400824268, 64.66643257300608], [9.771294794007503, -1.8084190201341452, 66.46063512622474], [10.399939409013388, -1.9263903578632982, 68.2548376794434], [11.038433977878329, -2.034990414011727, 70.04904023266207]], "radius": [1.2148036744015127, 1.0010515751703484, 0.8516534962890165, 0.7777747689597341, 0.7838424704101534, 0.8672488043968312, 1.0186735000737912, 1.2229887616136934, 1.460659747706809, 1.7095113080734319, 1.9467013534418187, 2.1507252930306104, 2.30327564700346, 2.3907960495740004, 2.4057564689645874], "ref_radius": [2.6529173380992694, 2.635262990303935, 2.6176086425086007, 2.599954294713266, 2.582299946917932, 2.5646455991225974, 2.546991251327263, 2.5293369035319286, 2.511682555736594, 2.49402820794126, 2.4763738601459253, 2.4587195123505907, 2.4410651645552566, 2.423410816759922, 2.4057564689645874], "length": 26.481521693001625, "seg_id": 4, "type": "Main", "parent": 2, "children": [5, 6]}, {"pos": [[11.038433977878329, -2.034990414011727, 70.04904023266207], [12.504025314908677, -2.173914495804261, 71.19018716769999], [13.965748645556081, -2.295020985310903, 72.33133410273793], [15.42360396982054, -2.3983098825316547, 73.47248103777585], [16.877591287702057, -2.4837811874665148, 74.61362797281379], [18.32771059920063, -2.551434900115484, 75.75477490785171], [19.77396190431626, -2.601271020478561, 76.89592184288965], [21.21634520304894, -2.633289548555748, 78.03706877792759], [22.65486049539868, -2.647490484347043, 79.17821571296551], [24.08950778136548, -2.6438738278524463, 80.31936264800345], [25.520287060949332, -2.622439579071959, 81.46050958304139], [26.94719833415024, -2.5831877380055803, 82.60165651807931]],