{"case_id": "RCA_6021_bc5", "artery_type": "RCA", "segments": [{"pos": [[0.0, 0.0, 0.0], [0.02340848634415636, -0.04730947961610572, 1.9208528159316312], [0.04213527541948144, -0.0851570633089903, 3.8417056318632627], [0.056180367225975254, -0.1135427510786537, 5.762558447794893], [0.0655437617636378, -0.13246654292509602, 7.6834112637265255], [0.07022545903246907, -0.14192843884831716, 9.604264079658158], [0.07022545903246907, -0.14192843884831716, 11.525116895589786], [0.0655437617636378, -0.13246654292509602, 13.445969711521418], [0.056180367225975254, -0.1135427510786537, 15.36682252745305], [0.042135275419481436, -0.08515706330899028, 17.287675343384684], [0.023408486344156338, -0.04730947961610568, 19.208528159316316], [0.0, 0.0, 21.129380975247944]], "radius": [2.442326938228764, 2.442326938228764, 2.442326938228764, 2.442326938228764, 2.418053327052389, 2.1725676476456264, 1.728138209793376, 1.2120228028048534, 0.7720057544671381, 0.5340814118253481, 0.5663769583841636, 0.8596448972192834], "ref_radius": [2.442326938228764, 2.442326938228764, 2.442326938228764, 2.442326938228764, 2.442326938228764, 2.442326938228764, 2.442326938228764, 2.442326938228764, 2.442326938228764, 2.442326938228764, 2.442326938228764, 2.442326938228764], "length": 21.129380975247944, "seg_id": 0, "type": "Root", "parent": null, "children": [1, 2]}, {"pos": [[0.0, 0.0, 21.129380975247944], [0.6634314866152043, -0.4382132708020617, 22.735795708606208], [1.3687689537060153, -0.8141545490811197, 24.34221044196448], [2.1160124012724326, -1.1278238348371743, 25.94862517532275], [2.905161829314457, -1.3792211280702256, 27.555039908681017], [3.736217237832088, -1.5683464287802733, 29.16145464203929], [4.609178626825325, -1.6951997369673173, 30.767869375397552], [5.52404599629417, -1.7597810526313578, 32.37428410875582], [6.48081934623862, -1.7620903757723947, 33.980698842114094], [7.479498676658679, -1.7021277063904283, 35.587113575472365], [8.520083987554344, -1.5798930444854582, 37.193528308830636], [9.602575278925613, -1.395386390057485, 38.7999430421889]], "radius": [1.8956450790473438, 1.8956450790473438, 1.8956450790473438, 1.8956450790473438, 1.8956450790473438, 1.8956450790473438, 1.8956450790473438, 1.8956450790473438, 1.8956450790473438, 1.8956450790473438, 1.8956450790473438, 1.8956450790473438], "ref_radius": [1.8956450790473438, 1.8956450790473438, 1.8956450790473438, 1.8956450790473438, 1.8956450790473438, 1.8956450790473438, 1.8956450790473438, 1.8956450790473438, 1.8956450790473438, 1.8956450790473438, 1.8956450790473438, 1.8956450790473438], "length": 20.159496990912334, "seg_id": 1, "type": "Side", "parent": 0, "children": []}, {"pos": [[0.0, 0.0, 21.129380975247944], [-0.28733089891115005, -0.40055113864591196, 22.901751346847945], [-0.5574031680202572, -0.7821982666315258, 24.67412171844795], [-0.8102168073273217, -1.1449413839568414, 26.446492090047947], [-1.0457718168323435, -1.4887804906218591, 28.21886246164795], [-1.2640681965353227, -1.8137155866265788, 29.991232833247956], [-1.465105946436259, -2.1197466719710003, 31.76360320484796], [-1.6488850665351527, -2.4068737466551235, 33.53597357644796], [-1.8154055568320038, -2.675096810678949, 35.30834394804796], [-1.9646674173268117, -2.9244158640424764, 37.08071431964797], [-2.096670648019577, -3.1548309067457057, 38.85308469124797], [-2.2114152489103, -3.366341938788637, 40.625455062847976], [-2.30890121999898, -3.5589489601712696, 42.397825434447974], [-2.3891285612856175, -3.7326519708936052, 44.17019580604798], [-2.452097272770212, -3.887450970955642, 45.94256617764798], [-2.497807354452764, -4.02334596035738, 47.71493654924798], [-2.5262588063332734, -4.140336939098821, 49.48730692084799], [-2.5374516284117394, -4.238423907179964, 51.25967729244799]], "radius": [1.3299109764184522, 1.8297226187347535, 2.2194267493943634, 2.3867591581181262, 2.3744767891020135, 2.357514251820326, 2.340551714538638, 2.3235891772569506, 2.306626639975263, 2.2896641026935756, 2.2727015654118876, 2.2557390281302, 2.2387764908485126, 2.2218139535668247, 2.2041704547749776, 2.078357683081292, 1.797062965188474, 1.4330368102770366], "ref_radius": [2.442326938228764, 2.4253644009470765, 2.4084018636653886, 2.391439326383701, 2.3744767891020135, 2.357514251820326, 2.340551714538638, 2.3235891772569506, 2.306626639975263, 2.2896641026935756, 2.2727015654118876, 2.2557390281302, 2.2387764908485126, 2.2218139535668247, 2.204851416285137, 2.1878888790034496, 2.170926341721762, 2.153963804440074], "length": 30.532567107037732, "seg_id": 2, "type": "Main", "parent": 0, "children": [3, 4]}, {"pos": [[-2.5374516284117394, -4.238423907179964, 51.25967729244799], [-1.5045623677918625, -4.180676708450576, 52.63128323972298], [-0.4307956782941027, -4.15197052549064, 54.00288918699798], [0.683848440081539, -4.152305358300157, 55.37449513427299], [1.8393699873350646, -4.1816812068791265, 56.74610108154799], [3.035768963466473, -4.240098071227548, 58.11770702882299], [4.2730453684757626, -4.327555951345421, 59.48931297609799], [5.551199202362936, -4.4440548472327475, 60.86091892337299], [6.870230465127992, -4.589594758889525, 62.23252487064799], [8.230139156770933, -4.764175686315757, 63.604130817923], [9.630925277291754, -4.96779762951144, 64.975736765198], [11.072588826690458, -5.2004605884765756, 66.347342712473]], "radius": [1.1626521572348436, 1.1626521572348436, 1.1626521572348436, 1.1626521572348436, 1.1626521572348436, 1.1626521572348436, 1.1626521572348436, 1.1626521572348436, 1.1626521572348436, 1.1626521572348436, 1.1626521572348436, 1.1626521572348436], "ref_radius": [1.1626521572348436, 1.1626521572348436, 1.1626521572348436, 1.1626521572348436, 1.1626521572348436, 1.1626521572348436, 1.1626521572348436, 1.1626521572348436, 1.1626521572348436, 1.1626521572348436, 1.1626521572348436, 1.1626521572348436], "length": 20.34198524216103, "seg_id": 3, "type": "Side", "parent": 2, "children": []}, {"pos": [[-2.5374516284117394, -4.238423907179964, 51.25967729244799], [-2.576455543958673, -3.9577458664272385, 53.135852380872315], [-2.604990882330192, -3.7429641633416195, 55.01202746929665], [-2.6230576435262978, -3.5940787979231064, 56.88820255772098], [-2.6306558275469887, -3.5110897701717, 58.76437764614531], [-2.6277854343922655, -3.493997080087399, 60.640552734569646], [-2.6144464640621283, -3.5428007276702047, 62.51672782299397], [-2.5906389165565766, -3.6575007129201165, 64.3929029114183], [-2.556362791875611, -3.838097035837134, 66.26907799984264], [-2.511618090019231, -4.084589696421258, 68.14525308826697], [-2.456404810987437, -4.396978694672488, 70.0214281766913], [-2.390722954780229, -4.775264030590824, 71.89760326511563]], "radius": [1.0794793905871192, 0.825311964602168, 0.7323206264840381, 0.8191133210136872, 1.0571201645802095, 1.3788128884714648, 1.6959578335011893, 1.9229727929256062, 1.9992052114614707, 1.9821605539303302, 1.964956030238324, 1.9477515065463176], "ref_radius": [2.1370012671583867, 2.1197967434663805, 2.1025922197743743, 2.085387696082368, 2.0681831723903614, 2.0509786486983552, 2.033774125006349, 2.016569601314343, 1.9993650776223366, 1.9821605539303302, 1.964956030238324, 1.9477515065463176], "length": 20.645428430407527, "seg_id": 4, "type": "Main", "parent": 2,