{"case_id": "RCA_5457_bc5", "artery_type": "RCA", "segments": [{"pos": [[0.0, 0.0, 0.0], [0.06361172831684751, -0.07688869273960137, 1.804035582194717], [0.11927199059408909, -0.1441662988867526, 3.608071164389434], [0.1669807868317247, -0.2018328184414536, 5.41210674658415], [0.20673811702975442, -0.24988825140370446, 7.216142328778867], [0.23854398118817818, -0.2883325977735052, 9.020177910973585], [0.262398379306996, -0.3171658575508557, 10.824213493168301], [0.2783013113862079, -0.336388030735756, 12.62824907536302], [0.2862527774258138, -0.3459991173282062, 14.432284657557735], [0.2862527774258138, -0.3459991173282062, 16.23632023975245], [0.2783013113862079, -0.336388030735756, 18.040355821947173], [0.262398379306996, -0.3171658575508557, 19.844391404141888], [0.2385439811881782, -0.2883325977735052, 21.648426986336602], [0.20673811702975448, -0.24988825140370452, 23.45246256853132], [0.16698078683172476, -0.20183281844145368, 25.25649815072604], [0.11927199059408912, -0.14416629888675261, 27.060533732920753], [0.06361172831684753, -0.07688869273960139, 28.86456931511547], [0.0, 0.0, 30.66860489731019]], "radius": [2.1565197201954356, 2.1565197201954356, 2.1565197201954356, 2.155630781172433, 2.0149367741767747, 1.6818793131577179, 1.2734206840584894, 0.9330023663958893, 0.7801716133344017, 0.8685991463939793, 1.1672312057359358, 1.5711949318551957, 1.9386273540184629, 2.1404944734245106, 2.1565197201954356, 2.1565197201954356, 2.1565197201954356, 2.1565197201954356], "ref_radius": [2.1565197201954356, 2.1565197201954356, 2.1565197201954356, 2.1565197201954356, 2.1565197201954356, 2.1565197201954356, 2.1565197201954356, 2.1565197201954356, 2.1565197201954356, 2.1565197201954356, 2.1565197201954356, 2.1565197201954356, 2.1565197201954356, 2.1565197201954356, 2.1565197201954356, 2.1565197201954356, 2.1565197201954356, 2.1565197201954356], "length": 30.66860489731019, "seg_id": 0, "type": "Root", "parent": null, "children": [1, 2]}, {"pos": [[0.0, 0.0, 30.66860489731019], [1.4965197217447588, 0.14551594427962883, 32.09592516303992], [2.9699281389519014, 0.2714911305664201, 33.523245428769656], [4.420225251621428, 0.37792555886037377, 34.950565694499375], [5.8474110597533375, 0.46481922916148977, 36.3778859602291], [7.2514855633476305, 0.5321721414697682, 37.80520622595883], [8.632448762404309, 0.5799842957852092, 39.23252649168856], [9.99030065692337, 0.6082556921078124, 40.659846757418286], [11.325041246904817, 0.6169863304375782, 42.08716702314802], [12.636670532348644, 0.6061762107745063, 43.514487288877746], [13.925188513254858, 0.5758253331185968, 44.94180755460747]], "radius": [1.4279171618352624, 1.4279171618352624, 1.4279171618352624, 1.4279171618352624, 1.4279171618352624, 1.4279171618352624, 1.4279171618352624, 1.4279171618352624, 1.4279171618352624, 1.4279171618352624, 1.4279171618352624], "ref_radius": [1.4279171618352624, 1.4279171618352624, 1.4279171618352624, 1.4279171618352624, 1.4279171618352624, 1.4279171618352624, 1.4279171618352624, 1.4279171618352624, 1.4279171618352624, 1.4279171618352624, 1.4279171618352624], "length": 19.94910434180503, "seg_id": 1, "type": "Side", "parent": 0, "children": []}, {"pos": [[0.0, 0.0, 30.66860489731019], [-0.28429809562652497, 0.04876696806285162, 32.572319598946635], [-0.5325534514374239, 0.1329840650383728, 34.47603430058308], [-0.7447660674326969, 0.25265129092656347, 36.37974900221952], [-0.920935943612344, 0.40776864572742366, 38.283463703855965], [-1.0610630799763652, 0.5983361294409534, 40.18717840549242], [-1.1651474765247603, 0.8243537420671527, 42.09089310712886], [-1.2331891332575293, 1.0858214836060216, 43.9946078087653], [-1.2651880501746726, 1.3827393540575599, 45.89832251040175], [-1.26114422727619, 1.7151073534217673, 47.80203721203819], [-1.2210576645620812, 2.082925481698645, 49.70575191367464], [-1.1449283620323465, 2.4861937388881925, 51.60946661531108], [-1.032756319686986, 2.9249121249904086, 53.51318131694753], [-0.8845415375259995, 3.399080640005294, 55.41689601858397]], "radius": [2.1565197201954356, 2.138665233587963, 2.12081074698049, 2.1029562603730176, 1.9416142673401358, 1.489547626699273, 1.0005960425834821, 0.7493606180863284, 0.8690720657478328, 1.2774490885343193, 1.727763592934918, 1.9535605685154078, 1.9422658809057634, 1.9244113942982906], "ref_radius": [2.1565197201954356, 2.138665233587963, 2.12081074698049, 2.1029562603730176, 2.085101773765545, 2.067247287158072, 2.0493928005505992, 2.031538313943127, 2.013683827335654, 1.9958293407281813, 1.9779748541207087, 1.960120367513236, 1.9422658809057634, 1.9244113942982906], "length": 24.996281250461767, "seg_id": 2, "type": "Main", "parent": 0, "children": [3, 4]}, {"pos": [[-0.8845415375259995, 3.399080640005294, 55.41689601858397], [0.25168496436316246, 3.616473351071669, 56.94253656593449], [1.5174445067583335, 3.875454115539904, 58.46817711328498], [2.912737089659514, 4.176022933410001, 59.99381766063549], [4.437562713066702, 4.51817980468196, 61.519458207986006], [6.0919213769799, 4.901924729355779, 63.04509875533651]], "radius": [1.1353644543290222, 1.1353644543290222, 1.1353644543290222, 1.1353644543290222, 1.1353644543290222, 1.1353644543290222], "ref_radius": [1.1353644543290222, 1.1353644543290222, 1.1353644543290222, 1.1353644543290222, 1.1353644543290222, 1.1353644543290222], "length": 10.446006516720672, "seg_id": 3, "type": "Side", "parent": 2, "children": []}, {"pos": [[-0.8845415375259995, 3.399080640005294, 55.41689601858397], [-0.6964754857658522, 3.4918584517913445, 57.27224478239299], [-0.5364115127136128, 3.5959937383484584, 59.127593546202], [-0.4043496183692815, 3.711486499676635, 60.98294231001102], [-0.3002898027328584, 3.838336735775875, 62.83829107382003], [-0.22423206580434324, 3.976544446646178, 64.69363983762904], [-0.1761764075837362, 4.126109632287545, 66.54898860143805], [-0.1561228280710374, 4.287032292699974, 68.40433736524706], [-0.16407132726624662, 4.459312427883468, 70.25968612905606], [-0.20002190516936394, 4.642950037838024, 72.11503489286508], [-0.26397456178038936, 4.837945122563644, 73.9703836566741], [-0.3559292970993227, 5.044297682060327, 75.8257324204831], [-0.4758861111261647, 5.262007716328075, 77.68108118429213], [-0.6238450038609143, 5.491075225366884, 79.53642994810113], [-0.7998059753035721, 5.731500209176757, 81.39177871191015], [-1.003769025454138, 5.983282667757694, 83.24712747571915]], "radius": [1.906556907690818, 1.8890880280147357, 1.8716191483386537, 1.8541502686625715, 1.8366813889864895, 1.8192125093104072, 1.8017436296343252, 1.784274749958243, 1.766805870282161, 1.7493369906060787, 1.7318681109299967, 1.7143992312539145, 1.6969303515778325, 1.6794614719017502, 1.6619925922256682, 1.644523712549586], "ref_radius": [1.906556907690818, 1.8890880280147357, 1.8716191483386537, 1.8541502686625715, 1.8366813889864895, 1.8192125093104072, 1.8017436296343252, 1.784274749958243, 1.766805870282161, 1.7493369906060787, 1.7318681109299967, 1.7143992312539145, 1.6969303515778325, 1.6794614719017502, 1.6619925922256682, 1.644523712549586], "length": 27.950207481731407, "seg_id": 4, "type": "Main", "parent": 2, "children": [5, 6]}, {"pos": [[-1.003769025454138, 5.983282667757694, 83.24712747571915], [0.17607151444703956, 6.322661166604954, 84.58049546475132], [1.4053669771747992, 6.598322827570693, 85.9138634537835], [2.6841173627291406, 6.810267650654914, 87.24723144281569], [4.0123226711100655, 6.958495635857612, 88.58059943184787], [5.389982902317573, 7.0430067831787895, 89.91396742088007], [6.817098056351661, 7.063801092618446, 91.24733540991224], [8.293668133212332, 7.0208785641765825, 92.58070339894441], [9.819693132899584, 6.914239197853197, 93.91407138797659], [11.395173055413421, 6.743882993648292, 95.24743937700877], [13.020107900753839, 6.509809951561865, 96.58080736604096], [14.694497668920837, 6.212020071593917, 97.91417535507313]],