{"case_id": "RCA_3472_bc3", "artery_type": "RCA", "segments": [{"pos": [[0.0, 0.0, 0.0], [0.025589250524681605, 0.13075554967085332, 1.8198155839249168], [0.047979844733778004, 0.24516665563284992, 3.6396311678498336], [0.0671717826272892, 0.3432333178859899, 5.45944675177475], [0.0831650642052152, 0.4249555364302732, 7.279262335699667], [0.09595968946755601, 0.49033331126569984, 9.099077919624584], [0.10555565841431161, 0.5393666423922698, 10.918893503549501], [0.111952971045482, 0.5720555298099832, 12.738709087474419], [0.11515162736106721, 0.5883999735188398, 14.558524671399335], [0.11515162736106721, 0.5883999735188398, 16.378340255324254], [0.111952971045482, 0.5720555298099832, 18.198155839249168], [0.10555565841431161, 0.5393666423922698, 20.01797142317409], [0.09595968946755602, 0.4903333112656999, 21.837787007099003], [0.08316506420521523, 0.42495553643027334, 23.65760259102392], [0.06717178262728922, 0.34323331788599, 25.477418174948838], [0.04797984473377802, 0.24516665563285, 27.29723375887375], [0.025589250524681608, 0.13075554967085332, 29.11704934279867], [0.0, 0.0, 30.936864926723587]], "radius": [2.2498982901922058, 2.2498982901922058, 2.2498982901922058, 2.2498982901922058, 2.2498982901922058, 2.2498982901922058, 2.2498982901922058, 2.2498982901922058, 2.2498982901922058, 2.2498982901922058, 2.2498982901922058, 2.2498982901922058, 2.2498982901922058, 2.2498982901922058, 2.2498982901922058, 2.2498982901922058, 2.2498982901922058, 2.2498982901922058], "ref_radius": [2.2498982901922058, 2.2498982901922058, 2.2498982901922058, 2.2498982901922058, 2.2498982901922058, 2.2498982901922058, 2.2498982901922058, 2.2498982901922058, 2.2498982901922058, 2.2498982901922058, 2.2498982901922058, 2.2498982901922058, 2.2498982901922058, 2.2498982901922058, 2.2498982901922058, 2.2498982901922058, 2.2498982901922058, 2.2498982901922058], "length": 30.936864926723587, "seg_id": 0, "type": "Root", "parent": null, "children": [1, 2]}, {"pos": [[0.0, 0.0, 30.936864926723587], [1.7371474691005455, -0.2462842421727687, 32.365125919815], [3.396730634454028, -0.4325620916135395, 33.79338691290641], [4.978749496060447, -0.5588335483223122, 35.22164790599782], [6.483204053919801, -0.6250986122990871, 36.64990889908924], [7.910094308032091, -0.6313572835438643, 38.07816989218065], [9.25942025839732, -0.5776095620566434, 39.50643088527206], [10.531181905015483, -0.4638554478374246, 40.934691878363466], [11.725379247886584, -0.2900949408862079, 42.36295287145489], [12.842012287010618, -0.05632804120299348, 43.79121386454629], [13.881081022387592, 0.2374452512122189, 45.21947485763771]], "radius": [1.6846212511678997, 1.6846212511678997, 1.6846212511678997, 1.6846212511678997, 1.6846212511678997, 1.6846212511678997, 1.6846212511678997, 1.6846212511678997, 1.6846212511678997, 1.6846212511678997, 1.6846212511678997], "ref_radius": [1.6846212511678997, 1.6846212511678997, 1.6846212511678997, 1.6846212511678997, 1.6846212511678997, 1.6846212511678997, 1.6846212511678997, 1.6846212511678997, 1.6846212511678997, 1.6846212511678997, 1.6846212511678997], "length": 19.91817604691903, "seg_id": 1, "type": "Side", "parent": 0, "children": []}, {"pos": [[0.0, 0.0, 30.936864926723587], [0.4076725065749634, 0.08865612879217684, 32.758014549901624], [0.7885292117164011, 0.13942349602060253, 34.579164173079654], [1.1425701154243133, 0.15230210168527714, 36.400313796257684], [1.4697952176986997, 0.1272919457862006, 38.221463419435715], [1.7702045185395603, 0.06439302832337296, 40.042613042613745], [2.0437980179468953, -0.03639465070320591, 41.863762665791775], [2.290575715920705, -0.17507109129353582, 43.68491228896981], [2.510537612460989, -0.3516362934476168, 45.50606191214784], [2.703683707567747, -0.5660902571654489, 47.32721153532587], [2.8700140012409796, -0.818432982447032, 49.1483611585039], [3.0095284934806865, -1.1086644692923666, 50.96951078168195], [3.122227184286868, -1.436784717701452, 52.79066040485997], [3.2081100736595234, -1.8027937276742887, 54.61181002803801], [3.2671771615986533, -2.206691499210877, 56.43295965121604]], "radius": [2.2472070031831994, 2.034059251650492, 1.5770965810642663, 1.026728757619006, 0.561701602162783, 0.3299848521138271, 0.40068059468516615, 0.7425782243673458, 1.2359834031148909, 1.713411597783411, 2.0153222915476876, 2.06070471689101, 2.043505301136356, 2.0263058853817015, 2.0091064696270475], "ref_radius": [2.2498982901922058, 2.2326988744375518, 2.2154994586828973, 2.1983000429282433, 2.1811006271735893, 2.163901211418935, 2.146701795664281, 2.1295023799096264, 2.1123029641549724, 2.0951035484003184, 2.077904132645664, 2.06070471689101, 2.043505301136356, 2.0263058853817015, 2.0091064696270475], "length": 25.799123631981242, "seg_id": 2, "type": "Main", "parent": 0, "children": [3, 4]}, {"pos": [[3.2671771615986533, -2.206691499210877, 56.43295965121604], [4.7539176560680865, -1.8944823205798507, 57.91869249314098], [6.188833632380858, -1.6483576071945394, 59.404425335065916], [7.571925090536964, -1.4683173590549439, 60.890158176990866], [8.90319203053641, -1.3543615761610628, 62.375891018915816], [10.182634452379192, -1.3064902585128975, 63.861623860840766], [11.410252356065309, -1.3247034061104475, 65.34735670276571], [12.586045741594763, -1.4090010189537123, 66.83308954469065], [13.710014608967555, -1.5593830970426925, 68.3188223866156], [14.782158958183686, -1.775849640377388, 69.80455522854054], [15.802478789243152, -2.0584006489577984, 71.29028807046548], [16.770974102145953, -2.407036122783924, 72.77602091239042]], "radius": [1.1987658886466928, 1.1987658886466928, 1.1987658886466928, 1.1987658886466928, 1.1987658886466928, 1.1987658886466928, 1.1987658886466928, 1.1987658886466928, 1.1987658886466928, 1.1987658886466928, 1.1987658886466928, 1.1987658886466928], "ref_radius": [1.1987658886466928, 1.1987658886466928, 1.1987658886466928, 1.1987658886466928, 1.1987658886466928, 1.1987658886466928, 1.1987658886466928, 1.1987658886466928, 1.1987658886466928, 1.1987658886466928, 1.1987658886466928, 1.1987658886466928], "length": 21.201139619516404, "seg_id": 3, "type": "Side", "parent": 2, "children": []}, {"pos": [[3.2671771615986533, -2.206691499210877, 56.43295965121604], [3.0896374539154863, -2.3456618356079395, 58.29827722808665], [2.956426328222764, -2.477236768804729, 60.163594804957285], [2.8675437845204836, -2.6014162988012446, 62.02891238182789], [2.822989822808648, -2.718200425597487, 63.8942299586985], [2.8227644430872547, -2.827589149193456, 65.75954753556913], [2.866867645356305, -2.9295824695891506, 67.62486511243974], [2.955299429615799, -3.024180386784572, 69.49018268931036], [3.0880597958657363, -3.11138290077972, 71.35550026618097], [3.265148744106117, -3.1911900115745944, 73.22081784305158], [3.4865662743369406, -3.263601719169195, 75.0861354199222], [3.7523123865582084, -3.328618023563522, 76.95145299679282], [4.06238708076992, -3.386238924757576, 78.81677057366343]], "radius": [1.9919070538723933, 1.9746540002475255, 1.9574009466226576, 1.9401478929977898, 1.9228948393729217, 1.9056417857480539, 1.888388732123186, 1.8711356784983182, 1.8538826248734503, 1.8366295712485825, 1.8193765176237147, 1.8021234639988468, 1.7848704103739788], "ref_radius": [1.9919070538723933, 1.9746540002475255, 1.9574009466226576, 1.9401478929977898, 1.9228948393729217, 1.9056417857480539, 1.888388732123186, 1.8711356784983182, 1.8538826248734503, 1.8366295712485825, 1.8193765176237147, 1.8021234639988468, 1.7848704103739788], "length": 22.428969712328236, "seg_id": 4, "type": "Main", "parent": 2,