{"case_id": "RCA_314_bc5", "artery_type": "RCA", "segments": [{"pos": [[0.0, 0.0, 0.0], [0.19814583745324815, -0.11701878328615956, 1.7553523500045756], [0.37427547074502426, -0.22103547954052358, 3.5107047000091507], [0.5283888998753283, -0.3120500887630921, 5.266057050013726], [0.6604861248441605, -0.39006261095386513, 7.021409400018301], [0.7705671456515206, -0.4550730461128427, 8.776761750022878], [0.8586319622974086, -0.5070813942400247, 10.532114100027453], [0.9246805747818246, -0.5460876553354111, 12.287466450032026], [0.9687129831047687, -0.5720918293990023, 14.042818800036603], [0.9907291872662409, -0.5850939164307978, 15.798171150041181], [0.9907291872662408, -0.5850939164307978, 17.553523500045756], [0.9687129831047687, -0.5720918293990023, 19.30887585005033], [0.9246805747818247, -0.5460876553354113, 21.064228200054906], [0.8586319622974088, -0.5070813942400249, 22.819580550059477], [0.7705671456515206, -0.4550730461128427, 24.574932900064052], [0.6604861248441605, -0.39006261095386513, 26.330285250068634], [0.5283888998753286, -0.3120500887630922, 28.085637600073206], [0.37427547074502465, -0.2210354795405238, 29.84098995007778], [0.19814583745324832, -0.11701878328615965, 31.596342300082355], [0.0, 0.0, 33.351694650086934]], "radius": [2.1059832740588575, 2.0774928196935294, 1.9692771861731253, 1.7928981883143422, 1.5694609907902257, 1.325701650076196, 1.0907879304118593, 0.8928291463849027, 0.7555126575227349, 0.6952694853468693, 0.7193082095897763, 0.8247524036936709, 0.998984822366338, 1.2211571563866657, 1.4646847003633214, 1.7004274263993056, 1.5683052681265486, 1.3832529848034727, 1.2040202652527645, 1.0451124246927332], "ref_radius": [2.1059832740588575, 2.1059832740588575, 2.1059832740588575, 2.1059832740588575, 2.1059832740588575, 2.1059832740588575, 2.1059832740588575, 2.1059832740588575, 2.1059832740588575, 2.1059832740588575, 2.1059832740588575, 2.1059832740588575, 2.1059832740588575, 2.1059832740588575, 2.1059832740588575, 2.1059832740588575, 2.1059832740588575, 2.1059832740588575, 2.1059832740588575, 2.1059832740588575], "length": 33.351694650086934, "seg_id": 0, "type": "Root", "parent": null, "children": [1, 2]}, {"pos": [[0.0, 0.0, 33.351694650086934], [1.2144975739352433, 0.24547221238744094, 34.877024012599705], [2.3979033398360645, 0.45951015515459753, 36.402353375112476], [3.5502172977024626, 0.6421138283014698, 37.927682737625254], [4.671439447534441, 0.7932832318280577, 39.453012100138025], [5.761569789331996, 0.9130183657343613, 40.978341462650796], [6.8206083230951275, 1.0013192300203806, 42.50367082516357], [7.8485550488238385, 1.0581858246861153, 44.029000187676345], [8.845409966518128, 1.0836181497315658, 45.55432955018911], [9.811173076177996, 1.0776162051567322, 47.07965891270189], [10.74584437780344, 1.040179990961614, 48.604988275214666], [11.649423871394461, 0.9713095071462116, 50.13031763772743]], "radius": [1.4892333157929911, 1.4892333157929911, 1.4892333157929911, 1.4892333157929911, 1.4892333157929911, 1.4892333157929911, 1.4892333157929911, 1.4892333157929911, 1.4892333157929911, 1.4892333157929911, 1.4892333157929911, 1.4892333157929911], "ref_radius": [1.4892333157929911, 1.4892333157929911, 1.4892333157929911, 1.4892333157929911, 1.4892333157929911, 1.4892333157929911, 1.4892333157929911, 1.4892333157929911, 1.4892333157929911, 1.4892333157929911, 1.4892333157929911, 1.4892333157929911], "length": 20.44932047906399, "seg_id": 1, "type": "Side", "parent": 0, "children": []}, {"pos": [[0.0, 0.0, 33.351694650086934], [-0.013667528088163279, 0.3282177969244283, 35.20779143590613], [-0.022671371783379118, 0.6468727912570376, 37.063888221725335], [-0.027011531085647522, 0.9559649829978276, 38.91998500754453], [-0.026688005994968494, 1.2554943721467988, 40.77608179336373], [-0.02170079651134202, 1.5454609587039503, 42.632178579182934], [-0.012049902634768107, 1.8258647426692831, 44.48827536500213], [0.00226467563475323, 2.096705724042797, 46.34437215082133], [0.021242938297222007, 2.3579839028244916, 48.20046893664053], [0.04488488535263821, 2.6096992790143663, 50.05656572245972], [0.07319051680100185, 2.851851852612423, 51.91266250827893], [0.10615983264231295, 3.0844416236186603, 53.76875929409813], [0.14379283287657146, 3.307468592033078, 55.624856079917336], [0.18608951750377742, 3.520932757855677, 57.48095286573653], [0.23304988652393085, 3.724834121086457, 59.33704965155573]], "radius": [0.9193898846120587, 0.8300714378172782, 0.7913160848958747, 0.8044284234382164, 0.8665073039862785, 0.9707503248875378, 1.1070690693799032, 1.262960056076345, 1.4245565065461248, 1.4191794326815712, 1.2491568991336823, 1.0911781660492432, 0.9563737086935742, 0.8538634107765952, 0.7900788976789885], "ref_radius": [2.1059832740588575, 2.088481942350396, 2.0709806106419353, 2.053479278933474, 2.0359779472250126, 2.018476615516551, 2.0009752838080903, 1.983473952099629, 1.9659726203911678, 1.9484712886827065, 1.9309699569742453, 1.913468625265784, 1.8959672935573229, 1.8784659618488615, 1.8609646301404004], "length": 26.25199756269184, "seg_id": 2, "type": "Main", "parent": 0, "children": [3, 4]}, {"pos": [[0.23304988652393085, 3.724834121086457, 59.33704965155573], [1.207073356765406, 4.040404674311886, 60.79658982042381], [2.2585489555504115, 4.290723597579044, 62.256129989291885], [3.387476682878947, 4.47579089088793, 63.71567015815997], [4.593856538751012, 4.595606554238543, 65.17521032702805], [5.87768852316661, 4.650170587630886, 66.63475049589613], [7.2389726361257365, 4.639482991064957, 68.0942906647642], [8.677708877628394, 4.563543764540757, 69.55383083363229], [10.193897247674581, 4.422352908058285, 71.01337100250036]], "radius": [1.0575877211270353, 1.0575877211270353, 1.0575877211270353, 1.0575877211270353, 1.0575877211270353, 1.0575877211270353, 1.0575877211270353, 1.0575877211270353, 1.0575877211270353], "ref_radius": [1.0575877211270353, 1.0575877211270353, 1.0575877211270353, 1.0575877211270353, 1.0575877211270353, 1.0575877211270353, 1.0575877211270353, 1.0575877211270353, 1.0575877211270353], "length": 15.36364191527666, "seg_id": 3, "type": "Side", "parent": 2, "children": []}, {"pos": [[0.23304988652393085, 3.724834121086457, 59.33704965155573], [0.19119283632249162, 3.7920071093968746, 61.1004141031936], [0.16343512480420946, 3.854420613060515, 62.86377855483146], [0.14977675196908444, 3.9120746320773803, 64.62714300646932], [0.15021771781711651, 3.9649691664474696, 66.3905074581072], [0.16475802234830564, 4.013104216170782, 68.15387190974506], [0.19339766556265187, 4.05647978124732, 69.91723636138292], [0.2361366474601552, 4.0950958616770805, 71.68060081302079], [0.2929749680408157, 4.128952457460065, 73.44396526465866], [0.3639126273046332, 4.158049568596274, 75.20732971629653], [0.4489496252516078, 4.182387195085706, 76.97069416793438], [0.5480859618817395, 4.201965336928363, 78.73405861957225], [0.6613216371950282, 4.216783994124244, 80.49742307121011], [0.7886566511914741, 4.226843166673349, 82.26078752284798], [0.9300910038710771, 4.2321428545756765, 84.02415197448585], [1.0856246952338373, 4.2326830578312284, 85.7875164261237], [1.2552577252797545, 4.228463776440005, 87.55088087776159], [1.4389900940088287, 4.219485010402005, 89.31424532939944]], "radius": [0.7683088688631052, 0.7888583021901323, 0.8480981820931891, 0.9397894695692178, 1.0552715441272613, 1.1841839598809507, 1.3153085254669508, 1.4374633549243172, 1.5403776577033808, 1.6154788306589727, 1.6565315635800908, 1.6600814340179728, 1.6434264982626745, 1.626756764915236, 1.610087031567797, 1.5934172982203585, 1.5767475648729197, 1.560077831525481], "ref_radius": [1.843463298431939, 1.8267935650845004, 1.8101238317370616, 1.793454098389623, 1.7767843650421842, 1.7601146316947456, 1.7434448983473068, 1.7267751649998682, 1.7101054316524293, 1.6934356983049907, 1.676765964957552, 1.6600962316101133, 1.6434264982626745, 1.626756764915236, 1.610087031567797, 1.5934172982203585, 1.5767475648729197, 1.560077831525481],