{"case_id": "RCA_4377_bc0", "artery_type": "RCA", "segments": [{"pos": [[0.0, 0.0, 0.0], [-0.3551362858234814, 0.2870651920704883, 1.9125262618348764], [-0.6214885001910925, 0.5023640861233545, 3.8250525236697532], [-0.7990566431028333, 0.6458966821585987, 5.73757878550463], [-0.8878407145587035, 0.7176629801762208, 7.6501050473395065], [-0.8878407145587035, 0.7176629801762208, 9.562631309174385], [-0.7990566431028333, 0.6458966821585987, 11.47515757100926], [-0.6214885001910927, 0.5023640861233547, 13.387683832844134], [-0.35513628582348156, 0.2870651920704884, 15.300210094679013], [0.0, 0.0, 17.21273635651389]], "radius": [2.4075935218938227, 2.4025424516961613, 2.349718431381302, 2.2438615685556798, 2.0944854718947448, 1.915014927389361, 1.7215793808177096, 1.5315633459928994, 1.3620440170536028, 1.228256500306625], "ref_radius": [2.4075935218938227, 2.4075935218938227, 2.4075935218938227, 2.4075935218938227, 2.4075935218938227, 2.4075935218938227, 2.4075935218938227, 2.4075935218938227, 2.4075935218938227, 2.4075935218938227], "length": 17.21273635651389, "seg_id": 0, "type": "Root", "parent": null, "children": [1, 2]}, {"pos": [[0.0, 0.0, 17.21273635651389], [1.4267137898851545, 0.10007021707617295, 18.601528173194133], [2.8114665766722604, 0.16812886749694103, 19.990319989874372], [4.154258360361317, 0.20417595126230426, 21.37911180655462], [5.455089140952326, 0.20821146837226262, 22.767903623234858], [6.713958918445288, 0.18023541882681604, 24.156695439915104], [7.930867692840199, 0.12024780262596471, 25.545487256595344], [9.105815464137063, 0.02824861976970844, 26.934279073275587], [10.238802232335876, -0.09576212974195275, 28.323070889955826], [11.329827997436643, -0.25178444590901883, 29.711862706636076], [12.37889275943936, -0.4398183287314898, 31.100654523316315], [13.38599651834403, -0.6598637782093654, 32.489446339996555]], "radius": [1.450095521569438, 1.450095521569438, 1.450095521569438, 1.450095521569438, 1.450095521569438, 1.450095521569438, 1.450095521569438, 1.450095521569438, 1.450095521569438, 1.450095521569438, 1.450095521569438, 1.450095521569438], "ref_radius": [1.450095521569438, 1.450095521569438, 1.450095521569438, 1.450095521569438, 1.450095521569438, 1.450095521569438, 1.450095521569438, 1.450095521569438, 1.450095521569438, 1.450095521569438, 1.450095521569438, 1.450095521569438], "length": 20.322356923210215, "seg_id": 1, "type": "Side", "parent": 0, "children": []}, {"pos": [[0.0, 0.0, 17.21273635651389], [0.18450124872097096, 0.014709426935766387, 18.965300332633515], [0.37625070869186905, 0.035989476992712766, 20.71786430875313], [0.5752483799126942, 0.06384015017083913, 22.470428284872753], [0.7814942623834464, 0.09826144647014551, 24.222992260992374], [0.994988356104126, 0.13925336589063186, 25.975556237111995], [1.2157306610747325, 0.1868159084322982, 27.72812021323162], [1.443721177295266, 0.24094907409514457, 29.480684189351237], [1.6789599047657267, 0.3016528628791709, 31.23324816547086], [1.9214468434861147, 0.36892727478437726, 32.98581214159048], [2.17118199345643, 0.44277230981076365, 34.738376117710104], [2.428165354676672, 0.52318796795833, 36.49094009382973], [2.6923969271468406, 0.6101742492270761, 38.243504069949346], [2.9638767108669373, 0.7037311536170026, 39.99606804606897], [3.2426047058369605, 0.8038586811281089, 41.74863202218859], [3.528580912056911, 0.910556831760395, 43.50119599830821], [3.821805329526789, 1.0238256055138615, 45.25375997442784], [4.122277958246594, 1.1436650023885078, 47.006323950547454]], "radius": [1.1422245988953457, 1.1039591174292103, 1.1235416283488788, 1.1973222252373141, 1.3168494521253398, 1.4696947667953129, 1.4348974212457568, 1.1550441373913127, 0.9068976956796733, 0.7139277970386082, 0.5937017685159751, 0.5561982133889019, 0.6029116203131808, 0.7268269616731584, 0.9132541148621565, 1.1414250617828008, 0.9725873764683444, 0.819949129535642], "ref_radius": [2.4075935218938227, 2.3908717702676827, 2.3741500186415423, 2.3574282670154023, 2.340706515389262, 2.323984763763122, 2.3072630121369815, 2.2905412605108415, 2.273819508884701, 2.257097757258561, 2.2403760056324207, 2.2236542540062807, 2.2069325023801403, 2.1902107507540003, 2.17348899912786, 2.15676724750172, 2.1400454958755795, 2.1233237442494395], "length": 30.09915292705236, "seg_id": 2, "type": "Main", "parent": 0, "children": [3, 4]}, {"pos": [[4.122277958246594, 1.1436650023885078, 47.006323950547454], [5.143395712492005, 1.4420980761689832, 48.360486896902415], [6.284971859059674, 1.6425803851568468, 49.71464984325736], [7.5470063979496, 1.7451119293520985, 51.068812789612316], [8.929499329161784, 1.749692708754738, 52.42297573596727], [10.432450652696225, 1.6563227233647657, 53.777138682322224], [12.055860368552924, 1.465001973182182, 55.13130162867717], [13.799728476731882, 1.1757304582069859, 56.485464575032125], [15.664054977233096, 0.7885081784391779, 57.83962752138708]], "radius": [1.37316026365895, 1.37316026365895, 1.37316026365895, 1.37316026365895, 1.37316026365895, 1.37316026365895, 1.37316026365895, 1.37316026365895, 1.37316026365895], "ref_radius": [1.37316026365895, 1.37316026365895, 1.37316026365895, 1.37316026365895, 1.37316026365895, 1.37316026365895, 1.37316026365895, 1.37316026365895, 1.37316026365895], "length": 15.833484120166645, "seg_id": 3, "type": "Side", "parent": 2, "children": []}, {"pos": [[4.122277958246594, 1.1436650023885078, 47.006323950547454], [4.388953944906395, 0.7293156115765497, 48.80052567633216], [4.6519505446848255, 0.3493507209425513, 50.59472740211685], [4.911267757581884, 0.003770330486511861, 52.38892912790154], [5.166905583597573, -0.30742555979156794, 54.183130853686244], [5.41886402273189, -0.5842369498916882, 55.97733257947094], [5.667143074984837, -0.8266638398138493, 57.77153430525563], [5.911742740356414, -1.0347062295580511, 59.56573603104033], [6.152663018846621, -1.2083641191242933, 61.359937756825026], [6.3899039104554545, -1.3476375085125762, 63.154139482609715], [6.623465415182919, -1.4525263977228997, 64.94834120839442], [6.853347533029012, -1.523030786755264, 66.74254293417911], [7.079550263993735, -1.5591506756096687, 68.53674465996382], [7.302073608077087, -1.5608860642861142, 70.3309463857485], [7.520917565279068, -1.5282369527846, 72.1251481115332]], "radius": [0.7299591326064105, 0.7094825235433864, 0.7584240008452865, 0.8695854861431997, 1.0296099607713691, 1.2204302269980265, 1.4211705364252665, 1.3814181564818213, 1.096064144220088, 0.843676233920347, 0.6612399690006692, 0.5742120719184285, 0.5927512618987811, 0.7104006826613594, 0.9053854540909944], "ref_radius": [2.106601992623299, 2.0896099011495566, 2.072617809675814, 2.0556257182020716, 2.038633626728329, 2.0216415352545867, 2.004649443780844, 1.987657352307102, 1.9706652608333595, 1.953673169359617, 1.9366810778858745, 1.919688986412132, 1.9026968949383898, 1.8857048034646473, 1.8687127119909048], "length": 25.488137210613672, "seg_id": 4, "type": "Main", "parent": 2, "children": [5, 6]}, {"pos": [[7.520917565279068, -1.5282369527846, 72.1251481115332], [9.034535960967913, -1.6231476820976625, 73.31553668883377], [10.522220244006508, -1.709383147916516, 74.50592526613437], [11.983970414394859, -1.786943350241161, 75.69631384343494], [13.419786472132964, -1.8558282890715967, 76.88670242073553], [14.82966841722082, -1.9160379644078236, 78.0770909980361], [16.213616249658426, -1.9675723762498418, 79.26747957533667], [17.571629969445787, -2.0104315245976507, 80.45786815263726], [18.903709576582898, -2.044615409451251, 81.64825672993783], [20.209855071069768, -2.0701240308106423, 82.83864530723841], [21.490066452906383, -2.086957388675825, 84.02903388453899], [22.744343722092754, -2.0951154830467984, 85.21942246183957]], "radius": [1.4085362156260315, 1.4085362156260315, 1.4085362156260315, 1.4085362156260315, 1.4085362156260315, 1.4085362156260315, 1.4085362156260315, 1.4085362156260315, 1.4085362156260315, 1.4085362156260315, 1.4085362156260315, 1.4085362156260315],