{"case_id": "RCA_1959_bc7", "artery_type": "RCA", "segments": [{"pos": [[0.0, 0.0, 0.0], [0.11547622774847222, 0.17382652662447748, 1.847590128030184], [0.20995677772449498, 0.3160482302263227, 3.6951802560603686], [0.2834416499280682, 0.42666511080553565, 5.542770384090553], [0.33593084435919196, 0.5056771683621164, 7.390360512120738], [0.3674243610178662, 0.5530844028960648, 9.23795064015092], [0.3779221999040909, 0.5688868144073809, 11.085540768181106], [0.36742436101786624, 0.5530844028960648, 12.933130896211289], [0.33593084435919196, 0.5056771683621164, 14.780721024241476], [0.2834416499280682, 0.42666511080553565, 16.62831115227166], [0.20995677772449506, 0.31604823022632283, 18.47590128030184], [0.11547622774847228, 0.17382652662447756, 20.32349140833203], [0.0, 0.0, 22.171081536362212]], "radius": [2.0020051889644837, 2.0020051889644837, 2.0020051889644837, 2.0020051889644837, 2.0020051889644837, 2.0020051889644837, 2.0020051889644837, 2.0020051889644837, 2.0020051889644837, 2.0020051889644837, 2.0020051889644837, 2.0020051889644837, 1.9160586774928818], "ref_radius": [2.0020051889644837, 2.0020051889644837, 2.0020051889644837, 2.0020051889644837, 2.0020051889644837, 2.0020051889644837, 2.0020051889644837, 2.0020051889644837, 2.0020051889644837, 2.0020051889644837, 2.0020051889644837, 2.0020051889644837, 2.0020051889644837], "length": 22.171081536362212, "seg_id": 0, "type": "Root", "parent": null, "children": [1, 2]}, {"pos": [[0.0, 0.0, 22.171081536362212], [1.1073617829094635, -0.39346037109178944, 23.531492655511652], [2.234817022518683, -0.7324148336481404, 24.8919037746611], [3.3823657188276575, -1.0168633876690527, 26.252314893810542], [4.550007871836387, -1.2468060331545265, 27.61272601295999], [5.7377434815448725, -1.4222427701045617, 28.973137132109425], [6.945572547953114, -1.5431735985191586, 30.33354825125887], [8.173495071061108, -1.6095985183983168, 31.693959370408308], [9.421511050868862, -1.6215175297420363, 33.054370489557755], [10.68962048737637, -1.5789306325503172, 34.414781608707194], [11.977823380583631, -1.4818378268231598, 35.775192727856634], [13.286119730490649, -1.3302391125605637, 37.135603847006074], [14.614509537097424, -1.124134489762529, 38.49601496615552]], "radius": [1.4760151364145286, 1.4760151364145286, 1.4760151364145286, 1.4760151364145286, 1.4760151364145286, 1.4760151364145286, 1.4760151364145286, 1.4760151364145286, 1.4760151364145286, 1.4760151364145286, 1.4760151364145286, 1.4760151364145286, 1.4760151364145286], "ref_radius": [1.4760151364145286, 1.4760151364145286, 1.4760151364145286, 1.4760151364145286, 1.4760151364145286, 1.4760151364145286, 1.4760151364145286, 1.4760151364145286, 1.4760151364145286, 1.4760151364145286, 1.4760151364145286, 1.4760151364145286, 1.4760151364145286], "length": 21.93971328090156, "seg_id": 1, "type": "Side", "parent": 0, "children": []}, {"pos": [[0.0, 0.0, 22.171081536362212], [0.00920512095704577, -0.013442608101701194, 24.097760030802892], [0.04203192692816149, -0.062470729939267076, 26.02443852524358], [0.09848041791334716, -0.14708436551269766, 27.951117019684254], [0.17855059391260278, -0.2672835148219929, 29.87779551412494], [0.2822424549259283, -0.4230681778671528, 31.804474008565617], [0.4095560009533239, -0.6144383546481775, 33.7311525030063], [0.5604912319947892, -0.8413940451650666, 35.65783099744698], [0.7350481480503248, -1.1039352494178207, 37.584509491887665], [0.9332267491199302, -1.4020619674064396, 39.511187986328345], [1.1550270352036052, -1.7357741991309226, 41.437866480769024], [1.4004490063013506, -2.1050719445912707, 43.36454497520971], [1.669492662413166, -2.509955203787484, 45.29122346965039]], "radius": [1.5410564214549018, 1.0203543068354262, 0.6006106726519296, 0.46218717117116914, 0.6567387364474602, 1.0865051097378886, 1.5506488904309932, 1.836734357152554, 1.8585231429792644, 1.8405878872311119, 1.8226526314829594, 1.8047173757348072, 1.7867821199866547], "ref_radius": [2.0020051889644837, 1.9840699332163312, 1.9661346774681787, 1.9481994217200265, 1.930264165971874, 1.9123289102237215, 1.894393654475569, 1.8764583987274168, 1.8585231429792644, 1.8405878872311119, 1.8226526314829594, 1.8047173757348072, 1.7867821199866547], "length": 23.315832472598135, "seg_id": 2, "type": "Main", "parent": 0, "children": [3, 4]}, {"pos": [[1.669492662413166, -2.509955203787484, 45.29122346965039], [3.1947397197270893, -2.663540051171833, 46.6700143531868], [4.685200147248764, -2.838671752402448, 48.04880523672321], [6.140873944978191, -3.0353503074793284, 49.427596120259615], [7.56176111291537, -3.253575716402475, 50.80638700379603], [8.9478616510603, -3.4933479791718867, 52.18517788733244], [10.299175559412983, -3.7546670957875645, 53.563968770868854], [11.615702837973416, -4.037533066249508, 54.94275965440525], [12.8974434867416, -4.341945890557717, 56.32155053794167], [14.144397505717539, -4.667905568712193, 57.70034142147807], [15.356564894901227, -5.0154121007129335, 59.07913230501448], [16.53394565429267, -5.384465486559941, 60.45792318855089], [17.67653978389186, -5.775065726253214, 61.836714072087304]], "radius": [1.1485024391054313, 1.1485024391054313, 1.1485024391054313, 1.1485024391054313, 1.1485024391054313, 1.1485024391054313, 1.1485024391054313, 1.1485024391054313, 1.1485024391054313, 1.1485024391054313, 1.1485024391054313, 1.1485024391054313, 1.1485024391054313], "ref_radius": [1.1485024391054313, 1.1485024391054313, 1.1485024391054313, 1.1485024391054313, 1.1485024391054313, 1.1485024391054313, 1.1485024391054313, 1.1485024391054313, 1.1485024391054313, 1.1485024391054313, 1.1485024391054313, 1.1485024391054313, 1.1485024391054313], "length": 23.251661522318877, "seg_id": 3, "type": "Side", "parent": 2, "children": []}, {"pos": [[1.669492662413166, -2.509955203787484, 45.29122346965039], [1.7876526651260194, -2.7370812446965025, 47.116628993172824], [1.9017695844071274, -2.9622896121118814, 48.94203451669525], [2.01184342025649, -3.1855803060336214, 50.767440040217686], [2.117874172674107, -3.4069533264617213, 52.59284556374013], [2.2198618416599785, -3.626408673396181, 54.41825108726257], [2.317806427214104, -3.843946346837001, 56.243656610784996], [2.411707929336485, -4.059566346784182, 58.06906213430743], [2.5015663480271195, -4.273268673237722, 59.894467657829864], [2.5873816832860097, -4.485053326197623, 61.7198731813523], [2.6691539351131537, -4.694920305663885, 63.54527870487473], [2.746883103508552, -4.902869611636506, 65.37068422839717]], "radius": [1.7688468642385022, 1.7519716779455408, 1.735096491652579, 1.7182213053596176, 1.7013461190666561, 1.6844709327736944, 1.667595746480733, 1.6507205601877712, 1.6338453738948098, 1.6169701876018483, 1.6000950013088866, 1.5832198150159251], "ref_radius": [1.7688468642385022, 1.7519716779455408, 1.735096491652579, 1.7182213053596176, 1.7013461190666561, 1.6844709327736944, 1.667595746480733, 1.6507205601877712, 1.6338453738948098, 1.6169701876018483, 1.6000950013088866, 1.5832198150159251], "length": 20.250223551553866, "seg_id": 4, "type": "Main", "parent": 2, "children": [5, 6]}, {"pos": [[2.746883103508552, -4.902869611636506, 65.37068422839717], [3.822388075910121, -5.451236948526877, 66.94279137200587], [4.960699063973895, -5.910384084898843, 68.51489851561459], [6.161816067699873, -6.280311020752406, 70.0870056592233], [7.425739087088057, -6.561017756087564, 71.659112802832], [8.752468122138445, -6.752504290904318, 73.23121994644072], [10.14200317285104, -6.854770625202667, 74.80332709004942], [11.594344239225837, -6.867816758982613, 76.37543423365814], [13.10949132126284, -6.791642692244154, 77.94754137726684]], "radius": [0.9660343773780125, 0.9660343773780125, 0.9660343773780125, 0.9660343773780125, 0.9660343773780125, 0.9660343773780125, 0.9660343773780125, 0.9660343773780125, 0.9660343773780125],