{"case_id": "RCA_4487_bc7", "artery_type": "RCA", "segments": [{"pos": [[0.0, 0.0, 0.0], [0.025703610500968525, -0.20807647773960078, 1.8513888627453758], [0.047735276644655836, -0.3864277443735443, 3.7027777254907517], [0.06609499843106194, -0.5350537999018307, 5.554166588236128], [0.0807827758601868, -0.6539546443244596, 7.405555450981503], [0.09179860893203046, -0.7431302776414315, 9.256944313726878], [0.09914249764659289, -0.8025806998527458, 11.108333176472254], [0.1028144420038741, -0.8323059109584031, 12.959722039217631], [0.1028144420038741, -0.8323059109584031, 14.811110901963005], [0.09914249764659289, -0.8025806998527458, 16.66249976470838], [0.09179860893203046, -0.7431302776414315, 18.513888627453756], [0.08078277586018681, -0.6539546443244597, 20.36527749019913], [0.06609499843106191, -0.5350537999018306, 22.21666635294451], [0.04773527664465583, -0.38642774437354427, 24.068055215689885], [0.02570361050096852, -0.20807647773960072, 25.919444078435262], [0.0, 0.0, 27.770832941180636]], "radius": [2.4677318855499397, 2.4677318855499397, 2.4677318855499397, 2.4677318855499397, 2.3422843698500975, 1.8907043756032609, 1.32124065693455, 0.9079405763231652, 0.8496996793339371, 1.1745456763987676, 1.7261504542610995, 2.2390610445430843, 2.4664455774584755, 2.4677318855499397, 2.4677318855499397, 2.4677318855499397], "ref_radius": [2.4677318855499397, 2.4677318855499397, 2.4677318855499397, 2.4677318855499397, 2.4677318855499397, 2.4677318855499397, 2.4677318855499397, 2.4677318855499397, 2.4677318855499397, 2.4677318855499397, 2.4677318855499397, 2.4677318855499397, 2.4677318855499397, 2.4677318855499397, 2.4677318855499397, 2.4677318855499397], "length": 27.770832941180636, "seg_id": 0, "type": "Root", "parent": null, "children": [1, 2]}, {"pos": [[0.0, 0.0, 27.770832941180636], [1.2023517892648246, -0.2574647691982805, 29.38643961692627], [2.366559956958748, -0.46958079415610376, 31.00204629267191], [3.4926245030817684, -0.6363480748734697, 32.61765296841755], [4.580545427633889, -0.7577666113503787, 34.23325964416319], [5.630322730615108, -0.8338364035868304, 35.84886631990883], [6.641956412025422, -0.8645574515828248, 37.46447299565446], [7.615446471864837, -0.8499297553383622, 39.0800796714001], [8.55079291013335, -0.7899533148534421, 40.69568634714574], [9.447995726830962, -0.684628130128065, 42.311293022891384], [10.307054921957672, -0.5339542011622306, 43.926899698637015], [11.127970495513479, -0.3379315279559392, 45.542506374382654]], "radius": [1.879490148146674, 1.879490148146674, 1.879490148146674, 1.879490148146674, 1.879490148146674, 1.879490148146674, 1.879490148146674, 1.879490148146674, 1.879490148146674, 1.879490148146674, 1.879490148146674, 1.879490148146674], "ref_radius": [1.879490148146674, 1.879490148146674, 1.879490148146674, 1.879490148146674, 1.879490148146674, 1.879490148146674, 1.879490148146674, 1.879490148146674, 1.879490148146674, 1.879490148146674, 1.879490148146674, 1.879490148146674], "length": 20.97089177128582, "seg_id": 1, "type": "Side", "parent": 0, "children": []}, {"pos": [[0.0, 0.0, 27.770832941180636], [-0.06044272704523936, -0.17703103871542508, 29.57575520299742], [-0.11326513440377457, -0.3429270116207429, 31.380677464814198], [-0.15846722207560565, -0.49768791871595364, 33.18559972663099], [-0.19604899006073256, -0.641313760001057, 34.99052198844777], [-0.22601043835915535, -0.7738045354760533, 36.79544425026455], [-0.248351566970874, -0.8951602451409424, 38.60036651208134], [-0.2630723758958885, -1.005380888995724, 40.40528877389812], [-0.2701728651341988, -1.1044664670403987, 42.2102110357149], [-0.26965303468580504, -1.1924169792749661, 44.01513329753168], [-0.2615128845507071, -1.2692324256994265, 45.82005555934847], [-0.245752414728905, -1.3349128063137794, 47.624977821165245], [-0.22237162522039877, -1.3894581211180252, 49.42990008298203], [-0.19137051602518837, -1.4328683701121636, 51.234822344798815], [-0.15274908714327393, -1.465143553296195, 53.03974460661559], [-0.10650733857465527, -1.4862836706701192, 54.844666868432384], [-0.052645270319332416, -1.496288722233936, 56.64958913024917], [0.008837117622694554, -1.4951587079876456, 58.454511392065946], [0.07793982525142569, -1.4828936279312481, 60.25943365388273]], "radius": [2.4677318855499397, 2.450614770430066, 2.4334976553101924, 2.4163805401903184, 2.399263425070445, 2.382146309950571, 2.365029194830697, 2.3479120797108237, 2.33079496459095, 2.313677849471076, 2.2965607343512024, 2.2794436192313285, 2.262326504111455, 2.245209388991581, 2.2280922738717073, 2.210975158751834, 2.19385804363196, 2.176740928512086, 2.1596238133922125], "ref_radius": [2.4677318855499397, 2.450614770430066, 2.4334976553101924, 2.4163805401903184, 2.399263425070445, 2.382146309950571, 2.365029194830697, 2.3479120797108237, 2.33079496459095, 2.313677849471076, 2.2965607343512024, 2.2794436192313285, 2.262326504111455, 2.245209388991581, 2.2280922738717073, 2.210975158751834, 2.19385804363196, 2.176740928512086, 2.1596238133922125], "length": 32.5225187277601, "seg_id": 2, "type": "Main", "parent": 0, "children": [3, 4]}, {"pos": [[0.07793982525142569, -1.4828936279312481, 60.25943365388273], [1.1077463355755046, -1.276531748939079, 61.62101419739727], [2.170675675140396, -1.102703297158948, 62.98259474091182], [3.2667278439461, -0.9614082725908544, 64.34417528442636], [4.3959028419926165, -0.8526466752347986, 65.7057558279409], [5.558200669279945, -0.7764185050907806, 67.06733637145544], [6.753621325808086, -0.7327237621588001, 68.42891691496999], [7.982164811577041, -0.7215624464388575, 69.79049745848454], [9.243831126586807, -0.7429345579309525, 71.15207800199907], [10.538620270837384, -0.7968400966350851, 72.51365854551361], [11.866532244328777, -0.8832790625512555, 73.87523908902817], [13.227567047060981, -1.0022514556794637, 75.2368196325427], [14.621724679033997, -1.1537572760197097, 76.59840017605725], [16.049005140247825, -1.337796523571993, 77.9599807195718], [17.509408430702468, -1.5543691983363146, 79.32156126308634]], "radius": [1.571255294986396, 1.571255294986396, 1.571255294986396, 1.571255294986396, 1.571255294986396, 1.571255294986396, 1.571255294986396, 1.571255294986396, 1.571255294986396, 1.571255294986396, 1.571255294986396, 1.571255294986396, 1.571255294986396, 1.571255294986396, 1.571255294986396], "ref_radius": [1.571255294986396, 1.571255294986396, 1.571255294986396, 1.571255294986396, 1.571255294986396, 1.571255294986396, 1.571255294986396, 1.571255294986396, 1.571255294986396, 1.571255294986396, 1.571255294986396, 1.571255294986396, 1.571255294986396, 1.571255294986396, 1.571255294986396], "length": 25.830716511346573, "seg_id": 3, "type": "Side", "parent": 2, "children": []}, {"pos": [[0.07793982525142569, -1.4828936279312481, 60.25943365388273], [0.3409507699524317, -1.4987838559196973, 62.064757305207294], [0.5755844527278611, -1.530217408972897, 63.870080956531865], [0.7818408735777139, -1.5771942870908462, 65.67540460785644], [0.9597200325019902, -1.6397144902735463, 67.48072825918099], [1.1092219295006898, -1.7177780185209968, 69.28605191050556], [1.230346564573813, -1.811384871833197, 71.09137556183012], [1.3230939377213597, -1.9205350502101484, 72.89669921315469], [1.3874640489433299, -2.0452285536518495, 74.70202286447926], [1.4234568982397233, -2.185465382158301, 76.50734651580382], [1.4310724856105403, -2.3412455357295032, 78.31267016712839], [1.4103108110557807, -2.5125690143654555, 80.11799381845296], [1.3611718745754446, -2.699435818066158, 81.92331746977753], [1.283655676169532, -2.9018459468316107, 83.7286411211021], [1.1777622158380425, -3.1197994006618144, 85.53396477242666]], "radius": [2.1425066982723386, 2.1256057976643583, 2.1087048970563775, 2.091803996448397, 2.074903095840417, 2.058002195232436, 2.0411012946244558, 2.024200394016475, 2.0072994934084947, 1.9903985928005143, 1.9734976921925338, 1.9565967915845532, 1.9396958909765727, 1.9227949903685921, 1.9058940897606118],