{"case_id": "RCA_6885_bc4", "artery_type": "RCA", "segments": [{"pos": [[0.0, 0.0, 0.0], [0.05880812933208322, 0.029190586995576834, 1.8108460772009711], [0.11026524249765603, 0.05473235061670656, 3.6216921544019423], [0.15437133949671844, 0.07662529086338918, 5.432538231602912], [0.19112642032927044, 0.09486940773562469, 7.243384308803884], [0.22053048499531205, 0.10946470123341312, 9.054230386004855], [0.2425835334948433, 0.12041117135675443, 10.865076463205826], [0.2572855658278641, 0.12770881810564863, 12.675922540406798], [0.26463658199437445, 0.13135764148009574, 14.486768617607769], [0.26463658199437445, 0.13135764148009574, 16.29761469480874], [0.2572855658278641, 0.12770881810564863, 18.10846077200971], [0.2425835334948433, 0.12041117135675443, 19.919306849210685], [0.22053048499531208, 0.10946470123341313, 21.730152926411648], [0.1911264203292705, 0.09486940773562473, 23.540999003612626], [0.1543713394967185, 0.0766252908633892, 25.351845080813597], [0.11026524249765605, 0.054732350616706574, 27.162691158014564], [0.05880812933208323, 0.029190586995576837, 28.973537235215538], [0.0, 0.0, 30.78438331241651]], "radius": [2.450645706811624, 2.450645706811624, 2.450645706811624, 2.450645706811624, 2.3867552741402136, 2.0949185903260394, 1.6493490925170256, 1.181808996320685, 0.8305575839883925, 0.6994656647917676, 0.8272992714294665, 1.176255907719621, 1.6431433673405926, 2.089895363390959, 2.384399996119658, 2.450645706811624, 2.450645706811624, 2.450645706811624], "ref_radius": [2.450645706811624, 2.450645706811624, 2.450645706811624, 2.450645706811624, 2.450645706811624, 2.450645706811624, 2.450645706811624, 2.450645706811624, 2.450645706811624, 2.450645706811624, 2.450645706811624, 2.450645706811624, 2.450645706811624, 2.450645706811624, 2.450645706811624, 2.450645706811624, 2.450645706811624, 2.450645706811624], "length": 30.78438331241651, "seg_id": 0, "type": "Root", "parent": null, "children": [1, 2]}, {"pos": [[0.0, 0.0, 30.78438331241651], [0.6773019648952479, 0.07314662734617089, 32.3552219628152], [1.4313589830209217, 0.14393209987996994, 33.9260606132139], [2.2621710543770206, 0.21235641760139712, 35.49689926361258], [3.1697381789635455, 0.2784195805104524, 37.067737914011275], [4.154060356780495, 0.3421215886071359, 38.638576564409966], [5.215137587827872, 0.40346244189144753, 40.20941521480866], [6.352969872105674, 0.46244214036338727, 41.78025386520736], [7.567557209613902, 0.5190606840229552, 43.35109251560604], [8.858899600352553, 0.5733180728701512, 44.92193116600473], [10.226997044321632, 0.6252143069049755, 46.492769816403424]], "radius": [1.7603660170737465, 1.7603660170737465, 1.7603660170737465, 1.7603660170737465, 1.7603660170737465, 1.7603660170737465, 1.7603660170737465, 1.7603660170737465, 1.7603660170737465, 1.7603660170737465, 1.7603660170737465], "ref_radius": [1.7603660170737465, 1.7603660170737465, 1.7603660170737465, 1.7603660170737465, 1.7603660170737465, 1.7603660170737465, 1.7603660170737465, 1.7603660170737465, 1.7603660170737465, 1.7603660170737465, 1.7603660170737465], "length": 18.754619911711366, "seg_id": 1, "type": "Side", "parent": 0, "children": []}, {"pos": [[0.0, 0.0, 30.78438331241651], [0.152409085998366, -0.14620661191446663, 32.696225427912836], [0.3106600417939502, -0.2534130177839095, 34.60806754340916], [0.4747528673867525, -0.3216192176083287, 36.51990965890548], [0.644687562776773, -0.35082521138772405, 38.43175177440182], [0.8204641279640115, -0.34103099912209556, 40.34359388989814], [1.0020825629484682, -0.2922365808114433, 42.255436005394465], [1.1895428677301427, -0.20444195645576746, 44.167278120890785], [1.382845042309036, -0.07764712605506768, 46.07912023638712], [1.5819890866851472, 0.08814791039065584, 47.99096235188344], [1.7869750008584764, 0.29294315288140294, 49.90280446737977], [1.9978027848290236, 0.5367386014171741, 51.814646582876094], [2.2144724385967893, 0.819534255997969, 53.72648869837242]], "radius": [2.450645706811624, 2.432904708191966, 2.415163709572308, 2.3974227109526507, 2.3796817123329927, 2.361940713713335, 2.344199715093677, 2.326458716474019, 2.3087177178543614, 2.2909767192347035, 2.2732357206150455, 2.2554947219953876, 2.2377537233757296], "ref_radius": [2.450645706811624, 2.432904708191966, 2.415163709572308, 2.3974227109526507, 2.3796817123329927, 2.361940713713335, 2.344199715093677, 2.326458716474019, 2.3087177178543614, 2.2909767192347035, 2.2732357206150455, 2.2554947219953876, 2.2377537233757296], "length": 23.063298205555217, "seg_id": 2, "type": "Main", "parent": 0, "children": [3, 4]}, {"pos": [[2.2144724385967893, 0.819534255997969, 53.72648869837242], [3.4682179212810085, 0.9353229012251658, 55.16417872985893], [4.722860675135369, 1.0462006742711527, 56.601868761345436], [5.97840070015987, 1.1521675751359297, 58.03955879283193], [7.234837996354514, 1.253223603819497, 59.47724882431844], [8.4921725637193, 1.349368760321855, 60.914938855804955], [9.750404402254228, 1.4406030446430025, 62.35262888729145], [11.009533511959297, 1.5269264567829408, 63.79031891877797], [12.26955989283451, 1.6083389967416688, 65.22800895026447], [13.530483544879859, 1.6848406645191871, 66.66569898175098], [14.792304468095356, 1.756431460115496, 68.10338901323748], [16.055022662480994, 1.8231113835305952, 69.54107904472399], [17.31863812803677, 1.884880434764484, 70.9787690762105], [18.58315086476269, 1.9417386138171635, 72.416459107697]], "radius": [1.7578180300963406, 1.7578180300963406, 1.7578180300963406, 1.7578180300963406, 1.7578180300963406, 1.7578180300963406, 1.7578180300963406, 1.7578180300963406, 1.7578180300963406, 1.7578180300963406, 1.7578180300963406, 1.7578180300963406, 1.7578180300963406, 1.7578180300963406], "ref_radius": [1.7578180300963406, 1.7578180300963406, 1.7578180300963406, 1.7578180300963406, 1.7578180300963406, 1.7578180300963406, 1.7578180300963406, 1.7578180300963406, 1.7578180300963406, 1.7578180300963406, 1.7578180300963406, 1.7578180300963406, 1.7578180300963406, 1.7578180300963406], "length": 24.86982046459856, "seg_id": 3, "type": "Side", "parent": 2, "children": []}, {"pos": [[2.2144724385967893, 0.819534255997969, 53.72648869837242], [2.593752515936859, 0.6708935005369837, 55.53238346705472], [2.9542514821650054, 0.5455304043559358, 57.33827823573703], [3.2959693372812273, 0.44344496745482487, 59.14417300441932], [3.6189060812855267, 0.36463718983365134, 60.950067773101615], [3.9230617141779023, 0.3091070714924151, 62.755962541783916], [4.208436235958354, 0.2768546124311161, 64.56185731046621], [4.475029646626885, 0.26787981264975436, 66.36775207914852], [4.72284194618349, 0.28218267214832987, 68.17364684783081], [4.951873134628173, 0.3197631909268426, 69.9795416165131], [5.162123211960932, 0.3806213689852926, 71.78543638519541], [5.353592178181767, 0.4647572063236799, 73.5913311538777], [5.526280033290679, 0.5721707029420043, 75.39722592256], [5.680186777287668, 0.7028618588402662, 77.2031206912423], [5.815312410172734, 0.8568306740184654, 79.0090154599246]], "radius": [2.2200127247560717, 2.202987598240343, 2.185962471724614, 2.1689373452088847, 2.151912218693156, 2.134887092177427, 2.117861965661698, 2.100836839145969, 2.08381171263024, 2.066786586114511, 2.0497614595987823, 2.0327363330830535, 2.015711206567324, 1.9986860800515953, 1.9816609535358665], "ref_radius": [2.2200127247560717, 2.202987598240343, 2.185962471724614, 2.1689373452088847, 2.151912218693156, 2.134887092177427, 2.117861965661698, 2.100836839145969, 2.08381171263024, 2.066786586114511, 2.0497614595987823, 2.0327363330830535, 2.015711206567324, 1.9986860800515953, 1.9816609535358665], "length": 25.537689773593428, "seg_id": 4, "type": "Main", "parent": 2,