{"case_id": "RCA_4754_bc6", "artery_type": "RCA", "segments": [{"pos": [[0.0, 0.0, 0.0], [-0.05521581680397975, 0.0979989037103248, 1.8657387827581016], [-0.10193689256119338, 0.18092105300367653, 3.7314775655162027], [-0.1401632272716409, 0.24876644788005522, 5.597216348274305], [-0.16989482093532232, 0.3015350883394609, 7.462955131032406], [-0.1911316735522376, 0.3392269743818935, 9.328693913790506], [-0.20387378512238674, 0.36184210600735306, 11.194432696548608], [-0.20812115564576983, 0.3693804832158396, 13.06017147930671], [-0.20387378512238677, 0.36184210600735306, 14.92591026206481], [-0.1911316735522376, 0.33922697438189353, 16.79164904482291], [-0.16989482093532235, 0.30153508833946097, 18.65738782758101], [-0.14016322727164093, 0.24876644788005528, 20.523126610339116], [-0.10193689256119341, 0.18092105300367659, 22.388865393097216], [-0.055215816803979814, 0.09799890371032491, 24.25460417585532], [0.0, 0.0, 26.12034295861342]], "radius": [2.1463099882622196, 2.1463099882622196, 2.1463099882622196, 2.1463099882622196, 2.1463099882622196, 2.1463096852532186, 2.121446958998886, 2.0489433850162713, 1.9338779176922751, 1.7843110184351292, 1.6107200115667912, 1.4252651363338344, 1.2409377088934734, 1.070650066456127, 0.9263310439892849], "ref_radius": [2.1463099882622196, 2.1463099882622196, 2.1463099882622196, 2.1463099882622196, 2.1463099882622196, 2.1463099882622196, 2.1463099882622196, 2.1463099882622196, 2.1463099882622196, 2.1463099882622196, 2.1463099882622196, 2.1463099882622196, 2.1463099882622196, 2.1463099882622196, 2.1463099882622196], "length": 26.12034295861342, "seg_id": 0, "type": "Root", "parent": null, "children": [1, 2]}, {"pos": [[0.0, 0.0, 26.12034295861342], [1.2294176038789406, 0.18894548112736587, 27.494021542948808], [2.4444519861092875, 0.3510520378393437, 28.867700127284195], [3.64510314669104, 0.48631967013593336, 30.24137871161959], [4.8313710856241965, 0.5947483780171349, 31.615057295954976], [6.003255802908759, 0.6763381614829483, 32.98873588029036], [7.160757298544729, 0.7310890205333735, 34.36241446462574], [8.303875572532101, 0.7590009551684107, 35.73609304896113], [9.43261062487088, 0.7600739653880597, 37.109771633296525], [10.546962455561067, 0.7343080511923208, 38.48345021763191], [11.646931064602658, 0.6817032125811937, 39.85712880196729], [12.732516451995654, 0.6022594495546785, 41.230807386302686], [13.803718617740056, 0.49597676211277486, 42.60448597063807], [14.860537561835862, 0.36285515025548337, 43.97816455497346], [15.902973284283076, 0.20289461398280378, 45.35184313930885], [16.931025785081694, 0.016095153294736073, 46.725521723644235]], "radius": [1.3160138718197478, 1.3160138718197478, 1.3160138718197478, 1.3160138718197478, 1.3160138718197478, 1.3160138718197478, 1.3160138718197478, 1.3160138718197478, 1.3160138718197478, 1.3160138718197478, 1.3160138718197478, 1.3160138718197478, 1.3160138718197478, 1.3160138718197478, 1.3160138718197478, 1.3160138718197478], "ref_radius": [1.3160138718197478, 1.3160138718197478, 1.3160138718197478, 1.3160138718197478, 1.3160138718197478, 1.3160138718197478, 1.3160138718197478, 1.3160138718197478, 1.3160138718197478, 1.3160138718197478, 1.3160138718197478, 1.3160138718197478, 1.3160138718197478, 1.3160138718197478, 1.3160138718197478, 1.3160138718197478], "length": 26.66895733109822, "seg_id": 1, "type": "Side", "parent": 0, "children": []}, {"pos": [[0.0, 0.0, 26.12034295861342], [-0.08773301375602083, 0.014117058268694097, 27.876512761502468], [-0.15719213998242162, 0.03186079664019955, 29.6326825643915], [-0.20837737867920236, 0.053231215114516374, 31.388852367280542], [-0.24128872984636318, 0.07822831369164457, 33.14502217016959], [-0.2559261934839039, 0.1068520923715841, 34.90119197305863], [-0.2522897695918246, 0.13910255115433504, 36.65736177594767], [-0.23037945817012523, 0.1749796900398973, 38.413531578836704], [-0.19019525921880592, 0.21448350902827093, 40.16970138172575], [-0.13173717273786656, 0.25761400811945595, 41.9258711846148], [-0.05500519872730708, 0.3043711873134523, 43.68204098750383], [0.040000662812872456, 0.3547550466102601, 45.43821079039287], [0.15328041188267183, 0.40876558600987917, 47.19438059328191], [0.2848340484820911, 0.46640280551230956, 48.950550396170954], [0.43466157261113075, 0.5276667051175514, 50.706720199059994], [0.6027629842697906, 0.5925572848256047, 52.46289000194904], [0.7891382834580698, 0.6610745446364691, 54.219059804838075], [0.9937874701759692, 0.733218484550145, 55.97522960772712], [1.2167105444234891, 0.8089891045666324, 57.73139941061616], [1.457907506200629, 0.8883864046859311, 59.4875692135052]], "radius": [0.8180903463255216, 0.7476455332337675, 0.7256405442274161, 0.7520719666659186, 0.8235523838796643, 0.9336002052359533, 1.0731419343130728, 0.8621633644142748, 0.6582133248255544, 0.5243000885515443, 0.47331380902000886, 0.5084931531328523, 0.623216006347207, 0.801918643608097, 1.0220197386205112, 0.8847072426408316, 0.7237576425757266, 0.6191813137071518, 0.5798391826049676, 0.6075550445244406], "ref_radius": [2.1463099882622196, 2.1296045511784003, 2.1128991140945805, 2.096193677010761, 2.079488239926942, 2.062782802843122, 2.0460773657593028, 2.029371928675483, 2.0126664915916637, 1.9959610545078441, 1.9792556174240248, 1.9625501803402052, 1.9458447432563857, 1.9291393061725661, 1.9124338690887468, 1.8957284320049272, 1.8790229949211077, 1.8623175578372884, 1.8456121207534686, 1.8289066836696493], "length": 33.41087416763899, "seg_id": 2, "type": "Main", "parent": 0, "children": [3, 4]}, {"pos": [[1.457907506200629, 0.8883864046859311, 59.4875692135052], [2.6091476456911864, 0.7867172713633072, 60.86841774710279], [3.774925258472648, 0.7147499069941797, 62.24926628070037], [4.955240344545012, 0.6724843115785489, 63.63011481429796], [6.150092903908281, 0.6599204851164147, 65.01096334789554], [7.359482936562453, 0.6770584276077769, 66.39181188149313], [8.583410442507528, 0.7238981390526356, 67.77266041509071], [9.821875421743506, 0.8004396194509908, 69.15350894868831], [11.074877874270388, 0.9066828688028425, 70.53435748228588], [12.342417800088176, 1.042627887108191, 71.91520601588348], [13.624495199196865, 1.2082746743670358, 73.29605454948107], [14.921110071596457, 1.403623230579377, 74.67690308307866]], "radius": [1.1495053849451844, 1.1495053849451844, 1.1495053849451844, 1.1495053849451844, 1.1495053849451844, 1.1495053849451844, 1.1495053849451844, 1.1495053849451844, 1.1495053849451844, 1.1495053849451844, 1.1495053849451844, 1.1495053849451844], "ref_radius": [1.1495053849451844, 1.1495053849451844, 1.1495053849451844, 1.1495053849451844, 1.1495053849451844, 1.1495053849451844, 1.1495053849451844, 1.1495053849451844, 1.1495053849451844, 1.1495053849451844, 1.1495053849451844, 1.1495053849451844], "length": 20.30367345346671, "seg_id": 3, "type": "Side", "parent": 2, "children": []}, {"pos": [[1.457907506200629, 0.8883864046859311, 59.4875692135052], [1.3468532774338762, 0.8580445556687308, 61.261694040854714], [1.275198187111551, 0.8626450374501078, 63.035818868204224], [1.2429422352336528, 0.9021878500300616, 64.80994369555373], [1.2500854218001831, 0.9766729934085927, 66.58406852290322], [1.2966277468111405, 1.086100467585701, 68.35819335025275], [1.3825692102665255, 1.2304702725613863, 70.13231817760224], [1.5079098121663383, 1.4097824083356487, 71.90644300495175], [1.6726495525105787, 1.6240368749084884, 73.68056783230126], [1.8767884312992464, 1.8732336722799048, 75.45469265965076], [2.120326448532342, 2.1573728004498984, 77.22881748700027], [2.4032636042098656, 2.4764542594184697, 79.00294231434978], [2.7255998983318164, 2.830478049185618, 80.77706714169929], [3.087335330898194, 3.219444169751343, 82.55119196904882], [3.4884699019090006, 3.6433526211156457, 84.32531679639831]],