{"case_id": "RCA_3503_bc8", "artery_type": "RCA", "segments": [{"pos": [[0.0, 0.0, 0.0], [-0.16738079019492616, 0.02056296739541643, 1.8774239876061782], [-0.3012854223508671, 0.037013341311749576, 3.7548479752123565], [-0.40171389646782274, 0.04935112174899942, 5.632271962818534], [-0.4686662125457932, 0.057576308707166006, 7.509695950424712], [-0.5021423705847785, 0.06168890218624929, 9.387119938030892], [-0.5021423705847785, 0.06168890218624929, 11.264543925637067], [-0.4686662125457932, 0.057576308707166006, 13.141967913243246], [-0.40171389646782274, 0.04935112174899942, 15.019391900849424], [-0.301285422350867, 0.03701334131174957, 16.896815888455606], [-0.16738079019492602, 0.020562967395416413, 18.774239876061785], [0.0, 0.0, 20.65166386366796]], "radius": [2.2607158504545155, 2.2607158504545155, 2.248671861255114, 2.1867362052434913, 2.077065794418177, 1.9287973445259916, 1.7542831999293909, 1.568062251483067, 1.3856486917504747, 1.2222395171785116, 1.0914484560941786, 1.0041717998340318], "ref_radius": [2.2607158504545155, 2.2607158504545155, 2.2607158504545155, 2.2607158504545155, 2.2607158504545155, 2.2607158504545155, 2.2607158504545155, 2.2607158504545155, 2.2607158504545155, 2.2607158504545155, 2.2607158504545155, 2.2607158504545155], "length": 20.65166386366796, "seg_id": 0, "type": "Root", "parent": null, "children": [1, 2]}, {"pos": [[0.0, 0.0, 20.65166386366796], [0.8738468321298111, -0.003394362074614218, 22.252869144253708], [1.760101280800864, -0.015464604921714135, 23.854074424839464], [2.6587633460131586, -0.03621072854129975, 25.455279705425212], [3.5698330277666948, -0.06563273293337106, 27.05648498601097], [4.493310326061472, -0.10373061809792807, 28.657690266596717], [5.429195240897492, -0.1505043840349708, 30.25889554718247], [6.377487772274753, -0.20595403074449914, 31.860100827768218], [7.338187920193256, -0.2700795582265133, 33.46130610835397], [8.311295684653, -0.3428809664810131, 35.06251138893972], [9.296811065653985, -0.42435825550799855, 36.66371666952547], [10.294734063196215, -0.5145114253074697, 38.26492195011122], [11.305064677279685, -0.6133404758794267, 39.866127230696975]], "radius": [1.6521071877302198, 1.6521071877302198, 1.6521071877302198, 1.6521071877302198, 1.6521071877302198, 1.6521071877302198, 1.6521071877302198, 1.6521071877302198, 1.6521071877302198, 1.6521071877302198, 1.6521071877302198, 1.6521071877302198, 1.6521071877302198], "ref_radius": [1.6521071877302198, 1.6521071877302198, 1.6521071877302198, 1.6521071877302198, 1.6521071877302198, 1.6521071877302198, 1.6521071877302198, 1.6521071877302198, 1.6521071877302198, 1.6521071877302198, 1.6521071877302198, 1.6521071877302198, 1.6521071877302198], "length": 22.301934364079923, "seg_id": 1, "type": "Side", "parent": 0, "children": []}, {"pos": [[0.0, 0.0, 20.65166386366796], [0.4092177617953019, -0.21954099939931296, 22.578910370120653], [0.7762435018666717, -0.4133852849316502, 24.506156876573353], [1.101077220214109, -0.5815328565970116, 26.433403383026043], [1.383718916837614, -0.7239837143953972, 28.360649889478744], [1.6241685917371869, -0.840737858326807, 30.287896395931433], [1.8224262449128275, -0.9317952883912413, 32.21514290238413], [1.978491876364536, -0.9971560045886996, 34.14238940883682], [2.092365486092312, -1.0368200069191822, 36.069635915289524], [2.164047074096156, -1.050787295382689, 37.996882421742214], [2.1935366403760677, -1.03905786997922, 39.924128928194904], [2.180834184932047, -1.001631730708775, 41.8513754346476], [2.125939707764094, -0.9385088775713546, 43.7786219411003]], "radius": [0.9676806253784604, 0.9772247479698972, 1.0380475773386244, 1.1432360198701919, 1.1890574706492638, 0.9666718836644255, 0.7849197587680659, 0.6581581729558905, 0.595651062786031, 0.6008330804638422, 0.6711020224362538, 0.7981496369903298, 0.9687926052141356], "ref_radius": [2.2607158504545155, 2.2428362960263404, 2.224956741598165, 2.2070771871699897, 2.189197632741814, 2.171318078313639, 2.1534385238854634, 2.1355589694572883, 2.117679415029113, 2.0997998606009376, 2.0819203061727625, 2.064040751744587, 2.0461611973164118], "length": 23.24342075662791, "seg_id": 2, "type": "Main", "parent": 0, "children": [3, 4]}, {"pos": [[2.125939707764094, -0.9385088775713546, 43.7786219411003], [3.276314758677641, -0.8902524101258987, 45.09848171779351], [4.430935941988329, -0.8461771267597208, 46.41834149448671], [5.589803257696159, -0.8062830274728207, 47.738201271179925], [6.752916705801131, -0.7705701122651986, 49.058061047873124], [7.920276286303245, -0.7390383811368543, 50.37792082456633], [9.0918819992025, -0.711687834087788, 51.697780601259545], [10.267733844498897, -0.6885184711179997, 53.017640377952745], [11.447831822192436, -0.6695302922274892, 54.33750015464596], [12.632175932283115, -0.6547232974162567, 55.65735993133917], [13.820766174770938, -0.6440974866843019, 56.97721970803238], [15.013602549655902, -0.6376528600316251, 58.297079484725586], [16.210685056938004, -0.6353894174582264, 59.616939261418786], [17.412013696617255, -0.6373071589641055, 60.936799038112], [18.617588468693643, -0.6434060845492626, 62.256658814805206], [19.827409373167175, -0.6536861942136974, 63.57651859149841], [21.041476410037845, -0.6681474879574103, 64.89637836819162]], "radius": [1.422175423604429, 1.422175423604429, 1.422175423604429, 1.422175423604429, 1.422175423604429, 1.422175423604429, 1.422175423604429, 1.422175423604429, 1.422175423604429, 1.422175423604429, 1.422175423604429, 1.422175423604429, 1.422175423604429, 1.422175423604429, 1.422175423604429, 1.422175423604429, 1.422175423604429], "ref_radius": [1.422175423604429, 1.422175423604429, 1.422175423604429, 1.422175423604429, 1.422175423604429, 1.422175423604429, 1.422175423604429, 1.422175423604429, 1.422175423604429, 1.422175423604429, 1.422175423604429, 1.422175423604429, 1.422175423604429, 1.422175423604429, 1.422175423604429, 1.422175423604429, 1.422175423604429], "length": 28.351900474748007, "seg_id": 3, "type": "Side", "parent": 2, "children": []}, {"pos": [[2.125939707764094, -0.9385088775713546, 43.7786219411003], [2.3854789823393117, -0.8122651496924844, 45.677939873305945], [2.614898993114669, -0.7063106758658441, 47.577257805511586], [2.814199740090166, -0.6206454560914341, 49.47657573771722], [2.9833812232658037, -0.5552694903692544, 51.37589366992287], [3.122443442641581, -0.510182778699305, 53.27521160212851], [3.2313863982174986, -0.4853853210815856, 55.174529534334155], [3.3102100899935554, -0.4808771175160965, 57.073847466539796], [3.3589145179697524, -0.4966581680028376, 58.97316539874544], [3.3774996821460896, -0.5327284725418089, 60.87248333095108], [3.3659655825225663, -0.5890880311330103, 62.77180126315672], [3.3243122190991836, -0.6657368437764423, 64.67111919536237], [3.2525395918759408, -0.7626749104721041, 66.57043712756801], [3.1506477008528373, -0.8799022312199961, 68.46975505977365]], "radius": [1.16622165197259, 1.3717063330167123, 1.206788692557079, 0.9882055260310495, 0.793619941921573, 0.6376521922667933, 0.5314906816257523, 0.48203208040440604, 0.4913905449747473, 0.5568100977902439, 0.6709802519875332, 0.822721577298839, 0.9979778618371563, 1.1810272666056316], "ref_radius": [2.0282816428882366, 2.010629888106211, 1.9929781333241852, 1.9753263785421595, 1.957674623760134, 1.940022868978108, 1.9223711141960824, 1.9047193594140568, 1.887067604632031, 1.8694158498500053, 1.8517640950679795, 1.8341123402859538, 1.8164605855039282, 1.7988088307219023], "length": 24.712456694835993, "seg_id": 4, "type": "Main", "parent": 2,