{"case_id": "RCA_7583_bc8", "artery_type": "RCA", "segments": [{"pos": [[0.0, 0.0, 0.0], [0.21897091598406448, 0.10759844429367478, 1.8083287774671186], [0.4042539987398113, 0.19864328177293802, 3.6166575549342372], [0.5558492482672406, 0.2731345124377898, 5.424986332401356], [0.6737566645663523, 0.33107213628823007, 7.233315109868474], [0.7579762476371462, 0.3724561533242588, 9.041643887335592], [0.8085079974796225, 0.397286563545876, 10.84997266480271], [0.8253519140937815, 0.4055633669530818, 12.65830144226983], [0.8085079974796227, 0.39728656354587605, 14.466630219736947], [0.7579762476371463, 0.3724561533242588, 16.274958997204063], [0.6737566645663523, 0.3310721362882301, 18.083287774671184], [0.5558492482672407, 0.2731345124377898, 19.891616552138302], [0.4042539987398115, 0.1986432817729381, 21.69994532960542], [0.21897091598406473, 0.10759844429367489, 23.508274107072538], [0.0, 0.0, 25.31660288453966]], "radius": [2.093163640665048, 2.091660048537456, 2.0378953131244146, 1.912498817077442, 1.7289510537628856, 1.5069839493810027, 1.2704596226711118, 1.0448051367307178, 0.854279014698031, 0.7193633769284355, 0.654562052614162, 0.6668413753457589, 0.7548812816936663, 0.9092172219223627, 1.1132576270165324], "ref_radius": [2.093163640665048, 2.093163640665048, 2.093163640665048, 2.093163640665048, 2.093163640665048, 2.093163640665048, 2.093163640665048, 2.093163640665048, 2.093163640665048, 2.093163640665048, 2.093163640665048, 2.093163640665048, 2.093163640665048, 2.093163640665048, 2.093163640665048], "length": 25.31660288453966, "seg_id": 0, "type": "Root", "parent": null, "children": [1, 2]}, {"pos": [[0.0, 0.0, 25.31660288453966], [0.8297892419927642, -0.28211581029547067, 27.092175761681816], [1.6652094471569763, -0.49214469138923866, 28.86774863882398], [2.5062606154926366, -0.6300866432813039, 30.64332151596613], [3.3529427469997444, -0.6959416659716664, 32.41889439310828], [4.205255841678301, -0.6897097594603263, 34.19446727025044], [5.063199899528305, -0.6113909237472834, 35.970040147392595], [5.926774920549757, -0.4609851588325379, 37.745613024534755], [6.795980904742659, -0.23849246471608965, 39.521185901676915], [7.670817852107007, 0.056087158602061205, 41.29675877881906], [8.551285762642802, 0.42275371112191473, 43.07233165596122]], "radius": [1.068389642429254, 1.068389642429254, 1.068389642429254, 1.068389642429254, 1.068389642429254, 1.068389642429254, 1.068389642429254, 1.068389642429254, 1.068389642429254, 1.068389642429254, 1.068389642429254], "ref_radius": [1.068389642429254, 1.068389642429254, 1.068389642429254, 1.068389642429254, 1.068389642429254, 1.068389642429254, 1.068389642429254, 1.068389642429254, 1.068389642429254, 1.068389642429254, 1.068389642429254], "length": 19.712156480175686, "seg_id": 1, "type": "Side", "parent": 0, "children": []}, {"pos": [[0.0, 0.0, 25.31660288453966], [0.35354284252098855, 0.06417015538031604, 27.29801995138139], [0.610504370462689, 0.1048618915859385, 29.279437018223124], [0.7708845838251016, 0.12207520861686742, 31.26085408506486], [0.8346834826082258, 0.1158101064731027, 33.24227115190659], [0.801901066812062, 0.08606658515464442, 35.22368821874832], [0.6725373364366103, 0.0328446446614926, 37.20510528559005], [0.44659229148187063, -0.04385571500635277, 39.18652235243178], [0.12406593194784252, -0.14403449384889183, 41.16793941927352], [-0.2950417421654737, -0.26769169186612446, 43.14935648611525]], "radius": [1.2971125860476955, 1.077074074598106, 0.8905735117864251, 0.754261719382388, 0.6795469414129767, 0.6715559870115944, 0.7287354550361793, 0.843121706967219, 1.0012413125132145, 1.1855416873768272], "ref_radius": [2.093163640665048, 2.075326437703652, 2.0574892347422566, 2.039652031780861, 2.021814828819465, 2.0039776258580697, 1.986140422896674, 1.9683032199352783, 1.9504660169738828, 1.932628814012487], "length": 17.837202961395636, "seg_id": 2, "type": "Main", "parent": 0, "children": [3, 4]}, {"pos": [[-0.2950417421654737, -0.26769169186612446, 43.14935648611525], [1.4755399041718644, -0.6321708056384183, 44.48103152753036], [3.1403972222941086, -0.8765872642754794, 45.81270656894548], [4.6995302122012585, -1.0009410677773074, 47.14438161036059], [6.152938873893314, -1.0052322161439025, 48.47605665177571], [7.5006232073702765, -0.8894607093752644, 49.807731693190824], [8.742583212632143, -0.6536265474713934, 51.139406734605934], [9.878818889678916, -0.29772973043228945, 52.47108177602105], [10.909330238510595, 0.17822974174204748, 53.80275681743616]], "radius": [1.1291458524443407, 1.1291458524443407, 1.1291458524443407, 1.1291458524443407, 1.1291458524443407, 1.1291458524443407, 1.1291458524443407, 1.1291458524443407, 1.1291458524443407], "ref_radius": [1.1291458524443407, 1.1291458524443407, 1.1291458524443407, 1.1291458524443407, 1.1291458524443407, 1.1291458524443407, 1.1291458524443407, 1.1291458524443407, 1.1291458524443407], "length": 15.467117896547453, "seg_id": 3, "type": "Side", "parent": 2, "children": []}, {"pos": [[-0.2950417421654737, -0.26769169186612446, 43.14935648611525], [-0.14970152936624545, -0.21412731978869348, 44.960852013769745], [-0.040445673130531, -0.16067462653304332, 46.77234754142422], [0.03272582654166954, -0.10733361209917404, 48.583843069078696], [0.06981296965035619, -0.05410427648708562, 50.39533859673318], [0.07081575619552893, -0.0009866196967780738, 52.206834124387676], [0.03573418617718771, 0.05201935827174866, 54.018329652042155], [-0.03543174040466729, 0.10491365741849455, 55.82982517969664], [-0.14268202355003612, 0.15769627774345948, 57.64132070735113], [-0.2860166632589188, 0.21036721924664362, 59.4528162350056], [-0.4654356595313156, 0.2629264819280469, 61.264311762660085], [-0.6809390123672264, 0.3153740657876694, 63.07580729031458], [-0.9325267217666507, 0.36770997082551093, 64.88730281796907], [-1.2201987877295888, 0.4199341970415716, 66.69879834562354]], "radius": [1.2607671956884043, 1.116621829127038, 1.0017144171928856, 0.9250384250001404, 0.8918730292411394, 0.9033568860419079, 0.9564557751027827, 1.044320236469432, 1.1569928680176558, 1.2823929171028021, 1.4074811126497155, 1.519492536902072, 1.6071209863657603, 1.6615449382890402], "ref_radius": [1.9147916110510914, 1.8979504419121165, 1.8811092727731418, 1.8642681036341668, 1.8474269344951921, 1.8305857653562172, 1.8137445962172425, 1.7969034270782676, 1.7800622579392928, 1.763221088800318, 1.7463799196613432, 1.7295387505223683, 1.7126975813833933, 1.6958564122444186], "length": 23.577636794564764, "seg_id": 4, "type": "Main", "parent": 2, "children": [5, 6]}, {"pos": [[-1.2201987877295888, 0.4199341970415716, 66.69879834562354], [0.41094276816708997, 0.017278147724251826, 68.15172353022282], [1.964463149709805, -0.3059141775689542, 69.60464871482212], [3.440362356898557, -0.5496427788380467, 71.05757389942139], [4.838640389733345, -0.7139076560830252, 72.51049908402067], [6.159297248214169, -0.7987088093038903, 73.96342426861995], [7.4023329323410305, -0.8040462385006416, 75.41634945321924], [8.567747442113927, -0.7299199436732792, 76.8692746378185], [9.655540777532861, -0.5763299248218032, 78.3221998224178], [10.665712938597832, -0.3432761819462137, 79.77512500701708], [11.598263925308837, -0.0307587150465104, 81.22805019161636]], "radius": [1.0539337280700063, 1.0539337280700063, 1.0539337280700063, 1.0539337280700063, 1.0539337280700063, 1.0539337280700063, 1.0539337280700063, 1.0539337280700063, 1.0539337280700063, 1.0539337280700063, 1.0539337280700063], "ref_radius": [1.0539337280700063, 1.0539337280700063, 1.0539337280700063, 1.0539337280700063, 1.0539337280700063, 1.0539337280700063, 1.0539337280700063, 1.0539337280700063, 1.0539337280700063, 1.0539337280700063, 1.0539337280700063], "length": 19.380796413740295, "seg_id": 5, "type": "Side", "parent": 4,