{"case_id": "RCA_70_bc1", "artery_type": "RCA", "segments": [{"pos": [[0.0, 0.0, 0.0], [-0.19891378287606276, 0.13740879066550515, 1.8082343677416364], [-0.36467526860611504, 0.25191611622009275, 3.6164687354832727], [-0.49728445719015685, 0.34352197666376283, 5.424703103224909], [-0.5967413486281883, 0.41222637199651546, 7.2329374709665455], [-0.6630459429202092, 0.45802930221835053, 9.041171838708182], [-0.6961982400662197, 0.480930767329268, 10.849406206449817], [-0.6961982400662197, 0.480930767329268, 12.657640574191456], [-0.6630459429202091, 0.4580293022183505, 14.465874941933091], [-0.5967413486281883, 0.41222637199651546, 16.274109309674728], [-0.49728445719015685, 0.34352197666376283, 18.08234367741636], [-0.3646752686061148, 0.25191611622009263, 19.890578045158005], [-0.19891378287606265, 0.13740879066550507, 21.69881241289964], [0.0, 0.0, 23.50704678064127]], "radius": [2.179348031286212, 2.179348031286212, 2.1096843367036486, 1.7083754106687896, 1.1031069583853423, 0.5385125226021756, 0.24278628149075265, 0.3354529810938658, 0.7790591857777376, 1.3943109689750943, 1.932539788920202, 2.1762077538957927, 2.179348031286212, 2.179348031286212], "ref_radius": [2.179348031286212, 2.179348031286212, 2.179348031286212, 2.179348031286212, 2.179348031286212, 2.179348031286212, 2.179348031286212, 2.179348031286212, 2.179348031286212, 2.179348031286212, 2.179348031286212, 2.179348031286212, 2.179348031286212, 2.179348031286212], "length": 23.50704678064127, "seg_id": 0, "type": "Root", "parent": null, "children": [1, 2]}, {"pos": [[0.0, 0.0, 23.50704678064127], [1.0806536274370442, -0.3072388839287657, 25.066519668151557], [2.2780285208142397, -0.48939817055551216, 26.62599255566183], [3.5921246801315854, -0.5464778598802392, 28.18546544317211], [5.022942105389083, -0.47847795190294695, 29.74493833068239], [6.570480796586731, -0.28539844662363556, 31.30441121819267], [8.23474075372453, 0.032760655957695395, 32.86388410570295], [10.015721976802482, 0.4759993558410458, 34.42335699321323]], "radius": [1.2626215577256454, 1.2626215577256454, 1.2626215577256454, 1.2626215577256454, 1.2626215577256454, 1.2626215577256454, 1.2626215577256454, 1.2626215577256454], "ref_radius": [1.2626215577256454, 1.2626215577256454, 1.2626215577256454, 1.2626215577256454, 1.2626215577256454, 1.2626215577256454, 1.2626215577256454, 1.2626215577256454], "length": 14.822519716987, "seg_id": 1, "type": "Side", "parent": 0, "children": []}, {"pos": [[0.0, 0.0, 23.50704678064127], [-0.03051888394674969, -0.0014105978720974736, 25.340840922685178], [-0.07917387752092761, 0.03738489311232183, 27.1746350647291], [-0.14596498072253372, 0.11638647295325794, 29.00842920677301], [-0.23089219355156804, 0.2355941416507108, 30.84222334881692], [-0.33395551600803053, 0.3950078992046804, 32.67601749086083], [-0.45515494809192136, 0.594627745615167, 34.50981163290474], [-0.5944904898032402, 0.83445368088217, 36.34360577494866], [-0.7519621411419875, 1.1144857050056902, 38.17739991699256], [-0.9275699021081629, 1.4347238179857271, 40.01119405903648], [-1.1213137727017664, 1.7951680198222804, 41.84498820108038], [-1.3331937529227982, 2.195818310515351, 43.6787823431243], [-1.5632098427712584, 2.6366746900649383, 45.51257648516821]], "radius": [2.179348031286212, 2.1622572708492402, 2.1451665104122686, 2.128075749975297, 2.1109849895383253, 2.0938942291013536, 2.0083514955168464, 1.6509169116669338, 1.143507879586319, 0.6870031398640744, 0.4586219266005851, 0.5415234015919363, 0.8931662386467676], "ref_radius": [2.179348031286212, 2.1622572708492402, 2.1451665104122686, 2.128075749975297, 2.1109849895383253, 2.0938942291013536, 2.076803468664382, 2.0597127082274107, 2.042621947790439, 2.0255311873534674, 2.0084404269164957, 1.991349666479524, 1.9742589060425524], "length": 22.21798856806312, "seg_id": 2, "type": "Main", "parent": 0, "children": [3, 4]}, {"pos": [[-1.5632098427712584, 2.6366746900649383, 45.51257648516821], [-0.4083242168261615, 3.0370795335994614, 47.080563795761776], [0.731638259760908, 3.4206012673314095, 48.64855110635533], [1.8566775869899494, 3.7872398912607825, 50.21653841694888], [2.966793764860963, 4.136995405387581, 51.784525727542444], [4.061986793373948, 4.469867809711806, 53.35251303813601], [5.142256672528906, 4.785857104233454, 54.92050034872957], [6.207603402325836, 5.084963288952529, 56.48848765932313], [7.258026982764738, 5.367186363869028, 58.05647496991668], [8.29352741384561, 5.6325263289829515, 59.62446228051024], [9.314104695568457, 5.880983184294302, 61.1924495911038], [10.319758827933276, 6.112556929803078, 62.76043690169737], [11.310489810940064, 6.3272475655092775, 64.32842421229093], [12.286297644588826, 6.525055091412902, 65.89641152288448]], "radius": [1.447621834482829, 1.447621834482829, 1.447621834482829, 1.447621834482829, 1.447621834482829, 1.447621834482829, 1.447621834482829, 1.447621834482829, 1.447621834482829, 1.447621834482829, 1.447621834482829, 1.447621834482829, 1.447621834482829, 1.447621834482829], "ref_radius": [1.447621834482829, 1.447621834482829, 1.447621834482829, 1.447621834482829, 1.447621834482829, 1.447621834482829, 1.447621834482829, 1.447621834482829, 1.447621834482829, 1.447621834482829, 1.447621834482829, 1.447621834482829, 1.447621834482829, 1.447621834482829], "length": 24.94852882702424, "seg_id": 3, "type": "Side", "parent": 2, "children": []}, {"pos": [[-1.5632098427712584, 2.6366746900649383, 45.51257648516821], [-1.5976707871502376, 2.902234587688691, 47.46072988935061], [-1.7373249643895945, 3.203100195261381, 49.408883293533], [-1.982172374489329, 3.5392715127830066, 51.3570366977154], [-2.3322130174494404, 3.910748540253569, 53.30519010189779], [-2.78744689326993, 4.317531277673068, 55.25334350608019], [-3.347874001950797, 4.759619725041504, 57.20149691026259], [-4.013494343492041, 5.237013882358876, 59.14965031444498], [-4.7843079178936625, 5.749713749625184, 61.09780371862738]], "radius": [1.3644272110449882, 1.7601392995624974, 1.9198363329931973, 1.9031140787512355, 1.8850960564664536, 1.867078034181672, 1.8490600118968903, 1.8310419896121084, 1.8130239673273267], "ref_radius": [1.9571681456055807, 1.939150123320799, 1.9211321010360172, 1.9031140787512355, 1.8850960564664536, 1.867078034181672, 1.8490600118968903, 1.8310419896121084, 1.8130239673273267], "length": 16.216220056303577, "seg_id": 4, "type": "Main", "parent": 2, "children": [5, 6]}, {"pos": [[-4.7843079178936625, 5.749713749625184, 61.09780371862738], [-3.290772357347506, 5.661546323810378, 62.54312372444312], [-1.8682687812050167, 5.6335054202168715, 63.98844373025886], [-0.5167971894661918, 5.6655910388446635, 65.43376373607458], [0.7636424178689651, 5.757803179693757, 66.87908374189031], [1.9730500408004559, 5.9101418427641494, 68.32440374770604], [3.111425679328282, 6.1226070280558424, 69.76972375352177], [4.17876933345244, 6.395198735568835, 71.2150437593375], [5.175081003172932, 6.7279169653031285, 72.66036376515324], [6.100360688489757, 7.120761717258721, 74.10568377096897], [6.9546083894029165, 7.573732991435613, 75.5510037767847]], "radius": [1.2627577931904512, 1.2627577931904512, 1.2627577931904512, 1.2627577931904512, 1.2627577931904512, 1.2627577931904512, 1.2627577931904512, 1.2627577931904512, 1.2627577931904512, 1.2627577931904512, 1.2627577931904512], "ref_radius": [1.2627577931904512, 1.2627577931904512, 1.2627577931904512, 1.2627577931904512, 1.2627577931904512, 1.2627577931904512, 1.2627577931904512, 1.2627577931904512, 1.2627577931904512, 1.2627577931904512, 1.2627577931904512], "length": 18.70893353949729, "seg_id": 5, "type": "Side", "parent": 4,