{"case_id": "RCA_5419_bc1", "artery_type": "RCA", "segments": [{"pos": [[0.0, 0.0, 0.0], [0.09516888929557886, -0.24302175115936314, 2.0733272000082668], [0.16314666736384947, -0.41660871627319396, 4.1466544000165335], [0.20393333420481186, -0.5207608953414924, 6.2199816000248], [0.21752888981846596, -0.5554782883642586, 8.293308800033067], [0.20393333420481186, -0.5207608953414924, 10.366636000041334], [0.16314666736384947, -0.41660871627319396, 12.4399632000496], [0.09516888929557886, -0.24302175115936314, 14.513290400057867], [0.0, 0.0, 16.586617600066134]], "radius": [2.5673123213453537, 2.5673123213453537, 2.5673123213453537, 2.5360830782646295, 2.43792614873538, 2.280491711135921, 2.0762030431146457, 1.8411807271943275, 1.5939705626852476], "ref_radius": [2.5673123213453537, 2.5673123213453537, 2.5673123213453537, 2.5673123213453537, 2.5673123213453537, 2.5673123213453537, 2.5673123213453537, 2.5673123213453537, 2.5673123213453537], "length": 16.586617600066134, "seg_id": 0, "type": "Root", "parent": null, "children": [1, 2]}, {"pos": [[0.0, 0.0, 16.586617600066134], [1.0639772885714245, 0.08398342948474485, 18.076285851863922], [2.136359572423223, 0.15726695163433307, 19.565954103661714], [3.2171468515553974, 0.21985056644876466, 21.0556223554595], [4.306339125967944, 0.27173427392803956, 22.545290607257286], [5.403936395660866, 0.3129180740721577, 24.034958859055077], [6.5099386606341625, 0.3434019668811193, 25.52462711085286], [7.6243459208878335, 0.3631859523549242, 27.014295362650653], [8.747158176421877, 0.37227003049357243, 28.50396361444844], [9.878375427236296, 0.37065420129706406, 29.99363186624623], [11.017997673331092, 0.358338464765399, 31.483300118044017], [12.166024914706258, 0.3353228208985773, 32.9729683698418], [13.322457151361803, 0.3016072696965989, 34.4626366216396], [14.48729438329772, 0.2571918111594638, 35.952304873437384], [15.660536610514011, 0.20207644528717217, 37.44197312523517], [16.842183833010676, 0.13626117207972382, 38.93164137703296]], "radius": [1.8769696902503652, 1.8769696902503652, 1.8769696902503652, 1.8769696902503652, 1.8769696902503652, 1.8769696902503652, 1.8769696902503652, 1.8769696902503652, 1.8769696902503652, 1.8769696902503652, 1.8769696902503652, 1.8769696902503652, 1.8769696902503652, 1.8769696902503652, 1.8769696902503652, 1.8769696902503652], "ref_radius": [1.8769696902503652, 1.8769696902503652, 1.8769696902503652, 1.8769696902503652, 1.8769696902503652, 1.8769696902503652, 1.8769696902503652, 1.8769696902503652, 1.8769696902503652, 1.8769696902503652, 1.8769696902503652, 1.8769696902503652, 1.8769696902503652, 1.8769696902503652, 1.8769696902503652, 1.8769696902503652], "length": 27.981740670750916, "seg_id": 1, "type": "Side", "parent": 0, "children": []}, {"pos": [[0.0, 0.0, 16.586617600066134], [-0.0793254575354189, 0.02882288151453215, 18.366319161290672], [-0.16047412868979002, 0.04611405274387956, 20.14602072251521], [-0.24344601346311334, 0.05187351368804222, 21.925722283739752], [-0.3282411118553889, 0.046101264347020166, 23.705423844964287], [-0.4148594238666167, 0.028797304720813363, 25.485125406188832], [-0.5033009494967966, -3.836519057817678e-05, 27.264826967413367], [-0.5935656887459289, -0.04040574538715444, 29.04452852863791], [-0.6856536416140132, -0.09230483586891547, 30.824230089862446], [-0.7795648081010498, -0.15573563663586124, 32.60393165108699], [-0.8752991882070387, -0.23069814768799168, 34.38363321231152], [-0.9728567819319798, -0.31719236902530695, 36.163334773536064], [-1.0722375892758729, -0.41521830064780696, 37.943036334760606], [-1.1734416102387184, -0.5247759425554915, 39.72273789598514], [-1.2764688448205161, -0.645865294748361, 41.50243945720968], [-1.3813192930212659, -0.7784863572264152, 43.282141018434224], [-1.487992954840968, -0.9226391299896541, 45.06184257965876]], "radius": [1.3540801017978992, 1.1329845772838214, 0.9572267149853717, 0.839154130324459, 0.7864156973407541, 0.8014209632133225, 0.8812196115635089, 1.017804993789342, 1.19881219599783, 1.4085503282099041, 1.6292831135637162, 1.5006184970078305, 1.3100232363092128, 1.1484902003309612, 1.0269340913831182, 0.9530880677087701, 0.9309623031772558], "ref_radius": [2.5673123213453537, 2.5505305568184817, 2.5337487922916093, 2.5169670277647374, 2.500185263237865, 2.483403498710993, 2.466621734184121, 2.4498399696572486, 2.4330582051303766, 2.4162764406035047, 2.3994946760766322, 2.3827129115497603, 2.365931147022888, 2.349149382496016, 2.332367617969144, 2.3155858534422715, 2.2988040889153996], "length": 28.52899969568264, "seg_id": 2, "type": "Main", "parent": 0, "children": [3, 4]}, {"pos": [[-1.487992954840968, -0.9226391299896541, 45.06184257965876], [-0.44538882961047566, -1.221459807152446, 46.616693314457464], [0.6848385840184968, -1.4385794467856432, 48.17154404925615], [1.9026892860459488, -1.5739980488892458, 49.72639478405483], [3.208163276471881, -1.6277156134632536, 51.28124551885354], [4.601260555296292, -1.5997321405076668, 52.83609625365222], [6.081981122519185, -1.4900476300224854, 54.39094698845092], [7.650324978140557, -1.2986620820077093, 55.94579772324961]], "radius": [1.149374970622561, 1.149374970622561, 1.149374970622561, 1.149374970622561, 1.149374970622561, 1.149374970622561, 1.149374970622561, 1.149374970622561], "ref_radius": [1.149374970622561, 1.149374970622561, 1.149374970622561, 1.149374970622561, 1.149374970622561, 1.149374970622561, 1.149374970622561, 1.149374970622561], "length": 14.216565248765043, "seg_id": 3, "type": "Side", "parent": 2, "children": []}, {"pos": [[-1.487992954840968, -0.9226391299896541, 45.06184257965876], [-1.4632743644975534, -0.7408127517032236, 46.832945447327724], [-1.4535532348369151, -0.5675903351760752, 48.604048314996696], [-1.4588295658590529, -0.4029718804082084, 50.37515118266566], [-1.4791033575639674, -0.24695738739962397, 52.14625405033465], [-1.5143746099516573, -0.09954685615032123, 53.917356918003605], [-1.564643323022124, 0.03925971333969973, 55.68845978567258], [-1.6299094967753665, 0.16946232107043854, 57.459562653341536], [-1.710173131211386, 0.2910609670418953, 59.230665521010515], [-1.805434226330181, 0.4040556512540704, 61.001768388679494], [-1.9156927821317524, 0.5084463737069633, 62.77287125634845], [-2.0409487986161, 0.6042331344005746, 64.54397412401742], [-2.181202275783224, 0.6914159333349037, 66.3150769916864], [-2.336453213633124, 0.7699947705099508, 68.08617985935535], [-2.506701612165801, 0.8399696459257161, 69.85728272702434], [-2.691947471381253, 0.9013405595821993, 71.6283855946933], [-2.8921907912794826, 0.9541075114794008, 73.39948846236227], [-3.107431571860488, 0.9982705016173203, 75.17059133003124], [-3.3376698131242684, 1.0338295299959577, 76.9416941977002], [-3.582905515070826, 1.060784596615313, 78.71279706536917], [-3.8431386777001597, 1.0791357014753868, 80.48389993303815]], "radius": [0.9605928608818852, 1.0380271620202712, 1.1558645021912624, 1.3036939825088711, 1.4689883619935231, 1.5016241323150665, 1.2648507303285037, 1.0569306267871919, 0.899122516081446, 0.8068096475642812, 0.7878864176593581, 0.8420006009421801, 0.9607221328970594, 1.1286052652730438, 1.3250121148265794, 1.5264830439635744, 1.7093818987570744, 1.8525178929343513, 1.9394533021418352, 1.9602457696348004, 1.9433874818913375], "ref_radius": [2.282022324388527, 2.2650905822636678, 2.2481588401388084, 2.2312270980139486, 2.214295355889089, 2.19736361376423, 2.1804318716393705, 2.1635001295145107, 2.1465683873896513, 2.129636645264792, 2.1127049031399325, 2.0957731610150727, 2.0788414188902133, 2.061909676765354, 2.0449779346404946, 2.028046192515635, 2.0111144503907754, 1.994182708265916, 1.9772509661410564, 1.960319224016197, 1.9433874818913375], "length": 35.55665846220491, "seg_id": 4, "type": "Main", "parent": 2,