{"case_id": "RCA_3047_bc8", "artery_type": "RCA", "segments": [{"pos": [[0.0, 0.0, 0.0], [0.06903424676520843, 0.06800135810617029, 1.7969802453542967], [0.12886392729505575, 0.12693586846485122, 3.5939604907085934], [0.1794890415895419, 0.17680353107604274, 5.390940736062889], [0.22090958964866697, 0.21760434593974493, 7.187920981417187], [0.2531255714724309, 0.24933831305595772, 8.984901226771484], [0.2761369870608337, 0.27200543242468117, 10.781881472125779], [0.2899438364138754, 0.28560570404591523, 12.578861717480077], [0.29454611953155596, 0.2901391279196599, 14.375841962834373], [0.2899438364138754, 0.28560570404591523, 16.17282220818867], [0.2761369870608337, 0.27200543242468117, 17.969802453542968], [0.2531255714724309, 0.24933831305595772, 19.766782698897263], [0.22090958964866697, 0.21760434593974493, 21.56376294425156], [0.1794890415895419, 0.17680353107604274, 23.36074318960586], [0.12886392729505575, 0.12693586846485122, 25.157723434960154], [0.06903424676520843, 0.06800135810617029, 26.95470368031445], [0.0, 0.0, 28.751683925668747]], "radius": [2.5790839752173533, 2.5790839752173533, 2.5790839752173533, 2.5481051558206, 2.4440783671529713, 2.2762796267696768, 2.0602863280468755, 1.8161499479690417, 1.5665345924836773, 1.3346130016020805, 1.1419153360711976, 1.0063304509073756, 0.9404452051492087, 0.9503759760026023, 1.03520085235095, 1.1870452192600522, 1.3918127883436302], "ref_radius": [2.5790839752173533, 2.5790839752173533, 2.5790839752173533, 2.5790839752173533, 2.5790839752173533, 2.5790839752173533, 2.5790839752173533, 2.5790839752173533, 2.5790839752173533, 2.5790839752173533, 2.5790839752173533, 2.5790839752173533, 2.5790839752173533, 2.5790839752173533, 2.5790839752173533, 2.5790839752173533, 2.5790839752173533], "length": 28.751683925668747, "seg_id": 0, "type": "Root", "parent": null, "children": [1, 2]}, {"pos": [[0.0, 0.0, 28.751683925668747], [1.612911204810496, -0.16520628091082376, 30.079942966426152], [3.186240011166599, -0.30066737215090494, 31.40820200718356], [4.719986419068308, -0.4063832737202435, 32.73646104794098], [6.214150428515623, -0.48235398561883963, 34.06472008869839], [7.668732039508546, -0.528579507846693, 35.392979129455796], [9.083731252047073, -0.545059840403804, 36.721238170213205], [10.459148066131206, -0.5317949832901724, 38.049497210970614], [11.794982481760949, -0.4887849365057981, 39.377756251728016], [13.091234498936295, -0.4160297000506813, 40.70601529248543], [14.34790411765725, -0.3135292739248219, 42.03427433324284], [15.564991337923809, -0.18128365812822003, 43.36253337400025]], "radius": [1.4220122624491527, 1.4220122624491527, 1.4220122624491527, 1.4220122624491527, 1.4220122624491527, 1.4220122624491527, 1.4220122624491527, 1.4220122624491527, 1.4220122624491527, 1.4220122624491527, 1.4220122624491527, 1.4220122624491527], "ref_radius": [1.4220122624491527, 1.4220122624491527, 1.4220122624491527, 1.4220122624491527, 1.4220122624491527, 1.4220122624491527, 1.4220122624491527, 1.4220122624491527, 1.4220122624491527, 1.4220122624491527, 1.4220122624491527, 1.4220122624491527], "length": 21.3489751678191, "seg_id": 1, "type": "Side", "parent": 0, "children": []}, {"pos": [[0.0, 0.0, 28.751683925668747], [0.006095224851822369, -0.4956310491103777, 30.62680617884269], [0.06882148454722545, -0.9227367426309379, 32.50192843201663], [0.18817877908620925, -1.2813170805616805, 34.377050685190575], [0.36416710846877376, -1.5713720629026056, 36.25217293836451], [0.5967864726949188, -1.7929016896537129, 38.12729519153845], [0.8860368717646449, -1.945905960815003, 40.00241744471239], [1.2319183056779517, -2.0303848763864756, 41.877539697886334], [1.6344307744348388, -2.0463384363681305, 43.752661951060276], [2.0935742780353066, -1.993766640759968, 45.62778420423422], [2.609348816479355, -1.8726694895619878, 47.50290645740816]], "radius": [1.4368819943273488, 1.1185826845545537, 0.8593016237014344, 0.686817865953171, 0.6185487325663075, 0.6596838228652979, 0.802753410292719, 1.0286616660879893, 1.3090456562073465, 1.609669901444004, 1.6351650761452723], "ref_radius": [2.5790839752173533, 2.5617891582729952, 2.5444943413286376, 2.5271995243842795, 2.5099047074399214, 2.4926098904955634, 2.4753150735512057, 2.4580202566068476, 2.4407254396624896, 2.4234306227181315, 2.406135805773774], "length": 19.024298638793763, "seg_id": 2, "type": "Main", "parent": 0, "children": [3, 4]}, {"pos": [[2.609348816479355, -1.8726694895619878, 47.50290645740816], [3.646006641359691, -2.1569575274025823, 48.90748694708257], [4.735578454554631, -2.403939350426057, 50.31206743675698], [5.878064256064173, -2.6136149586324096, 51.71664792643139], [7.0734640458883185, -2.7859843520216416, 53.121228416105815], [8.321777824027068, -2.9210475305937518, 54.52580890578022], [9.623005590480421, -3.0188044943487413, 55.93038939545464], [10.977147345248376, -3.079255243286609, 57.33496988512904], [12.384203088330935, -3.1023997774073564, 58.73955037480346], [13.844172819728097, -3.088238096710982, 60.144130864477866], [15.357056539439862, -3.036770201197487, 61.54871135415229], [16.92285424746623, -2.9479960908668703, 62.95329184382669], [18.541565943807203, -2.8219157657191327, 64.3578723335011]], "radius": [1.5178402039839844, 1.5178402039839844, 1.5178402039839844, 1.5178402039839844, 1.5178402039839844, 1.5178402039839844, 1.5178402039839844, 1.5178402039839844, 1.5178402039839844, 1.5178402039839844, 1.5178402039839844, 1.5178402039839844, 1.5178402039839844], "ref_radius": [1.5178402039839844, 1.5178402039839844, 1.5178402039839844, 1.5178402039839844, 1.5178402039839844, 1.5178402039839844, 1.5178402039839844, 1.5178402039839844, 1.5178402039839844, 1.5178402039839844, 1.5178402039839844, 1.5178402039839844, 1.5178402039839844], "length": 23.212636338196805, "seg_id": 3, "type": "Side", "parent": 2, "children": []}, {"pos": [[2.609348816479355, -1.8726694895619878, 47.50290645740816], [2.824717126915688, -1.8463072800076494, 49.38225284014679], [3.0371208674908194, -1.8423722563682698, 51.26159922288542], [3.2465600382047484, -1.8608644186438477, 53.14094560562406], [3.4530346390574755, -1.9017837668343838, 55.0202919883627], [3.6565446700489996, -1.9651303009398777, 56.89963837110132], [3.857090131179323, -2.0509040209603295, 58.778984753839964], [4.054671022448443, -2.15910492689574, 60.65833113657859], [4.249287343856363, -2.289733018746108, 62.53767751931723], [4.440939095403079, -2.4427882965114343, 64.41702390205586], [4.629626277088594, -2.618270760191718, 66.29637028479449], [4.815348888912906, -2.81618040978696, 68.17571666753312], [4.998106930876016, -3.0365172452971607, 70.05506305027176]], "radius": [1.393908078128411, 1.185274553926719, 1.0298796623214808, 0.9422317270102296, 0.9293849558621203, 0.9902942777936474, 1.1160470854009827, 1.2909341701339327, 1.4942326278910878, 1.7024989772716586, 1.8921189683527624, 2.04183680084134, 2.1349928596839587], "ref_radius": [2.3888409888294158, 2.3713731744046203, 2.3539053599798248, 2.3364375455550292, 2.3189697311302337, 2.3015019167054382, 2.2840341022806427, 2.2665662878558477, 2.2490984734310517, 2.2316306590062567, 2.214162844581461, 2.1966950301566657, 2.17922721573187], "length": 22.708158752234112, "seg_id": 4, "type": "Main", "parent": 2,