{"case_id": "RCA_2700_bc3", "artery_type": "RCA", "segments": [{"pos": [[0.0, 0.0, 0.0], [0.05742709388664806, 0.06640907396196398, 1.8783599381901601], [0.10665031721806069, 0.12333113735793311, 3.7567198763803207], [0.1476696699942379, 0.1707661901879074, 5.6350798145704815], [0.18048515221517963, 0.2087142324518868, 7.513439752760641], [0.20509676388088594, 0.23717526414987136, 9.391799690950801], [0.2215045049913568, 0.25614928528186104, 11.270159629140963], [0.22970837554659224, 0.2656362958478559, 13.148519567331121], [0.22970837554659224, 0.2656362958478559, 15.026879505521283], [0.2215045049913568, 0.25614928528186104, 16.90523944371144], [0.20509676388088594, 0.23717526414987136, 18.783599381901602], [0.18048515221517963, 0.20871423245188683, 20.66195932009176], [0.14766966999423783, 0.17076619018790734, 22.540319258281926], [0.10665031721806066, 0.12333113735793308, 24.418679196472084], [0.057427093886648045, 0.06640907396196397, 26.297039134662246], [0.0, 0.0, 28.175399072852404]], "radius": [1.7080967817056134, 1.7080967817056134, 1.7080967817056134, 1.7080967817056134, 1.7080967817056134, 1.7080967817056134, 1.7080967817056134, 1.7080967817056134, 1.7080967817056134, 1.6913257056837232, 1.5234330719926743, 1.2205406076216891, 0.8703613735641306, 0.5743019616917553, 0.418096684692562, 0.4469802202181343], "ref_radius": [1.7080967817056134, 1.7080967817056134, 1.7080967817056134, 1.7080967817056134, 1.7080967817056134, 1.7080967817056134, 1.7080967817056134, 1.7080967817056134, 1.7080967817056134, 1.7080967817056134, 1.7080967817056134, 1.7080967817056134, 1.7080967817056134, 1.7080967817056134, 1.7080967817056134, 1.7080967817056134], "length": 28.175399072852404, "seg_id": 0, "type": "Root", "parent": null, "children": [1, 2]}, {"pos": [[0.0, 0.0, 28.175399072852404], [0.9213175400870468, -0.039645327330232155, 29.59939982538868], [1.8959032226466186, -0.08915412019082282, 31.02340057792496], [2.923757047678715, -0.14852637858177198, 32.44740133046123], [4.004879015183336, -0.21776210250307965, 33.87140208299752], [5.139269125160481, -0.29686129195474575, 35.29540283553379], [6.326927377610152, -0.38582394693677047, 36.719403588070065], [7.567853772532345, -0.4846500674491535, 38.14340434060634], [8.862048309927065, -0.5933396534918952, 39.56740509314262], [10.20951098979431, -0.7118927050649955, 40.99140584567889], [11.610241812134078, -0.840309222168454, 42.41540659821517], [13.06424077694637, -0.9785892048022712, 43.83940735075144], [14.57150788423119, -1.126732652966447, 45.26340810328772]], "radius": [1.2842899482262504, 1.2842899482262504, 1.2842899482262504, 1.2842899482262504, 1.2842899482262504, 1.2842899482262504, 1.2842899482262504, 1.2842899482262504, 1.2842899482262504, 1.2842899482262504, 1.2842899482262504, 1.2842899482262504, 1.2842899482262504], "ref_radius": [1.2842899482262504, 1.2842899482262504, 1.2842899482262504, 1.2842899482262504, 1.2842899482262504, 1.2842899482262504, 1.2842899482262504, 1.2842899482262504, 1.2842899482262504, 1.2842899482262504, 1.2842899482262504, 1.2842899482262504, 1.2842899482262504], "length": 22.48551580719712, "seg_id": 1, "type": "Side", "parent": 0, "children": []}, {"pos": [[0.0, 0.0, 28.175399072852404], [-0.335639234907328, 0.0077110452099692205, 30.039160071191393], [-0.6567831939954091, -0.01356547585323361, 31.902921069530393], [-0.9634318772642432, -0.06382956318960847, 33.766682067869375], [-1.2555852847138305, -0.14308121679915536, 35.63044306620837], [-1.5332434163441706, -0.2513204366818743, 37.49420406454736], [-1.796406272155264, -0.3885472228377653, 39.35796506288635], [-2.045073852147111, -0.5547615752668285, 41.22172606122535], [-2.2792461563197106, -0.7499634939690635, 43.08548705956434], [-2.498923184673063, -0.9741529789444704, 44.94924805790333], [-2.704104937207169, -1.2273300301930496, 46.81300905624232], [-2.894791413922028, -1.509494647714801, 48.67677005458132], [-3.0709826148176402, -1.8206468315097242, 50.540531052920315], [-3.232678539894005, -2.1607865815778196, 52.404292051259304], [-3.3798791891511235, -2.529913897919087, 54.268053049598294]], "radius": [0.6525883347160804, 0.9653176713652883, 1.2946057901591743, 1.5424833535746882, 1.6363976553332795, 1.6199901140796087, 1.6023687805544078, 1.584747447029207, 1.5671261135040058, 1.5495047799788049, 1.531883446453604, 1.514262112928403, 1.4966407794032022, 1.479019445878001, 1.4613981123528001], "ref_radius": [1.7080967817056134, 1.6904754481804125, 1.6728541146552116, 1.6552327811300105, 1.6376114476048096, 1.6199901140796087, 1.6023687805544078, 1.584747447029207, 1.5671261135040058, 1.5495047799788049, 1.531883446453604, 1.514262112928403, 1.4966407794032022, 1.479019445878001, 1.4613981123528001], "length": 26.432000287801415, "seg_id": 2, "type": "Main", "parent": 0, "children": [3, 4]}, {"pos": [[-3.3798791891511235, -2.529913897919087, 54.268053049598294], [-2.40931303566521, -2.957601012660451, 55.80478784783715], [-1.4346377043282559, -3.3455364334621653, 57.34152264607601], [-0.45585319514025935, -3.6937201603242293, 58.878257444314855], [0.5270404918987777, -4.002152193246645, 60.4149922425537], [1.5140433567888554, -4.27083253222941, 61.951727040792555], [2.505155399529975, -4.499761177272526, 63.4884618390314], [3.500376620122136, -4.688938128375993, 65.02519663727026], [4.499707018565338, -4.838363385539809, 66.56193143550911], [5.5031465948595795, -4.948036948763978, 68.09866623374796], [6.510695349004863, -5.017958818048495, 69.63540103198682], [7.522353281001189, -5.048128993393363, 71.17213583022567], [8.538120390848556, -5.038547474798582, 72.70887062846452], [9.557996678546964, -4.989214262264152, 74.24560542670336], [10.581982144096413, -4.900129355790071, 75.78234022494222]], "radius": [1.1478991139279275, 1.1478991139279275, 1.1478991139279275, 1.1478991139279275, 1.1478991139279275, 1.1478991139279275, 1.1478991139279275, 1.1478991139279275, 1.1478991139279275, 1.1478991139279275, 1.1478991139279275, 1.1478991139279275, 1.1478991139279275, 1.1478991139279275, 1.1478991139279275], "ref_radius": [1.1478991139279275, 1.1478991139279275, 1.1478991139279275, 1.1478991139279275, 1.1478991139279275, 1.1478991139279275, 1.1478991139279275, 1.1478991139279275, 1.1478991139279275, 1.1478991139279275, 1.1478991139279275, 1.1478991139279275, 1.1478991139279275, 1.1478991139279275, 1.1478991139279275], "length": 25.756864053466046, "seg_id": 3, "type": "Side", "parent": 2, "children": []}, {"pos": [[-3.3798791891511235, -2.529913897919087, 54.268053049598294], [-3.928718290545099, -2.5978672703765118, 55.945201352267134], [-4.4826568573223735, -2.6702804598461256, 57.62234965493599], [-5.041694889482947, -2.747153466327928, 59.29949795760484], [-5.605832387026818, -2.8284862898219183, 60.976646260273675], [-6.175069349953987, -2.9142789303280967, 62.65379456294252], [-6.749405778264456, -3.004531387846465, 64.33094286561139], [-7.328841671958223, -3.099243662377021, 66.00809116828023], [-7.913377031035287, -3.1984157539197655, 67.68523947094907], [-8.50301185549565, -3.3020476624746986, 69.36238777361791], [-9.097746145339315, -3.4101393880418205, 71.03953607628677], [-9.697579900566273, -3.5226909306211303, 72.71668437895562], [-10.302513121176535, -3.6397022902126293, 74.39383268162446], [-10.912545807170092, -3.7611734668163166, 76.0709809842933], [-11.527677958546949, -3.8871044604321923, 77.74812928696215], [-12.147909575307102, -4.017495271060256, 79.42527758963101], [-12.773240657450554, -4.15234589870051, 81.10242589229983], [-13.403671204977307, -4.291656343352951, 82.77957419496869], [-14.039201217887356, -4.435426605017581, 84.45672249763754], [-14.679830696180707, -4.583656683694398, 86.13387080030638], [-15.325559639857353, -4.736346579383406, 87.81101910297522], [-15.9763880489173, -4.893496292084602, 89.48816740564408]],