{"case_id": "RCA_65_bc2", "artery_type": "RCA", "segments": [{"pos": [[0.0, 0.0, 0.0], [0.12793269760652692, 0.11275650271027547, 1.7882565385743345], [0.23880770219885022, 0.21047880505918087, 3.576513077148669], [0.33262501377696996, 0.2931669070467162, 5.364769615723004], [0.4093846323408861, 0.3608208086728815, 7.153026154297338], [0.46908655789059867, 0.4134405099376767, 8.941282692871672], [0.5117307904261077, 0.4510260108411019, 10.729539231446008], [0.537317329947413, 0.473577311383157, 12.517795770020342], [0.5458461764545148, 0.48109441156384203, 14.306052308594676], [0.537317329947413, 0.473577311383157, 16.09430884716901], [0.5117307904261077, 0.4510260108411019, 17.882565385743344], [0.46908655789059867, 0.4134405099376767, 19.67082192431768], [0.4093846323408861, 0.3608208086728815, 21.459078462892016], [0.33262501377696996, 0.2931669070467162, 23.24733500146635], [0.23880770219885022, 0.21047880505918087, 25.035591540040684], [0.12793269760652692, 0.11275650271027547, 26.82384807861502], [0.0, 0.0, 28.612104617189352]], "radius": [2.420642886547415, 2.420642886547415, 2.420642886547415, 2.420642886547415, 2.420642886547415, 2.420642886547415, 2.420642886547415, 2.420642886547415, 2.3991085421828573, 2.1567371344042017, 1.709126427010849, 1.1834971015942481, 0.729244424932926, 0.4754768704951189, 0.49432068706826393, 0.7804200528442078, 1.2524593162630089], "ref_radius": [2.420642886547415, 2.420642886547415, 2.420642886547415, 2.420642886547415, 2.420642886547415, 2.420642886547415, 2.420642886547415, 2.420642886547415, 2.420642886547415, 2.420642886547415, 2.420642886547415, 2.420642886547415, 2.420642886547415, 2.420642886547415, 2.420642886547415, 2.420642886547415, 2.420642886547415], "length": 28.612104617189352, "seg_id": 0, "type": "Root", "parent": null, "children": [1, 2]}, {"pos": [[0.0, 0.0, 28.612104617189352], [1.2261305490661, 0.19324178123085037, 29.95447123226826], [2.473781795723798, 0.3623799713825911, 31.296837847347184], [3.7429537399730926, 0.5074145704552222, 32.63920446242609], [5.033646381813985, 0.6283455784487436, 33.98157107750501], [6.345859721246473, 0.7251729953631554, 35.323937692583925], [7.67959375827056, 0.7978968211984576, 36.66630430766284], [9.034848492886242, 0.8465170559546501, 38.00867092274176], [10.411623925093524, 0.8710336996317329, 39.351037537820666], [11.809920054892402, 0.8714467522297062, 40.69340415289958], [13.229736882282875, 0.8477562137485699, 42.03577076797849], [14.671074407264948, 0.7999620841883237, 43.37813738305741], [16.13393262983862, 0.7280643635489681, 44.72050399813632]], "radius": [1.6592273140467717, 1.6592273140467717, 1.6592273140467717, 1.6592273140467717, 1.6592273140467717, 1.6592273140467717, 1.6592273140467717, 1.6592273140467717, 1.6592273140467717, 1.6592273140467717, 1.6592273140467717, 1.6592273140467717, 1.6592273140467717], "ref_radius": [1.6592273140467717, 1.6592273140467717, 1.6592273140467717, 1.6592273140467717, 1.6592273140467717, 1.6592273140467717, 1.6592273140467717, 1.6592273140467717, 1.6592273140467717, 1.6592273140467717, 1.6592273140467717, 1.6592273140467717, 1.6592273140467717], "length": 22.810400926720558, "seg_id": 1, "type": "Side", "parent": 0, "children": []}, {"pos": [[0.0, 0.0, 28.612104617189352], [-0.05889512930017797, -0.04854139052074221, 30.401316695283928], [-0.0956342908793582, -0.08950518993507581, 32.1905287733785], [-0.1102174847375407, -0.12289139824300081, 33.97974085147308], [-0.10264471087472543, -0.14870001544451716, 35.768952929567654], [-0.07291596929091243, -0.16693104153962493, 37.55816500766223], [-0.021031259986101725, -0.17758447652832404, 39.34737708575681], [0.053009417039706686, -0.18066032041061458, 41.13658916385138], [0.14920606178651302, -0.17615857318649647, 42.925801241945955], [0.267558674254317, -0.16407923485596976, 44.71501332004053], [0.4080672544431188, -0.1444223054190344, 46.504225398135105], [0.570731802352918, -0.11718778487569051, 48.293437476229684], [0.7555523179837154, -0.08237567322593795, 50.08264955432426], [0.9625288013355102, -0.039985970469776755, 51.87186163241884], [1.1916612524083026, 0.009981323392792951, 53.661073710513406], [1.442949671202093, 0.06752620836177134, 55.450285788607985], [1.7163940577168815, 0.13264868443715844, 57.239497866702564], [2.0119944119526676, 0.20534875161895408, 59.02870994479714], [2.329750733909451, 0.2856264099071584, 60.817922022891715]], "radius": [1.7762746697165257, 2.187519199631526, 2.377454037102397, 2.3696567226503196, 2.3526613346846212, 2.335665946718923, 2.3186705587532246, 2.3016751707875263, 2.2846797828218275, 2.267684394856129, 2.250689006890431, 2.2336936189247325, 2.216698230959034, 2.1997028429933354, 2.182707455027637, 2.1657120670619388, 2.1487166790962404, 2.131721291130542, 2.1147259031648438], "ref_radius": [2.420642886547415, 2.4036474985817167, 2.3866521106160183, 2.3696567226503196, 2.3526613346846212, 2.335665946718923, 2.3186705587532246, 2.3016751707875263, 2.2846797828218275, 2.267684394856129, 2.250689006890431, 2.2336936189247325, 2.216698230959034, 2.1997028429933354, 2.182707455027637, 2.1657120670619388, 2.1487166790962404, 2.131721291130542, 2.1147259031648438], "length": 32.291237134826986, "seg_id": 2, "type": "Main", "parent": 0, "children": [3, 4]}, {"pos": [[2.329750733909451, 0.2856264099071584, 60.817922022891715], [3.5663870098306045, 0.4848097498080406, 62.112384876361126], [4.810109417477241, 0.6651060710993635, 63.40684772983052], [6.0609179568493605, 0.8265153737811269, 64.7013105832999], [7.318812627946965, 0.9690376578533312, 65.9957734367693], [8.583793430770053, 1.0926729233159762, 67.29023629023871], [9.855860365318623, 1.1974211701690614, 68.58469914370811], [11.135013431592679, 1.2832823984125876, 69.8791619971775], [12.421252629592216, 1.3502566080465546, 71.1736248506469], [13.714577959317236, 1.398343799070962, 72.4680877041163], [15.014989420767742, 1.42754397148581, 73.7625505575857], [16.322487013943732, 1.4378571252910988, 75.0570134110551], [17.637070738845203, 1.4292832604868284, 76.35147626452449], [18.958740595472158, 1.4018223770729983, 77.64593911799389]], "radius": [1.1780290130183317, 1.1780290130183317, 1.1780290130183317, 1.1780290130183317, 1.1780290130183317, 1.1780290130183317, 1.1780290130183317, 1.1780290130183317, 1.1780290130183317, 1.1780290130183317, 1.1780290130183317, 1.1780290130183317, 1.1780290130183317, 1.1780290130183317], "ref_radius": [1.1780290130183317, 1.1780290130183317, 1.1780290130183317, 1.1780290130183317, 1.1780290130183317, 1.1780290130183317, 1.1780290130183317, 1.1780290130183317, 1.1780290130183317, 1.1780290130183317, 1.1780290130183317, 1.1780290130183317, 1.1780290130183317, 1.1780290130183317], "length": 23.68441167954407, "seg_id": 3, "type": "Side", "parent": 2, "children": []}, {"pos": [[2.329750733909451, 0.2856264099071584, 60.817922022891715], [2.516175137324686, 0.7229615489061073, 62.64262891038502], [2.7018016079564613, 1.1152981328104667, 64.4673357978783], [2.886630145804777, 1.4626361616202368, 66.29204268537161], [3.0706607508696346, 1.7649756353354173, 68.1167495728649], [3.253893423151033, 2.0223165539560086, 69.94145646035821], [3.4363281626489726, 2.23465891748201, 71.76616334785152], [3.6179649693634532, 2.4020027259134222, 73.59087023534481], [3.7988038432944746, 2.524347979250245, 75.4155771228381], [3.9788447844420363, 2.6016946774924783, 77.24028401033141], [4.158087792806141, 2.634042820640122, 79.06499089782471], [4.336532868386786, 2.6213924086931764, 80.88969778531802], [4.514180011183971, 2.563743441651641, 82.71440467281131], [4.691029221197697, 2.4610959195155164, 84.5391115603046]], "radius": [2.097730515199145, 2.0806323123942008, 2.063534109589257, 2.0464359067843128, 2.029337703979369, 2.0122395011744247, 1.9951412983694807, 1.9780430955645367, 1.9609448927595927, 1.9438466899546487, 1.9267484871497045, 1.9096502843447605, 1.8925520815398165, 1.8754538787348725],