{"case_id": "RCA_6630_bc0", "artery_type": "RCA", "segments": [{"pos": [[0.0, 0.0, 0.0], [-0.05595023461546899, -0.02970145025350242, 1.7700937845710183], [-0.10490668990400434, -0.055690219225317035, 3.5401875691420366], [-0.14686936586560606, -0.07796630691544383, 5.310281353713055], [-0.18183826250027418, -0.09652971332388285, 7.080375138284072], [-0.20981337980800868, -0.11138043845063407, 8.850468922855091], [-0.23079471778880956, -0.12251848229569748, 10.62056270742611], [-0.2447822764426768, -0.12994384485907307, 12.390656491997127], [-0.25177605576961043, -0.13365652614076087, 14.160750276568148], [-0.25177605576961043, -0.13365652614076087, 15.930844061139165], [-0.2447822764426768, -0.12994384485907307, 17.700937845710186], [-0.23079471778880956, -0.12251848229569748, 19.471031630281203], [-0.2098133798080087, -0.11138043845063408, 21.24112541485222], [-0.18183826250027424, -0.09652971332388288, 23.011219199423238], [-0.14686936586560612, -0.07796630691544387, 24.78131298399426], [-0.10490668990400437, -0.05569021922531705, 26.551406768565275], [-0.055950234615469, -0.029701450253502425, 28.321500553136293], [0.0, 0.0, 30.091594337707313]], "radius": [2.12626763054284, 2.12626763054284, 2.12626763054284, 2.12626763054284, 2.12626763054284, 2.12626763054284, 2.12626763054284, 2.12626763054284, 2.12626763054284, 2.12626763054284, 2.12626763054284, 2.12626763054284, 2.12626763054284, 2.12626763054284, 2.12626763054284, 2.12626763054284, 2.12626763054284, 2.0653421152209526], "ref_radius": [2.12626763054284, 2.12626763054284, 2.12626763054284, 2.12626763054284, 2.12626763054284, 2.12626763054284, 2.12626763054284, 2.12626763054284, 2.12626763054284, 2.12626763054284, 2.12626763054284, 2.12626763054284, 2.12626763054284, 2.12626763054284, 2.12626763054284, 2.12626763054284, 2.12626763054284, 2.12626763054284], "length": 30.091594337707313, "seg_id": 0, "type": "Root", "parent": null, "children": [1, 2]}, {"pos": [[0.0, 0.0, 30.091594337707313], [1.1379120128174842, 0.3611822135977992, 31.53021783702046], [2.3299370352545123, 0.6555133319858951, 32.96884133633361], [3.576075067311084, 0.8829933551642876, 34.40746483564675], [4.876326108987199, 1.0436222831329767, 35.846088334959894], [6.230690160282858, 1.1374001158919627, 37.28471183427304], [7.639167221198063, 1.1643268534412454, 38.72333533358618], [9.10175729173281, 1.1244024957808247, 40.16195883289933], [10.6184603718871, 1.0176270429107008, 41.600582332212475], [12.189276461660931, 0.8440004948308737, 43.039205831525614], [13.81420556105431, 0.6035228515413433, 44.47782933083876]], "radius": [1.4176205298497306, 1.4176205298497306, 1.4176205298497306, 1.4176205298497306, 1.4176205298497306, 1.4176205298497306, 1.4176205298497306, 1.4176205298497306, 1.4176205298497306, 1.4176205298497306, 1.4176205298497306], "ref_radius": [1.4176205298497306, 1.4176205298497306, 1.4176205298497306, 1.4176205298497306, 1.4176205298497306, 1.4176205298497306, 1.4176205298497306, 1.4176205298497306, 1.4176205298497306, 1.4176205298497306, 1.4176205298497306], "length": 19.953953803519646, "seg_id": 1, "type": "Side", "parent": 0, "children": []}, {"pos": [[0.0, 0.0, 30.091594337707313], [0.1555414956384046, -0.22805458892469718, 32.119849699705235], [0.21925126635867664, -0.3571570957715603, 34.148105061703156], [0.19112931216081616, -0.3873075205405893, 36.176360423701084], [0.0711756330448231, -0.3185058632317843, 38.204615785699005], [-0.1406097709893025, -0.1507521238451452, 40.232871147696926], [-0.4442268999415606, 0.11595369761932806, 42.261126509694854], [-0.8396757538119514, 0.48161160116163526, 44.28938187169278], [-1.3269563326004745, 0.9462215867817766, 46.317637233690704]], "radius": [1.7010058058702624, 1.1568446780831714, 0.698162873489653, 0.5291363750423548, 0.7172385763669717, 1.1645611213215983, 1.6557208788045117, 1.9589774416116175, 1.981310423347054], "ref_radius": [2.12626763054284, 2.1081479796433666, 2.0900283287438937, 2.0719086778444202, 2.0537890269449472, 2.035669376045474, 2.0175497251460004, 1.9994300742465272, 1.981310423347054], "length": 16.30768580952593, "seg_id": 2, "type": "Main", "parent": 0, "children": [3, 4]}, {"pos": [[-1.3269563326004745, 0.9462215867817766, 46.317637233690704], [-0.15061439828896372, 1.0591755540243928, 47.88331907893854], [1.036572221432926, 1.13008318085057, 49.449000924186386], [2.2346035265651953, 1.158944467260308, 51.01468276943423], [3.443479517107843, 1.1457594132536066, 52.58036461468206], [4.66320019306087, 1.090528018830466, 54.146046459929906], [5.893765554424277, 0.9932502839908863, 55.71172830517774], [7.1351756011980605, 0.8539262087348675, 57.27741015042558], [8.387430333382227, 0.6725557930624094, 58.84309199567342], [9.650529750976771, 0.44913903697351204, 60.40877384092126]], "radius": [1.4032003224941239, 1.4032003224941239, 1.4032003224941239, 1.4032003224941239, 1.4032003224941239, 1.4032003224941239, 1.4032003224941239, 1.4032003224941239, 1.4032003224941239, 1.4032003224941239], "ref_radius": [1.4032003224941239, 1.4032003224941239, 1.4032003224941239, 1.4032003224941239, 1.4032003224941239, 1.4032003224941239, 1.4032003224941239, 1.4032003224941239, 1.4032003224941239, 1.4032003224941239], "length": 17.869315114466172, "seg_id": 3, "type": "Side", "parent": 2, "children": []}, {"pos": [[-1.3269563326004745, 0.9462215867817766, 46.317637233690704], [-1.6462435162392661, 0.9396103143192513, 48.14350480033068], [-1.9366191441645442, 0.9223382211707916, 49.969372366970646], [-2.1980832163763075, 0.8944053073363969, 51.7952399336106], [-2.430635732874557, 0.8558115728160679, 53.62110750025059], [-2.634276693659292, 0.8065570176098042, 55.44697506689055], [-2.809006098730513, 0.7466416417176059, 57.272842633530516], [-2.9548239480882215, 0.6760654451394731, 59.09871020017049], [-3.071730241732414, 0.5948284278754056, 60.92457776681046], [-3.1597249796630935, 0.5029305899254036, 62.750445333450415], [-3.2188081618802586, 0.40037193128946696, 64.57631290009039], [-3.24897978838391, 0.2871524519675957, 66.40218046673036], [-3.250239859174047, 0.16327215195978984, 68.22804803337033], [-3.22258837425067, 0.02873103126604945, 70.0539156000103], [-3.1660253336137787, -0.11647091011362576, 71.87978316665027]], "radius": [1.9631907724475808, 1.9460906126714415, 1.928990452895302, 1.9118902931191626, 1.894790133343023, 1.8776899735668837, 1.8605898137907442, 1.8434896540146049, 1.8263894942384655, 1.809289334462326, 1.7921891746861867, 1.7750890149100471, 1.7579888551339078, 1.7408886953577682, 1.723788535581629], "ref_radius": [1.9631907724475808, 1.9460906126714415, 1.928990452895302, 1.9118902931191626, 1.894790133343023, 1.8776899735668837, 1.8605898137907442, 1.8434896540146049, 1.8263894942384655, 1.809289334462326, 1.7921891746861867, 1.7750890149100471, 1.7579888551339078, 1.7408886953577682, 1.723788535581629], "length": 25.650239664209128, "seg_id": 4, "type": "Main", "parent": 2, "children": [5, 6]}, {"pos": [[-3.1660253336137787, -0.11647091011362576, 71.87978316665027], [-1.972377534801841, -0.08614828382111712, 73.45822196307961], [-0.8169297518150092, -0.07810613817871148, 75.03666075950896], [0.300318015346718, -0.09234447318640876, 76.61509955593829], [1.3793657666833394, -0.128863288844209, 78.19353835236765], [2.420213502194856, -0.18766258515211218, 79.77197714879699], [3.4228612218812673, -0.26874236211011837, 81.35041594522633], [4.387308925742572, -0.37210261971822733, 82.92885474165567], [5.313556613778774, -0.4977433579764395, 84.50729353808502], [6.20160428598987, -0.6456645768847545, 86.08573233451436], [7.051451942375859, -0.8158662764431723, 87.6641711309437], [7.863099582936744, -1.0083484566516934, 89.24260992737305], [8.636547207672525, -1.2231111175103173, 90.82104872380239]],