{"case_id": "RCA_7557_bc3", "artery_type": "RCA", "segments": [{"pos": [[0.0, 0.0, 0.0], [0.16520657441456596, 0.08628612831115007, 1.8583273341952447], [0.3068122096270511, 0.16024566686356442, 3.7166546683904893], [0.4248169056374554, 0.2218786156572431, 5.5749820025857355], [0.5192206624457787, 0.27118497469218594, 7.433309336780979], [0.5900234800520213, 0.30816474396839316, 9.291636670976223], [0.6372253584561829, 0.33281792348586453, 11.14996400517147], [0.6608262976582638, 0.34514451324460027, 13.008291339366714], [0.6608262976582638, 0.34514451324460027, 14.866618673561957], [0.6372253584561829, 0.33281792348586453, 16.724946007757204], [0.5900234800520213, 0.30816474396839316, 18.583273341952445], [0.5192206624457788, 0.271184974692186, 20.44160067614769], [0.4248169056374552, 0.221878615657243, 22.29992801034294], [0.306812209627051, 0.1602456668635644, 24.15825534453818], [0.1652065744145659, 0.08628612831115005, 26.01658267873343], [0.0, 0.0, 27.87491001292867]], "radius": [2.0232770331055696, 2.0232770331055696, 2.0232770331055696, 2.0232770331055696, 2.0232770331055696, 2.0232770331055696, 1.9897950049265287, 1.8850164649504724, 1.7202255614132735, 1.513355824154871, 1.286920052889763, 1.065560339952226, 0.8733663707078705, 0.7312538401891109, 0.6546882823057856, 0.6520020181237982], "ref_radius": [2.0232770331055696, 2.0232770331055696, 2.0232770331055696, 2.0232770331055696, 2.0232770331055696, 2.0232770331055696, 2.0232770331055696, 2.0232770331055696, 2.0232770331055696, 2.0232770331055696, 2.0232770331055696, 2.0232770331055696, 2.0232770331055696, 2.0232770331055696, 2.0232770331055696, 2.0232770331055696], "length": 27.87491001292867, "seg_id": 0, "type": "Root", "parent": null, "children": [1, 2]}, {"pos": [[0.0, 0.0, 27.87491001292867], [0.9767226687195198, -0.08691243883078104, 29.369648452216904], [1.9962920518131464, -0.14772012484465982, 30.864386891505152], [3.05870814928088, -0.18242305804163633, 32.35912533079339], [4.163970961122719, -0.1910212384217106, 33.85386377008163], [5.312080487338665, -0.17351466598488258, 35.34860220936987], [6.503036727928718, -0.12990334073115226, 36.84334064865811], [7.736839682892876, -0.06018726266051977, 38.33807908794635], [9.013489352231144, 0.03563356822701508, 39.832817527234596], [10.332985735943517, 0.15755915193145223, 41.32755596652283], [11.695328834029995, 0.30558948845279144, 42.82229440581107], [13.100518646490581, 0.47972457779103306, 44.31703284509931], [14.548555173325274, 0.6799644199461771, 45.811771284387554]], "radius": [1.3594880154910607, 1.3594880154910607, 1.3594880154910607, 1.3594880154910607, 1.3594880154910607, 1.3594880154910607, 1.3594880154910607, 1.3594880154910607, 1.3594880154910607, 1.3594880154910607, 1.3594880154910607, 1.3594880154910607, 1.3594880154910607], "ref_radius": [1.3594880154910607, 1.3594880154910607, 1.3594880154910607, 1.3594880154910607, 1.3594880154910607, 1.3594880154910607, 1.3594880154910607, 1.3594880154910607, 1.3594880154910607, 1.3594880154910607, 1.3594880154910607, 1.3594880154910607, 1.3594880154910607], "length": 23.105276486448805, "seg_id": 1, "type": "Side", "parent": 0, "children": []}, {"pos": [[0.0, 0.0, 27.87491001292867], [-0.15551004299394564, -0.08175855365383188, 29.71312843543777], [-0.29883830535563005, -0.14978634187093842, 31.55134685794687], [-0.4299847870850533, -0.20408336465131968, 33.38956528045597], [-0.5489494881822152, -0.24464962199497556, 35.22778370296507], [-0.655732408647116, -0.2714851139019062, 37.066002125474164], [-0.7503335484797556, -0.28458984037211144, 38.90422054798326], [-0.832752907680134, -0.28396380140559146, 40.74243897049236], [-0.9029904862482512, -0.269606997002346, 42.58065739300146], [-0.9610462841841071, -0.2415194271623754, 44.41887581551056], [-1.006920301487702, -0.19970109188567936, 46.25709423801966], [-1.0406125381590354, -0.14415199117225805, 48.095312660528755], [-1.0621229941981076, -0.07487212502211135, 49.93353108303786], [-1.0714516696049188, 0.008138506564760561, 51.77174950554696], [-1.0685985643794687, 0.10487990358835786, 53.60996792805605], [-1.0535636785217573, 0.21535206604868046, 55.44818635056515], [-1.0263470120317848, 0.3395549939457284, 57.28640477307425]], "radius": [0.7234873829470494, 0.8539944767321854, 1.0326501135388853, 1.194423771729838, 0.9606838039386777, 0.7721851088293197, 0.6504303382252736, 0.6081269644823568, 0.6477384800208372, 0.7613560151381142, 0.931883340801045, 1.0888129945325091, 0.8895314971419823, 0.7338779791483745, 0.6384120879895938, 0.6121013172994838, 0.6553792857494658], "ref_radius": [2.0232770331055696, 2.0059644708144835, 1.9886519085233978, 1.9713393462323119, 1.954026783941226, 1.93671422165014, 1.9194016593590542, 1.902089097067968, 1.8847765347768821, 1.8674639724857962, 1.8501514101947103, 1.8328388479036244, 1.8155262856125385, 1.7982137233214526, 1.7809011610303667, 1.7635885987392808, 1.7462760364481948], "length": 29.431355894846075, "seg_id": 2, "type": "Main", "parent": 0, "children": [3, 4]}, {"pos": [[-1.0263470120317848, 0.3395549939457284, 57.28640477307425], [0.12740875663748158, 0.2090891589668639, 58.90252451738456], [1.2483031697266282, 0.09973762853136313, 60.51864426169488], [2.336336227235655, 0.011500402639226017, 62.134764006005184], [3.391507929164561, -0.055622518709547215, 63.750883750315495], [4.413818275513347, -0.10163113551495673, 65.3670034946258], [5.403267266282015, -0.12652544777700253, 66.98312323893612], [6.359854901470561, -0.1303054554956845, 68.59924298324643], [7.283581181078988, -0.1129711586710028, 70.21536272755674], [8.174446105107293, -0.0745225573029573, 71.83148247186703], [9.03244967355548, -0.01495965139154809, 73.44760221617734]], "radius": [1.0903549044227527, 1.0903549044227527, 1.0903549044227527, 1.0903549044227527, 1.0903549044227527, 1.0903549044227527, 1.0903549044227527, 1.0903549044227527, 1.0903549044227527, 1.0903549044227527, 1.0903549044227527], "ref_radius": [1.0903549044227527, 1.0903549044227527, 1.0903549044227527, 1.0903549044227527, 1.0903549044227527, 1.0903549044227527, 1.0903549044227527, 1.0903549044227527, 1.0903549044227527, 1.0903549044227527, 1.0903549044227527], "length": 19.0391537151918, "seg_id": 3, "type": "Side", "parent": 2, "children": []}, {"pos": [[-1.0263470120317848, 0.3395549939457284, 57.28640477307425], [-1.2055408777473609, 0.13877008732047655, 59.0435938316454], [-1.388466864810492, -0.055399901655588085, 60.80078289021654], [-1.5751249732211792, -0.24295497298246554, 62.557971948787674], [-1.7655152029794223, -0.4238951266601557, 64.31516100735882], [-1.9596375540852211, -0.5982203626886587, 66.07235006592998], [-2.157492026538575, -0.7659306810679745, 67.82953912450111], [-2.359078620339485, -0.9270260817981031, 69.58672818307225], [-2.5643973354879503, -1.0815065648790443, 71.3439172416434], [-2.7734481719839716, -1.2293721303107985, 73.10110630021455], [-2.986231129827549, -1.3706227780933653, 74.85829535878568], [-3.202746209018681, -1.5052585082267451, 76.61548441735684], [-3.422993409557369, -1.6332793207109373, 78.37267347592797], [-3.6469727314436122, -1.7546852155459423, 80.12986253449911], [-3.8746841746774123, -1.8694761927317605, 81.88705159307025], [-4.106127739258768, -1.9776522522683913, 83.64424065164141], [-4.341303425187678, -2.0792133941558344, 85.40142971021254], [-4.580211232464144, -2.1741596183940906, 87.1586187687837], [-4.822851161088167, -2.26249092498316, 88.91580782735483], [-5.069223211059745, -2.3442073139230417, 90.67299688592598]], "radius": [0.7602568739409719, 0.9116891543705048, 1.0889570553413168, 1.2687833962219706, 1.4280382084329593, 1.5465370571970785, 1.609427240814305, 1.6108825844153825, 1.59401388588085, 1.5771451873463176, 1.5602764888117853, 1.543407790277253, 1.5265390917427206, 1.509670393208188, 1.492801694673656, 1.4759329961391234, 1.459064297604591, 1.4421955990700588, 1.4253269005355262, 1.4084582020009941],