{"case_id": "RCA_6244_bc5", "artery_type": "RCA", "segments": [{"pos": [[0.0, 0.0, 0.0], [0.11674447454545869, 0.21974189673477287, 1.8330990028102014], [0.21681116701299474, 0.40809209393600676, 3.6661980056204033], [0.3002000774026081, 0.5650505916037017, 5.499297008430606], [0.3669112057142988, 0.6906173897378576, 7.332396011240806], [0.41694455194806684, 0.7847924883384746, 9.165495014051007], [0.45030011610391213, 0.8475758874055525, 10.99859401686121], [0.46697789818183477, 0.8789675869390915, 12.83169301967141], [0.46697789818183477, 0.8789675869390915, 14.664792022481612], [0.45030011610391213, 0.8475758874055525, 16.497891025291814], [0.41694455194806684, 0.7847924883384746, 18.330990028102015], [0.36691120571429886, 0.6906173897378577, 20.164089030912216], [0.30020007740260807, 0.5650505916037015, 21.997188033722423], [0.2168111670129947, 0.4080920939360067, 23.83028703653262], [0.11674447454545867, 0.21974189673477282, 25.66338603934282], [0.0, 0.0, 27.496485042153022]], "radius": [2.2317197587602076, 2.2317197587602076, 2.1377960642949603, 1.810997476811667, 1.3546714390130572, 0.918381332036339, 0.645123649947341, 0.6244601084266035, 0.8631632974210419, 1.2829969273547412, 1.7463582054725284, 2.1013779117367357, 2.2317197587602076, 2.2317197587602076, 2.2317197587602076, 2.2317197587602076], "ref_radius": [2.2317197587602076, 2.2317197587602076, 2.2317197587602076, 2.2317197587602076, 2.2317197587602076, 2.2317197587602076, 2.2317197587602076, 2.2317197587602076, 2.2317197587602076, 2.2317197587602076, 2.2317197587602076, 2.2317197587602076, 2.2317197587602076, 2.2317197587602076, 2.2317197587602076, 2.2317197587602076], "length": 27.496485042153022, "seg_id": 0, "type": "Root", "parent": null, "children": [1, 2]}, {"pos": [[0.0, 0.0, 27.496485042153022], [0.9755609416201667, 0.31857827161079355, 28.983428317904323], [2.022412271473593, 0.5786888023454743, 30.470371593655624], [3.1405539895602796, 0.780331592204042, 31.957314869406915], [4.329986095880225, 0.923506641186497, 33.44425814515821], [5.590708590433431, 1.008213949292839, 34.93120142090951], [6.922721473219898, 1.0344535165230684, 36.418144696660804], [8.326024744239623, 1.0022253428771848, 37.905087972412105], [9.80061840349261, 0.9115294283551885, 39.392031248163406], [11.346502450978853, 0.7623657729570793, 40.8789745239147], [12.963676886698359, 0.5547343766828573, 42.36591779966599]], "radius": [1.3504075961861113, 1.3504075961861113, 1.3504075961861113, 1.3504075961861113, 1.3504075961861113, 1.3504075961861113, 1.3504075961861113, 1.3504075961861113, 1.3504075961861113, 1.3504075961861113, 1.3504075961861113], "ref_radius": [1.3504075961861113, 1.3504075961861113, 1.3504075961861113, 1.3504075961861113, 1.3504075961861113, 1.3504075961861113, 1.3504075961861113, 1.3504075961861113, 1.3504075961861113, 1.3504075961861113, 1.3504075961861113], "length": 19.73485949231944, "seg_id": 1, "type": "Side", "parent": 0, "children": []}, {"pos": [[0.0, 0.0, 27.496485042153022], [0.11839663765717483, 0.0412803163036258, 29.38919171920029], [0.2092649736076922, 0.09583554406522762, 31.281898396247552], [0.27260500785155206, 0.16366568328480544, 33.174605073294806], [0.3084167403887545, 0.24477073396235927, 35.06731175034207], [0.3167001712192995, 0.33915069609788906, 36.96001842738934], [0.2974553003431869, 0.44680556969139495, 38.85272510443661], [0.2506821277604169, 0.5677353547428768, 40.74543178148387], [0.17638065347098944, 0.7019400512523346, 42.63813845853113], [0.07455087747490463, 0.8494196592197683, 44.53084513557839], [-0.054807200227837805, 1.0101741786451783, 46.42355181262566], [-0.21169357963723795, 1.1842036095285646, 48.316258489672926], [-0.39610826075329514, 1.3715079518699262, 50.20896516672019], [-0.6080512435760098, 1.5720872056692639, 52.10167184376745]], "radius": [2.2317197587602076, 2.214103433973247, 2.196487109186286, 2.1788707843993254, 2.1612544596123646, 2.1436381348254043, 2.1260218100384436, 2.108405485251483, 2.090789160464522, 2.0731728356775614, 2.0555565108906007, 2.03794018610364, 2.020323861316679, 2.0027075365297184], "ref_radius": [2.2317197587602076, 2.214103433973247, 2.196487109186286, 2.1788707843993254, 2.1612544596123646, 2.1436381348254043, 2.1260218100384436, 2.108405485251483, 2.090789160464522, 2.0731728356775614, 2.0555565108906007, 2.03794018610364, 2.020323861316679, 2.0027075365297184], "length": 24.662854701744966, "seg_id": 2, "type": "Main", "parent": 0, "children": [3, 4]}, {"pos": [[-0.6080512435760098, 1.5720872056692639, 52.10167184376745], [0.8312211169109263, 2.0764467916381766, 53.690201947618704], [2.2252904108806923, 2.449452621814499, 55.27873205146995], [3.574156638333288, 2.6911046961982312, 56.867262155321185], [4.877819799268713, 2.801403014789374, 58.45579225917244], [6.136279893686968, 2.780347577587926, 60.044322363023696], [7.349536921588053, 2.627938384593888, 61.63285246687495], [8.517590882971968, 2.3441754358072604, 63.2213825707262]], "radius": [1.0801913182623495, 1.0801913182623495, 1.0801913182623495, 1.0801913182623495, 1.0801913182623495, 1.0801913182623495, 1.0801913182623495, 1.0801913182623495], "ref_radius": [1.0801913182623495, 1.0801913182623495, 1.0801913182623495, 1.0801913182623495, 1.0801913182623495, 1.0801913182623495, 1.0801913182623495, 1.0801913182623495], "length": 14.40560415630619, "seg_id": 3, "type": "Side", "parent": 2, "children": []}, {"pos": [[-0.6080512435760098, 1.5720872056692639, 52.10167184376745], [-0.7689520162037552, 1.9618600902914123, 53.951238497240816], [-0.91897772962003, 2.3178494343412406, 55.80080515071416], [-1.058128383824834, 2.640055237818749, 57.65037180418753], [-1.186403978818168, 2.9284775007239383, 59.49993845766088], [-1.3038045146000314, 3.1831162230568073, 61.34950511113425], [-1.4103299911704241, 3.403971404817357, 63.1990717646076], [-1.5059804085293464, 3.591043046005587, 65.04863841808097], [-1.590755766676798, 3.7443311466214966, 66.89820507155432], [-1.664656065612779, 3.863835706665087, 68.74777172502769], [-1.7276813053372897, 3.9495567261363576, 70.59733837850104], [-1.7798314858503297, 4.001494205035309, 72.44690503197441], [-1.8211066071518993, 4.019648143361939, 74.29647168544776], [-1.8515066692419984, 4.004018541116251, 76.14603833892112]], "radius": [1.985091211742758, 1.9678062053881693, 1.9505211990335805, 1.9332361926789918, 1.9159511863244032, 1.8986661799698146, 1.8813811736152257, 1.864096167260637, 1.8468111609060485, 1.8295261545514596, 1.812241148196871, 1.7949561418422824, 1.7776711354876937, 1.760386129133105], "ref_radius": [1.985091211742758, 1.9678062053881693, 1.9505211990335805, 1.9332361926789918, 1.9159511863244032, 1.8986661799698146, 1.8813811736152257, 1.864096167260637, 1.8468111609060485, 1.8295261545514596, 1.812241148196871, 1.7949561418422824, 1.7776711354876937, 1.760386129133105], "length": 24.19900889642416, "seg_id": 4, "type": "Main", "parent": 2, "children": [5, 6]}, {"pos": [[-1.8515066692419984, 4.004018541116251, 76.14603833892112], [-0.8134295487268354, 4.357143055124421, 77.54807552579634], [0.25668205735641586, 4.699840406228055, 78.95011271267157], [1.3588281490077565, 5.032110594427149, 80.35214989954677], [2.4930087262271856, 5.353953619721705, 81.75418708642202], [3.6592237890147032, 5.66536948211172, 83.15622427329723], [4.857473337370311, 5.966358181597201, 84.55826146017245], [6.087757371294006, 6.25691971817814, 85.96029864704768], [7.350075890785791, 6.537054091854541, 87.3623358339229], [8.644428895845666, 6.8067613026264056, 88.76437302079812], [9.970816386473626, 7.06604135049373, 90.16641020767334], [11.32923836266968, 7.314894235456516, 91.56844739454857], [12.71969482443382, 7.5533199575147645, 92.97048458142379]],