{"case_id": "RCA_3994_bc4", "artery_type": "RCA", "segments": [{"pos": [[0.0, 0.0, 0.0], [-0.0721407982557201, -0.09777409052641232, 1.821927351815942], [-0.13466282341067753, -0.182511635649303, 3.643854703631884], [-0.18756607546487225, -0.25421263536867206, 5.465782055447827], [-0.23085055441830432, -0.31287708968451944, 7.287709407263768], [-0.2645162602709737, -0.3585049985968452, 9.10963675907971], [-0.2885631930228804, -0.3910963621056493, 10.931564110895653], [-0.30299135267402444, -0.4106511802109318, 12.753491462711594], [-0.30780073922440576, -0.4171694529126926, 14.575418814527536], [-0.30299135267402444, -0.4106511802109318, 16.39734616634348], [-0.2885631930228804, -0.3910963621056493, 18.21927351815942], [-0.2645162602709737, -0.3585049985968452, 20.041200869975363], [-0.23085055441830432, -0.31287708968451944, 21.863128221791303], [-0.18756607546487225, -0.25421263536867206, 23.685055573607244], [-0.13466282341067753, -0.182511635649303, 25.506982925423188], [-0.0721407982557201, -0.09777409052641232, 27.328910277239128], [0.0, 0.0, 29.150837629055072]], "radius": [2.05314685007589, 2.05314685007589, 1.9660075486577202, 1.4954469172601157, 0.8745664550730188, 0.46422847928900235, 0.5029257784424706, 0.9681670713737229, 1.589549178653594, 2.0059182216350737, 2.05314685007589, 2.05314685007589, 2.05314685007589, 2.05314685007589, 2.05314685007589, 2.05314685007589, 2.05314685007589], "ref_radius": [2.05314685007589, 2.05314685007589, 2.05314685007589, 2.05314685007589, 2.05314685007589, 2.05314685007589, 2.05314685007589, 2.05314685007589, 2.05314685007589, 2.05314685007589, 2.05314685007589, 2.05314685007589, 2.05314685007589, 2.05314685007589, 2.05314685007589, 2.05314685007589, 2.05314685007589], "length": 29.150837629055072, "seg_id": 0, "type": "Root", "parent": null, "children": [1, 2]}, {"pos": [[0.0, 0.0, 29.150837629055072], [0.7955602495768674, -0.24529252783601793, 30.60339730061289], [1.6803546191191392, -0.4236649677088931, 32.05595697217071], [2.6543831086268153, -0.5351173196186255, 33.50851664372853], [3.7176457180998956, -0.579649583565215, 34.96107631528634], [4.870142447538381, -0.5572617595486618, 36.41363598684416], [6.111873296942269, -0.46795384756896574, 37.86619565840198], [7.442838266311561, -0.31172584762612693, 39.31875532995979], [8.863037355646261, -0.08857775972014523, 40.771315001517614], [10.372470564946363, 0.20149041614897936, 42.22387467307543]], "radius": [1.1846918703662972, 1.1846918703662972, 1.1846918703662972, 1.1846918703662972, 1.1846918703662972, 1.1846918703662972, 1.1846918703662972, 1.1846918703662972, 1.1846918703662972, 1.1846918703662972], "ref_radius": [1.1846918703662972, 1.1846918703662972, 1.1846918703662972, 1.1846918703662972, 1.1846918703662972, 1.1846918703662972, 1.1846918703662972, 1.1846918703662972, 1.1846918703662972, 1.1846918703662972], "length": 16.6893091996885, "seg_id": 1, "type": "Side", "parent": 0, "children": []}, {"pos": [[0.0, 0.0, 29.150837629055072], [-0.12212422440398077, 0.028015828226249276, 31.094415381161998], [-0.29216845787645385, 0.00732009300633335, 33.03799313326892], [-0.5101327004174192, -0.06208720565974779, 34.981570885375845], [-0.7760169520268769, -0.1802060677719941, 36.92514863748277], [-1.0898212127048268, -0.34703649333040565, 38.868726389589696], [-1.4515454824512692, -0.5625784823349824, 40.812304141696615], [-1.8611897612662038, -0.8268320347857243, 42.75588189380355], [-2.318754049149631, -1.1397971506826314, 44.699459645910466]], "radius": [2.05314685007589, 2.0356337014173524, 2.018120552758815, 1.9277221718862059, 1.6514980145154714, 1.2791794788119302, 0.9356274633979182, 0.7336632250180202, 0.7356856254543196], "ref_radius": [2.05314685007589, 2.0356337014173524, 2.018120552758815, 2.000607404100277, 1.9830942554417395, 1.9655811067832016, 1.948067958124664, 1.9305548094661262, 1.9130416608075886], "length": 15.761833792683905, "seg_id": 2, "type": "Main", "parent": 0, "children": [3, 4]}, {"pos": [[-2.318754049149631, -1.1397971506826314, 44.699459645910466], [-1.2459739518271815, -1.5921485143312575, 46.401428758698835], [-0.23200422795938724, -1.9714329792466436, 48.1033978714872], [0.7231551224537524, -2.277650545428791, 49.80536698427559], [1.6195040994122376, -2.5108012128776984, 51.50733609706395], [2.457042702916069, -2.6708849815933657, 53.20930520985232], [3.235770932965244, -2.757901851575794, 54.91127432264069], [3.9556887895597646, -2.771851822824982, 56.613243435429055], [4.6167962726996326, -2.712734895340932, 58.31521254821744], [5.219093382384845, -2.580551069123641, 60.01718166100581]], "radius": [1.1505908408363124, 1.1505908408363124, 1.1505908408363124, 1.1505908408363124, 1.1505908408363124, 1.1505908408363124, 1.1505908408363124, 1.1505908408363124, 1.1505908408363124, 1.1505908408363124], "ref_radius": [1.1505908408363124, 1.1505908408363124, 1.1505908408363124, 1.1505908408363124, 1.1505908408363124, 1.1505908408363124, 1.1505908408363124, 1.1505908408363124, 1.1505908408363124, 1.1505908408363124], "length": 17.132644964696215, "seg_id": 3, "type": "Side", "parent": 2, "children": []}, {"pos": [[-2.318754049149631, -1.1397971506826314, 44.699459645910466], [-2.5615930659081236, -1.0099567062938688, 46.457603935652486], [-2.8271194096141223, -0.905050014508989, 48.2157482253945], [-3.1153330802676273, -0.825077075327992, 49.97389251513652], [-3.426234077868637, -0.7700378887508779, 51.73203680487853], [-3.7598224024171536, -0.7399324547776462, 53.490181094620546], [-4.116098053913175, -0.7347607734082976, 55.24832538436256], [-4.495061032356703, -0.7545228446428317, 57.00646967410457], [-4.896711337747736, -0.7992186684812488, 58.764613963846585], [-5.3210489700862755, -0.8688482449235486, 60.5227582535886], [-5.768073929372321, -0.9634115739697311, 62.28090254333061], [-6.237786215605872, -1.0829086556197964, 64.03904683307263], [-6.73018582878693, -1.2273394898737449, 65.79719112281464], [-7.245272768915492, -1.3967040767315757, 67.55533541255666], [-7.783047035991562, -1.5910024161932896, 69.31347970229868], [-8.343508630015135, -1.8102345082588862, 71.07162399204068]], "radius": [0.9332260007127022, 1.2515218545774323, 1.5754540596246018, 1.7902548205078408, 1.8278787613037322, 1.8109663235924025, 1.7940538858810726, 1.777141448169743, 1.7602290104584133, 1.7433165727470836, 1.7264041350357537, 1.709491697324424, 1.6925792596130944, 1.6756668219017645, 1.6587543841904349, 1.6418419464791052], "ref_radius": [1.895528512149051, 1.8786160744377214, 1.8617036367263915, 1.8447911990150618, 1.8278787613037322, 1.8109663235924025, 1.7940538858810726, 1.777141448169743, 1.7602290104584133, 1.7433165727470836, 1.7264041350357537, 1.709491697324424, 1.6925792596130944, 1.6756668219017645, 1.6587543841904349, 1.6418419464791052], "length": 27.059900338127562, "seg_id": 4, "type": "Main", "parent": 2, "children": [5, 6]}, {"pos": [[-8.343508630015135, -1.8102345082588862, 71.07162399204068], [-7.790326576636828, -1.7486101280825679, 72.77009583583941], [-7.224520444600863, -1.721295492723566, 74.46856767963814], [-6.646090233907231, -1.7282906021818798, 76.16703952343686], [-6.055035944555944, -1.7695954564575098, 77.86551136723558], [-5.451357576546996, -1.8452100555504565, 79.56398321103431], [-4.835055129880386, -1.9551343994607189, 81.26245505483303], [-4.206128604556117, -2.099368488188298, 82.96092689863175], [-3.5645780005741874, -2.2779123217331927, 84.65939874243047], [-2.9104033179345974, -2.4907659000954037, 86.3578705862292], [-2.243604556637347, -2.7379292232749313, 88.05634243002793], [-1.5641817166824352, -3.019402291271775, 89.75481427382665], [-0.8721347980698638, -3.3351851040859346, 91.45328611762537], [-0.16746380079963225, -3.6852776617174103, 93.1517579614241], [0.5498312751282608, -4.069679964166203, 94.85022980522282]],