{"case_id": "RCA_1992_bc3", "artery_type": "RCA", "segments": [{"pos": [[0.0, 0.0, 0.0], [0.20755513945681892, -0.08169606415352051, 1.9106213796099214], [0.3805177556708347, -0.1497761176147876, 3.8212427592198432], [0.5188878486420472, -0.20424016038380127, 5.731864138829764], [0.6226654183704567, -0.24508819246056154, 7.6424855184396865], [0.691850464856063, -0.2723202138450684, 9.553106898049608], [0.7264429880988661, -0.28593622453732176, 11.463728277659529], [0.7264429880988661, -0.28593622453732176, 13.374349657269452], [0.6918504648560629, -0.2723202138450683, 15.284971036879373], [0.6226654183704567, -0.24508819246056154, 17.19559241648929], [0.5188878486420472, -0.20424016038380127, 19.106213796099215], [0.3805177556708344, -0.1497761176147875, 21.01683517570914], [0.20755513945681878, -0.08169606415352046, 22.927456555319058], [0.0, 0.0, 24.83807793492898]], "radius": [2.204649639222752, 2.204649639222752, 2.204649639222752, 2.164264560740477, 1.8442070695595687, 1.330762738333151, 0.8401325452295216, 0.5789108982822342, 0.6570929267662331, 1.0417577666161821, 1.5709308675554001, 2.021788185991595, 2.2044828634982463, 2.204649639222752], "ref_radius": [2.204649639222752, 2.204649639222752, 2.204649639222752, 2.204649639222752, 2.204649639222752, 2.204649639222752, 2.204649639222752, 2.204649639222752, 2.204649639222752, 2.204649639222752, 2.204649639222752, 2.204649639222752, 2.204649639222752, 2.204649639222752], "length": 24.83807793492898, "seg_id": 0, "type": "Root", "parent": null, "children": [1, 2]}, {"pos": [[0.0, 0.0, 24.83807793492898], [1.1808012513593635, 0.1718187183252789, 26.198275184460584], [2.366625994945329, 0.31831206895529623, 27.558472433992186], [3.557474230757898, 0.43948005189005196, 28.918669683523795], [4.753345958797068, 0.535322667129546, 30.278866933055397], [5.954241179062841, 0.6058399146737784, 31.639064182586996], [7.160159891555216, 0.6510317945227492, 32.999261432118594], [8.371102096274193, 0.6708983066764584, 34.359458681650196], [9.587067793219774, 0.665439451134906, 35.719655931181805], [10.808056982391953, 0.634655227898092, 37.07985318071341], [12.034069663790739, 0.5785456369660165, 38.44005043024501], [13.265105837416124, 0.49711067833867933, 39.80024767977661], [14.501165503268115, 0.39035035201608026, 41.16044492930822], [15.742248661346704, 0.2582646579982198, 42.52064217883982], [16.988355311651897, 0.10085359628509774, 43.88083942837142], [18.239485454183693, -0.08188283312328591, 45.241036677903026]], "radius": [1.329732446585611, 1.329732446585611, 1.329732446585611, 1.329732446585611, 1.329732446585611, 1.329732446585611, 1.329732446585611, 1.329732446585611, 1.329732446585611, 1.329732446585611, 1.329732446585611, 1.329732446585611, 1.329732446585611, 1.329732446585611, 1.329732446585611, 1.329732446585611], "ref_radius": [1.329732446585611, 1.329732446585611, 1.329732446585611, 1.329732446585611, 1.329732446585611, 1.329732446585611, 1.329732446585611, 1.329732446585611, 1.329732446585611, 1.329732446585611, 1.329732446585611, 1.329732446585611, 1.329732446585611, 1.329732446585611, 1.329732446585611, 1.329732446585611], "length": 27.367247941640755, "seg_id": 1, "type": "Side", "parent": 0, "children": []}, {"pos": [[0.0, 0.0, 24.83807793492898], [-0.26746936985535574, 0.12464671341141352, 26.687091965981754], [-0.5365790179015185, 0.2353897935233719, 28.536105997034532], [-0.8073289441384883, 0.3322292403358751, 30.385120028087314], [-1.0797191485662647, 0.415165053848923, 32.23413405914009], [-1.3537496311848485, 0.4841972340625158, 34.083148090192864], [-1.6294203919942392, 0.5393257809766534, 35.93216212124563], [-1.9067314309944365, 0.5805506945913358, 37.781176152298414], [-2.185682748185441, 0.6078719749065631, 39.63019018335119], [-2.4662743435672527, 0.6212896219223352, 41.479204214403964], [-2.7485062171398713, 0.620803635638652, 43.32821824545674], [-3.032378368903296, 0.6064140160555137, 45.177232276509514], [-3.3178907988575292, 0.5781207631729202, 47.026246307562296], [-3.6050435070025686, 0.5359238769908715, 48.87526033861507], [-3.893836493338415, 0.47982335750936767, 50.724274369667846], [-4.184269757865068, 0.40981920472840866, 52.57328840072062]], "radius": [2.204649639222752, 2.1871171028977403, 2.1695845665727287, 2.152052030247717, 2.134519493922705, 2.1169869575976934, 2.099454421272682, 2.0760253614754998, 1.8526959765344166, 1.4155080638404014, 0.9321694880244393, 0.5853142481834415, 0.5018958278369794, 0.7052418692835247, 1.107863663858131, 1.547088462775644], "ref_radius": [2.204649639222752, 2.1871171028977403, 2.1695845665727287, 2.152052030247717, 2.134519493922705, 2.1169869575976934, 2.099454421272682, 2.08192188494767, 2.0643893486226585, 2.046856812297647, 2.029324275972635, 2.0117917396476233, 1.9942592033226116, 1.9767266669976, 1.9591941306725884, 1.9416615943475768], "length": 28.052058120018692, "seg_id": 2, "type": "Main", "parent": 0, "children": [3, 4]}, {"pos": [[-4.184269757865068, 0.40981920472840866, 52.57328840072062], [-3.359645464750522, 0.49596670106858426, 54.24056703782233], [-2.5259353906905857, 0.5341214953924172, 55.90784567492403], [-1.6831395356852599, 0.524283587699907, 57.575124312025736], [-0.8312578997345457, 0.4664529779910541, 59.24240294912744], [0.029709517161558008, 0.3606296662658586, 60.90968158622914], [0.8997627150030518, 0.2068136525243201, 62.57696022333084], [1.7789016937899342, 0.005004936766438872, 64.24423886043255], [2.6671264535222057, -0.24479648100778506, 65.91151749753426], [3.5644369941998666, -0.5425906007983516, 67.57879613463597], [4.470833315822916, -0.8883774226052612, 69.24607477173767]], "radius": [1.301245793325703, 1.301245793325703, 1.301245793325703, 1.301245793325703, 1.301245793325703, 1.301245793325703, 1.301245793325703, 1.301245793325703, 1.301245793325703, 1.301245793325703, 1.301245793325703], "ref_radius": [1.301245793325703, 1.301245793325703, 1.301245793325703, 1.301245793325703, 1.301245793325703, 1.301245793325703, 1.301245793325703, 1.301245793325703, 1.301245793325703, 1.301245793325703, 1.301245793325703], "length": 18.830239750809213, "seg_id": 3, "type": "Side", "parent": 2, "children": []}, {"pos": [[-4.184269757865068, 0.40981920472840866, 52.57328840072062], [-4.228522404124076, 0.00819115557430968, 54.31709435153786], [-4.283115078745007, -0.3790282421440862, 56.060900302355066], [-4.348047781727863, -0.7518389884267785, 57.804706253172306], [-4.4233205130726425, -1.110241083273768, 59.54851220398953], [-4.5089332727793465, -1.4542345266850538, 61.29231815480676], [-4.604886060847974, -1.7838193186606364, 63.03612410562399], [-4.711178877278526, -2.0989954592005162, 64.77993005644123], [-4.827811722071001, -2.399762948304692, 66.52373600725845], [-4.9547845952254, -2.6861217859731648, 68.26754195807567], [-5.092097496741724, -2.9580719722059348, 70.0113479088929], [-5.239750426619971, -3.2156135070030007, 71.75515385971013], [-5.397743384860142, -3.4587463903643636, 73.49895981052735], [-5.566076371462238, -3.687470622290024, 75.24276576134459], [-5.744749386426256, -3.9017862027799803, 76.98657171216182], [-5.9337624297522, -4.101693131834234, 78.73037766297904], [-6.1331155014400665, -4.2871914094527845, 80.47418361379627], [-6.342808601489857, -4.458281035635631, 82.21798956461349], [-6.562841729901573, -4.614962010382775, 83.96179551543074], [-6.793214886675211, -4.757234333694215, 85.70560146624796], [-7.033928071810775, -4.885098005569952, 87.44940741706517], [-7.284981285308261, -4.998553026009986, 89.19321336788242], [-7.546374527167671, -5.097599395014316, 90.93701931869964]],