{"case_id": "RCA_628_bc2", "artery_type": "RCA", "segments": [{"pos": [[0.0, 0.0, 0.0], [0.03946777531149678, -0.14999679500006372, 1.7603480354400316], [0.07455024225504947, -0.28332727944456476, 3.5206960708800623], [0.10524740083065806, -0.39999145333350317, 5.281044106320094], [0.13155925103832258, -0.499989316666879, 7.0413921417601255], [0.15348579287804304, -0.5833208694446922, 8.801740177200157], [0.17102702634981937, -0.6499861116669426, 10.562088212640187], [0.18418295145365163, -0.6999850433336305, 12.32243624808022], [0.19295356818953982, -0.7333176644447559, 14.082784283520251], [0.19733887655748392, -0.7499839750003187, 15.843132318960283], [0.1973388765574839, -0.7499839750003185, 17.603480354400315], [0.19295356818953982, -0.7333176644447559, 19.363828389840346], [0.18418295145365163, -0.6999850433336307, 21.124176425280375], [0.17102702634981942, -0.6499861116669429, 22.884524460720407], [0.15348579287804304, -0.5833208694446922, 24.64487249616044], [0.13155925103832258, -0.499989316666879, 26.405220531600474], [0.1052474008306581, -0.39999145333350333, 28.165568567040502], [0.07455024225504954, -0.28332727944456504, 29.92591660248053], [0.03946777531149681, -0.14999679500006383, 31.686264637920566], [0.0, 0.0, 33.4466126733606]], "radius": [2.687298435711316, 2.687298435711316, 2.687298435711316, 2.687298435711316, 2.687298435711316, 2.687298435711316, 2.687298435711316, 2.687298435711316, 2.687298435711316, 2.687298435711316, 2.687298435711316, 2.687298435711316, 2.687298435711316, 2.687298435711316, 2.57595579921508, 2.1530703534389533, 1.5498399547490487, 0.965403159533605, 0.5926943755282625, 0.5547523112616899], "ref_radius": [2.687298435711316, 2.687298435711316, 2.687298435711316, 2.687298435711316, 2.687298435711316, 2.687298435711316, 2.687298435711316, 2.687298435711316, 2.687298435711316, 2.687298435711316, 2.687298435711316, 2.687298435711316, 2.687298435711316, 2.687298435711316, 2.687298435711316, 2.687298435711316, 2.687298435711316, 2.687298435711316, 2.687298435711316, 2.687298435711316], "length": 33.4466126733606, "seg_id": 0, "type": "Root", "parent": null, "children": [1, 2]}, {"pos": [[0.0, 0.0, 33.4466126733606], [0.9636683946778051, -0.3208112967241113, 34.85392515563183], [1.9798176983097047, -0.5966397505255886, 36.261237637903065], [3.048447910895698, -0.827485361404432, 37.66855012017429], [4.169559032435786, -1.0133481293606414, 39.07586260244552], [5.343151062929968, -1.1542280543942167, 40.48317508471675], [6.569224002378245, -1.2501251365051582, 41.89048756698797], [7.8477778507806155, -1.3010393756934655, 43.2978000492592], [9.17881260813708, -1.306970771959139, 44.70511253153043], [10.56232827444764, -1.2679193253021785, 46.11242501380166], [11.998324849712294, -1.183885035722584, 47.51973749607289], [13.486802333931042, -1.0548679032203554, 48.92704997834412], [15.027760727103885, -0.8808679277954928, 50.33436246061535]], "radius": [1.655654686108078, 1.655654686108078, 1.655654686108078, 1.655654686108078, 1.655654686108078, 1.655654686108078, 1.655654686108078, 1.655654686108078, 1.655654686108078, 1.655654686108078, 1.655654686108078, 1.655654686108078, 1.655654686108078], "ref_radius": [1.655654686108078, 1.655654686108078, 1.655654686108078, 1.655654686108078, 1.655654686108078, 1.655654686108078, 1.655654686108078, 1.655654686108078, 1.655654686108078, 1.655654686108078, 1.655654686108078, 1.655654686108078, 1.655654686108078], "length": 22.62312121821893, "seg_id": 1, "type": "Side", "parent": 0, "children": []}, {"pos": [[0.0, 0.0, 33.4466126733606], [0.17408221805012133, -0.24750966662374851, 35.21536582119509], [0.36165949437943523, -0.4577630261699199, 36.984118969029595], [0.5627318289879417, -0.6307600786385142, 38.752872116864076], [0.7772992218756407, -0.7665008240295316, 40.52162526469857], [1.0053616730425323, -0.8649852623429718, 42.290378412533066], [1.2469191824886163, -0.9262133935788349, 44.05913156036756], [1.5019717502138934, -0.9501852177371213, 45.827884708202056], [1.7705193762183629, -0.9369007348178304, 47.59663785603655], [2.0525620605020247, -0.8863599448209625, 49.36539100387104], [2.348099803064879, -0.7985628477465176, 51.13414415170554], [2.657132603906926, -0.6735094435944956, 52.90289729954003], [2.9796604630281656, -0.5111997323648966, 54.671650447374525], [3.315683380428598, -0.31163371405772056, 56.44040359520902], [3.665201356108223, -0.07481138867296712, 58.209156743043515]], "radius": [0.8641024096174754, 1.4098122148956032, 2.00997471031818, 2.463662835199658, 2.6205452712105712, 2.603856980085385, 2.587168688960199, 2.5704803978350124, 2.5537921067098264, 2.53710381558464, 2.520415524459454, 2.5037272333342675, 2.4870389422090815, 2.470350651083895, 2.453662359958709], "ref_radius": [2.687298435711316, 2.6706101445861297, 2.6539218534609437, 2.6372335623357572, 2.6205452712105712, 2.603856980085385, 2.587168688960199, 2.5704803978350124, 2.5537921067098264, 2.53710381558464, 2.520415524459454, 2.5037272333342675, 2.4870389422090815, 2.470350651083895, 2.453662359958709], "length": 25.03243668777934, "seg_id": 2, "type": "Main", "parent": 0, "children": [3, 4]}, {"pos": [[3.665201356108223, -0.07481138867296712, 58.209156743043515], [5.27489428238093, -0.3161270566978854, 59.52248025090875], [6.843474110498675, -0.5214872126793748, 60.83580375877397], [8.370940840461463, -0.6908918566174356, 62.1491272666392], [9.857294472269293, -0.8243409885120677, 63.46245077450444], [11.302535005922165, -0.921834608363271, 64.77577428236967], [12.706662441420075, -0.9833727161710454, 66.08909779023489], [14.06967677876303, -1.0089553119353911, 67.40242129810014], [15.391578017951025, -0.9985823956563082, 68.71574480596536], [16.672366158984058, -0.9522539673337965, 70.02906831383058], [17.912041201862138, -0.8699700269678561, 71.34239182169583], [19.11060314658526, -0.7517305745584868, 72.65571532956105], [20.268051993153417, -0.5975356101056889, 73.96903883742627], [21.384387741566616, -0.4073851336094623, 75.2823623452915]], "radius": [1.442269340925539, 1.442269340925539, 1.442269340925539, 1.442269340925539, 1.442269340925539, 1.442269340925539, 1.442269340925539, 1.442269340925539, 1.442269340925539, 1.442269340925539, 1.442269340925539, 1.442269340925539, 1.442269340925539, 1.442269340925539], "ref_radius": [1.442269340925539, 1.442269340925539, 1.442269340925539, 1.442269340925539, 1.442269340925539, 1.442269340925539, 1.442269340925539, 1.442269340925539, 1.442269340925539, 1.442269340925539, 1.442269340925539, 1.442269340925539, 1.442269340925539, 1.442269340925539], "length": 24.60842378119873, "seg_id": 3, "type": "Side", "parent": 2, "children": []}, {"pos": [[3.665201356108223, -0.07481138867296712, 58.209156743043515], [3.6225363465182334, 0.11274229418503451, 60.029387081430805], [3.607301746037246, 0.2703837077333042, 61.849617419818095], [3.619497554665259, 0.398112851971842, 63.66984775820539], [3.659123772402275, 0.4959297269006477, 65.49007809659267], [3.7261803992482925, 0.5638343325197214, 67.31030843497996], [3.820667435203312, 0.6018266688290632, 69.13053877336726], [3.942584880267333, 0.6099067358286733, 70.95076911175455], [4.091932734440356, 0.5880745335185511, 72.77099945014184], [4.268710997722382, 0.5363300618986971, 74.59122978852913], [4.4729196701134075, 0.454673320969111, 76.41146012691642], [4.704558751613437, 0.3431043107297931, 78.23169046530371], [4.963628242222467, 0.2016230311807432, 80.051920803691], [5.2501281419404995, 0.030229482321961376, 81.8721511420783], [5.564058450767534, -0.17107633584655246, 83.69238148046558], [5.905419168703569, -0.40229442332479837, 85.51261181885287], [6.274210295748607, -0.6634247801127761, 87.33284215724017]],