{"case_id": "RCA_8116_bc0", "artery_type": "RCA", "segments": [{"pos": [[0.0, 0.0, 0.0], [0.14493094403866572, -0.0982617822302068, 1.8795185413195425], [0.2691574675003792, -0.1824861669989555, 3.7590370826390855], [0.3726795703851405, -0.2526731543062461, 5.638555623958629], [0.45549725269294944, -0.30882274415207855, 7.518074165278171], [0.5176105144238061, -0.3509349365364529, 9.397592706597713], [0.5590193555777105, -0.37900973145936906, 11.277111247917256], [0.5797237761546629, -0.3930471289208272, 13.1566297892368], [0.5797237761546629, -0.3930471289208272, 15.03614833055634], [0.5590193555777105, -0.37900973145936906, 16.91566687187588], [0.5176105144238061, -0.3509349365364529, 18.795185413195426], [0.4554972526929495, -0.30882274415207855, 20.674703954514968], [0.3726795703851403, -0.25267315430624604, 22.554222495834512], [0.26915746750037917, -0.18248616699895545, 24.433741037154054], [0.1449309440386657, -0.09826178223020678, 26.3132595784736], [0.0, 0.0, 28.19277811979314]], "radius": [1.7896136835947167, 1.7896136835947167, 1.7896136835947167, 1.7708946372999952, 1.6995887165491828, 1.5815812694073963, 1.4280692281780878, 1.2536183171018975, 1.0747810088312382, 0.9085259717216945, 0.7706280271147246, 0.6741713827272724, 0.6283081602565954, 0.6373900121590457, 0.7005552226412155, 0.8118104700710195], "ref_radius": [1.7896136835947167, 1.7896136835947167, 1.7896136835947167, 1.7896136835947167, 1.7896136835947167, 1.7896136835947167, 1.7896136835947167, 1.7896136835947167, 1.7896136835947167, 1.7896136835947167, 1.7896136835947167, 1.7896136835947167, 1.7896136835947167, 1.7896136835947167, 1.7896136835947167, 1.7896136835947167], "length": 28.19277811979314, "seg_id": 0, "type": "Root", "parent": null, "children": [1, 2]}, {"pos": [[0.0, 0.0, 28.19277811979314], [1.1745839982065875, 0.03962506016441318, 29.681469138674835], [2.3610258444896295, 0.08120042586492694, 31.17016015755654], [3.5593255388491247, 0.12472609710154128, 32.65885117643823], [4.769483081285075, 0.1702020738742562, 34.14754219531994], [5.9914984717974775, 0.21762835618307164, 35.63623321420163], [7.2253717103863355, 0.26700494402798775, 37.124924233083334], [8.471102797051646, 0.31833183740900434, 38.61361525196503], [9.728691731793411, 0.3716090363261216, 40.10230627084673], [10.99813851461163, 0.42683654077933936, 41.59099728972843], [12.279443145506303, 0.4840143507686577, 43.07968830861012], [13.57260562447743, 0.5431424662940767, 44.568379327491826], [14.877625951525012, 0.6042208873555962, 46.05707034637352]], "radius": [1.2882955246895496, 1.2882955246895496, 1.2882955246895496, 1.2882955246895496, 1.2882955246895496, 1.2882955246895496, 1.2882955246895496, 1.2882955246895496, 1.2882955246895496, 1.2882955246895496, 1.2882955246895496, 1.2882955246895496, 1.2882955246895496], "ref_radius": [1.2882955246895496, 1.2882955246895496, 1.2882955246895496, 1.2882955246895496, 1.2882955246895496, 1.2882955246895496, 1.2882955246895496, 1.2882955246895496, 1.2882955246895496, 1.2882955246895496, 1.2882955246895496, 1.2882955246895496, 1.2882955246895496], "length": 23.256005108162224, "seg_id": 1, "type": "Side", "parent": 0, "children": []}, {"pos": [[0.0, 0.0, 28.19277811979314], [0.2863204838371587, 0.3787898651183716, 29.977663579580234], [0.566416900680219, 0.7359637646720387, 31.762549039367325], [0.840289250529181, 1.0715216986610017, 33.54743449915441], [1.1079375333840447, 1.3854636670852605, 35.33231995894151], [1.3693617492448102, 1.6777896699448147, 37.11720541872862], [1.624561898111477, 1.9484997072396648, 38.9020908785157], [1.8735379799840457, 2.19759377896981, 40.6869763383028], [2.1162899948625165, 2.4250718851352517, 42.47186179808989], [2.3528179427468885, 2.6309340257359892, 44.25674725787699], [2.5831218236371623, 2.815180200772022, 46.04163271766408], [2.807201637533338, 2.9778104102433502, 47.82651817745118], [3.0250573844354145, 3.1188246541499742, 49.61140363723827], [3.236689064343393, 3.238222932491894, 51.39628909702536], [3.4420966772572736, 3.3360052452691096, 53.18117455681245], [3.6412802231770565, 3.4121715924816214, 54.966060016599556], [3.8342397021027397, 3.466721974129428, 56.75094547638664], [4.020975114034325, 3.4996563902125306, 58.53583093617374], [4.201486458971813, 3.5109748407309285, 60.32071639596083], [4.375773736915201, 3.500677325684623, 62.10560185574793]], "radius": [0.9605994929238902, 0.8597263570181236, 0.7036795355277492, 0.586920807727243, 0.5176564888741795, 0.49989178875044105, 0.5331708085494296, 0.6127028954135703, 0.7298571046821444, 0.8729752610193652, 1.028427700078651, 1.1239093356351249, 0.9850375022114165, 0.856422251947989, 0.7457891270895995, 0.6594692080030357, 0.6019949318801726, 0.5758282036387575, 0.581236791354582, 0.616324400905505], "ref_radius": [1.7896136835947167, 1.772427339078785, 1.7552409945628533, 1.7380546500469218, 1.7208683055309901, 1.7036819610150584, 1.6864956164991267, 1.669309271983195, 1.6521229274672633, 1.6349365829513318, 1.6177502384354001, 1.6005638939194684, 1.5833775494035367, 1.566191204887605, 1.5490048603716735, 1.5318185158557418, 1.51463217133981, 1.4974458268238784, 1.4802594823079467, 1.4630731377920152], "length": 34.37268903186333, "seg_id": 2, "type": "Main", "parent": 0, "children": [3, 4]}, {"pos": [[4.375773736915201, 3.500677325684623, 62.10560185574793], [5.37646105122099, 3.778855950247916, 63.63019876868468], [6.46234581817811, 3.993500547124821, 65.15479568162141], [7.633428037786566, 4.144611116315339, 66.67939259455814], [8.889707710046357, 4.23218765781947, 68.20398950749487], [10.231184834957482, 4.256230171637213, 69.72858642043161], [11.65785941251994, 4.216738657768569, 71.25318333336836], [13.169731442733733, 4.113713116213537, 72.77778024630508]], "radius": [0.8662080175937491, 0.8662080175937491, 0.8662080175937491, 0.8662080175937491, 0.8662080175937491, 0.8662080175937491, 0.8662080175937491, 0.8662080175937491], "ref_radius": [0.8662080175937491, 0.8662080175937491, 0.8662080175937491, 0.8662080175937491, 0.8662080175937491, 0.8662080175937491, 0.8662080175937491, 0.8662080175937491], "length": 13.842142052878579, "seg_id": 3, "type": "Side", "parent": 2, "children": []}, {"pos": [[4.375773736915201, 3.500677325684623, 62.10560185574793], [4.849428181430436, 3.756725311794146, 63.834378191675995], [5.330546949861674, 4.00111012817604, 65.56315452760407], [5.819130042208915, 4.233831774830308, 67.29193086353214], [6.315177458472158, 4.454890251756947, 69.0207071994602], [6.818689198651405, 4.6642855589559575, 70.74948353538826], [7.329665262746654, 4.8620176964273405, 72.47825987131633], [7.848105650757907, 5.048086664171096, 74.20703620724439], [8.374010362685164, 5.2224924621872235, 75.93581254317245], [8.907379398528423, 5.385235090475724, 77.66458887910052], [9.448212758287685, 5.536314549036595, 79.39336521502858], [9.99651044196295, 5.675730837869839, 81.12214155095666], [10.55227244955422, 5.803483956975455, 82.85091788688473], [11.115498781061492, 5.919573906353444, 84.57969422281278], [11.686189436484767, 6.024000686003804, 86.30847055874085], [12.264344415824045, 6.1167642959265365, 88.03724689466891]], "radius": [0.6772090668977216, 0.7102347768723094, 0.5886284289377457, 0.5256108838758882, 0.5273353667218369, 0.5902604701122828, 0.7019058845302035, 0.8429133978517349, 0.7434792250137371, 0.6091925665453933, 0.4989291503001533, 0.4209395180298241, 0.3803594511699461, 0.37882740863505027, 0.41442846929952526, 0.4819615951126882], "ref_radius": [1.4458867932760835, 1.4288674606013283, 1.4118481279265733, 1.3948287952518181, 1.3778094625770632, 1.360790129902308, 1.343770797227553, 1.3267514645527978, 1.3097321318780428, 1.2927127992032876, 1.2756934665285327, 1.2586741338537775, 1.2416548011790223, 1.2246354685042673, 1.207616135829512, 1.1905968031547571], "length": 27.23093227960815, "seg_id": 4, "type": "Main", "parent": 2,