{"case_id": "RCA_5900_bc0", "artery_type": "RCA", "segments": [{"pos": [[0.0, 0.0, 0.0], [0.16668012137874094, -0.08973014320549544, 1.8542726450940612], [0.30558022252769174, -0.1645052625434083, 3.7085452901881224], [0.4167003034468523, -0.2243253580137386, 5.562817935282183], [0.5000403641362228, -0.2691904296164863, 7.417090580376245], [0.5556004045958032, -0.29910047735165146, 9.271363225470306], [0.5833804248255933, -0.31405550121923403, 11.125635870564366], [0.5833804248255933, -0.31405550121923403, 12.97990851565843], [0.5556004045958031, -0.29910047735165146, 14.83418116075249], [0.5000403641362228, -0.2691904296164863, 16.68845380584655], [0.4167003034468523, -0.2243253580137386, 18.54272645094061], [0.3055802225276915, -0.1645052625434082, 20.396999096034676], [0.16668012137874083, -0.0897301432054954, 22.251271741128733], [0.0, 0.0, 24.105544386222792]], "radius": [2.695038962448508, 2.6746294065558596, 2.5923969997541825, 2.453296860252321, 2.2680804054142296, 2.051063504481793, 1.8190199672104326, 1.5898850517871441, 1.3813692013300494, 1.2095891569387087, 1.0878222521849226, 1.0254801729146812, 1.027381503178091, 1.0933792841346939], "ref_radius": [2.695038962448508, 2.695038962448508, 2.695038962448508, 2.695038962448508, 2.695038962448508, 2.695038962448508, 2.695038962448508, 2.695038962448508, 2.695038962448508, 2.695038962448508, 2.695038962448508, 2.695038962448508, 2.695038962448508, 2.695038962448508], "length": 24.105544386222792, "seg_id": 0, "type": "Root", "parent": null, "children": [1, 2]}, {"pos": [[0.0, 0.0, 24.105544386222792], [1.158884938621771, -0.02013636153050625, 25.662456711963383], [2.3959892094274675, -0.022613870571247474, 27.21936903770397], [3.7113128124170887, -0.007432527122223663, 28.776281363444554], [5.104855747590636, 0.025407668816565157, 30.333193689185144], [6.576618014948109, 0.075906717245119, 31.89010601492573], [8.126599614489507, 0.14406461816343788, 33.447018340666325], [9.754800546214831, 0.2298813715715218, 35.00393066640691]], "radius": [1.9725989076344583, 1.9725989076344583, 1.9725989076344583, 1.9725989076344583, 1.9725989076344583, 1.9725989076344583, 1.9725989076344583, 1.9725989076344583], "ref_radius": [1.9725989076344583, 1.9725989076344583, 1.9725989076344583, 1.9725989076344583, 1.9725989076344583, 1.9725989076344583, 1.9725989076344583, 1.9725989076344583], "length": 14.62818521394688, "seg_id": 1, "type": "Side", "parent": 0, "children": []}, {"pos": [[0.0, 0.0, 24.105544386222792], [0.36063466753943063, 0.2550597376106838, 25.96917226369367], [0.6626412224296024, 0.4550994556816969, 27.832800141164554], [0.9060196646705154, 0.6001191542130392, 29.69642801863544], [1.0907699942621698, 0.690118833204711, 31.560055896106327], [1.216892211204565, 0.7250984926567121, 33.42368377357721], [1.2843863154977015, 0.7050581325690424, 35.287311651048086], [1.2932523071415796, 0.6299977529417019, 37.150939528518975], [1.2434901861361984, 0.49991735377469065, 39.01456740598986], [1.1350999524815588, 0.3148169350680089, 40.87819528346074], [0.96808160617766, 0.07469649682165619, 42.741823160931624], [0.7424351472245029, -0.22044396096436683, 44.60545103840251]], "radius": [1.2183723728905984, 1.383865410243309, 1.5825519240515906, 1.797812721044926, 1.6806350567069501, 1.3445595666246986, 1.0415573809455343, 0.8025709983112261, 0.651265041429411, 0.6015785991163729, 0.656355487305788, 0.8071857539627927], "ref_radius": [2.695038962448508, 2.677943520028007, 2.660848077607506, 2.6437526351870044, 2.6266571927665034, 2.6095617503460025, 2.5924663079255015, 2.575370865505, 2.558275423084499, 2.541179980663998, 2.524084538243497, 2.5069890958229957], "length": 20.51453090460131, "seg_id": 2, "type": "Main", "parent": 0, "children": [3, 4]}, {"pos": [[0.7424351472245029, -0.22044396096436683, 44.60545103840251], [2.1397961758617727, -0.7185128231252123, 46.26457989225758], [3.394780465869882, -1.0650180756944545, 47.92370874611263], [4.507388017248831, -1.2599597186720932, 49.58283759996768], [5.477618829998622, -1.3033377520581289, 51.24196645382275], [6.305472904119252, -1.1951521758525616, 52.901095307677814], [6.990950239610723, -0.9354029900553908, 54.56022416153287], [7.534050836473034, -0.5240901946666167, 56.21935301538794]], "radius": [1.5829655997762861, 1.5829655997762861, 1.5829655997762861, 1.5829655997762861, 1.5829655997762861, 1.5829655997762861, 1.5829655997762861, 1.5829655997762861], "ref_radius": [1.5829655997762861, 1.5829655997762861, 1.5829655997762861, 1.5829655997762861, 1.5829655997762861, 1.5829655997762861, 1.5829655997762861, 1.5829655997762861], "length": 13.45737581539263, "seg_id": 3, "type": "Side", "parent": 2, "children": []}, {"pos": [[0.7424351472245029, -0.22044396096436683, 44.60545103840251], [0.8082266103954887, -0.36758182724203453, 46.44512748730298], [0.8734117844112115, -0.49954541376788775, 48.28480393620345], [0.9379906692716706, -0.6163347205419264, 50.124480385103915], [1.0019632649768668, -0.7179497475641505, 51.96415683400439], [1.0653295715267999, -0.8043904948345602, 53.803833282904854], [1.1280895889214693, -0.8756569623531554, 55.643509731805324], [1.1902433171608757, -0.9317491501199362, 57.4831861807058], [1.2517907562450188, -0.9726670581349024, 59.32286262960628], [1.3127319061738987, -0.998410686398054, 61.16253907850674], [1.3730667669475154, -1.0089800349093914, 63.00221552740721], [1.432795338565869, -1.004375103668914, 64.84189197630768], [1.491917621028959, -0.9845958926766223, 66.68156842520816], [1.5504336143367858, -0.949642401932516, 68.52124487410863], [1.6083433184893496, -0.8995146314365952, 70.3609213230091]], "radius": [1.0354595442721701, 1.3144557081706445, 1.6124387168625742, 1.4488437072860538, 1.2688697308842536, 1.1212905413783185, 1.0151978634722838, 0.9566279160100282, 0.9481780999506866, 0.9888724020776525, 1.0742815577198614, 1.19688585428657, 1.346651409229799, 1.5117760189152007, 1.6795492655421962], "ref_radius": [2.4898936534024947, 2.472707674834451, 2.4555216962664077, 2.438335717698364, 2.4211497391303207, 2.4039637605622772, 2.3867777819942337, 2.3695918034261902, 2.3524058248581468, 2.3352198462901033, 2.3180338677220598, 2.3008478891540163, 2.283661910585973, 2.2664759320179293, 2.249289953449886], "length": 25.778967852065218, "seg_id": 4, "type": "Main", "parent": 2, "children": [5, 6]}, {"pos": [[1.6083433184893496, -0.8995146314365952, 70.3609213230091], [3.0140893521442407, -1.115960339599245, 71.72862829767149], [4.3891387458111595, -1.3077911305167038, 73.09633527233387], [5.733491499490107, -1.4750070041889716, 74.46404224699626], [7.047147613181084, -1.6176079606160494, 75.83174922165864], [8.330107086884091, -1.735593999797936, 77.19945619632105], [9.582369920599124, -1.8289651217346319, 78.56716317098343], [10.803936114326188, -1.8977213264261374, 79.93487014564582], [11.994805668065279, -1.941862613872452, 81.3025771203082], [13.1549785818164, -1.9613889840735759, 82.67028409497058], [14.284454855579549, -1.9563004370295087, 84.03799106963298], [15.383234489354729, -1.926596972740251, 85.40569804429538], [16.451317483141935, -1.8722785912058029, 86.77340501895776], [17.48870383694117, -1.7933452924261637, 88.14111199362014]], "radius": [1.5212904059660595, 1.5212904059660595, 1.5212904059660595, 1.5212904059660595, 1.5212904059660595, 1.5212904059660595, 1.5212904059660595, 1.5212904059660595, 1.5212904059660595, 1.5212904059660595, 1.5212904059660595, 1.5212904059660595, 1.5212904059660595, 1.5212904059660595], "ref_radius": [1.5212904059660595, 1.5212904059660595, 1.5212904059660595, 1.5212904059660595, 1.5212904059660595, 1.5212904059660595, 1.5212904059660595, 1.5212904059660595, 1.5212904059660595, 1.5212904059660595, 1.5212904059660595, 1.5212904059660595, 1.5212904059660595, 1.5212904059660595], "length": 23.85623532181497, "seg_id": 5, "type": "Side", "parent": 4,