{"case_id": "RCA_3287_bc9", "artery_type": "RCA", "segments": [{"pos": [[0.0, 0.0, 0.0], [0.05461516590652668, 0.12222020379782125, 1.8386376094537022], [0.10082799859666464, 0.2256372993190546, 3.677275218907404], [0.13863849807041387, 0.3102512865637001, 5.515912828361105], [0.1680466643277744, 0.3760621655317577, 7.354550437814808], [0.1890524973687462, 0.42306993622322736, 9.193188047268508], [0.20165599719332924, 0.45127459863810915, 11.03182565672221], [0.20585716380152363, 0.46067615277640317, 12.870463266175914], [0.20165599719332927, 0.4512745986381092, 14.709100875629614], [0.1890524973687462, 0.4230699362232274, 16.547738485083315], [0.16804666432777443, 0.37606216553175775, 18.38637609453702], [0.1386384980704139, 0.31025128656370016, 20.225013703990722], [0.10082799859666466, 0.22563729931905468, 22.063651313444424], [0.054615165906526736, 0.12222020379782138, 23.902288922898126], [0.0, 0.0, 25.74092653235183]], "radius": [2.2511480072376915, 2.2511480072376915, 2.2511480072376915, 2.2290842703727667, 2.1469007231915858, 2.010585641965812, 1.831456470426858, 1.6243852557562724, 1.4065639095118674, 1.196076863786218, 1.0103996266065367, 0.8649478927374004, 0.7717976687284713, 0.7386826727370481, 0.7683522491528259], "ref_radius": [2.2511480072376915, 2.2511480072376915, 2.2511480072376915, 2.2511480072376915, 2.2511480072376915, 2.2511480072376915, 2.2511480072376915, 2.2511480072376915, 2.2511480072376915, 2.2511480072376915, 2.2511480072376915, 2.2511480072376915, 2.2511480072376915, 2.2511480072376915, 2.2511480072376915], "length": 25.74092653235183, "seg_id": 0, "type": "Root", "parent": null, "children": [1, 2]}, {"pos": [[0.0, 0.0, 25.74092653235183], [1.4214863877989714, 0.5713435928465329, 27.497206163022994], [2.700904890239422, 0.9373993046814427, 29.253485793694157], [3.8382555073213513, 1.0981671355047296, 31.009765424365316], [4.833538239044761, 1.0536470853163933, 32.76604505503648], [5.686753085409649, 0.8038391541164341, 34.52232468570764], [6.397900046416017, 0.34874334190485157, 36.278604316378804]], "radius": [1.4248418905912352, 1.4248418905912352, 1.4248418905912352, 1.4248418905912352, 1.4248418905912352, 1.4248418905912352, 1.4248418905912352], "ref_radius": [1.4248418905912352, 1.4248418905912352, 1.4248418905912352, 1.4248418905912352, 1.4248418905912352, 1.4248418905912352, 1.4248418905912352], "length": 12.332777465049334, "seg_id": 1, "type": "Side", "parent": 0, "children": []}, {"pos": [[0.0, 0.0, 25.74092653235183], [0.0010536493163583373, 0.01818629464151461, 27.55148818847407], [0.013326271831475141, 0.04576370315483947, 29.362049844596328], [0.036817867545350415, 0.08273222553997459, 31.17261150071858], [0.07152843645798415, 0.12909186179691995, 32.98317315684083], [0.11745797856937637, 0.18484261192567553, 34.793734812963066], [0.17460649387952704, 0.2499844759262414, 36.60429646908533], [0.24297398238843615, 0.3245174537986175, 38.41485812520758], [0.32256044409610374, 0.4084415455428038, 40.225419781329826], [0.41336587900252986, 0.5017567511588005, 42.035981437452065], [0.5153902871077144, 0.6044630706466072, 43.846543093574326], [0.6286336684116571, 0.7165605040062243, 45.65710474969657], [0.7530960229143588, 0.8380490512376517, 47.467666405818825], [0.8887773506158189, 0.9689287123408894, 49.27822806194108], [1.0356776515160373, 1.109199487315937, 51.088789718063325], [1.1937969256150138, 1.2588613761627951, 52.89935137418557], [1.3631351729127494, 1.4179143788814634, 54.70991303030782], [1.5436923934092435, 1.5863584954719423, 56.52047468643007], [1.7354685871044955, 1.7641937259342308, 58.33103634255232], [1.9384637539985061, 1.9514200702683298, 60.14159799867457], [2.152677894091276, 2.1480375284742395, 61.952159654796816], [2.3781110073828033, 2.354046100551959, 63.76272131091907]], "radius": [0.8583431066172771, 0.993467779764678, 1.1667495399986516, 1.2121482355361473, 0.994979772875789, 0.8204413158777115, 0.7028663034350688, 0.65111619679011, 0.6678501132064876, 0.7493786646576592, 0.8861063016150121, 1.0635119081550792, 1.0914840827607941, 0.9393118283418387, 0.8201321648220501, 0.7409478674603969, 0.7058198214313203, 0.7156298216662627, 0.7680726871638943, 0.8578743921360916, 0.9772168875858888, 1.116335900929718], "ref_radius": [2.2511480072376915, 2.233798573355542, 2.2164491394733923, 2.1990997055912427, 2.1817502717090926, 2.164400837826943, 2.1470514039447934, 2.129701970062644, 2.1123525361804942, 2.095003102298344, 2.0776536684161946, 2.060304234534045, 2.0429548006518954, 2.025605366769746, 2.008255932887596, 1.9909064990054464, 1.9735570651232968, 1.956207631241147, 1.9388581973589973, 1.9215087634768477, 1.9041593295946981, 1.8868098957125483], "length": 38.16875454072928, "seg_id": 2, "type": "Main", "parent": 0, "children": [3, 4]}, {"pos": [[2.3781110073828033, 2.354046100551959, 63.76272131091907], [3.6133596561485466, 2.647601330072385, 65.04909769733376], [4.889279420659367, 2.877981840149425, 66.33547408374845], [6.205870300915265, 3.045187630783079, 67.62185047016314], [7.56313229691624, 3.149218701973348, 68.90822685657783], [8.961065408662293, 3.190075053720232, 70.19460324299251], [10.399669636153423, 3.1677566860237296, 71.4809796294072], [11.878944979389631, 3.0822635988838423, 72.76735601582189], [13.398891438370915, 2.9335957923005695, 74.05373240223659], [14.959509013097277, 2.7217532662739115, 75.34010878865128], [16.560797703568717, 2.4467360208038675, 76.62648517506597]], "radius": [1.1131932016570543, 1.1131932016570543, 1.1131932016570543, 1.1131932016570543, 1.1131932016570543, 1.1131932016570543, 1.1131932016570543, 1.1131932016570543, 1.1131932016570543, 1.1131932016570543, 1.1131932016570543], "ref_radius": [1.1131932016570543, 1.1131932016570543, 1.1131932016570543, 1.1131932016570543, 1.1131932016570543, 1.1131932016570543, 1.1131932016570543, 1.1131932016570543, 1.1131932016570543, 1.1131932016570543, 1.1131932016570543], "length": 19.147679078572857, "seg_id": 3, "type": "Side", "parent": 2, "children": []}, {"pos": [[2.3781110073828033, 2.354046100551959, 63.76272131091907], [2.5002774642569947, 2.320177562184059, 65.60615850565618], [2.627228304645509, 2.310009196016994, 67.44959570039329], [2.7589635285483456, 2.3235410020507654, 69.2930328951304], [2.895483135965505, 2.3607729802853714, 71.1364700898675], [3.0367871268969866, 2.421705130720813, 72.97990728460462], [3.1828755013427914, 2.5063374533570904, 74.82334447934173], [3.3337482593029186, 2.614669948194203, 76.66678167407883], [3.4894054007773683, 2.7467026152321505, 78.51021886881595], [3.649846925766141, 2.9024354544709343, 80.35365606355307], [3.8150728342692357, 3.081868465910553, 82.19709325829017], [3.9850831262866526, 3.285001649551007, 84.04053045302729]], "radius": [1.2642462590959669, 1.4098305838901923, 1.5418453380556734, 1.6504286928753698, 1.7275523767934782, 1.7675565101206552, 1.7676470809282656, 1.7506781841112433, 1.7337092872942212, 1.716740390477199, 1.6997714936601769, 1.6828025968431546], "ref_radius": [1.8694604618303987, 1.8524915650133764, 1.8355226681963543, 1.818553771379332, 1.80158487456231, 1.7846159777452877, 1.7676470809282656, 1.7506781841112433, 1.7337092872942212, 1.716740390477199, 1.6997714936601769, 1.6828025968431546], "length": 20.362676180426625, "seg_id": 4, "type": "Main", "parent": 2,