{"case_id": "RCA_3366_bc6", "artery_type": "RCA", "segments": [{"pos": [[0.0, 0.0, 0.0], [-0.21807518574269746, -0.026498783511393034, 1.8172255512205524], [-0.4026003429095953, -0.04892083109795636, 3.6344511024411044], [-0.5535754715006935, -0.06726614275969, 5.451676653661656], [-0.6710005715159922, -0.08153471849659395, 7.268902204882209], [-0.7548756429554911, -0.09172655830866817, 9.08612775610276], [-0.8052006858191905, -0.09784166219591273, 10.90335330732331], [-0.8219757001070904, -0.09988003015832758, 12.720578858543865], [-0.8052006858191906, -0.09784166219591273, 14.537804409764417], [-0.7548756429554913, -0.09172655830866819, 16.355029960984968], [-0.6710005715159922, -0.08153471849659395, 18.17225551220552], [-0.5535754715006936, -0.06726614275969, 19.989481063426073], [-0.40260034290959545, -0.048920831097956384, 21.806706614646625], [-0.2180751857426977, -0.02649878351139306, 23.623932165867178], [0.0, 0.0, 25.44115771708773]], "radius": [2.4419203691796687, 2.4419203691796687, 2.4419203691796687, 2.4419203691796687, 2.4419203691796687, 2.4419203691796687, 2.439285300962065, 2.14628403434359, 1.5028945598655143, 0.8168391367411039, 0.41624642284219204, 0.4927131101186202, 1.0096664806496536, 1.7198565165254291, 2.2836113844637405], "ref_radius": [2.4419203691796687, 2.4419203691796687, 2.4419203691796687, 2.4419203691796687, 2.4419203691796687, 2.4419203691796687, 2.4419203691796687, 2.4419203691796687, 2.4419203691796687, 2.4419203691796687, 2.4419203691796687, 2.4419203691796687, 2.4419203691796687, 2.4419203691796687, 2.4419203691796687], "length": 25.44115771708773, "seg_id": 0, "type": "Root", "parent": null, "children": [1, 2]}, {"pos": [[0.0, 0.0, 25.44115771708773], [0.8590699665902839, 0.2165434904375168, 27.03570094834438], [1.7551175829591703, 0.39311857273263157, 28.630244179601036], [2.688142849106659, 0.5297252468853442, 30.224787410857683], [3.6581457650327494, 0.6263635128956547, 31.81933064211433], [4.665126330737443, 0.6830333707635632, 33.41387387337098], [5.709084546220739, 0.6997348204890697, 35.00841710462763], [6.790020411482637, 0.676467862072174, 36.602960335884276], [7.907933926523138, 0.6132324955128764, 38.19750356714093], [9.06282509134224, 0.5100287208111766, 39.79204679839758], [10.254693905939945, 0.36685653796707485, 41.38659002965423]], "radius": [1.5306545078591045, 1.5306545078591045, 1.5306545078591045, 1.5306545078591045, 1.5306545078591045, 1.5306545078591045, 1.5306545078591045, 1.5306545078591045, 1.5306545078591045, 1.5306545078591045, 1.5306545078591045], "ref_radius": [1.5306545078591045, 1.5306545078591045, 1.5306545078591045, 1.5306545078591045, 1.5306545078591045, 1.5306545078591045, 1.5306545078591045, 1.5306545078591045, 1.5306545078591045, 1.5306545078591045, 1.5306545078591045], "length": 18.96180746813475, "seg_id": 1, "type": "Side", "parent": 0, "children": []}, {"pos": [[0.0, 0.0, 25.44115771708773], [-0.2544013946205795, -0.03238504357033543, 27.292799268717822], [-0.48696954148591987, -0.04922083781593699, 29.144440820347914], [-0.6977044405960213, -0.050507382736804676, 30.996082371978005], [-0.8866060919508835, -0.03624467833293847, 32.84772392360809], [-1.0536744955505066, -0.006432724604338413, 34.69936547523818], [-1.1989096513948905, 0.03892847844899561, 36.55100702686827], [-1.3223115594840356, 0.09983893082706338, 38.40264857849836], [-1.4238802198179412, 0.17629863252986508, 40.25429013012845], [-1.503615632396608, 0.26830758355740064, 42.105931681758534], [-1.5615177972200358, 0.37586578390967007, 43.95757323338863], [-1.5975867142882243, 0.49897323358667334, 45.80921478501872], [-1.611822383601174, 0.6376299325884108, 47.66085633664881], [-1.604224805158884, 0.7918358809148818, 49.5124978882789], [-1.5747939789613554, 0.9615910785660867, 51.364139439908996], [-1.5235299050085878, 1.1468955255420255, 53.21578099153908]], "radius": [2.4419203691796687, 2.4245203623240257, 2.407120355468382, 2.389720348612739, 2.372320341757096, 2.3549203349014527, 2.3375203280458097, 2.3201203211901666, 2.3027203143345236, 2.1935985084974776, 1.8645314884628128, 1.40537133339208, 0.9439811933832432, 0.6068904978091816, 0.4837806691645965, 0.6028703592349434], "ref_radius": [2.4419203691796687, 2.4245203623240257, 2.407120355468382, 2.389720348612739, 2.372320341757096, 2.3549203349014527, 2.3375203280458097, 2.3201203211901666, 2.3027203143345236, 2.28532030747888, 2.267920300623237, 2.250520293767594, 2.2331202869119506, 2.2157202800563076, 2.1983202732006646, 2.180920266345021], "length": 27.84001096902906, "seg_id": 2, "type": "Main", "parent": 0, "children": [3, 4]}, {"pos": [[-1.5235299050085878, 1.1468955255420255, 53.21578099153908], [0.23360575673532324, 1.4276435519429542, 54.7212036406908], [1.8788800181223464, 1.6228273951351908, 56.226626289842535], [3.4122928791524814, 1.7324470551187345, 57.73204893899427], [4.833844339825729, 1.7565025318935863, 59.23747158814599], [6.143534400142089, 1.6949938254597452, 60.742894237297726], [7.341363060101562, 1.547920935817212, 62.24831688644945], [8.427330319704147, 1.315283862965986, 63.75373953560118], [9.401436178949844, 0.9970826069060675, 65.25916218475291]], "radius": [1.3785388618669447, 1.3785388618669447, 1.3785388618669447, 1.3785388618669447, 1.3785388618669447, 1.3785388618669447, 1.3785388618669447, 1.3785388618669447, 1.3785388618669447], "ref_radius": [1.3785388618669447, 1.3785388618669447, 1.3785388618669447, 1.3785388618669447, 1.3785388618669447, 1.3785388618669447, 1.3785388618669447, 1.3785388618669447, 1.3785388618669447], "length": 16.261007300019543, "seg_id": 3, "type": "Side", "parent": 2, "children": []}, {"pos": [[-1.5235299050085878, 1.1468955255420255, 53.21578099153908], [-1.7847599073099252, 1.0653327320874542, 55.06609892408951], [-2.0312826678085174, 0.9790415382381675, 56.91641685663994], [-2.2630981865043633, 0.8880219439941656, 58.76673478919037], [-2.4802064633974648, 0.7922739493554485, 60.61705272174081], [-2.6826074984878203, 0.6917975543220161, 62.46737065429124], [-2.8703012917754314, 0.5865927588938686, 64.31768858684168], [-3.0432878432602966, 0.47665956307100577, 66.16800651939212], [-3.201567152942416, 0.36199796685342756, 68.01832445194255], [-3.34513922082179, 0.2426079702411341, 69.86864238449299], [-3.4740040468984192, 0.1184895732341254, 71.71896031704341], [-3.5881616311723024, -0.010357224167598544, 73.56927824959385], [-3.68761197364344, -0.14393242196403755, 75.41959618214429], [-3.7723550743118333, -0.28223602015519206, 77.26991411469473], [-3.84239093317748, -0.4252680187410618, 79.12023204724515], [-3.8977195502403816, -0.5730284177216467, 80.97054997979559], [-3.9383409255005386, -0.7255172170969472, 82.82086791234603], [-3.9642550589579493, -0.8827344168669626, 84.67118584489646]], "radius": [0.9239502976695895, 1.35064767496399, 1.7585926327380315, 2.0306502995262403, 2.093264324140839, 2.075700340303704, 2.05813635646657, 2.040572372629435, 2.0230083887923, 2.005444404955165, 1.9878804211180305, 1.970316437280896, 1.9527524534437612, 1.9351884696066264, 1.9176244857694917, 1.9000605019323569, 1.8824965180952222, 1.8649325342580874], "ref_radius": [2.163520259489378, 2.1459562756522432, 2.128392291815109, 2.110828307977974, 2.093264324140839, 2.075700340303704, 2.05813635646657, 2.040572372629435, 2.0230083887923, 2.005444404955165, 1.9878804211180305, 1.970316437280896, 1.9527524534437612, 1.9351884696066264, 1.9176244857694917, 1.9000605019323569, 1.8824965180952222, 1.8649325342580874], "length": 31.615170906842543, "seg_id": 4, "type": "Main", "parent": 2,