{"case_id": "RCA_3692_bc4", "artery_type": "RCA", "segments": [{"pos": [[0.0, 0.0, 0.0], [0.07709644665803198, -0.05863308316094102, 1.8765615114017296], [0.14017535756005814, -0.1066056057471655, 3.75312302280346], [0.1892367327060785, -0.14391756775867343, 5.6296845342051895], [0.22428057209609303, -0.17056896919546483, 7.50624604560692], [0.24530687573010174, -0.18655981005753963, 9.382807557008649], [0.25231564360810466, -0.1918900903448979, 11.259369068410379], [0.24530687573010176, -0.18655981005753963, 13.135930579812108], [0.22428057209609303, -0.17056896919546483, 15.012492091213838], [0.1892367327060785, -0.14391756775867343, 16.88905360261557], [0.1401753575600582, -0.10660560574716554, 18.765615114017297], [0.07709644665803202, -0.058633083160941055, 20.642176625419026], [0.0, 0.0, 22.518738136820758]], "radius": [2.5198615947018235, 2.5198615947018235, 2.5198615947018235, 2.5198615947018235, 2.5198615947018235, 2.5195816314387343, 2.368814042949288, 1.9923654683055743, 1.5201057262697155, 1.1149582311882584, 0.9166935528075635, 0.9937104036811344, 1.3194389808178282], "ref_radius": [2.5198615947018235, 2.5198615947018235, 2.5198615947018235, 2.5198615947018235, 2.5198615947018235, 2.5198615947018235, 2.5198615947018235, 2.5198615947018235, 2.5198615947018235, 2.5198615947018235, 2.5198615947018235, 2.5198615947018235, 2.5198615947018235], "length": 22.518738136820758, "seg_id": 0, "type": "Root", "parent": null, "children": [1, 2]}, {"pos": [[0.0, 0.0, 22.518738136820758], [1.0387837666379252, 0.10360892329211029, 23.785286767569808], [2.11833480068372, 0.1938856535893357, 25.05183539831885], [3.2386531021373846, 0.27083019089167626, 26.318384029067897], [4.399738670998918, 0.33444253519913203, 27.58493265981694], [5.6015915072683224, 0.3847226865117029, 28.851481290565992], [6.844211610945595, 0.4216706448293889, 30.118029921315035], [8.127598982030738, 0.44528641015219006, 31.384578552064077], [9.45175362052375, 0.4555699824801063, 32.65112718281313], [10.81667552642463, 0.45252136181313773, 33.91767581356217], [12.222364699733383, 0.4361405481512842, 35.18422444431121], [13.668821140450005, 0.4064275414945459, 36.45077307506027], [15.156044848574496, 0.36338234184292284, 37.71732170580931], [16.684035824106854, 0.3070049491964148, 38.983870336558354]], "radius": [1.780919273164763, 1.780919273164763, 1.780919273164763, 1.780919273164763, 1.780919273164763, 1.780919273164763, 1.780919273164763, 1.780919273164763, 1.780919273164763, 1.780919273164763, 1.780919273164763, 1.780919273164763, 1.780919273164763, 1.780919273164763], "ref_radius": [1.780919273164763, 1.780919273164763, 1.780919273164763, 1.780919273164763, 1.780919273164763, 1.780919273164763, 1.780919273164763, 1.780919273164763, 1.780919273164763, 1.780919273164763, 1.780919273164763, 1.780919273164763, 1.780919273164763, 1.780919273164763], "length": 23.44252293960161, "seg_id": 1, "type": "Side", "parent": 0, "children": []}, {"pos": [[0.0, 0.0, 22.518738136820758], [-0.19416441655178796, -0.41160987377084923, 24.517863119863197], [-0.3488241974835934, -0.7287418486323533, 26.51698810290564], [-0.4639793427954163, -0.9513959245845119, 28.516113085948078], [-0.5396298524872567, -1.0795721016273256, 30.515238068990513], [-0.5757757265591146, -1.1132703797607941, 32.514363052032955], [-0.5724169650109899, -1.0524907589849175, 34.5134880350754], [-0.5295535678428827, -0.8972332392996956, 36.51261301811783], [-0.447185535054793, -0.6474978207051284, 38.511738001160275]], "radius": [1.781507199083776, 2.204829679560965, 2.4499001854689957, 2.46648710297993, 2.4486956057392986, 2.4309041084986673, 2.413112611258036, 2.395321114017405, 2.377529616776774], "ref_radius": [2.5198615947018235, 2.5020700974611922, 2.484278600220561, 2.46648710297993, 2.4486956057392986, 2.4309041084986673, 2.413112611258036, 2.395321114017405, 2.377529616776774], "length": 16.012347516568077, "seg_id": 2, "type": "Main", "parent": 0, "children": [3, 4]}, {"pos": [[-0.447185535054793, -0.6474978207051284, 38.511738001160275], [1.0833108677844339, -1.0054726434744152, 40.03276083550404], [2.568486439916437, -1.289397625151069, 41.55378366984781], [4.008341181341216, -1.4992727657350897, 43.074806504191585], [5.402875092058772, -1.6350980652264775, 44.595829338535346], [6.752088172069104, -1.6968735236252321, 46.11685217287912], [8.055980421372212, -1.684599140931354, 47.63787500722289], [9.314551839968095, -1.5982749171448427, 49.15889784156665], [10.527802427856757, -1.4379008522656982, 50.679920675910424], [11.695732185038194, -1.2034769462939208, 52.20094351025419]], "radius": [1.6833256705915052, 1.6833256705915052, 1.6833256705915052, 1.6833256705915052, 1.6833256705915052, 1.6833256705915052, 1.6833256705915052, 1.6833256705915052, 1.6833256705915052, 1.6833256705915052], "ref_radius": [1.6833256705915052, 1.6833256705915052, 1.6833256705915052, 1.6833256705915052, 1.6833256705915052, 1.6833256705915052, 1.6833256705915052, 1.6833256705915052, 1.6833256705915052, 1.6833256705915052], "length": 18.307209263436246, "seg_id": 3, "type": "Side", "parent": 2, "children": []}, {"pos": [[-0.447185535054793, -0.6474978207051284, 38.511738001160275], [-0.16710265056548115, -1.0103024123899298, 40.41053187681863], [0.06438689985325309, -1.338545077354682, 42.309325752477], [0.2472831162014099, -1.6322258155993845, 44.20811962813536], [0.38158599847898905, -1.8913446271240377, 46.10691350379373], [0.4672955466859907, -2.115901511928641, 48.00570737945209], [0.504411760822415, -2.3058964700131948, 49.904501255110446], [0.49293464088826167, -2.4613295013776995, 51.80329513076882], [0.4328641868835307, -2.5822006060221545, 53.70208900642717], [0.3242003988082223, -2.6685097839465595, 55.60088288208553], [0.16694327666233647, -2.720257035150915, 57.4996767577439], [-0.03890717955412712, -2.7374423596352218, 59.398470633402255], [-0.29335096984116826, -2.7200657573994786, 61.297264509060625]], "radius": [2.359738119536143, 2.342138035129946, 2.3245379507237485, 2.3069378663175515, 2.289337781911354, 2.271737697505157, 2.2541376130989597, 2.2365375286927627, 2.2189374442865657, 2.2013373598803683, 2.1837372754741713, 2.166137191067974, 2.148537106661777], "ref_radius": [2.359738119536143, 2.342138035129946, 2.3245379507237485, 2.3069378663175515, 2.289337781911354, 2.271737697505157, 2.2541376130989597, 2.2365375286927627, 2.2189374442865657, 2.2013373598803683, 2.1837372754741713, 2.166137191067974, 2.148537106661777], "length": 22.880109728056322, "seg_id": 4, "type": "Main", "parent": 2, "children": [5, 6]}, {"pos": [[-0.29335096984116826, -2.7200657573994786, 61.297264509060625], [1.2106526229664607, -2.9293862251810605, 62.568975136626676], [2.6756678445304978, -3.1372141957818664, 63.840685764192735], [4.101694694850945, -3.343549669201894, 65.11239639175878], [5.488733173927801, -3.5483926454411465, 66.38410701932484], [6.836783281761065, -3.7517431244996224, 67.6558176468909], [8.145845018350741, -3.953601106377321, 68.92752827445693], [9.415918383696823, -4.153966591074244, 70.199238902023], [10.647003377799315, -4.352839578590389, 71.47094952958905], [11.839100000658217, -4.550220068925759, 72.74266015715511], [12.992208252273528, -4.746108062080352, 74.01437078472115], [14.106328132645249, -4.940503558054168, 75.28608141228722], [15.181459641773378, -5.133406556847207, 76.55779203985327], [16.217602779657916, -5.324817058459471, 77.82950266741932], [17.214757546298863, -5.514735062890958, 79.10121329498537]], "radius": [1.1697285597982272, 1.1697285597982272, 1.1697285597982272, 1.1697285597982272, 1.1697285597982272, 1.1697285597982272, 1.1697285597982272, 1.1697285597982272, 1.1697285597982272, 1.1697285597982272, 1.1697285597982272, 1.1697285597982272, 1.1697285597982272, 1.1697285597982272, 1.1697285597982272],