{"case_id": "RCA_6719_bc3", "artery_type": "RCA", "segments": [{"pos": [[0.0, 0.0, 0.0], [-0.1264287289874482, 0.024985308466728234, 1.8061847654379282], [-0.23705386685146534, 0.046847453375115436, 3.612369530875856], [-0.33187541359205147, 0.06558643472516161, 5.418554296313783], [-0.4108933692092066, 0.08120225251686675, 7.224739061751713], [-0.4741077337029307, 0.09369490675023087, 9.03092382718964], [-0.5215185070732238, 0.10306439742525396, 10.837108592627569], [-0.5531256893200859, 0.10931072454193602, 12.643293358065495], [-0.5689292804435169, 0.11243388810027705, 14.449478123503425], [-0.5689292804435169, 0.11243388810027705, 16.25566288894135], [-0.5531256893200859, 0.10931072454193602, 18.06184765437928], [-0.5215185070732238, 0.10306439742525396, 19.86803241981721], [-0.4741077337029308, 0.09369490675023089, 21.674217185255134], [-0.4108933692092067, 0.08120225251686677, 23.480401950693064], [-0.3318754135920516, 0.06558643472516162, 25.28658671613099], [-0.23705386685146543, 0.04684745337511545, 27.09277148156892], [-0.12642872898744822, 0.024985308466728237, 28.89895624700685], [0.0, 0.0, 30.705141012444777]], "radius": [1.9121220169980546, 1.9121220169980546, 1.9121220169980546, 1.9121220169980546, 1.9121220169980546, 1.9121220169980546, 1.9121220169980546, 1.9121220169980546, 1.87578416275174, 1.6067198241695877, 1.1816512165451878, 0.7800622202228766, 0.5715225236497625, 0.6440873566767569, 0.9671164471816415, 1.4042117794371536, 1.7708112265149796, 1.9121220169980546], "ref_radius": [1.9121220169980546, 1.9121220169980546, 1.9121220169980546, 1.9121220169980546, 1.9121220169980546, 1.9121220169980546, 1.9121220169980546, 1.9121220169980546, 1.9121220169980546, 1.9121220169980546, 1.9121220169980546, 1.9121220169980546, 1.9121220169980546, 1.9121220169980546, 1.9121220169980546, 1.9121220169980546, 1.9121220169980546, 1.9121220169980546], "length": 30.705141012444777, "seg_id": 0, "type": "Root", "parent": null, "children": [1, 2]}, {"pos": [[0.0, 0.0, 30.705141012444777], [1.0631803453655218, -0.35507400451419674, 32.05027817091302], [2.1682853083093074, -0.6713812185869903, 33.39541532938125], [3.315314888831356, -0.9489216422183807, 34.74055248784949], [4.504269086931669, -1.1876952754083683, 36.08568964631773], [5.735147902610246, -1.3877021181569524, 37.43082680478597], [7.007951335867085, -1.548942170464133, 38.775963963254206], [8.32267938670219, -1.671415432329911, 40.12110112172245], [9.679332055115555, -1.7551219037542856, 41.46623828019068], [11.077909341107185, -1.8000615847372572, 42.81137543865892], [12.518411244677079, -1.8062344752788255, 44.15651259712716], [14.000837765825239, -1.7736405753789906, 45.5016497555954], [15.525188904551658, -1.7022798850377527, 46.84678691406364], [17.091464660856342, -1.5921524042551116, 48.191924072531876]], "radius": [1.0366057185209088, 1.0366057185209088, 1.0366057185209088, 1.0366057185209088, 1.0366057185209088, 1.0366057185209088, 1.0366057185209088, 1.0366057185209088, 1.0366057185209088, 1.0366057185209088, 1.0366057185209088, 1.0366057185209088, 1.0366057185209088, 1.0366057185209088], "ref_radius": [1.0366057185209088, 1.0366057185209088, 1.0366057185209088, 1.0366057185209088, 1.0366057185209088, 1.0366057185209088, 1.0366057185209088, 1.0366057185209088, 1.0366057185209088, 1.0366057185209088, 1.0366057185209088, 1.0366057185209088, 1.0366057185209088, 1.0366057185209088], "length": 24.503891432224098, "seg_id": 1, "type": "Side", "parent": 0, "children": []}, {"pos": [[0.0, 0.0, 30.705141012444777], [0.018592608020398103, -0.5285572642831264, 32.46042551219042], [0.049592187626439584, -1.027583919909497, 34.21571001193607], [0.09299873881812445, -1.4970799668791115, 35.970994511681695], [0.1488122615954527, -1.93704540519197, 37.72627901142734], [0.2170327559584243, -2.347480234848072, 39.48156351117298], [0.29766022190703934, -2.7283844558474186, 41.23684801091862], [0.3906946594412978, -3.0797580681900096, 42.99213251066426], [0.4961360685611995, -3.4016010718758443, 44.747417010409904], [0.6139844492667446, -3.693913466904922, 46.502701510155546], [0.7442398015579331, -3.9566952532772452, 48.25798600990119], [0.8869021254347651, -4.189946430992812, 50.01327050964683], [1.0419714208972406, -4.3936670000516225, 51.76855500939247], [1.2094476879453593, -4.567856960453677, 53.523839509138114], [1.3893309265791214, -4.712516312198976, 55.279124008883755]], "radius": [1.9121220169980546, 1.8954151496046667, 1.8787082822112786, 1.8620014148178907, 1.8452945474245028, 1.8285876800311147, 1.8118808126377268, 1.7951739452443387, 1.7784670778509508, 1.6323834894429357, 1.1959228605854995, 0.6942032437859431, 0.38809898763497364, 0.43015457997622364, 0.7860573382219195], "ref_radius": [1.9121220169980546, 1.8954151496046667, 1.8787082822112786, 1.8620014148178907, 1.8452945474245028, 1.8285876800311147, 1.8118808126377268, 1.7951739452443387, 1.7784670778509508, 1.761760210457563, 1.7450533430641748, 1.728346475670787, 1.711639608277399, 1.694932740884011, 1.678225873490623], "length": 25.060301090081957, "seg_id": 2, "type": "Main", "parent": 0, "children": [3, 4]}, {"pos": [[1.3893309265791214, -4.712516312198976, 55.279124008883755], [2.591685881316441, -5.135221489862829, 56.71540070662981], [3.7823449024230777, -5.536450976360617, 58.15167740437586], [4.961307989899032, -5.916204771692338, 59.58795410212191], [6.128575143744304, -6.274482875857997, 61.02423079986797], [7.284146363958893, -6.611285288857589, 62.46050749761403], [8.4280216505428, -6.926612010691116, 63.89678419536008], [9.560201003496022, -7.220463041358578, 65.33306089310614], [10.680684422818562, -7.4928383808599754, 66.76933759085219], [11.789471908510421, -7.743738029195308, 68.20561428859824], [12.886563460571598, -7.973161986364575, 69.6418909863443], [13.97195907900209, -8.181110252367777, 71.07816768409035], [15.0456587638019, -8.367582827204915, 72.5144443818364], [16.107662514971025, -8.532579710875986, 73.95072107958245], [17.15797033250947, -8.676100903380993, 75.3869977773285], [18.196582216417234, -8.798146404719935, 76.82327447507456], [19.223498166694313, -8.898716214892811, 78.25955117282061]], "radius": [1.01557639666921, 1.01557639666921, 1.01557639666921, 1.01557639666921, 1.01557639666921, 1.01557639666921, 1.01557639666921, 1.01557639666921, 1.01557639666921, 1.01557639666921, 1.01557639666921, 1.01557639666921, 1.01557639666921, 1.01557639666921, 1.01557639666921, 1.01557639666921, 1.01557639666921], "ref_radius": [1.01557639666921, 1.01557639666921, 1.01557639666921, 1.01557639666921, 1.01557639666921, 1.01557639666921, 1.01557639666921, 1.01557639666921, 1.01557639666921, 1.01557639666921, 1.01557639666921, 1.01557639666921, 1.01557639666921, 1.01557639666921, 1.01557639666921, 1.01557639666921, 1.01557639666921], "length": 29.38846412133031, "seg_id": 3, "type": "Side", "parent": 2, "children": []}, {"pos": [[1.3893309265791214, -4.712516312198976, 55.279124008883755], [1.530503465195173, -4.9082469935272, 57.18907619537133], [1.680097462674289, -5.110604969621832, 59.099028381858915], [1.8381129190164698, -5.3195902404828725, 61.0089805683465], [2.0045498342217147, -5.535202806110319, 62.91893275483408], [2.1794082082900244, -5.757442666504172, 64.82888494132166], [2.362688041221398, -5.986309821664433, 66.73883712780923], [2.5543893330158363, -6.2218042715911, 68.6487893142968], [2.7545120836733394, -6.463926016284178, 70.55874150078441], [2.9630562931939064, -6.71267505574366, 72.46869368727198]], "radius": [1.2563912464768725, 1.5845849594525665, 1.6267650968347034, 1.6093881422034375, 1.5920111875721719, 1.574634232940906, 1.5572572783096403, 1.5398803236783745, 1.5225033690471088, 1.505126414415843], "ref_radius": [1.661519006097235, 1.644142051465969, 1.6267650968347034, 1.6093881422034375, 1.5920111875721719, 1.574634232940906, 1.5572572783096403, 1.5398803236783745, 1.5225033690471088, 1.505126414415843], "length": 17.37695463126577, "seg_id": 4, "type": "Main", "parent": 2,