{"case_id": "RCA_588_bc6", "artery_type": "RCA", "segments": [{"pos": [[0.0, 0.0, 0.0], [-0.12322412515284095, -0.17232618985528814, 1.8513773799959818], [-0.23195129440534767, -0.32437871031583654, 3.7027547599919632], [-0.3261815077575202, -0.45615756138164515, 5.554132139987947], [-0.40591476520935843, -0.5676627430527139, 7.405509519983927], [-0.4711510667608625, -0.658894255329043, 9.25688689997991], [-0.5218904124120324, -0.7298520982106322, 11.108264279975891], [-0.5581328021628679, -0.7805362716974816, 12.959641659971872], [-0.5798782360133692, -0.8109467757895913, 14.811019039967855], [-0.5871267139635363, -0.8210836104869612, 16.662396419963837], [-0.5798782360133692, -0.8109467757895913, 18.51377379995982], [-0.5581328021628679, -0.7805362716974816, 20.3651511799558], [-0.5218904124120324, -0.7298520982106322, 22.216528559951783], [-0.4711510667608625, -0.658894255329043, 24.067905939947764], [-0.40591476520935854, -0.567662743052714, 25.919283319943744], [-0.3261815077575203, -0.4561575613816453, 27.770660699939725], [-0.23195129440534776, -0.32437871031583665, 29.62203807993571], [-0.12322412515284102, -0.17232618985528825, 31.473415459931694], [0.0, 0.0, 33.324792839927674]], "radius": [1.7602769140334786, 1.7602769140334786, 1.7602769140334786, 1.7602769140334786, 1.7602769140334786, 1.7602769140334786, 1.7602769140334786, 1.7602769140334786, 1.7602769140334786, 1.7602769140334786, 1.7602769140334786, 1.7602769140334786, 1.7602769140334786, 1.7602769140334786, 1.7602769140334786, 1.7602769140334786, 1.7602769140334786, 1.7602769140334786, 1.7602769140334786], "ref_radius": [1.7602769140334786, 1.7602769140334786, 1.7602769140334786, 1.7602769140334786, 1.7602769140334786, 1.7602769140334786, 1.7602769140334786, 1.7602769140334786, 1.7602769140334786, 1.7602769140334786, 1.7602769140334786, 1.7602769140334786, 1.7602769140334786, 1.7602769140334786, 1.7602769140334786, 1.7602769140334786, 1.7602769140334786, 1.7602769140334786, 1.7602769140334786], "length": 33.324792839927674, "seg_id": 0, "type": "Root", "parent": null, "children": [1, 2]}, {"pos": [[0.0, 0.0, 33.324792839927674], [1.4435335917015233, -0.23941719688664018, 34.6648318944399], [2.8744440997596397, -0.4443709138510942, 36.004870948952124], [4.292731524174348, -0.6148611508933619, 37.344910003464356], [5.698395864945652, -0.7508879080134436, 38.68494905797658], [7.091437122073549, -0.8524511852113392, 40.024988112488806], [8.471855295558035, -0.9195509824870485, 41.36502716700103], [9.839650385399118, -0.9521872998405716, 42.70506622151326], [11.194822391596793, -0.9503601372719085, 44.04510527602548], [12.537371314151063, -0.9140694947810594, 45.38514433053771], [13.867297153061925, -0.8433153723680239, 46.725183385049945], [15.184599908329377, -0.7380977700328024, 48.06522243956217]], "radius": [1.0467512782577602, 1.0467512782577602, 1.0467512782577602, 1.0467512782577602, 1.0467512782577602, 1.0467512782577602, 1.0467512782577602, 1.0467512782577602, 1.0467512782577602, 1.0467512782577602, 1.0467512782577602, 1.0467512782577602], "ref_radius": [1.0467512782577602, 1.0467512782577602, 1.0467512782577602, 1.0467512782577602, 1.0467512782577602, 1.0467512782577602, 1.0467512782577602, 1.0467512782577602, 1.0467512782577602, 1.0467512782577602, 1.0467512782577602, 1.0467512782577602], "length": 21.17538966526814, "seg_id": 1, "type": "Side", "parent": 0, "children": []}, {"pos": [[0.0, 0.0, 33.324792839927674], [0.14178922297003801, -0.1758153944530269, 35.10228833286855], [0.2724369620713188, -0.347865574956994, 36.87978382580942], [0.3919432173038423, -0.5161505415119014, 38.65727931875029], [0.5003079886676086, -0.6806702941177489, 40.43477481169117], [0.5975312761626176, -0.8414248327745367, 42.21227030463205], [0.6836130797888695, -0.9984141574822647, 43.98976579757292], [0.758553399546364, -1.151638268240933, 45.76726129051379], [0.8223522354351014, -1.3010971650505414, 47.544756783454666], [0.8750095874550814, -1.4467908479110902, 49.32225227639554], [0.9165254556063043, -1.588719316822579, 51.09974776933642], [0.9468998398887698, -1.726882571785008, 52.87724326227729], [0.9661327403024783, -1.8612806127983774, 54.65473875521816], [0.9742241568474294, -1.991913439862687, 56.432234248159034], [0.9711740895236232, -2.118781052977937, 58.20972974109991], [0.95698253833106, -2.241883452144127, 59.98722523404078], [0.9316495032697393, -2.361220637361257, 61.76472072698166]], "radius": [1.7602769140334786, 1.743481041745249, 1.7266851694570196, 1.70988929716879, 1.6787776256841935, 1.3969793119706266, 0.9281768232096079, 0.5356463526400441, 0.43417762566568485, 0.6693169158967031, 1.0949928506715232, 1.460220358942945, 1.5587264465747241, 1.5419305742864946, 1.525134701998265, 1.5083388297100355, 1.4915429574218058], "ref_radius": [1.7602769140334786, 1.743481041745249, 1.7266851694570196, 1.70988929716879, 1.6930934248805605, 1.676297552592331, 1.6595016803041014, 1.6427058080158718, 1.6259099357276423, 1.6091140634394128, 1.5923181911511832, 1.5755223188629537, 1.5587264465747241, 1.5419305742864946, 1.525134701998265, 1.5083388297100355, 1.4915429574218058], "length": 28.552982889990226, "seg_id": 2, "type": "Main", "parent": 0, "children": [3, 4]}, {"pos": [[0.9316495032697393, -2.361220637361257, 61.76472072698166], [2.2997835518012266, -2.552074738124322, 63.26453967480688], [3.620098409311254, -2.739889217553522, 64.76435862263214], [4.89259407579982, -2.9246640756488564, 66.26417757045738], [6.117270551266928, -3.106399312410327, 67.76399651828261], [7.2941278357125725, -3.2850949278379318, 69.26381546610784], [8.423165929136758, -3.460750921931672, 70.76363441393308], [9.504384831539483, -3.633367294691547, 72.26345336175831], [10.53778454292075, -3.802944046117557, 73.76327230958356], [11.523365063280552, -3.9694811762097024, 75.26309125740877], [12.461126392618896, -4.132978684967982, 76.76291020523402], [13.35106853093578, -4.293436572392398, 78.26272915305924], [14.193191478231205, -4.4508548384829485, 79.76254810088449]], "radius": [1.1175174282905922, 1.1175174282905922, 1.1175174282905922, 1.1175174282905922, 1.1175174282905922, 1.1175174282905922, 1.1175174282905922, 1.1175174282905922, 1.1175174282905922, 1.1175174282905922, 1.1175174282905922, 1.1175174282905922, 1.1175174282905922], "ref_radius": [1.1175174282905922, 1.1175174282905922, 1.1175174282905922, 1.1175174282905922, 1.1175174282905922, 1.1175174282905922, 1.1175174282905922, 1.1175174282905922, 1.1175174282905922, 1.1175174282905922, 1.1175174282905922, 1.1175174282905922, 1.1175174282905922], "length": 22.453437528115117, "seg_id": 3, "type": "Side", "parent": 2, "children": []}, {"pos": [[0.9316495032697393, -2.361220637361257, 61.76472072698166], [1.1244032572731775, -2.8789941175891345, 63.50925416591783], [1.3064330517136595, -3.3751449082686893, 65.25378760485401], [1.4777388865911856, -3.849673009399922, 66.99832104379021], [1.6383207619057552, -4.30257842098283, 68.74285448272636], [1.7881786776573685, -4.733861143017417, 70.48738792166255], [1.9273126338460254, -5.14352117550368, 72.23192136059875], [2.0557226304717258, -5.53155851844162, 73.9764547995349], [2.1734086675344706, -5.8979731718312385, 75.72098823847108], [2.2803707450342587, -6.242765135672533, 77.46552167740727], [2.3766088629710906, -6.5659344099655055, 79.21005511634344], [2.462123021344966, -6.867480994710154, 80.95458855527963], [2.5369132201558857, -7.147404889906481, 82.6991219942158], [2.600979459403849, -7.405706095554484, 84.44365543315197], [2.6543217390888554, -7.642384611654164, 86.18818887208815], [2.696940059210906, -7.857440438205522, 87.93272231102434], [2.7288344197700005, -8.050873575208557, 89.67725574996052], [2.7500048207661387, -8.22268402266327, 91.4217891888967], [2.7604512621993202, -8.372871780569659, 93.16632262783287]],