{"case_id": "RCA_5389_bc7", "artery_type": "RCA", "segments": [{"pos": [[0.0, 0.0, 0.0], [0.158541707160677, -0.15717389152666839, 1.8400025070743349], [0.2994676690812787, -0.29688401732815134, 3.6800050141486693], [0.42277788576180525, -0.4191303774044489, 5.520007521223004], [0.5284723572022566, -0.5239129717555612, 7.360010028297339], [0.6165510834026328, -0.6112318003814882, 9.200012535371673], [0.6870140643629336, -0.6810868632822296, 11.040015042446008], [0.7398613000831592, -0.7334781604577857, 12.880017549520343], [0.7750927905633097, -0.7684056919081566, 14.720020056594677], [0.7927085358033851, -0.7858694576333419, 16.560022563669015], [0.792708535803385, -0.7858694576333419, 18.400025070743347], [0.7750927905633097, -0.7684056919081566, 20.240027577817685], [0.7398613000831593, -0.7334781604577857, 22.080030084892016], [0.6870140643629338, -0.6810868632822298, 23.920032591966347], [0.6165510834026328, -0.6112318003814882, 25.760035099040685], [0.5284723572022566, -0.5239129717555612, 27.600037606115023], [0.4227778857618054, -0.4191303774044491, 29.440040113189355], [0.29946766908127903, -0.2968840173281516, 31.28004262026369], [0.15854170716067714, -0.15717389152666852, 33.120045127338024], [0.0, 0.0, 34.96004763441236]], "radius": [1.7628644623725345, 1.7628644623725345, 1.7628644623725345, 1.7628644623725345, 1.7628644623725345, 1.7051434972535766, 1.351811568143135, 0.8886781701895713, 0.6121142019148285, 0.6991000152834996, 1.0939711650609099, 1.5440395100397224, 1.7612948130246728, 1.7628644623725345, 1.7628644623725345, 1.7628644623725345, 1.7628644623725345, 1.7628644623725345, 1.7628644623725345, 1.7628644623725345], "ref_radius": [1.7628644623725345, 1.7628644623725345, 1.7628644623725345, 1.7628644623725345, 1.7628644623725345, 1.7628644623725345, 1.7628644623725345, 1.7628644623725345, 1.7628644623725345, 1.7628644623725345, 1.7628644623725345, 1.7628644623725345, 1.7628644623725345, 1.7628644623725345, 1.7628644623725345, 1.7628644623725345, 1.7628644623725345, 1.7628644623725345, 1.7628644623725345, 1.7628644623725345], "length": 34.96004763441236, "seg_id": 0, "type": "Root", "parent": null, "children": [1, 2]}, {"pos": [[0.0, 0.0, 34.96004763441236], [1.2610045251254285, 0.441526213261384, 36.43903047748977], [2.548736734450005, 0.8009568650228039, 37.9180133205672], [3.8631966279737293, 1.0782919552842598, 39.396996163644616], [5.2043842056966, 1.2735314840457512, 40.87597900672203], [6.57229946761862, 1.386675451307279, 42.35496184979944], [7.966942413739788, 1.4177238570688424, 43.833944692876855], [9.3883130440601, 1.3666767013304417, 45.312927535954266], [10.836411358579566, 1.233533984092077, 46.79191037903169], [12.311237357298175, 1.0182957053537478, 48.2708932221091]], "radius": [1.1108902394005442, 1.1108902394005442, 1.1108902394005442, 1.1108902394005442, 1.1108902394005442, 1.1108902394005442, 1.1108902394005442, 1.1108902394005442, 1.1108902394005442, 1.1108902394005442], "ref_radius": [1.1108902394005442, 1.1108902394005442, 1.1108902394005442, 1.1108902394005442, 1.1108902394005442, 1.1108902394005442, 1.1108902394005442, 1.1108902394005442, 1.1108902394005442, 1.1108902394005442], "length": 18.159903680107497, "seg_id": 1, "type": "Side", "parent": 0, "children": []}, {"pos": [[0.0, 0.0, 34.96004763441236], [-0.039078021418265746, 0.04164783412555478, 36.78430744899638], [-0.07921174300466108, 0.0854778211507549, 38.60856726358038], [-0.12040116475918601, 0.13148996107560038, 40.4328270781644], [-0.16264628668184059, 0.1796842539000912, 42.25708689274841], [-0.20594710877262473, 0.23006069962422743, 44.08134670733243], [-0.2503036310315385, 0.2826192982480089, 45.90560652191644], [-0.29571585345858187, 0.33736004977143585, 47.729866336500464], [-0.3421837760537549, 0.3942829541945081, 49.554126151084475], [-0.38970739881705746, 0.45338801151722574, 51.378385965668485], [-0.4382867217484897, 0.5146752217395887, 53.202645780252496], [-0.4879217448480515, 0.578144584861597, 55.026905594836514], [-0.5386124681157427, 0.6437961008832506, 56.851165409420524], [-0.5903588915515638, 0.7116297698045496, 58.67542522400454], [-0.6431610151555145, 0.781645591625494, 60.49968503858856], [-0.6970188389275946, 0.8538435663460838, 62.32394485317257], [-0.7519323628678045, 0.928223693966319, 64.14820466775659], [-0.8079015869761439, 1.0047859744861993, 65.9724644823406]], "radius": [1.7628644623725345, 1.7456204591334548, 1.728376455894375, 1.7111324526552953, 1.6938884494162156, 1.6766444461771361, 1.6594004429380564, 1.6421564396989767, 1.624912436459897, 1.6076684332208173, 1.5904244299817376, 1.573180426742658, 1.5559364235035782, 1.5386924202644985, 1.5214484170254188, 1.504204413786339, 1.4869604105472596, 1.4697164073081799], "ref_radius": [1.7628644623725345, 1.7456204591334548, 1.728376455894375, 1.7111324526552953, 1.6938884494162156, 1.6766444461771361, 1.6594004429380564, 1.6421564396989767, 1.624912436459897, 1.6076684332208173, 1.5904244299817376, 1.573180426742658, 1.5559364235035782, 1.5386924202644985, 1.5214484170254188, 1.504204413786339, 1.4869604105472596, 1.4697164073081799], "length": 31.039205830343434, "seg_id": 2, "type": "Main", "parent": 0, "children": [3, 4]}, {"pos": [[-0.8079015869761439, 1.0047859744861993, 65.9724644823406], [0.335173522720864, 1.1248360410281433, 67.62933829983828], [1.496172531023054, 1.225430946480271, 69.28621211733598], [2.675095437930426, 1.3065706908425825, 70.94308593483368], [3.87194224344298, 1.3682552741150777, 72.59995975233136], [5.0867129475607165, 1.4104846962977566, 74.25683356982906], [6.319407550283634, 1.4332589573906191, 75.91370738732675], [7.570026051611734, 1.4365780573936655, 77.57058120482444], [8.838568451545017, 1.4204419963068955, 79.22745502232213]], "radius": [0.8682350692590711, 0.8682350692590711, 0.8682350692590711, 0.8682350692590711, 0.8682350692590711, 0.8682350692590711, 0.8682350692590711, 0.8682350692590711, 0.8682350692590711], "ref_radius": [0.8682350692590711, 0.8682350692590711, 0.8682350692590711, 0.8682350692590711, 0.8682350692590711, 0.8682350692590711, 0.8682350692590711, 0.8682350692590711, 0.8682350692590711], "length": 16.398839237810773, "seg_id": 3, "type": "Side", "parent": 2, "children": []}, {"pos": [[-0.8079015869761439, 1.0047859744861993, 65.9724644823406], [-0.7425560853600228, 0.842323499039425, 67.8011393010785], [-0.6821785957809647, 0.6981448426589189, 69.62981411981642], [-0.6267691182389699, 0.572250005344681, 71.45848893855432], [-0.5763276527340381, 0.4646389870967111, 73.28716375729225], [-0.5308541992661693, 0.3753117879150093, 75.11583857603014], [-0.49034875783536347, 0.3042684077995757, 76.94451339476805], [-0.4548113284416208, 0.2515088467504103, 78.77318821350596], [-0.42424191108494125, 0.21703310476751309, 80.60186303224387], [-0.39864050576532484, 0.20084118185088404, 82.43053785098178], [-0.3780071124827714, 0.20293307800052307, 84.25921266971969], [-0.3623417312372811, 0.2233087932164303, 86.0878874884576], [-0.3516443620288539, 0.26196832749860577, 87.9165623071955], [-0.34591500485748977, 0.3189116808470493, 89.7452371259334], [-0.3451536597231887, 0.394138853261761, 91.57391194467131], [-0.3493603266259507, 0.48764984474274087, 93.40258676340922], [-0.3493603266259507, 0.48764984474274087, 93.40258676340922], [-0.4442210885376097, 0.5877048090942966, 95.22019169410154], [-0.514032825006013, 0.6608953719787474, 97.03779662479388], [-0.5587955360311604, 0.7072215333960937, 98.85540155548624], [-0.5785092216130518, 0.7266832933463356, 100.6730064861786], [-0.5731738817516874, 0.7192806518294727, 102.49061141687092], [-0.5427895164470672, 0.6850136088455051, 104.30821634756327], [-0.48735612569919107, 0.623882164394433, 106.12582127825561], [-0.40687370950805907, 0.5358863184762559, 107.94342620894795], [-0.3013422678736712, 0.42102607109097445, 109.7610311396403], [-0.1707618007960274, 0.2793014222385882, 111.57863607033264], [-0.01513230827512796, 0.11071237191909761, 113.39624100102498]],