{"case_id": "RCA_127_bc2", "artery_type": "RCA", "segments": [{"pos": [[0.0, 0.0, 0.0], [0.37177656455498514, -0.1872062608099215, 2.000956295209755], [0.650608987971224, -0.32761095641736265, 4.00191259041951], [0.8364972702487167, -0.4212140868223235, 6.0028688856292645], [0.9294414113874628, -0.4680156520248038, 8.00382518083902], [0.9294414113874628, -0.4680156520248038, 10.004781476048773], [0.8364972702487167, -0.4212140868223235, 12.005737771258529], [0.6506089879712242, -0.32761095641736276, 14.006694066468281], [0.3717765645549853, -0.1872062608099216, 16.00765036167804], [0.0, 0.0, 18.008606656887792]], "radius": [1.9486962547700801, 1.9226947275962385, 1.8454764565036903, 1.7235886417350152, 1.5673736969803491, 1.390086758417994, 1.2067709611139885, 1.0329810003038928, 0.8834632858179405, 0.7709046810653413], "ref_radius": [1.9486962547700801, 1.9486962547700801, 1.9486962547700801, 1.9486962547700801, 1.9486962547700801, 1.9486962547700801, 1.9486962547700801, 1.9486962547700801, 1.9486962547700801, 1.9486962547700801], "length": 18.008606656887792, "seg_id": 0, "type": "Root", "parent": null, "children": [1, 2]}, {"pos": [[0.0, 0.0, 18.008606656887792], [0.8654994003832804, 0.3427148964510567, 19.56956443776204], [1.7806227534945327, 0.6100776631402605, 21.13052221863629], [2.745370059333757, 0.8020883000676111, 22.691479999510534], [3.7597413179009527, 0.9187468072331089, 24.252437780384774], [4.82373652919612, 0.9600531846367537, 25.81339556125903], [5.937355693219261, 0.9260074322785455, 27.374353342133272], [7.100598809970371, 0.8166095501584844, 28.93531112300752], [8.313465879449456, 0.6318595382765703, 30.496268903881766], [9.575956901656511, 0.3717573966328032, 32.05722668475601], [10.888071876591537, 0.03630312522718332, 33.61818446563026]], "radius": [1.445640273827308, 1.445640273827308, 1.445640273827308, 1.445640273827308, 1.445640273827308, 1.445640273827308, 1.445640273827308, 1.445640273827308, 1.445640273827308, 1.445640273827308, 1.445640273827308], "ref_radius": [1.445640273827308, 1.445640273827308, 1.445640273827308, 1.445640273827308, 1.445640273827308, 1.445640273827308, 1.445640273827308, 1.445640273827308, 1.445640273827308, 1.445640273827308, 1.445640273827308], "length": 19.03182457027991, "seg_id": 1, "type": "Side", "parent": 0, "children": []}, {"pos": [[0.0, 0.0, 18.008606656887792], [0.26418627660425476, 0.033262232824741916, 19.901585668178583], [0.5079019790769974, 0.04696263979004679, 21.794564679469374], [0.7311471074182283, 0.04110122089591464, 23.687543690760158], [0.9339216616279473, 0.01567797614234548, 25.580522702050953], [1.1162256417061542, -0.02930709447066071, 27.473501713341733], [1.2780590476528493, -0.09385399094310398, 29.366480724632524], [1.4194218794680327, -0.17796271327498425, 31.259459735923315], [1.5403141371517037, -0.2816332614663015, 33.152438747214106], [1.640735820703863, -0.4048656355170558, 35.04541775850489], [1.7206869301245105, -0.547659835427247, 36.93839676979568], [1.7801674654136461, -0.7100158611968755, 38.83137578108647], [1.8191774265712697, -0.891933712825941, 40.724354792377255], [1.8377168135973814, -1.0934133903144432, 42.61733380366805], [1.8357856264919812, -1.314454893662383, 44.51031281495884]], "radius": [0.7048559984627853, 0.6846346788779227, 0.7169936598800937, 0.7972292653805437, 0.9166747503532962, 1.060480276558301, 0.865846855407618, 0.7025054520185865, 0.5832407526286636, 0.5167030764152576, 0.5067223663683409, 0.5520624325620969, 0.6466289392739499, 0.7801039933714894, 0.9389427335645477], "ref_radius": [1.9486962547700801, 1.930964446191237, 1.913232637612394, 1.8955008290335509, 1.877769020454708, 1.8600372118758648, 1.8423054032970216, 1.8245735947181787, 1.8068417861393355, 1.7891099775604926, 1.7713781689816495, 1.7536463604028065, 1.7359145518239634, 1.7181827432451202, 1.7004509346662773], "length": 26.597712868264598, "seg_id": 2, "type": "Main", "parent": 0, "children": [3, 4]}, {"pos": [[1.8357856264919812, -1.314454893662383, 44.51031281495884], [2.9293732433588593, -1.3077679494347958, 45.76649610603398], [4.0980968085084255, -1.3069569812532096, 47.02267939710914], [5.341956321940682, -1.3120219891176244, 48.27886268818429], [6.660951783655625, -1.32296297302804, 49.53504597925942], [8.055083193653259, -1.3397799329844562, 50.791229270334576], [9.52435055193358, -1.3624728689868735, 52.04741256140973], [11.068753858496587, -1.3910417810352915, 53.30359585248487], [12.688293113342286, -1.4254866691297106, 54.55977914356002], [14.382968316470675, -1.4658075332701304, 55.81596243463517]], "radius": [0.8706052347156916, 0.8706052347156916, 0.8706052347156916, 0.8706052347156916, 0.8706052347156916, 0.8706052347156916, 0.8706052347156916, 0.8706052347156916, 0.8706052347156916, 0.8706052347156916], "ref_radius": [0.8706052347156916, 0.8706052347156916, 0.8706052347156916, 0.8706052347156916, 0.8706052347156916, 0.8706052347156916, 0.8706052347156916, 0.8706052347156916, 0.8706052347156916, 0.8706052347156916], "length": 16.890009307282956, "seg_id": 3, "type": "Side", "parent": 2, "children": []}, {"pos": [[1.8357856264919812, -1.314454893662383, 44.51031281495884], [2.3078648302384557, -1.289664325197789, 46.30438236622493], [2.761232466410606, -1.2677869341107777, 48.098451917491005], [3.1958885350084327, -1.2488227204013485, 49.89252146875708], [3.611833036031937, -1.2327716840695024, 51.68659102002317], [4.009065969481117, -1.2196338251152385, 53.48066057128926], [4.387587335355973, -1.2094091435385574, 55.27473012255534], [4.747397133656506, -1.2020976393394585, 57.06879967382142], [5.088495364382715, -1.1976993125179423, 58.86286922508751], [5.410882027534601, -1.1962141630740086, 60.656938776353584], [5.714557123112163, -1.1976421910076573, 62.451008327619675], [5.999520651115402, -1.2019833963188886, 64.24507787888575], [6.265772611544317, -1.2092377790077025, 66.03914743015184], [6.513313004398908, -1.2194053390740989, 67.83321698141792], [6.742141829679175, -1.2324860765180776, 69.627286532684], [6.952259087385119, -1.2484799913396392, 71.42135608395009], [7.14366477751674, -1.267387083538783, 73.21542563521618], [7.316358900074038, -1.2892073531155095, 75.00949518648225], [7.470341455057011, -1.3139408000698185, 76.80356473774833], [7.605612442465661, -1.34158742440171, 78.59763428901442]], "radius": [1.1076363272535117, 1.0205206110480218, 0.8753031688886318, 0.7553267962423782, 0.6691558802873585, 0.6223236216677508, 0.6169267997425224, 0.6515204335795857, 0.7213151508379391, 0.8186542072732979, 0.9337237192573719, 1.055430734850941, 1.1723708105415849, 1.273800771994236, 1.3505336906658643, 1.395681537683829, 1.405185612306166, 1.3888554125531873, 1.371569311757055, 1.354283210960923], "ref_radius": [1.6827191260874341, 1.6654330252913019, 1.6481469244951699, 1.6308608236990376, 1.6135747229029054, 1.5962886221067734, 1.5790025213106411, 1.561716420514509, 1.5444303197183769, 1.5271442189222446, 1.5098581181261124, 1.4925720173299803, 1.475285916533848, 1.457999815737716, 1.4407137149415838, 1.4234276141454516, 1.4061415133493194, 1.3888554125531873, 1.371569311757055, 1.354283210960923], "length": 34.57220159226433, "seg_id": 4, "type": "Main", "parent": 2, "children": [5, 6]}, {"pos": [[7.605612442465661, -1.34158742440171, 78.59763428901442], [9.352763962315084, -1.0000220451390707, 79.91725777583503], [11.029272882876151, -0.7361374752058253, 81.23688126265563], [12.635139204148862, -0.5499337146019735, 82.5565047494762], [14.170362926133219, -0.44141076332751583, 83.87612823629681], [15.634944048829222, -0.4105686213824519, 85.1957517231174], [17.02888257223687, -0.45740728876678205, 86.51537520993799], [18.352178496356167, -0.5819267654805059, 87.83499869675859], [19.604831821187105, -0.7841270515236238, 89.15462218357919], [20.786842546729694, -1.0640081468961353, 90.47424567039978], [21.89821067298392, -1.421570051598041, 91.79386915722037]],