{"case_id": "RCA_2691_bc2", "artery_type": "RCA", "segments": [{"pos": [[0.0, 0.0, 0.0], [-0.38455190125657335, -0.3880340414076023, 1.950654937154527], [-0.6592318307255544, -0.6652012138416039, 3.901309874309054], [-0.8240397884069429, -0.8315015173020048, 5.851964811463581], [-0.8789757743007391, -0.8869349517888052, 7.802619748618108], [-0.8240397884069429, -0.8315015173020048, 9.753274685772634], [-0.6592318307255544, -0.6652012138416039, 11.703929622927163], [-0.38455190125657335, -0.3880340414076023, 13.65458456008169], [0.0, 0.0, 15.605239497236216]], "radius": [3.098340552611852, 2.890897487967519, 2.334101494428616, 1.6506458177078414, 1.1140058583561772, 0.938910724396405, 1.1954223284369994, 1.780901075767803, 2.4610756882444793], "ref_radius": [3.098340552611852, 3.098340552611852, 3.098340552611852, 3.098340552611852, 3.098340552611852, 3.098340552611852, 3.098340552611852, 3.098340552611852, 3.098340552611852], "length": 15.605239497236216, "seg_id": 0, "type": "Root", "parent": null, "children": [1, 2]}, {"pos": [[0.0, 0.0, 15.605239497236216], [1.3842288668249974, 0.04117689885844006, 16.814178602536913], [2.757477145353974, 0.06513195981526915, 18.023117707837606], [4.11974483558693, 0.07186518287048728, 19.232056813138303], [5.471031937523866, 0.06137656802409444, 20.440995918438997], [6.811338451164781, 0.03366611527609065, 21.649935023739697], [8.140664376509676, -0.011266175373524062, 22.85887412904039], [9.45900971355855, -0.07342030392474977, 24.067813234341088], [10.766374462311404, -0.1527962703775865, 25.27675233964178], [12.062758622768238, -0.24939407473203415, 26.485691444942482], [13.34816219492905, -0.3632137169880928, 27.694630550243176], [14.622585178793841, -0.4942551971457624, 28.903569655543876], [15.886027574362611, -0.6425185152050427, 30.11250876084457], [17.138489381635363, -0.8080036711659342, 31.321447866145267], [18.379970600612094, -0.9907106650284365, 32.530386971445964], [19.610471231292802, -1.19063949679255, 33.73932607674666], [20.829991273677496, -1.4077901664582746, 34.94826518204736], [22.03853072776616, -1.64216267402561, 36.15720428734805]], "radius": [1.9519517273538598, 1.9519517273538598, 1.9519517273538598, 1.9519517273538598, 1.9519517273538598, 1.9519517273538598, 1.9519517273538598, 1.9519517273538598, 1.9519517273538598, 1.9519517273538598, 1.9519517273538598, 1.9519517273538598, 1.9519517273538598, 1.9519517273538598, 1.9519517273538598, 1.9519517273538598, 1.9519517273538598, 1.9519517273538598], "ref_radius": [1.9519517273538598, 1.9519517273538598, 1.9519517273538598, 1.9519517273538598, 1.9519517273538598, 1.9519517273538598, 1.9519517273538598, 1.9519517273538598, 1.9519517273538598, 1.9519517273538598, 1.9519517273538598, 1.9519517273538598, 1.9519517273538598, 1.9519517273538598, 1.9519517273538598, 1.9519517273538598, 1.9519517273538598, 1.9519517273538598], "length": 30.179078707287488, "seg_id": 1, "type": "Side", "parent": 0, "children": []}, {"pos": [[0.0, 0.0, 15.605239497236216], [-0.00754764530795121, -0.16215170956837952, 17.423087867715726], [0.006852146893629292, -0.339380197175844, 19.240936238195236], [0.043199376604741505, -0.5316854628223935, 21.058784608674756], [0.10149404382538542, -0.7390675065080277, 22.87663297915426], [0.18173614855556103, -0.9615263282327469, 24.694481349633772], [0.2839256907952684, -1.199061927996551, 26.51232972011328], [0.40806267054450746, -1.4516743057994401, 28.33017809059279], [0.5541470878032781, -1.7193634616414142, 30.1480264610723], [0.7221789425715807, -2.002129395522473, 31.96587483155181], [0.9121582348494147, -2.299972107442617, 33.783723202031325], [1.1240849646367803, -2.6128915974018456, 35.601571572510835], [1.3579591319336786, -2.94088786540016, 37.419419942990345], [1.6137807367401078, -3.2839609114375583, 39.237268313469855], [1.8915497790560687, -3.642110735514042, 41.055116683949365], [2.1912662588815612, -4.01533733762961, 42.872965054428875]], "radius": [2.9637836381020244, 3.0810600831582473, 3.063779613704642, 3.046499144251037, 3.0292186747974323, 3.0119382053438275, 2.9946577358902227, 2.9773772664366174, 2.9600967969830125, 2.9428163275294077, 2.9255358580758024, 2.9082553886221976, 2.8909749191685927, 2.873694449714988, 2.8564139802613826, 2.8391335108077778], "ref_radius": [3.098340552611852, 3.0810600831582473, 3.063779613704642, 3.046499144251037, 3.0292186747974323, 3.0119382053438275, 2.9946577358902227, 2.9773772664366174, 2.9600967969830125, 2.9428163275294077, 2.9255358580758024, 2.9082553886221976, 2.8909749191685927, 2.873694449714988, 2.8564139802613826, 2.8391335108077778], "length": 27.648751125767923, "seg_id": 2, "type": "Main", "parent": 0, "children": [3, 4]}, {"pos": [[2.1912662588815612, -4.01533733762961, 42.872965054428875], [3.365522411486527, -4.176334987045961, 44.37003853232176], [4.612099564502987, -4.331472438685326, 45.86711201021464], [5.930997717930942, -4.480749692547706, 47.36418548810754], [7.322216871770391, -4.624166748633101, 48.86125896600042], [8.785757026021335, -4.761723606941509, 50.35833244389331], [10.321618180683773, -4.893420267472933, 51.855405921786186], [11.929800335757704, -5.0192567302273705, 53.35247939967908], [13.610303491243133, -5.139232995204823, 54.849552877571966]], "radius": [2.089129495060669, 2.089129495060669, 2.089129495060669, 2.089129495060669, 2.089129495060669, 2.089129495060669, 2.089129495060669, 2.089129495060669, 2.089129495060669], "ref_radius": [2.089129495060669, 2.089129495060669, 2.089129495060669, 2.089129495060669, 2.089129495060669, 2.089129495060669, 2.089129495060669, 2.089129495060669, 2.089129495060669], "length": 16.58602449801144, "seg_id": 3, "type": "Side", "parent": 2, "children": []}, {"pos": [[2.1912662588815612, -4.01533733762961, 42.872965054428875], [2.2093118954675166, -4.01367028642979, 44.723415512273064], [2.2847665774443255, -4.085951728353161, 46.57386597011727], [2.4176303048119876, -4.232181663399721, 48.42431642796144], [2.6079030775705045, -4.4523600915694725, 50.27476688580563], [2.8555848957198746, -4.7464870128624135, 52.12521734364982], [3.1606757592600987, -5.114562427278546, 53.97566780149401], [3.5231756681911772, -5.556586334817869, 55.8261182593382], [3.9430846225131093, -6.072558735480381, 57.67656871718239], [4.420402622225895, -6.662479629266084, 59.52701917502658], [4.955129667329534, -7.326349016174978, 61.37746963287077]], "radius": [2.821853041354173, 2.804579873202632, 2.7873067050510913, 2.7700335368995503, 2.75276036874801, 2.7354872005964688, 2.718214032444928, 2.700940864293387, 2.683667696141846, 2.6663945279903056, 2.6491213598387646], "ref_radius": [2.821853041354173, 2.804579873202632, 2.7873067050510913, 2.7700335368995503, 2.75276036874801, 2.7354872005964688, 2.718214032444928, 2.700940864293387, 2.683667696141846, 2.6663945279903056, 2.6491213598387646], "length": 19.000484966694895, "seg_id": 4, "type": "Main", "parent": 2, "children": [5, 6]}, {"pos": [[4.955129667329534, -7.326349016174978, 61.37746963287077], [5.998584718815062, -7.5047744008404, 62.65144833567179], [7.075506657129515, -7.670736069880165, 63.92542703847281], [8.185895482272892, -7.824234023294271, 65.19940574127382], [9.3297511942452, -7.965268261082723, 66.47338444407485], [10.50707379304643, -8.093838783245515, 67.74736314687587], [11.717863278676589, -8.209945589782649, 69.02134184967687], [12.962119651135676, -8.313588680694128, 70.2953205524779], [14.239842910423686, -8.40476805597995, 71.56929925527892], [15.551033056540623, -8.483483715640116, 72.84327795807994], [16.895690089486486, -8.549735659674623, 74.11725666088097], [18.27381400926128, -8.603523888083473, 75.39123536368199], [19.685404815865, -8.644848400866666, 76.665214066483], [21.13046250929764, -8.673709198024202, 77.93919276928403], [22.60898708955921, -8.69010627955608, 79.21317147208504]],