{"case_id": "RCA_5354_bc7", "artery_type": "RCA", "segments": [{"pos": [[0.0, 0.0, 0.0], [0.07193441998776441, -0.09714605237052287, 1.7954283635924977], [0.13487703747705826, -0.18214884819473037, 3.5908567271849954], [0.18882785246788153, -0.2550083874726225, 5.386285090777493], [0.2337868649602343, -0.3157246702041993, 7.181713454369991], [0.2697540749541165, -0.36429769638946075, 8.97714181796249], [0.2967294824495282, -0.40072746602840686, 10.772570181554986], [0.31471308744646925, -0.42501397912103756, 12.567998545147484], [0.3237048899449398, -0.4371572356673529, 14.363426908739982], [0.3237048899449398, -0.4371572356673529, 16.15885527233248], [0.31471308744646925, -0.42501397912103756, 17.95428363592498], [0.2967294824495282, -0.40072746602840686, 19.749711999517476], [0.2697540749541165, -0.3642976963894608, 21.545140363109972], [0.23378686496023435, -0.3157246702041994, 23.34056872670247], [0.1888278524678816, -0.2550083874726226, 25.135997090294968], [0.1348770374770583, -0.18214884819473043, 26.931425453887467], [0.07193441998776441, -0.09714605237052289, 28.726853817479963], [0.0, 0.0, 30.522282181072462]], "radius": [3.063527092858882, 3.063527092858882, 3.063527092858882, 3.0351240781471533, 2.673592830376685, 2.0184556007768957, 1.307762848945179, 0.7997516717252382, 0.6790128521682743, 0.9894180101245889, 1.6181784241257944, 2.3368279060710115, 2.884238204141925, 3.063527092858882, 3.063527092858882, 3.063527092858882, 3.063527092858882, 3.063527092858882], "ref_radius": [3.063527092858882, 3.063527092858882, 3.063527092858882, 3.063527092858882, 3.063527092858882, 3.063527092858882, 3.063527092858882, 3.063527092858882, 3.063527092858882, 3.063527092858882, 3.063527092858882, 3.063527092858882, 3.063527092858882, 3.063527092858882, 3.063527092858882, 3.063527092858882, 3.063527092858882, 3.063527092858882], "length": 30.522282181072462, "seg_id": 0, "type": "Root", "parent": null, "children": [1, 2]}, {"pos": [[0.0, 0.0, 30.522282181072462], [0.8969708604646466, 0.1025061639160697, 31.987897975736274], [1.845949849661016, 0.21273747132143303, 33.4535137704001], [2.846936967589108, 0.33069392221608995, 34.91912956506391], [3.8999322142489223, 0.4563755166000405, 36.38474535972773], [5.004935589640459, 0.5897822544732845, 37.85036115439155], [6.161947093763719, 0.7309141358358223, 39.31597694905537], [7.3709667266187004, 0.8797711606876535, 40.78159274371918], [8.631994488205406, 1.0363533290287785, 42.247208538383006], [9.945030378523834, 1.200660640859197, 43.71282433304682], [11.310074397573983, 1.372693096178909, 45.17844012771064], [12.727126545355855, 1.5524506949879149, 46.64405592237445], [14.196186821869452, 1.7399334372862143, 48.10967171703827]], "radius": [2.0363452391429155, 2.0363452391429155, 2.0363452391429155, 2.0363452391429155, 2.0363452391429155, 2.0363452391429155, 2.0363452391429155, 2.0363452391429155, 2.0363452391429155, 2.0363452391429155, 2.0363452391429155, 2.0363452391429155, 2.0363452391429155], "ref_radius": [2.0363452391429155, 2.0363452391429155, 2.0363452391429155, 2.0363452391429155, 2.0363452391429155, 2.0363452391429155, 2.0363452391429155, 2.0363452391429155, 2.0363452391429155, 2.0363452391429155, 2.0363452391429155, 2.0363452391429155, 2.0363452391429155], "length": 22.668819098872483, "seg_id": 1, "type": "Side", "parent": 0, "children": []}, {"pos": [[0.0, 0.0, 30.522282181072462], [0.05121233509616915, 0.34527956150701516, 32.37075410579378], [0.10433526336971116, 0.6648126154583566, 34.219226030515095], [0.159368784820626, 0.9585991618540239, 36.06769795523641], [0.21631289944891371, 1.2266392006940179, 37.916169879957735], [0.27516760725457434, 1.4689327319783376, 39.76464180467906], [0.3359329082376077, 1.6854797557069836, 41.61311372940037], [0.39860880239801394, 1.8762802718799558, 43.46158565412169], [0.46319528973579305, 2.0413342804972543, 45.310057578843], [0.5296923702509451, 2.180641781558879, 47.158529503564324], [0.5981000439434699, 2.2942027750648295, 49.00700142828565], [0.6684183108133676, 2.3820172610151062, 50.855473353006964]], "radius": [3.063527092858882, 3.046457800814223, 3.029388508769564, 3.012319216724905, 2.995249924680246, 2.9781806326355866, 2.9611113405909277, 2.944042048546269, 2.9269727565016095, 2.9099034644569506, 2.8928341724122917, 2.8757648803676323], "ref_radius": [3.063527092858882, 3.046457800814223, 3.029388508769564, 3.012319216724905, 2.995249924680246, 2.9781806326355866, 2.9611113405909277, 2.944042048546269, 2.9269727565016095, 2.9099034644569506, 2.8928341724122917, 2.8757648803676323], "length": 20.483150453590866, "seg_id": 2, "type": "Main", "parent": 0, "children": [3, 4]}, {"pos": [[0.6684183108133676, 2.3820172610151062, 50.855473353006964], [1.9776803179253124, 2.4415661687845573, 52.3901018858576], [3.270735474671562, 2.554731422159609, 53.92473041870823], [4.547583781052115, 2.721513021140261, 55.459358951558855], [5.808225237066973, 2.941910965726514, 56.99398748440948], [7.052659842716135, 3.215925255918368, 58.528616017260106], [8.280887597999603, 3.5435558917158234, 60.06324455011074], [9.492908502917373, 3.924802873118879, 61.59787308296136], [10.68872255746945, 4.359666200127536, 63.13250161581199], [11.86832976165583, 4.848145872741792, 64.66713014866262], [13.031730115476513, 5.390241890961651, 66.20175868151324]], "radius": [1.7924830317167062, 1.7924830317167062, 1.7924830317167062, 1.7924830317167062, 1.7924830317167062, 1.7924830317167062, 1.7924830317167062, 1.7924830317167062, 1.7924830317167062, 1.7924830317167062, 1.7924830317167062], "ref_radius": [1.7924830317167062, 1.7924830317167062, 1.7924830317167062, 1.7924830317167062, 1.7924830317167062, 1.7924830317167062, 1.7924830317167062, 1.7924830317167062, 1.7924830317167062, 1.7924830317167062, 1.7924830317167062], "length": 19.935128983467028, "seg_id": 3, "type": "Side", "parent": 2, "children": []}, {"pos": [[0.6684183108133676, 2.3820172610151062, 50.855473353006964], [1.46804609942459, 2.9139599568166163, 52.805228690870024], [2.1544326094416997, 3.3505164301049013, 54.754984028733084], [2.7275778408646962, 3.6916866808799607, 56.70473936659614], [3.1874817936935798, 3.9374707091417944, 58.654494704459196], [3.5341444679283502, 4.087868514890403, 60.60425004232225], [3.7675658635690077, 4.142880098125786, 62.554005380185316], [3.8877459806155517, 4.102505458847943, 64.50376071804837], [3.894684819067983, 3.9667445970568744, 66.45351605591142]], "radius": [2.8586955883229734, 2.840910204794602, 2.8231248212662314, 2.80533943773786, 2.787554054209489, 2.769768670681118, 2.751983287152747, 2.734197903624376, 2.716412520096005], "ref_radius": [2.8586955883229734, 2.840910204794602, 2.8231248212662314, 2.80533943773786, 2.787554054209489, 2.769768670681118, 2.751983287152747, 2.734197903624376, 2.716412520096005], "length": 16.006845175533954, "seg_id": 4, "type": "Main", "parent": 2, "children": [5, 6]}, {"pos": [[3.894684819067983, 3.9667445970568744, 66.45351605591142], [5.23689165455071, 4.234758212626109, 67.73507971562665], [6.584809055085088, 4.456019453013456, 69.01664337534193], [7.938437020671118, 4.630528318218909, 70.29820703505719], [9.297775551308801, 4.758284808242474, 71.57977069477246], [10.662824646998136, 4.839288923084147, 72.86133435448771], [12.033584307739124, 4.873540662743929, 74.14289801420296], [13.410054533531763, 4.861040027221822, 75.42446167391822], [14.792235324376055, 4.8017870165178245, 76.70602533363348], [16.180126680272, 4.695781630631936, 77.98758899334874], [17.573728601219596, 4.543023869564158, 79.26915265306398], [18.973041087218846, 4.343513733314489, 80.55071631277924], [20.37806413826975, 4.097251221882929, 81.8322799724945]], "radius": [1.6449636667113965, 1.6449636667113965, 1.6449636667113965, 1.6449636667113965, 1.6449636667113965, 1.6449636667113965, 1.6449636667113965, 1.6449636667113965, 1.6449636667113965, 1.6449636667113965, 1.6449636667113965, 1.6449636667113965, 1.6449636667113965],