{"case_id": "RCA_3534_bc5", "artery_type": "RCA", "segments": [{"pos": [[0.0, 0.0, 0.0], [0.17738831946423494, 0.2904951757996687, 1.8696447186731633], [0.3192989750356229, 0.5228913164394037, 3.7392894373463266], [0.4257319667141638, 0.6971884219192048, 5.608934156019489], [0.4966872944998578, 0.8133864922390724, 7.478578874692654], [0.5321649583927048, 0.8714855273990061, 9.348223593365818], [0.5321649583927048, 0.8714855273990061, 11.21786831203898], [0.4966872944998578, 0.8133864922390724, 13.087513030712143], [0.4257319667141638, 0.6971884219192048, 14.957157749385306], [0.3192989750356228, 0.5228913164394036, 16.82680246805847], [0.17738831946423478, 0.2904951757996685, 18.696447186731636], [0.0, 0.0, 20.566091905404797]], "radius": [2.3782054585707315, 2.3782054585707315, 2.3782054585707315, 2.3782054585707315, 2.3782054585707315, 2.3782054585707315, 2.3782054585707315, 2.376594802196225, 2.3204750074012392, 2.1913390718721177, 2.0065168741643156, 1.7908113185004657], "ref_radius": [2.3782054585707315, 2.3782054585707315, 2.3782054585707315, 2.3782054585707315, 2.3782054585707315, 2.3782054585707315, 2.3782054585707315, 2.3782054585707315, 2.3782054585707315, 2.3782054585707315, 2.3782054585707315, 2.3782054585707315], "length": 20.566091905404797, "seg_id": 0, "type": "Root", "parent": null, "children": [1, 2]}, {"pos": [[0.0, 0.0, 20.566091905404797], [1.500831732875271, -0.3640035465155224, 21.93340739761784], [2.9739680398814006, -0.6659003983882634, 23.300722889830887], [4.419408921018389, -0.9056905556182229, 24.66803838204394], [5.837154376286237, -1.0833740182054006, 26.03535387425698], [7.227204405684944, -1.198950786149797, 27.402669366470025], [8.589559009214508, -1.252420859451412, 28.769984858683074], [9.924218186874931, -1.243784238110245, 30.137300350896115], [11.231181938666216, -1.1730409221262972, 31.504615843109164], [12.510450264588359, -1.0401909114995673, 32.87193133532221]], "radius": [1.5188841111291895, 1.5188841111291895, 1.5188841111291895, 1.5188841111291895, 1.5188841111291895, 1.5188841111291895, 1.5188841111291895, 1.5188841111291895, 1.5188841111291895, 1.5188841111291895], "ref_radius": [1.5188841111291895, 1.5188841111291895, 1.5188841111291895, 1.5188841111291895, 1.5188841111291895, 1.5188841111291895, 1.5188841111291895, 1.5188841111291895, 1.5188841111291895, 1.5188841111291895], "length": 17.57916514030218, "seg_id": 1, "type": "Side", "parent": 0, "children": []}, {"pos": [[0.0, 0.0, 20.566091905404797], [0.056858745126415616, -0.48842990230419536, 22.326389048123396], [0.09202617707820208, -0.9598005762936103, 24.086686190841988], [0.10550229585535945, -1.4141120219682448, 25.846983333560583], [0.09728710145788767, -1.851364239328099, 27.607280476279183], [0.0673805938857868, -2.2715572283731733, 29.367577618997775], [0.015782773139056877, -2.6746909891034667, 31.127874761716374], [-0.05750636078230231, -3.06076552151898, 32.88817190443497], [-0.1524868078782906, -3.429780825619713, 34.64846904715357], [-0.269158568148908, -3.781736901405666, 36.40876618987217], [-0.4075216415941545, -4.116633748876838, 38.16906333259076], [-0.5675760282140301, -4.43447136803323, 39.92936047530936], [-0.7493217280085347, -4.735249758874841, 41.68965761802795], [-0.9527587409776688, -5.018968921401672, 43.44995476074655], [-1.1778870671214317, -5.285628855613724, 45.21025190346515], [-1.4247067064398238, -5.535229561510993, 46.97054904618374], [-1.6932176589328451, -5.767771039093485, 48.73084618890233], [-1.9834199246004955, -5.983253288361194, 50.49114333162093]], "radius": [1.5731698165214485, 1.3729208913768154, 1.2274560070691536, 1.153706779131533, 1.1587852633549756, 1.2391747237281103, 1.3813535092511409, 1.5637479266226835, 1.7597334781882354, 1.5476152348934598, 1.2637503962550403, 1.001459730301224, 0.7896962340896614, 0.6510778211580963, 0.599344970534031, 0.6378945029224838, 0.7595444459869705, 0.9475384643267988], "ref_radius": [2.3782054585707315, 2.3612156106818434, 2.3442257627929557, 2.3272359149040676, 2.3102460670151794, 2.2932562191262917, 2.2762663712374036, 2.2592765233485155, 2.242286675459628, 2.2252968275707397, 2.2083069796818515, 2.191317131792964, 2.1743272839040757, 2.1573374360151876, 2.1403475881262994, 2.1233577402374118, 2.1063678923485236, 2.0893780444596355], "length": 30.581726199998382, "seg_id": 2, "type": "Main", "parent": 0, "children": [3, 4]}, {"pos": [[-1.9834199246004955, -5.983253288361194, 50.49114333162093], [-0.71123655657929, -6.160782677024598, 51.870038431442644], [0.5595836995398688, -6.383958750955522, 53.24893353126437], [1.8290408437569807, -6.652781510153963, 54.62782863108609], [3.097134876072047, -6.967250954619922, 56.00672373090781], [4.363865796485067, -7.327367084353399, 57.38561883072953], [5.629233604996038, -7.7331298993543935, 58.764513930551246], [6.893238301604965, -8.184539399622906, 60.143409030372965], [8.155879886311844, -8.681595585158934, 61.522304130194684], [9.417158359116678, -9.224298455962485, 62.9011992300164], [10.677073720019465, -9.81264801203355, 64.28009432983812], [11.935625969020204, -10.446644253372135, 65.65898942965984]], "radius": [1.3420179655123012, 1.3420179655123012, 1.3420179655123012, 1.3420179655123012, 1.3420179655123012, 1.3420179655123012, 1.3420179655123012, 1.3420179655123012, 1.3420179655123012, 1.3420179655123012, 1.3420179655123012, 1.3420179655123012], "ref_radius": [1.3420179655123012, 1.3420179655123012, 1.3420179655123012, 1.3420179655123012, 1.3420179655123012, 1.3420179655123012, 1.3420179655123012, 1.3420179655123012, 1.3420179655123012, 1.3420179655123012, 1.3420179655123012, 1.3420179655123012], "length": 21.064787033080936, "seg_id": 3, "type": "Side", "parent": 2, "children": []}, {"pos": [[-1.9834199246004955, -5.983253288361194, 50.49114333162093], [-1.9620452245017632, -6.039383145709326, 52.28843497190304], [-2.001284938609471, -6.157375778541024, 54.08572661218514], [-2.101139066923619, -6.337231186856284, 55.88301825246722], [-2.261607609444208, -6.5789493706551125, 57.68030989274932], [-2.482690566171237, -6.882530329937504, 59.47760153303141], [-2.764387937104707, -7.247974064703461, 61.274893173313515], [-3.1066997222446173, -7.675280574952985, 63.0721848135956], [-3.509625921590968, -8.164449860686073, 64.8694764538777], [-3.9731665351437586, -8.715481921902725, 66.66676809415979], [-4.49732156290299, -9.328376758602943, 68.46405973444189]], "radius": [1.1497412670147504, 0.9555069369408011, 0.7910195930039068, 0.6670784086337711, 0.5913258364463263, 0.5677358181897973, 0.5963809965112477, 0.673491651685465, 0.7917972765189565, 0.9411209123435523, 1.1091781276302164], "ref_radius": [2.072388196570748, 2.0556121984540705, 2.0388362003373937, 2.0220602022207164, 2.0052842041040395, 1.9885082059873622, 1.9717322078706851, 1.954956209754008, 1.9381802116373308, 1.9214042135206537, 1.9046282154039766], "length": 18.45359792834483, "seg_id": 4, "type": "Main", "parent": 2, "children": [5, 6]}, {"pos": [[-4.49732156290299, -9.328376758602943, 68.46405973444189], [-3.2641224597243688, -9.564904905317077, 70.03622697573964], [-2.063637121771732, -9.801302737797497, 71.60839421703734], [-0.8958655490450828, -10.037570256044203, 73.18056145833508], [0.2391922584555799, -10.273707460057203, 74.75272869963281], [1.3415363007302556, -10.509714349836488, 76.32489594093055], [2.4111665777789457, -10.745590925382059, 77.89706318222828], [3.448083089601649, -10.98133718669392, 79.469230423526], [4.4522858361983655, -11.21695313377207, 81.04139766482373], [5.423774817569094, -11.452438766616506, 82.61356490612145], [6.3625500337138385, -11.68779408522723, 84.1857321474192], [7.268611484632597, -11.923019089604244, 85.75789938871694], [8.141959170325366, -12.158113779747543, 87.33006663001467], [8.98259309079215, -12.39307815565713, 88.90223387131239]],