{"case_id": "RCA_3801_bc6", "artery_type": "RCA", "segments": [{"pos": [[0.0, 0.0, 0.0], [-0.011711197323461858, -0.029013727886833155, 1.790247010187027], [-0.02218963703392773, -0.05497337915399967, 3.580494020374054], [-0.03143531913139762, -0.07787895380149952, 5.3707410305610805], [-0.03944824361587153, -0.09773045182933275, 7.160988040748109], [-0.046228410487349436, -0.1145278732374993, 8.951235050935134], [-0.051775819745831377, -0.12827121802599922, 10.741482061122163], [-0.05609047139131731, -0.13896048619483248, 12.531729071309186], [-0.05917236542380728, -0.1465956777439991, 14.321976081496215], [-0.06102150184330126, -0.1511767926734991, 16.11222309168324], [-0.06163788064979925, -0.1527038309833324, 17.902470101870268], [-0.061021501843301254, -0.15117679267349907, 19.692717112057295], [-0.05917236542380728, -0.1465956777439991, 21.482964122244326], [-0.05609047139131731, -0.13896048619483248, 23.27321113243135], [-0.05177581974583136, -0.1282712180259992, 25.063458142618376], [-0.046228410487349436, -0.1145278732374993, 26.853705152805404], [-0.039448243615871514, -0.09773045182933272, 28.643952162992434], [-0.031435319131397604, -0.07787895380149949, 30.434199173179458], [-0.022189637033927723, -0.054973379153999656, 32.22444618336648], [-0.011711197323461842, -0.029013727886833117, 34.014693193553505], [0.0, 0.0, 35.804940203740536]], "radius": [2.8611286127317004, 2.8180551395767672, 2.487050452891235, 1.9384940906400354, 1.3658091088574529, 0.9709264064336904, 0.8930831234949339, 1.1597270971530615, 1.6768386499287664, 2.2620822849953646, 2.7090988746332565, 2.8611286127317004, 2.8611286127317004, 2.8611286127317004, 2.8611286127317004, 2.8611286127317004, 2.8611286127317004, 2.8611286127317004, 2.8611286127317004, 2.8611286127317004, 2.8611286127317004], "ref_radius": [2.8611286127317004, 2.8611286127317004, 2.8611286127317004, 2.8611286127317004, 2.8611286127317004, 2.8611286127317004, 2.8611286127317004, 2.8611286127317004, 2.8611286127317004, 2.8611286127317004, 2.8611286127317004, 2.8611286127317004, 2.8611286127317004, 2.8611286127317004, 2.8611286127317004, 2.8611286127317004, 2.8611286127317004, 2.8611286127317004, 2.8611286127317004, 2.8611286127317004, 2.8611286127317004], "length": 35.804940203740536, "seg_id": 0, "type": "Root", "parent": null, "children": [1, 2]}, {"pos": [[0.0, 0.0, 35.804940203740536], [1.0668920779049555, 0.21137307326425983, 37.225804883172714], [2.1398153063375585, 0.4114167190264097, 38.64666956260489], [3.218769685297809, 0.6001309372864497, 40.06753424203707], [4.303755214785706, 0.7775157280443796, 41.48839892146925], [5.39477189480125, 0.9435710913001994, 42.90926360090142], [6.491819725344442, 1.0982970270539094, 44.33012828033358], [7.594898706415281, 1.2416935353055094, 45.75099295976577], [8.704008838013767, 1.3737606160549993, 47.17185763919794], [9.819150120139899, 1.4944982693023794, 48.592722318630116], [10.94032255279368, 1.6039064950476494, 50.013586998062294], [12.067526135975108, 1.7019852932908095, 51.434451677494465], [13.200760869684185, 1.7887346640318598, 52.85531635692665], [14.340026753920906, 1.8641546072707997, 54.27618103635882], [15.485323788685275, 1.92824512300763, 55.69704571579099], [16.63665197397729, 1.98100621124235, 57.11791039522317]], "radius": [2.1253243554370314, 2.1253243554370314, 2.1253243554370314, 2.1253243554370314, 2.1253243554370314, 2.1253243554370314, 2.1253243554370314, 2.1253243554370314, 2.1253243554370314, 2.1253243554370314, 2.1253243554370314, 2.1253243554370314, 2.1253243554370314, 2.1253243554370314, 2.1253243554370314, 2.1253243554370314], "ref_radius": [2.1253243554370314, 2.1253243554370314, 2.1253243554370314, 2.1253243554370314, 2.1253243554370314, 2.1253243554370314, 2.1253243554370314, 2.1253243554370314, 2.1253243554370314, 2.1253243554370314, 2.1253243554370314, 2.1253243554370314, 2.1253243554370314, 2.1253243554370314, 2.1253243554370314, 2.1253243554370314], "length": 27.1098740848284, "seg_id": 1, "type": "Side", "parent": 0, "children": []}, {"pos": [[0.0, 0.0, 35.804940203740536], [-0.09012320487786644, 0.06587943595588783, 37.574571539833606], [-0.19074699990954308, 0.13743446718815472, 39.344202875926676], [-0.30187138509502986, 0.21466509369680065, 41.113834212019746], [-0.4234963604343269, 0.2975713154818257, 42.88346554811282], [-0.5556219259274341, 0.3861531325432298, 44.653096884205894], [-0.6982480815743514, 0.4804105448810129, 46.422728220298964], [-0.851374827375079, 0.5803435524951752, 48.19235955639204], [-1.0150021633296167, 0.6859521553857165, 49.961990892485105], [-1.1891300894379646, 0.7972363535526369, 51.73162222857819], [-1.373758605700123, 0.9141961469959363, 53.50125356467126], [-1.5688877121160911, 1.0368315357156148, 55.27088490076433], [-1.7745174086858693, 1.1651425197116723, 57.0405162368574], [-1.990647695409458, 1.2991290989841089, 58.81014757295047], [-2.217278572286857, 1.4387912735329245, 60.57977890904355], [-2.454410039318066, 1.5841290433581194, 62.34941024513662], [-2.702042096503085, 1.7351424084596931, 64.1190415812297], [-2.9601747438419146, 1.891831368837646, 65.88867291732276]], "radius": [2.8611286127317004, 2.8443018571922964, 2.827475101652893, 2.6376972603304716, 1.8548940114892285, 0.9672139634162273, 0.5743623031560707, 0.9313362123431455, 1.7786599510724836, 2.52561187409624, 2.6928610573376623, 2.6760343017982584, 2.659207546258855, 2.642380790719451, 2.625554035180047, 2.608727279640643, 2.5919005241012396, 2.5750737685618357], "ref_radius": [2.8611286127317004, 2.8443018571922964, 2.827475101652893, 2.810648346113489, 2.793821590574085, 2.776994835034681, 2.7601680794952776, 2.7433413239558737, 2.7265145684164698, 2.7096878128770663, 2.6928610573376623, 2.6760343017982584, 2.659207546258855, 2.642380790719451, 2.625554035180047, 2.608727279640643, 2.5919005241012396, 2.5750737685618357], "length": 30.28815997092685, "seg_id": 2, "type": "Main", "parent": 0, "children": [3, 4]}, {"pos": [[-2.9601747438419146, 1.891831368837646, 65.88867291732276], [-1.5121861155748624, 2.3528323595820386, 67.39135050014947], [-0.12246596334189558, 2.7487186322684, 68.89402808297618], [1.2089857128569874, 3.0794901868967313, 70.39670566580288], [2.4821689130217854, 3.34514702346703, 71.89938324862959], [3.6970836371524998, 3.545689141979298, 73.40206083145628], [4.853729885249129, 3.681116542433535, 74.904738414283], [5.952107657311671, 3.7514292248297396, 76.4074159971097], [6.992216953340132, 3.7566271891679146, 77.91009357993642], [7.974057773334508, 3.6967104354480576, 79.41277116276311]], "radius": [1.9873242668069906, 1.9873242668069906, 1.9873242668069906, 1.9873242668069906, 1.9873242668069906, 1.9873242668069906, 1.9873242668069906, 1.9873242668069906, 1.9873242668069906, 1.9873242668069906], "ref_radius": [1.9873242668069906, 1.9873242668069906, 1.9873242668069906, 1.9873242668069906, 1.9873242668069906, 1.9873242668069906, 1.9873242668069906, 1.9873242668069906, 1.9873242668069906, 1.9873242668069906], "length": 17.484743708075598, "seg_id": 3, "type": "Side", "parent": 2,