{"case_id": "RCA_7580_bc2", "artery_type": "RCA", "segments": [{"pos": [[0.0, 0.0, 0.0], [0.11911786792479574, -0.04930514547327786, 1.813304835451659], [0.22569701291013933, -0.09342027563357912, 3.6266096709033184], [0.3197374349560307, -0.13234539048090374, 5.4399145063549765], [0.4012391340624699, -0.16608049001525177, 7.253219341806637], [0.47020211022945685, -0.19462557423662313, 9.066524177258295], [0.5266263634569918, -0.21798064314501794, 10.879829012709955], [0.5705118937450743, -0.23614569674043603, 12.693133848161613], [0.6018587010937048, -0.2491207350228776, 14.506438683613272], [0.6206667855028831, -0.25690575799234255, 16.319743519064932], [0.6269361469726091, -0.25950076564883084, 18.13304835451659], [0.620666785502883, -0.25690575799234255, 19.94635318996825], [0.6018587010937048, -0.2491207350228776, 21.75965802541991], [0.5705118937450743, -0.23614569674043603, 23.57296286087157], [0.5266263634569915, -0.21798064314501786, 25.386267696323227], [0.47020211022945685, -0.19462557423662313, 27.199572531774884], [0.4012391340624698, -0.1660804900152517, 29.012877367226547], [0.3197374349560305, -0.13234539048090369, 30.826182202678204], [0.22569701291013924, -0.09342027563357909, 32.63948703812986], [0.11911786792479558, -0.049305145473277794, 34.452791873581525], [0.0, 0.0, 36.26609670903318]], "radius": [2.256050107330465, 2.256050107330465, 2.256050107330465, 2.256050107330465, 2.256050107330465, 2.256050107330465, 2.256050107330465, 2.256050107330465, 2.256050107330465, 2.256050107330465, 2.256050107330465, 2.256050107330465, 2.2538279365665743, 2.2042864511096014, 2.093508621156136, 1.9306554630180517, 1.72919447681491, 1.5057859219288325, 1.2789050602094434, 1.0673143035575392, 0.888511615003666], "ref_radius": [2.256050107330465, 2.256050107330465, 2.256050107330465, 2.256050107330465, 2.256050107330465, 2.256050107330465, 2.256050107330465, 2.256050107330465, 2.256050107330465, 2.256050107330465, 2.256050107330465, 2.256050107330465, 2.256050107330465, 2.256050107330465, 2.256050107330465, 2.256050107330465, 2.256050107330465, 2.256050107330465, 2.256050107330465, 2.256050107330465, 2.256050107330465], "length": 36.26609670903318, "seg_id": 0, "type": "Root", "parent": null, "children": [1, 2]}, {"pos": [[0.0, 0.0, 36.26609670903318], [1.308170356084787, 0.06502126925911172, 37.6222135928209], [2.5981133811804513, 0.13349130945476287, 38.97833047660863], [3.869829075286993, 0.2054101205869534, 40.33444736039637], [5.123317438404413, 0.28077770265568347, 41.690564244184095], [6.358578470532711, 0.35959405566095287, 43.04668112797183], [7.575612171671885, 0.44185917960276166, 44.40279801175956], [8.774418541821937, 0.52757307448111, 45.75891489554728], [9.954997580982868, 0.6167357402959976, 47.11503177933501], [11.117349289154678, 0.7093471770474249, 48.47114866312275], [12.261473666337363, 0.8054073847353914, 49.827265546910475], [13.387370712530926, 0.9049163633598973, 51.1833824306982]], "radius": [1.2175733959574473, 1.2175733959574473, 1.2175733959574473, 1.2175733959574473, 1.2175733959574473, 1.2175733959574473, 1.2175733959574473, 1.2175733959574473, 1.2175733959574473, 1.2175733959574473, 1.2175733959574473, 1.2175733959574473], "ref_radius": [1.2175733959574473, 1.2175733959574473, 1.2175733959574473, 1.2175733959574473, 1.2175733959574473, 1.2175733959574473, 1.2175733959574473, 1.2175733959574473, 1.2175733959574473, 1.2175733959574473, 1.2175733959574473, 1.2175733959574473], "length": 20.064046987614397, "seg_id": 1, "type": "Side", "parent": 0, "children": []}, {"pos": [[0.0, 0.0, 36.26609670903318], [0.18813170529771944, -0.041433763642972986, 38.091759560631196], [0.3808064429519554, -0.07704038885468224, 39.91742241222922], [0.5780242129627079, -0.10681987563512778, 41.74308526382723], [0.7797850153299768, -0.1307722239843096, 43.56874811542525], [0.9860888500537623, -0.14889743390222768, 45.39441096702328], [1.1969357171340642, -0.16119550538888208, 47.2200738186213], [1.4123256165708826, -0.1676664384442727, 49.04573667021932], [1.6322585483642176, -0.16831023306839965, 50.87139952181734], [1.856734512514069, -0.16312688926126284, 52.69706237341536], [2.085753509020437, -0.15211640702286233, 54.522725225013374], [2.3193155378833215, -0.13527878635319807, 56.3483880766114], [2.5574205991027226, -0.11261402725227013, 58.17405092820941], [2.80006869267864, -0.08412212972007846, 59.999713779807436], [3.0472598186110735, -0.04980309375662305, 61.82537663140546], [3.298993976900024, -0.009656919361903916, 63.65103948300348], [3.555271167545491, 0.03631639346407893, 65.4767023346015]], "radius": [0.7572834761672684, 0.6792304038840957, 0.6657527465228774, 0.7160420562983787, 0.8240472641800056, 0.9790547662447149, 1.166644958155214, 1.3699402807999785, 1.4667517985758973, 1.245740267851198, 1.0395470016613808, 0.8643373194201436, 0.7333975367057142, 0.6560595193479626, 0.6369775076736899, 0.6758127749027973, 0.7673461552812255], "ref_radius": [2.256050107330465, 2.2387405828510034, 2.2214310583715418, 2.2041215338920797, 2.186812009412618, 2.1695024849331563, 2.1521929604536947, 2.1348834359742326, 2.117573911494771, 2.1002643870153093, 2.0829548625358476, 2.065645338056386, 2.048335813576924, 2.031026289097462, 2.0137167646180005, 1.9964072401385389, 1.979097715659077], "length": 29.426191615084985, "seg_id": 2, "type": "Main", "parent": 0, "children": [3, 4]}, {"pos": [[3.555271167545491, 0.03631639346407893, 65.4767023346015], [4.666990658156059, -0.13773810919873958, 66.9921199796264], [5.7878621186625745, -0.28857215941747655, 68.50753762465133], [6.917885549065038, -0.41618575719213197, 70.02295526967623], [8.05706094936345, -0.5205789025227058, 71.53837291470114], [9.205388319557807, -0.601751595409198, 73.05379055972605], [10.362867659648114, -0.6597038358516087, 74.56920820475096], [11.529498969634368, -0.694435623849938, 76.08462584977586], [12.705282249516571, -0.7059469594041855, 77.60004349480079], [13.89021749929472, -0.6942378425143514, 79.1154611398257], [15.084304718968816, -0.6593082731804359, 80.6308787848506], [16.28754390853886, -0.6011582514024387, 82.1462964298755], [17.499935068004856, -0.5197877771803601, 83.66171407490042]], "radius": [1.2303244709880294, 1.2303244709880294, 1.2303244709880294, 1.2303244709880294, 1.2303244709880294, 1.2303244709880294, 1.2303244709880294, 1.2303244709880294, 1.2303244709880294, 1.2303244709880294, 1.2303244709880294, 1.2303244709880294, 1.2303244709880294], "ref_radius": [1.2303244709880294, 1.2303244709880294, 1.2303244709880294, 1.2303244709880294, 1.2303244709880294, 1.2303244709880294, 1.2303244709880294, 1.2303244709880294, 1.2303244709880294, 1.2303244709880294, 1.2303244709880294, 1.2303244709880294, 1.2303244709880294], "length": 22.922860971968404, "seg_id": 3, "type": "Side", "parent": 2, "children": []}, {"pos": [[3.555271167545491, 0.03631639346407893, 65.4767023346015], [3.5230359262555395, 0.13122448910539183, 67.44541485641435], [3.51246393397824, 0.21848896112531335, 69.41412737822719], [3.5235551907135925, 0.2981098095238434, 71.38283990004003], [3.5563096964615974, 0.3700870343009821, 73.35155242185286], [3.610727451222255, 0.4344206354567294, 75.3202649436657], [3.686808454995565, 0.4911106129910853, 77.28897746547855], [3.7845527077815264, 0.5401569669040498, 79.25768998729139], [3.9039602095801413, 0.581559697195623, 81.22640250910423], [4.045030960391408, 0.6153188038658045, 83.19511503091707], [4.207764960215327, 0.6414342869145948, 85.16382755272991]], "radius": [0.90200181682707, 1.0663984776943418, 1.2453908312002868, 1.205836412141528, 0.9662590668104526, 0.757723099312045, 0.6019755220378422, 0.5143637245557819, 0.502212225050338, 0.5641431500857641, 0.690400180060958], "ref_radius": [1.9617881911796151, 1.9438725298290807, 1.925956868478546, 1.9080412071280115, 1.890125545777477, 1.8722098844269426, 1.854294223076408, 1.8363785617258734, 1.818462900375339, 1.8005472390248045, 1.78263157767427], "length": 19.70722748558797,