{"case_id": "RCA_5016_bc8", "artery_type": "RCA", "segments": [{"pos": [[0.0, 0.0, 0.0], [-0.03657720884875781, 0.16006608741609163, 1.8041656750108013], [-0.06909028338098695, 0.302347054008173, 3.608331350021602], [-0.09753922359668746, 0.42684289977624423, 5.412497025032403], [-0.12192402949585934, 0.5335536247203053, 7.216662700043205], [-0.14224470107850257, 0.6224792288403563, 9.020828375054005], [-0.15850123834461713, 0.693619712136397, 10.824994050064806], [-0.17069364129420306, 0.7469750746084274, 12.629159725075606], [-0.17882190992726038, 0.7825453162564479, 14.433325400086408], [-0.18288604424378904, 0.8003304370804581, 16.23749107509721], [-0.18288604424378901, 0.800330437080458, 18.04165675010801], [-0.17882190992726038, 0.7825453162564479, 19.84582242511881], [-0.17069364129420309, 0.7469750746084275, 21.64998810012961], [-0.15850123834461718, 0.6936197121363972, 23.454153775140412], [-0.14224470107850257, 0.6224792288403563, 25.258319450151212], [-0.12192402949585934, 0.5335536247203053, 27.06248512516202], [-0.0975392235966875, 0.4268428997762444, 28.866650800172817], [-0.06909028338098702, 0.3023470540081733, 30.670816475183614], [-0.036577208848757835, 0.16006608741609174, 32.47498215019442], [0.0, 0.0, 34.27914782520522]], "radius": [1.8719999227975692, 1.8719999227975692, 1.8719999227975692, 1.8719999227975692, 1.8719999227975692, 1.8719999227975692, 1.8719999227975692, 1.8719999227975692, 1.8719999227975692, 1.8719999227975692, 1.8719999227975692, 1.8719999227975692, 1.6791301848475373, 1.1886417275582146, 0.717160264998401, 0.5695255056581876, 0.8411917580822421, 1.3565112656314828, 1.782300518592335, 1.8719999227975692], "ref_radius": [1.8719999227975692, 1.8719999227975692, 1.8719999227975692, 1.8719999227975692, 1.8719999227975692, 1.8719999227975692, 1.8719999227975692, 1.8719999227975692, 1.8719999227975692, 1.8719999227975692, 1.8719999227975692, 1.8719999227975692, 1.8719999227975692, 1.8719999227975692, 1.8719999227975692, 1.8719999227975692, 1.8719999227975692, 1.8719999227975692, 1.8719999227975692, 1.8719999227975692], "length": 34.27914782520522, "seg_id": 0, "type": "Root", "parent": null, "children": [1, 2]}, {"pos": [[0.0, 0.0, 34.27914782520522], [0.9904435096336304, 0.3191112446639728, 35.79893461606146], [1.9983199375155862, 0.606883894047313, 37.3187214069177], [3.023629283645868, 0.8633179481500209, 38.83850819777393], [4.066371548024475, 1.0884134069720965, 40.35829498863018], [5.126546730651407, 1.2821702705135396, 41.87808177948642], [6.204154831526666, 1.4445885387743505, 43.39786857034265], [7.299195850650251, 1.5756682117545289, 44.9176553611989], [8.41166978802216, 1.6754092894540746, 46.437442152055134], [9.541576643642395, 1.7438117718729882, 47.95722894291137], [10.688916417510956, 1.7808756590112695, 49.47701573376761], [11.853689109627844, 1.7866009508689182, 50.996802524623845], [13.035894719993056, 1.7609876474459347, 52.51658931548009], [14.235533248606593, 1.7040357487423186, 54.03637610633633], [15.452604695468459, 1.61574525475807, 55.556162897192564]], "radius": [1.1528973246035683, 1.1528973246035683, 1.1528973246035683, 1.1528973246035683, 1.1528973246035683, 1.1528973246035683, 1.1528973246035683, 1.1528973246035683, 1.1528973246035683, 1.1528973246035683, 1.1528973246035683, 1.1528973246035683, 1.1528973246035683, 1.1528973246035683, 1.1528973246035683], "ref_radius": [1.1528973246035683, 1.1528973246035683, 1.1528973246035683, 1.1528973246035683, 1.1528973246035683, 1.1528973246035683, 1.1528973246035683, 1.1528973246035683, 1.1528973246035683, 1.1528973246035683, 1.1528973246035683, 1.1528973246035683, 1.1528973246035683, 1.1528973246035683, 1.1528973246035683], "length": 26.345872446671102, "seg_id": 1, "type": "Side", "parent": 0, "children": []}, {"pos": [[0.0, 0.0, 34.27914782520522], [0.476314484620984, 0.3156059286950617, 36.16026477382733], [0.8793258640588212, 0.560369306195177, 38.04138172244945], [1.2090341383135113, 0.7342901325003459, 39.92249867107155], [1.4654393073850542, 0.8373684076105683, 41.80361561969366], [1.6485413712734507, 0.8696041315258445, 43.684732568315766], [1.7583403299787, 0.8309973042461741, 45.565849516937874], [1.7948361835008024, 0.7215479257715574, 47.44696646555998], [1.758028931839758, 0.5412559961019945, 49.32808341418209], [1.6479185749955667, 0.290121515237485, 51.2092003628042], [1.4645051129682283, -0.031855516821970783, 53.090317311426304]], "radius": [1.8719999227975692, 1.8548470879973011, 1.837694253197033, 1.820541418396765, 1.803388583596497, 1.786235748796229, 1.766144944800745, 1.5428159543209443, 1.1065836551869854, 0.6896315970653482, 0.5092551894811954], "ref_radius": [1.8719999227975692, 1.8548470879973011, 1.837694253197033, 1.820541418396765, 1.803388583596497, 1.786235748796229, 1.769082913995961, 1.7519300791956929, 1.7347772443954248, 1.7176244095951567, 1.7004715747948886], "length": 18.868118280294865, "seg_id": 2, "type": "Main", "parent": 0, "children": [3, 4]}, {"pos": [[1.4645051129682283, -0.031855516821970783, 53.090317311426304], [2.554843039316018, 0.5167928367444042, 54.66608559354273], [3.9158463270386186, 0.84551826451944, 56.24185387565915], [5.547514976136032, 0.9543207665031369, 57.817622157775574], [7.449848986608258, 0.8432003426954947, 59.39339043989199], [9.622848358455293, 0.5121569930965135, 60.96915872200841]], "radius": [1.0202806834167577, 1.0202806834167577, 1.0202806834167577, 1.0202806834167577, 1.0202806834167577, 1.0202806834167577], "ref_radius": [1.0202806834167577, 1.0202806834167577, 1.0202806834167577, 1.0202806834167577, 1.0202806834167577, 1.0202806834167577], "length": 11.354763586056544, "seg_id": 3, "type": "Side", "parent": 2, "children": []}, {"pos": [[1.4645051129682283, -0.031855516821970783, 53.090317311426304], [1.8630855775432287, 0.20185356691802475, 54.86306812962058], [2.237248816435069, 0.411646006802469, 56.635818947814826], [2.5869948296437495, 0.5975218028313618, 58.408569766009094], [2.91232361716927, 0.7594809550047037, 60.181320584203355], [3.2132351790116314, 0.8975234633224941, 61.95407140239763], [3.4897295151708323, 1.0116493277847332, 63.7268222205919], [3.7418066256468734, 1.1018585483914212, 65.49957303878617], [3.969466510439754, 1.1681511251425578, 67.27232385698042], [4.172709169549475, 1.2105270580381433, 69.0450746751747], [4.351534602976037, 1.2289863470781774, 70.81782549336896], [4.505942810719438, 1.2235289922626604, 72.59057631156323], [4.63593379277968, 1.1941549935915918, 74.3633271297575], [4.741507549156762, 1.1408643510649725, 76.13607794795176], [4.822664079850684, 1.0636570646828014, 77.90882876614603], [4.879403384861446, 0.9625331344450792, 79.68157958434028], [4.911725464189048, 0.8374925603518057, 81.45433040253455], [4.91963031783349, 0.688535342402981, 83.22708122072882]], "radius": [0.6515224387238119, 1.0278665868699701, 1.4258161751412957, 1.6256469448854363, 1.6158904464096229, 1.5990333730133734, 1.582176299617124, 1.5653192262208746, 1.5484621528246252, 1.5316050794283758, 1.5147480060321263, 1.497890932635877, 1.4810338592396277, 1.4641767858433783, 1.4473197124471289, 1.4304626390508794, 1.41360556565463, 1.3967484922583806], "ref_radius": [1.6833187399946206, 1.6664616665983711, 1.6496045932021217, 1.6327475198058723, 1.6158904464096229, 1.5990333730133734, 1.582176299617124, 1.5653192262208746, 1.5484621528246252, 1.5316050794283758, 1.5147480060321263, 1.497890932635877, 1.4810338592396277, 1.4641767858433783, 1.4473197124471289, 1.4304626390508794, 1.41360556565463, 1.3967484922583806], "length": 30.34273211324894, "seg_id": 4, "type": "Main", "parent": 2,