{"case_id": "RCA_197_bc3", "artery_type": "RCA", "segments": [{"pos": [[0.0, 0.0, 0.0], [-0.05273207503012839, 0.10809957183909041, 1.781879515959166], [-0.10019094255724394, 0.2053891864942718, 3.5637590319183325], [-0.14237660258134666, 0.29186884396554413, 5.345638547877499], [-0.17928905510243653, 0.36753854425290744, 7.127518063836665], [-0.21092830012051356, 0.43239828735636165, 8.909397579795831], [-0.23729433763557778, 0.48644807327590694, 10.691277095754998], [-0.25838716764762915, 0.5296879020115431, 12.473156611714165], [-0.27420679015666766, 0.5621177735632702, 14.255036127673332], [-0.2847532051626933, 0.5837376879310883, 16.036915643632497], [-0.29002641266570617, 0.5945476451149974, 17.818795159591662], [-0.29002641266570617, 0.5945476451149974, 19.600674675550827], [-0.2847532051626933, 0.5837376879310883, 21.382554191509996], [-0.27420679015666766, 0.5621177735632702, 23.164433707469165], [-0.25838716764762915, 0.5296879020115431, 24.94631322342833], [-0.2372943376355778, 0.486448073275907, 26.72819273938749], [-0.2109283001205136, 0.43239828735636177, 28.51007225534666], [-0.17928905510243653, 0.36753854425290744, 30.29195177130583], [-0.1423766025813467, 0.29186884396554424, 32.073831287264994], [-0.10019094255724405, 0.205389186494272, 33.855710803224156], [-0.05273207503012845, 0.10809957183909054, 35.637590319183325], [0.0, 0.0, 37.41946983514249]], "radius": [2.151354696823071, 2.151354696823071, 2.151354696823071, 2.151354696823071, 2.117714144003685, 2.0015465211500483, 1.8183316941117154, 1.593605775166209, 1.3586906086785668, 1.1463281957416716, 0.9861171802422846, 0.900387449701094, 0.9010878406834046, 0.9881207341097371, 1.1493556612058176, 1.3623200237221478, 1.2863589747444921, 1.086750662748849, 0.9266287515636007, 0.822563088841084, 0.78532267030704, 0.8187612350097402], "ref_radius": [2.151354696823071, 2.151354696823071, 2.151354696823071, 2.151354696823071, 2.151354696823071, 2.151354696823071, 2.151354696823071, 2.151354696823071, 2.151354696823071, 2.151354696823071, 2.151354696823071, 2.151354696823071, 2.151354696823071, 2.151354696823071, 2.151354696823071, 2.151354696823071, 2.151354696823071, 2.151354696823071, 2.151354696823071, 2.151354696823071, 2.151354696823071, 2.151354696823071], "length": 37.41946983514249, "seg_id": 0, "type": "Root", "parent": null, "children": [1, 2]}, {"pos": [[0.0, 0.0, 37.41946983514249], [1.4366636814794131, 0.08263309712418285, 38.91252800724838], [2.8176226149180854, 0.14479497298727895, 40.40558617935428], [4.142876800316017, 0.18648562758928822, 41.89864435146018], [5.412426237673209, 0.20770506093021082, 43.391702523566074], [6.626270926989661, 0.20845327301004662, 44.88476069567197], [7.78441086826537, 0.18873026382879568, 46.37781886777786], [8.886846061500341, 0.14853603338645793, 47.87087703988376], [9.933576506694571, 0.08787058168303337, 49.363935211989656], [10.924602203848062, 0.006733908718522114, 50.85699338409555], [11.85992315296081, -0.09487398550707599, 52.35005155620144], [12.739539354032818, -0.21695310099376067, 53.84310972830734]], "radius": [1.3673575453807965, 1.3673575453807965, 1.3673575453807965, 1.3673575453807965, 1.3673575453807965, 1.3673575453807965, 1.3673575453807965, 1.3673575453807965, 1.3673575453807965, 1.3673575453807965, 1.3673575453807965, 1.3673575453807965], "ref_radius": [1.3673575453807965, 1.3673575453807965, 1.3673575453807965, 1.3673575453807965, 1.3673575453807965, 1.3673575453807965, 1.3673575453807965, 1.3673575453807965, 1.3673575453807965, 1.3673575453807965, 1.3673575453807965, 1.3673575453807965], "length": 20.786507136634036, "seg_id": 1, "type": "Side", "parent": 0, "children": []}, {"pos": [[0.0, 0.0, 37.41946983514249], [-0.5064651369115384, -0.0010590596526933857, 39.38228136063123], [-0.9551023443155161, 0.013658199375331477, 41.34509288611997], [-1.345911622211933, 0.044151777084074584, 43.307904411608696], [-1.6788929706007893, 0.09042167347353595, 45.270715937097435], [-1.9540463894820848, 0.1524678885437155, 47.23352746258617], [-2.17137187885582, 0.2302904222946134, 49.1963389880749], [-2.330869438721994, 0.3238892747262295, 51.15915051356363], [-2.4325390690806077, 0.4332644458385639, 53.12196203905238], [-2.4763807699316605, 0.5584159356316164, 55.0847735645411], [-2.462394541275153, 0.6993437441053871, 57.04758509002984]], "radius": [0.9194184699992876, 1.0678706280046089, 1.2535190560913698, 1.4482896422676563, 1.222563487769841, 1.0193171270789527, 0.8575989286807311, 0.7518985715410105, 0.7107474084815737, 0.7359516665320212, 0.8225260853988627], "ref_radius": [2.151354696823071, 2.1333598541962506, 2.115365011569431, 2.0973701689426107, 2.0793753263157906, 2.061380483688971, 2.0433856410621507, 2.0253907984353305, 2.007395955808511, 1.9894011131816907, 1.9714062705548707], "length": 19.794326889502013, "seg_id": 2, "type": "Main", "parent": 0, "children": [3, 4]}, {"pos": [[-2.462394541275153, 0.6993437441053871, 57.04758509002984], [-0.9244135948875132, 0.3786483245353282, 58.4376477052803], [0.5705523937979786, 0.10172366641492578, 59.82771032053074], [2.022503424781322, -0.13143023025581999, 61.217772935781184], [3.4314394980625167, -0.32081336547690914, 62.60783555103163], [4.797360613641564, -0.46642573924834146, 63.99789816628209], [6.1202667715184615, -0.5682673515701173, 65.38796078153254], [7.400157971693212, -0.6263382024422365, 66.778023396783], [8.637034214165812, -0.6406382918646989, 68.16808601203343], [9.830895498936265, -0.6111676198375048, 69.55814862728388], [10.98174182600457, -0.5379261863606539, 70.94821124253433], [12.089573195370729, -0.4209139914341463, 72.33827385778478], [13.154389607034735, -0.26013103505798235, 73.72833647303524], [14.176191060996594, -0.05557731723216175, 75.11839908828568]], "radius": [1.092301876338841, 1.092301876338841, 1.092301876338841, 1.092301876338841, 1.092301876338841, 1.092301876338841, 1.092301876338841, 1.092301876338841, 1.092301876338841, 1.092301876338841, 1.092301876338841, 1.092301876338841, 1.092301876338841, 1.092301876338841], "ref_radius": [1.092301876338841, 1.092301876338841, 1.092301876338841, 1.092301876338841, 1.092301876338841, 1.092301876338841, 1.092301876338841, 1.092301876338841, 1.092301876338841, 1.092301876338841, 1.092301876338841, 1.092301876338841, 1.092301876338841, 1.092301876338841], "length": 24.575735089973094, "seg_id": 3, "type": "Side", "parent": 2, "children": []}, {"pos": [[-2.462394541275153, 0.6993437441053871, 57.04758509002984], [-2.7360038775620055, 0.3293131144274127, 58.84078389308752], [-3.0020611727217923, -0.022469293080097028, 60.633982696145196], [-3.260566426754513, -0.3560034784171421, 62.42718149920287], [-3.511519639660167, -0.6712894415837222, 64.22038030226055], [-3.7549208114387556, -0.9683271825798377, 66.01357910531823], [-3.9907699420902776, -1.2471167014054885, 67.80677790837589], [-4.219067031614733, -1.5076579980606741, 69.59997671143357], [-4.439812080012123, -1.7499510725453955, 71.39317551449125], [-4.653005087282446, -1.9739959248596517, 73.18637431754891], [-4.858646053425705, -2.1797925550034436, 74.97957312060659], [-5.056734978441895, -2.3673409629767708, 76.77277192366427], [-5.24727186233102, -2.5366411487796325, 78.56597072672194], [-5.43025670509308, -2.6876931124120302, 80.35916952977962], [-5.605689506728073, -2.8204968538739625, 82.1523683328373], [-5.773570267236, -2.9350523731654303, 83.94556713589498], [-5.93389898661686, -3.0313596702864336, 85.73876593895264]], "radius": [0.9593226655964777, 1.1307765109054264, 1.3173127531186781, 1.4985120335107034, 1.603076151380289, 1.442454713977015, 1.2732229340005055, 1.1074715984774373, 0.9568064801043448, 0.8314731440848118, 0.7396014545812104, 0.6866254275934816, 0.6749196388921304, 0.7036760458591753, 0.7690262074255984, 0.8643949672901701, 0.9810541606304054],