{"case_id": "RCA_4477_bc9", "artery_type": "RCA", "segments": [{"pos": [[0.0, 0.0, 0.0], [-0.056692862050625306, -0.19172943086061736, 1.8200785783133662], [-0.10671597562470646, -0.36090245809057386, 3.640157156626733], [-0.15006934072224348, -0.5075190816898696, 5.460235734940099], [-0.1867529573432363, -0.6315793016585043, 7.280314313253465], [-0.216766825487685, -0.7330831179964782, 9.100392891566832], [-0.24011094515558956, -0.8120305307037913, 10.920471469880198], [-0.25678531634694995, -0.8684215397804435, 12.740550048193562], [-0.2667899390617661, -0.9022561452264347, 14.56062862650693], [-0.27012481330003824, -0.9135343470417652, 16.380707204820297], [-0.2667899390617661, -0.9022561452264347, 18.20078578313366], [-0.25678531634694995, -0.8684215397804435, 20.02086436144703], [-0.24011094515558956, -0.8120305307037913, 21.840942939760396], [-0.216766825487685, -0.7330831179964782, 23.661021518073763], [-0.18675295734323635, -0.6315793016585045, 25.481100096387124], [-0.15006934072224354, -0.5075190816898698, 27.30117867470049], [-0.1067159756247065, -0.36090245809057403, 29.121257253013862], [-0.056692862050625334, -0.19172943086061747, 30.941335831327226], [0.0, 0.0, 32.761414409640594]], "radius": [2.5296387770694553, 2.5296387770694553, 2.491201622971334, 2.3605168671343444, 2.1513702669145296, 1.88679061397301, 1.5959103431615034, 1.3107578075481852, 1.0627306886032666, 0.8791388486075, 0.7801972861766933, 0.7768002956739866, 0.8693219141933586, 1.0475747369441366, 1.2919316358074782, 1.5754868704607237, 1.4708487130077577, 1.282783971996245, 1.1291278112341812], "ref_radius": [2.5296387770694553, 2.5296387770694553, 2.5296387770694553, 2.5296387770694553, 2.5296387770694553, 2.5296387770694553, 2.5296387770694553, 2.5296387770694553, 2.5296387770694553, 2.5296387770694553, 2.5296387770694553, 2.5296387770694553, 2.5296387770694553, 2.5296387770694553, 2.5296387770694553, 2.5296387770694553, 2.5296387770694553, 2.5296387770694553, 2.5296387770694553], "length": 32.761414409640594, "seg_id": 0, "type": "Root", "parent": null, "children": [1, 2]}, {"pos": [[0.0, 0.0, 32.761414409640594], [1.621758872483549, 0.25082394510409056, 34.3565187671577], [3.184952040810795, 0.4253553191647459, 35.95162312467481], [4.689579504981738, 0.5235941221819661, 37.54672748219191], [6.13564126499638, 0.5455403541557511, 39.14183183970901], [7.523137320854717, 0.49119401508610094, 40.73693619722612], [8.852067672556753, 0.3605551049730155, 42.33204055474323]], "radius": [1.8654967226214487, 1.8654967226214487, 1.8654967226214487, 1.8654967226214487, 1.8654967226214487, 1.8654967226214487, 1.8654967226214487], "ref_radius": [1.8654967226214487, 1.8654967226214487, 1.8654967226214487, 1.8654967226214487, 1.8654967226214487, 1.8654967226214487, 1.8654967226214487], "length": 13.04170183958246, "seg_id": 1, "type": "Side", "parent": 0, "children": []}, {"pos": [[0.0, 0.0, 32.761414409640594], [0.14440497717530243, 0.2743059726179254, 34.754647261933734], [0.24471330719277992, 0.45208555970849473, 36.74788011422689], [0.3009249900524326, 0.5333387612717083, 38.741112966520035], [0.31304002575426026, 0.5180655773075657, 40.734345818813175], [0.281058414298263, 0.40626600781606736, 42.72757867110632], [0.20498015568444092, 0.19794005279721316, 44.72081152339946], [0.08480524991279395, -0.10691228774899675, 46.71404437569261], [-0.07946630301667809, -0.5082910138225631, 48.707277227985756], [-0.28783450310397507, -1.0061961254234855, 50.7005100802789]], "radius": [1.0213009123668382, 0.9604461824298776, 0.9573924319134444, 1.010624988281678, 1.114480115188972, 1.2596243557475155, 1.4337997300379586, 1.6227755730626305, 1.3490458578419235, 1.0841770834018836], "ref_radius": [2.5296387770694553, 2.51166917961085, 2.493699582152245, 2.47572998469364, 2.4577603872350346, 2.4397907897764295, 2.4218211923178243, 2.403851594859219, 2.385881997400614, 2.367912399942009], "length": 17.969597458605147, "seg_id": 2, "type": "Main", "parent": 0, "children": [3, 4]}, {"pos": [[-0.28783450310397507, -1.0061961254234855, 50.7005100802789], [0.9755179639224743, -1.498717749929784, 52.055616785873504], [2.2268074124336916, -1.93601273264971, 53.41072349146812], [3.466033842429677, -2.3180810735832638, 54.765830197062726], [4.69319725391043, -2.6449227727304443, 56.12093690265734], [5.908297646875951, -2.916537830091252, 57.476043608251935], [7.111335021326241, -3.1329262456656877, 58.83115031384654], [8.302309377261297, -3.29408801945375, 60.18625701944115], [9.481220714681122, -3.40002315145544, 61.54136372503576], [10.648069033585717, -3.450731641670758, 62.896470430630366], [11.802854333975077, -3.4462134900997032, 64.25157713622497], [12.945576615849205, -3.3864686967422752, 65.60668384181957], [14.076235879208104, -3.2714972615984745, 66.96179054741418]], "radius": [1.6072266467613328, 1.6072266467613328, 1.6072266467613328, 1.6072266467613328, 1.6072266467613328, 1.6072266467613328, 1.6072266467613328, 1.6072266467613328, 1.6072266467613328, 1.6072266467613328, 1.6072266467613328, 1.6072266467613328, 1.6072266467613328], "ref_radius": [1.6072266467613328, 1.6072266467613328, 1.6072266467613328, 1.6072266467613328, 1.6072266467613328, 1.6072266467613328, 1.6072266467613328, 1.6072266467613328, 1.6072266467613328, 1.6072266467613328, 1.6072266467613328, 1.6072266467613328, 1.6072266467613328], "length": 21.81484241557583, "seg_id": 3, "type": "Side", "parent": 2, "children": []}, {"pos": [[-0.28783450310397507, -1.0061961254234855, 50.7005100802789], [-0.4177912550420272, -1.5530790346754777, 52.524710558078965], [-0.5838041327503452, -2.085930382657829, 54.34891103587901], [-0.7858731362289293, -2.60475016937054, 56.17311151367906], [-1.0239982654777795, -3.109538394813611, 57.997311991479116], [-1.2981795204968958, -3.600295058987041, 59.82151246927917], [-1.6084169012862781, -4.0770201618908315, 61.645712947079225], [-1.9547104078459268, -4.539713703524981, 63.46991342487928], [-2.337060040175841, -4.98837568388949, 65.29411390267933], [-2.755465798276021, -5.423006102984358, 67.11831438047938], [-3.2099276821464677, -5.8436049608095875, 68.94251485827944], [-3.7004456917871806, -6.250172257365176, 70.7667153360795], [-4.227019827198159, -6.642707992651124, 72.59091581387955], [-4.789650088379403, -7.02121216666743, 74.4151162916796]], "radius": [0.8758723590496018, 0.7458703659166983, 0.7064722712779758, 0.7594905479100866, 0.8961085833104545, 1.0980547172529695, 1.339845247349166, 1.5918220831788066, 1.8236233577586027, 2.0076809554156596, 2.122342059300839, 2.154261377516071, 2.136717544881649, 2.1189487734148362], "ref_radius": [2.3499428024834037, 2.332174031016591, 2.314405259549778, 2.296636488082965, 2.278867716616152, 2.2610989451493393, 2.2433301736825264, 2.2255614022157135, 2.2077926307489006, 2.1900238592820878, 2.172255087815275, 2.154486316348462, 2.136717544881649, 2.1189487734148362], "length": 24.876280053538043, "seg_id": 4, "type": "Main", "parent": 2, "children": [5, 6]}, {"pos": [[-4.789650088379403, -7.02121216666743, 74.4151162916796], [-4.192180954276429, -7.404195119985035, 76.18089251268943], [-3.3129778840286686, -7.772257818595907, 77.94666873369924], [-2.1520408776361237, -8.12540026250005, 79.71244495470906], [-0.7093699350987951, -8.46362245169746, 81.47822117571889], [1.0150349435833181, -8.786924386188142, 83.24399739672869]], "radius": [1.5701057668912577, 1.5701057668912577, 1.5701057668912577, 1.5701057668912577, 1.5701057668912577, 1.5701057668912577], "ref_radius": [1.5701057668912577, 1.5701057668912577, 1.5701057668912577, 1.5701057668912577, 1.5701057668912577, 1.5701057668912577], "length": 10.712667713018531, "seg_id": 5, "type": "Side", "parent": 4,