{"case_id": "RCA_5507_bc1", "artery_type": "RCA", "segments": [{"pos": [[0.0, 0.0, 0.0], [0.18091660180538796, -0.2106364194604827, 1.777511335430059], [0.3392186283851024, -0.39494328648840504, 3.555022670860118], [0.47490607973914334, -0.552920601083767, 5.332534006290176], [0.5879789558675108, -0.6845683632465687, 7.110045341720236], [0.6784372567702048, -0.7898865729768101, 8.887556677150295], [0.7462809824472254, -0.8688752302744911, 10.665068012580353], [0.7915101328985723, -0.9215343351396118, 12.442579348010412], [0.8141247081242458, -0.9478638875721721, 14.220090683440471], [0.8141247081242458, -0.9478638875721721, 15.99760201887053], [0.7915101328985723, -0.9215343351396118, 17.77511335430059], [0.7462809824472254, -0.8688752302744911, 19.55262468973065], [0.6784372567702049, -0.7898865729768102, 21.330136025160705], [0.587978955867511, -0.6845683632465689, 23.107647360590768], [0.4749060797391435, -0.5529206010837672, 24.885158696020824], [0.3392186283851025, -0.39494328648840515, 26.662670031450883], [0.180916601805388, -0.21063641946048273, 28.440181366880942], [0.0, 0.0, 30.217692702311002]], "radius": [2.1366808743095085, 2.1366808743095085, 2.1366808743095085, 2.1366808743095085, 2.128443964350428, 1.8795190869377958, 1.3850289968905152, 0.8591606292175527, 0.5296923280294461, 0.539332323550475, 0.8839050799393604, 1.4141599164160894, 1.9004185027480527, 2.132059355664923, 2.1366808743095085, 2.1366808743095085, 2.1366808743095085, 2.1366808743095085], "ref_radius": [2.1366808743095085, 2.1366808743095085, 2.1366808743095085, 2.1366808743095085, 2.1366808743095085, 2.1366808743095085, 2.1366808743095085, 2.1366808743095085, 2.1366808743095085, 2.1366808743095085, 2.1366808743095085, 2.1366808743095085, 2.1366808743095085, 2.1366808743095085, 2.1366808743095085, 2.1366808743095085, 2.1366808743095085, 2.1366808743095085], "length": 30.217692702311002, "seg_id": 0, "type": "Root", "parent": null, "children": [1, 2]}, {"pos": [[0.0, 0.0, 30.217692702311002], [1.3606933566331132, -0.3894636494160845, 31.537006041865105], [2.7043980355828996, -0.715834468622184, 32.856319381419205], [4.03111403684936, -0.9791124576182985, 34.17563272097331], [5.340841360432494, -1.1792976164044284, 35.494946060527425], [6.633580006332302, -1.316389944980573, 36.814259400081525], [7.909329974548783, -1.3903894433467325, 38.133572739635625], [9.168091265081937, -1.4012961115029072, 39.45288607918973], [10.409863877931766, -1.3491099494490966, 40.77219941874384], [11.634647813098269, -1.2338309571853014, 42.09151275829794], [12.842443070581446, -1.055459134711521, 43.410826097852045], [14.033249650381295, -0.8139944820277558, 44.730139437406145]], "radius": [1.7029938856030002, 1.7029938856030002, 1.7029938856030002, 1.7029938856030002, 1.7029938856030002, 1.7029938856030002, 1.7029938856030002, 1.7029938856030002, 1.7029938856030002, 1.7029938856030002, 1.7029938856030002, 1.7029938856030002], "ref_radius": [1.7029938856030002, 1.7029938856030002, 1.7029938856030002, 1.7029938856030002, 1.7029938856030002, 1.7029938856030002, 1.7029938856030002, 1.7029938856030002, 1.7029938856030002, 1.7029938856030002, 1.7029938856030002, 1.7029938856030002], "length": 20.20410337049561, "seg_id": 1, "type": "Side", "parent": 0, "children": []}, {"pos": [[0.0, 0.0, 30.217692702311002], [0.39215159400354527, -0.22075069819171514, 32.144699658963745], [0.729594775907989, -0.4051690861467321, 34.07170661561649], [1.0123295457133312, -0.5532551638650508, 35.99871357226923], [1.240355903419572, -0.6650089313466713, 37.92572052892198], [1.4136738490267107, -0.7404303885915934, 39.85272748557472], [1.5322833825347482, -0.7795195355998175, 41.77973444222746], [1.596184503943684, -0.7822763723713433, 43.7067413988802], [1.6053772132535185, -0.7487008989061708, 45.633748355532944], [1.559861510464251, -0.6787931152043001, 47.56075531218569], [1.4596373955758823, -0.5725530212657313, 49.48776226883843], [1.3047048685884117, -0.42998061709046415, 51.41476922549117], [1.0950639295018396, -0.2510759026784987, 53.34177618214392]], "radius": [2.1366808743095085, 2.118872136328897, 2.1010633983482863, 2.083254660367675, 2.0556460995761485, 1.8205378022354628, 1.3844918831033723, 0.9154507883496004, 0.5912166950144424, 0.5303991037309144, 0.7475089887538497, 1.1491848465263856, 1.5722862165547526], "ref_radius": [2.1366808743095085, 2.118872136328897, 2.1010633983482863, 2.083254660367675, 2.065445922387064, 2.0476371844064527, 2.029828446425842, 2.0120197084452305, 1.9942109704646196, 1.9764022324840083, 1.9585934945033971, 1.940784756522786, 1.922976018542175], "length": 23.15135937479446, "seg_id": 2, "type": "Main", "parent": 0, "children": [3, 4]}, {"pos": [[1.0950639295018396, -0.2510759026784987, 53.34177618214392], [2.2534777570130986, -0.3105527574902074, 54.64834864245348], [3.4447513672747148, -0.34291073262824745, 55.954921102763045], [4.668884760286685, -0.34814982809261863, 57.261493563072584], [5.925877936049014, -0.3262700438833212, 58.568066023382144], [7.215730894561697, -0.27727138000035506, 59.8746384836917], [8.538443635824738, -0.20115383644372006, 61.18121094400125], [9.894016159838134, -0.09791741321341649, 62.487783404310804], [11.282448466601888, 0.03243788969055586, 63.79435586462037], [12.703740556115996, 0.18991207226819684, 65.10092832492992], [14.15789242838046, 0.37450513451950657, 66.40750078523948]], "radius": [1.3089696015842291, 1.3089696015842291, 1.3089696015842291, 1.3089696015842291, 1.3089696015842291, 1.3089696015842291, 1.3089696015842291, 1.3089696015842291, 1.3089696015842291, 1.3089696015842291, 1.3089696015842291], "ref_radius": [1.3089696015842291, 1.3089696015842291, 1.3089696015842291, 1.3089696015842291, 1.3089696015842291, 1.3089696015842291, 1.3089696015842291, 1.3089696015842291, 1.3089696015842291, 1.3089696015842291, 1.3089696015842291], "length": 18.486265156303304, "seg_id": 3, "type": "Side", "parent": 2, "children": []}, {"pos": [[1.0950639295018396, -0.2510759026784987, 53.34177618214392], [1.513042721572835, 0.053091360808134126, 55.2501284685628], [1.8651753884982778, 0.32290911088214075, 57.15848075498168], [2.151461930278167, 0.5583773475435212, 59.06683304140054], [2.3719023469125022, 0.7594960707922754, 60.97518532781942], [2.526496638401285, 0.9262652806284033, 62.88353761423829], [2.6152448047445147, 1.0586849770519051, 64.79188990065717], [2.638146845942191, 1.1567551600627808, 66.70024218707604], [2.5952027619943134, 1.22047582966103, 68.60859447349492], [2.486412552900884, 1.2498469858466532, 70.5169467599138], [2.3117762186619, 1.24486862861965, 72.42529904633267]], "radius": [1.8483411375370074, 1.8877302845605337, 1.8702932885595036, 1.8528562925584733, 1.8354192965574432, 1.817982300556413, 1.800545304555383, 1.7831083085543529, 1.7656713125533225, 1.7482343165522924, 1.7307973205512623], "ref_radius": [1.9051672805615638, 1.8877302845605337, 1.8702932885595036, 1.8528562925584733, 1.8354192965574432, 1.817982300556413, 1.800545304555383, 1.7831083085543529, 1.7656713125533225, 1.7482343165522924, 1.7307973205512623], "length": 19.180695601133163, "seg_id": 4, "type": "Main", "parent": 2,