{"case_id": "RCA_248_bc0", "artery_type": "RCA", "segments": [{"pos": [[0.0, 0.0, 0.0], [0.10882170452553674, -0.09277881665128568, 1.818837560573495], [0.2031338484476686, -0.17318712441573328, 3.63767512114699], [0.28293643176639555, -0.24122492329334277, 5.4565126817204845], [0.3482294544817176, -0.2968922132841142, 7.27535024229398], [0.39901291659363475, -0.3401889943880475, 9.094187802867475], [0.435286818102147, -0.3711152666051427, 10.913025363440969], [0.45705115900725435, -0.38967102993539987, 12.731862924014465], [0.4643059393089568, -0.3958562843788189, 14.55070048458796], [0.45705115900725435, -0.38967102993539987, 16.369538045161455], [0.435286818102147, -0.3711152666051427, 18.18837560573495], [0.39901291659363475, -0.3401889943880475, 20.007213166308446], [0.3482294544817176, -0.2968922132841142, 21.826050726881938], [0.28293643176639555, -0.24122492329334277, 23.644888287455437], [0.2031338484476686, -0.17318712441573328, 25.46372584802893], [0.10882170452553674, -0.09277881665128568, 27.282563408602424], [0.0, 0.0, 29.10140096917592]], "radius": [2.143503188315815, 2.143503188315815, 2.143503188315815, 2.143503188315815, 2.143503188315815, 2.143503188315815, 2.031092009373797, 1.6395254591921773, 1.1157865118156962, 0.6635586190016467, 0.4587143956294397, 0.580918298005016, 0.9826449076374413, 1.5076616912721899, 1.9517882432760572, 2.1423025814814944, 2.143503188315815], "ref_radius": [2.143503188315815, 2.143503188315815, 2.143503188315815, 2.143503188315815, 2.143503188315815, 2.143503188315815, 2.143503188315815, 2.143503188315815, 2.143503188315815, 2.143503188315815, 2.143503188315815, 2.143503188315815, 2.143503188315815, 2.143503188315815, 2.143503188315815, 2.143503188315815, 2.143503188315815], "length": 29.10140096917592, "seg_id": 0, "type": "Root", "parent": null, "children": [1, 2]}, {"pos": [[0.0, 0.0, 29.10140096917592], [1.299163662156266, 0.07138799243043915, 30.514010284900362], [2.5742948106159558, 0.14714899595333966, 31.926619600624797], [3.825393445379069, 0.22728301056870154, 33.33922891634924], [5.052459566445607, 0.3117900362765248, 34.75183823207368], [6.255493173815569, 0.40067007307680946, 36.16444754779812], [7.434494267488954, 0.4939231209695554, 37.577056863522564], [8.589462847465763, 0.5915491799547627, 38.98966617924701], [9.720398913745996, 0.6935482500324315, 40.40227549497145], [10.827302466329652, 0.7999203312025616, 41.81488481069589], [11.910173505216733, 0.9106654234651531, 43.22749412642033], [12.969012030407237, 1.0257835268202058, 44.64010344214477], [14.003818041901164, 1.14527464126772, 46.05271275786921], [15.014591539698516, 1.2691387668076954, 47.465322073593654], [16.00133252379929, 1.3973759034401325, 48.87793138931809], [16.96404099420349, 1.5299860511650305, 50.29054070504253], [17.902716950911113, 1.6669692099823905, 51.70315002076698], [18.81736039392216, 1.8083253798922114, 53.115759336491415]], "radius": [1.2858774740824976, 1.2858774740824976, 1.2858774740824976, 1.2858774740824976, 1.2858774740824976, 1.2858774740824976, 1.2858774740824976, 1.2858774740824976, 1.2858774740824976, 1.2858774740824976, 1.2858774740824976, 1.2858774740824976, 1.2858774740824976, 1.2858774740824976, 1.2858774740824976, 1.2858774740824976, 1.2858774740824976, 1.2858774740824976], "ref_radius": [1.2858774740824976, 1.2858774740824976, 1.2858774740824976, 1.2858774740824976, 1.2858774740824976, 1.2858774740824976, 1.2858774740824976, 1.2858774740824976, 1.2858774740824976, 1.2858774740824976, 1.2858774740824976, 1.2858774740824976, 1.2858774740824976, 1.2858774740824976, 1.2858774740824976, 1.2858774740824976, 1.2858774740824976, 1.2858774740824976], "length": 30.562272504972015, "seg_id": 1, "type": "Side", "parent": 0, "children": []}, {"pos": [[0.0, 0.0, 29.10140096917592], [-0.17032144443912461, 0.2502558618257037, 30.953920056559152], [-0.33268430644005886, 0.4785516069552539, 32.80643914394238], [-0.4870885860028028, 0.6848872353886504, 34.658958231325606], [-0.6335342831273565, 0.8692627471258936, 36.511477318708835], [-0.7720213978137198, 1.0316781421669834, 38.36399640609206], [-0.9025499300618929, 1.1721334205119194, 40.21651549347529], [-1.0251198798718755, 1.290628582160702, 42.06903458085852], [-1.1397312472436678, 1.3871636271133312, 43.92155366824175], [-1.24638403217727, 1.4617385553698066, 45.77407275562498], [-1.3450782346726817, 1.5143533669301288, 47.62659184300821], [-1.4358138547299033, 1.5450080617942974, 49.47911093039144], [-1.518590892348934, 1.5537026399623124, 51.33163001777466], [-1.593409347529775, 1.540437101434174, 53.18414910515789], [-1.6602692202724254, 1.505211446209882, 55.03666819254112], [-1.7191705105768855, 1.4480256742894362, 56.88918727992435], [-1.7701132184431554, 1.3688797856728372, 58.74170636730758], [-1.8130973438712348, 1.2677737803600846, 60.59422545469081]], "radius": [2.143503188315815, 2.1259640559976862, 2.108424923679557, 2.0908857913614285, 2.0733466590433, 2.0558075267251708, 2.038268394407042, 2.0207292620889135, 2.003190129770785, 1.985650997452656, 1.968111865134527, 1.9505727328163982, 1.9330336004982696, 1.9154944681801407, 1.897955335862012, 1.8804162035438832, 1.8628770712257543, 1.8453379389076257], "ref_radius": [2.143503188315815, 2.1259640559976862, 2.108424923679557, 2.0908857913614285, 2.0733466590433, 2.0558075267251708, 2.038268394407042, 2.0207292620889135, 2.003190129770785, 1.985650997452656, 1.968111865134527, 1.9505727328163982, 1.9330336004982696, 1.9154944681801407, 1.897955335862012, 1.8804162035438832, 1.8628770712257543, 1.8453379389076257], "length": 31.570438172631803, "seg_id": 2, "type": "Main", "parent": 0, "children": [3, 4]}, {"pos": [[-1.8130973438712348, 1.2677737803600846, 60.59422545469081], [-0.40743825508057485, 1.475157316431641, 61.98528490995033], [0.9592141070570288, 1.6441856193595166, 63.37634436520984], [2.2868597425415755, 1.7748586891437121, 64.76740382046934], [3.5754986513730653, 1.867176525784228, 66.15846327572886], [4.825130833551499, 1.9211391292810638, 67.54952273098839], [6.035756289076875, 1.936746499634219, 68.9405821862479], [7.207375017949195, 1.9139986368436943, 70.33164164150742], [8.339987020168458, 1.8528955409094894, 71.72270109676694], [9.43359229573466, 1.7534372118316046, 73.11376055202645], [10.48819084464781, 1.6156236496100396, 74.50482000728596], [11.503782666907904, 1.439454854244794, 75.89587946254548], [12.48036776251494, 1.2249308257358689, 77.286938917805], [13.417946131468916, 0.9720515640832635, 78.67799837306451]], "radius": [1.104015480260267, 1.104015480260267, 1.104015480260267, 1.104015480260267, 1.104015480260267, 1.104015480260267, 1.104015480260267, 1.104015480260267, 1.104015480260267, 1.104015480260267, 1.104015480260267, 1.104015480260267, 1.104015480260267, 1.104015480260267], "ref_radius": [1.104015480260267, 1.104015480260267, 1.104015480260267, 1.104015480260267, 1.104015480260267, 1.104015480260267, 1.104015480260267, 1.104015480260267, 1.104015480260267, 1.104015480260267, 1.104015480260267, 1.104015480260267, 1.104015480260267, 1.104015480260267], "length": 23.64518936147917, "seg_id": 3, "type": "Side", "parent": 2,