{"case_id": "RCA_7862_bc7", "artery_type": "RCA", "segments": [{"pos": [[0.0, 0.0, 0.0], [-0.06978904146081166, -0.10448580958561889, 1.8501893477041145], [-0.1302728773935151, -0.19504017789315525, 3.700378695408229], [-0.1814515077981103, -0.2716631049226091, 5.550568043112344], [-0.2233249326745973, -0.33435459067398043, 7.400757390816458], [-0.2558931520229761, -0.38311463514726923, 9.250946738520572], [-0.27915616584324665, -0.41794323834247554, 11.101136086224688], [-0.29311397413540896, -0.4388404002595993, 12.951325433928801], [-0.29776657689946306, -0.4458061208986406, 14.801514781632916], [-0.29311397413540896, -0.4388404002595993, 16.65170412933703], [-0.27915616584324665, -0.41794323834247554, 18.501893477041143], [-0.2558931520229761, -0.38311463514726923, 20.35208282474526], [-0.2233249326745973, -0.33435459067398043, 22.202272172449373], [-0.1814515077981103, -0.2716631049226091, 24.05246152015349], [-0.1302728773935151, -0.19504017789315525, 25.902650867857602], [-0.06978904146081166, -0.10448580958561889, 27.75284021556172], [0.0, 0.0, 29.60302956326583]], "radius": [2.0681262028915963, 2.0681262028915963, 2.052305008936957, 1.9810443886189848, 1.8583575791723281, 1.694838646868715, 1.5046075318493868, 1.3040907843567773, 1.1106031240507181, 0.9408523054590936, 0.8094963951658389, 0.7278780405599139, 0.7030450266606241, 0.7371416964186288, 0.8272237856486362, 0.942883063228229, 0.7323634627003526], "ref_radius": [2.0681262028915963, 2.0681262028915963, 2.0681262028915963, 2.0681262028915963, 2.0681262028915963, 2.0681262028915963, 2.0681262028915963, 2.0681262028915963, 2.0681262028915963, 2.0681262028915963, 2.0681262028915963, 2.0681262028915963, 2.0681262028915963, 2.0681262028915963, 2.0681262028915963, 2.0681262028915963, 2.0681262028915963], "length": 29.60302956326583, "seg_id": 0, "type": "Root", "parent": null, "children": [1, 2]}, {"pos": [[0.0, 0.0, 29.60302956326583], [1.2177004976272903, 0.17327901266343823, 30.993623399085767], [2.453540357083364, 0.31031860000800304, 32.3842172349057], [3.7075195783682213, 0.4111187620336943, 33.77481107072564], [4.979638161481864, 0.47567949874051224, 35.165404906545575], [6.269896106424289, 0.5040008101284567, 36.55599874236551], [7.578293413195498, 0.49608269619752765, 37.946592578185445], [8.904830081795492, 0.4519251569477251, 39.33718641400539], [10.249506112224267, 0.3715281923790491, 40.727780249825315], [11.61232150448183, 0.2548918024914997, 42.11837408564526], [12.993276258568173, 0.10201598728507671, 43.50896792146519], [14.392370374483301, -0.08709925324021946, 44.89956175728513]], "radius": [1.0950199247989485, 1.0950199247989485, 1.0950199247989485, 1.0950199247989485, 1.0950199247989485, 1.0950199247989485, 1.0950199247989485, 1.0950199247989485, 1.0950199247989485, 1.0950199247989485, 1.0950199247989485, 1.0950199247989485], "ref_radius": [1.0950199247989485, 1.0950199247989485, 1.0950199247989485, 1.0950199247989485, 1.0950199247989485, 1.0950199247989485, 1.0950199247989485, 1.0950199247989485, 1.0950199247989485, 1.0950199247989485, 1.0950199247989485, 1.0950199247989485], "length": 21.003138061701364, "seg_id": 1, "type": "Side", "parent": 0, "children": []}, {"pos": [[0.0, 0.0, 29.60302956326583], [0.08541301501351316, -0.27190797701361513, 31.40523513169272], [0.18430077693678323, -0.5134162376666507, 33.20744070011959], [0.29666328576981016, -0.7245247819591067, 35.00964626854647], [0.4225005415125941, -0.9052336098909833, 36.81185183697335], [0.5618125441651348, -1.0555427214622803, 38.61405740540023], [0.7145992937274326, -1.1754521166729976, 40.416262973827116], [0.8808607901994872, -1.2649617955231356, 42.218468542253994], [1.0605970335812986, -1.3240717580126937, 44.02067411068087], [1.2538080238728668, -1.3527820041416725, 45.82287967910774], [1.4604937610741922, -1.3510925339100717, 47.62508524753463], [1.6806542451852746, -1.3190033473178913, 49.42729081596151], [1.9142894762061136, -1.2565144443651313, 51.22949638438839], [2.1613994541367094, -1.163625825051792, 53.03170195281527]], "radius": [0.6059881744233915, 0.5770295156911769, 0.6523481394009558, 0.818055295345719, 1.0476815859068593, 1.3061372251689158, 1.2103557743450406, 0.9436884796624183, 0.7227622779042797, 0.5759236955708711, 0.5207535534712964, 0.5618108374083111, 0.6902257703071439, 0.885166899424784], "ref_radius": [2.0681262028915963, 2.051299833241218, 2.0344734635908392, 2.017647093940461, 2.0008207242900826, 1.983994354639704, 1.9671679849893258, 1.9503416153389472, 1.933515245688569, 1.9166888760381904, 1.899862506387812, 1.8830361367374335, 1.8662097670870552, 1.8493833974366767], "length": 23.556917510529804, "seg_id": 2, "type": "Main", "parent": 0, "children": [3, 4]}, {"pos": [[2.1613994541367094, -1.163625825051792, 53.03170195281527], [3.9242107171234637, -0.8387197836185262, 54.37559493546117], [5.629202364184985, -0.5891650296606441, 55.71948791810708], [7.276374395321271, -0.41496156317814603, 57.06338090075299], [8.865726810532323, -0.31610938417103174, 58.4072738833989], [10.397259609818141, -0.2926084926393013, 59.7511668660448], [11.870972793178723, -0.34445888858295465, 61.0950598486907], [13.286866360614074, -0.47166057200199185, 62.438952831336614], [14.644940312124188, -0.6742135428964129, 63.78284581398252]], "radius": [1.2558640189150603, 1.2558640189150603, 1.2558640189150603, 1.2558640189150603, 1.2558640189150603, 1.2558640189150603, 1.2558640189150603, 1.2558640189150603, 1.2558640189150603], "ref_radius": [1.2558640189150603, 1.2558640189150603, 1.2558640189150603, 1.2558640189150603, 1.2558640189150603, 1.2558640189150603, 1.2558640189150603, 1.2558640189150603, 1.2558640189150603], "length": 16.48227566382997, "seg_id": 3, "type": "Side", "parent": 2, "children": []}, {"pos": [[2.1613994541367094, -1.163625825051792, 53.03170195281527], [2.632194843400808, -1.3253951804238249, 54.811745659808444], [3.079908140122108, -1.4518956328756563, 56.59178936680161], [3.504539344300609, -1.5431271824072863, 58.37183307379479], [3.9060884559363114, -1.599089829018715, 60.15187678078796], [4.284555475029215, -1.6197835727099426, 61.93192048778113], [4.63994040157932, -1.6052084134809683, 63.71196419477429], [4.972243235586626, -1.5553643513317934, 65.49200790176747], [5.281463977051135, -1.470251386262417, 67.27205160876062], [5.567602625972844, -1.349869518272839, 69.0520953157538], [5.830659182351755, -1.19421874736306, 70.83213902274697], [6.070633646187867, -1.0032990735330798, 72.61218272974014], [6.287526017481182, -0.7771104967828977, 74.39222643673331], [6.481336296231696, -0.5156530171125147, 76.17227014372648], [6.652064482439412, -0.2189266345219304, 77.95231385071965], [6.79971057610433, 0.11306865098885521, 79.73235755771282]], "radius": [1.1169454891507993, 1.3511995455856085, 1.5539943037681783, 1.696323207946859, 1.758106431886103, 1.7477739354857365, 1.7308173170256242, 1.7138606985655118, 1.6969040801053994, 1.6799474616452872, 1.6629908431851748, 1.6460342247250623, 1.62907760626495, 1.6121209878048377, 1.5951643693447253, 1.5782077508846128], "ref_radius": [1.8325570277862984, 1.815600409326186, 1.7986437908660737, 1.7816871724059613, 1.7647305539458489, 1.7477739354857365, 1.7308173170256242, 1.7138606985655118, 1.6969040801053994, 1.6799474616452872, 1.6629908431851748, 1.6460342247250623, 1.62907760626495, 1.6121209878048377, 1.5951643693447253, 1.5782077508846128], "length": 27.130589536179784, "seg_id": 4, "type": "Main", "parent": 2,