{"case_id": "RCA_2051_bc6", "artery_type": "RCA", "segments": [{"pos": [[0.0, 0.0, 0.0], [-0.1161343205243455, -0.022357429983332743, 1.812929317927173], [-0.21775185098314778, -0.04192018121874889, 3.6258586358543456], [-0.30485259137640686, -0.05868825370624844, 5.438787953781517], [-0.37743654170412283, -0.07266164744583141, 7.251717271708691], [-0.43550370196629556, -0.08384036243749778, 9.064646589635865], [-0.47905407216292517, -0.09222439868124756, 10.877575907563036], [-0.5080876522940115, -0.09781375617708074, 12.69050522549021], [-0.5226044423595547, -0.10060843492499734, 14.503434543417384], [-0.5226044423595547, -0.10060843492499734, 16.316363861344556], [-0.5080876522940115, -0.09781375617708074, 18.12929317927173], [-0.47905407216292517, -0.09222439868124756, 19.9422224971989], [-0.4355037019662956, -0.08384036243749779, 21.755151815126073], [-0.37743654170412294, -0.07266164744583142, 23.568081133053248], [-0.30485259137640697, -0.058688253706248465, 25.381010450980423], [-0.21775185098314784, -0.0419201812187489, 27.193939768907594], [-0.11613432052434551, -0.022357429983332747, 29.00686908683477], [0.0, 0.0, 30.81979840476194]], "radius": [2.404589110691794, 2.404589110691794, 2.404589110691794, 2.404589110691794, 2.404589110691794, 2.404589110691794, 2.404589110691794, 2.404589110691794, 2.404589110691794, 2.404589110691794, 2.404589110691794, 2.404589110691794, 2.404589110691794, 2.404589110691794, 2.404589110691794, 2.404589110691794, 2.404589110691794, 2.404589110691794], "ref_radius": [2.404589110691794, 2.404589110691794, 2.404589110691794, 2.404589110691794, 2.404589110691794, 2.404589110691794, 2.404589110691794, 2.404589110691794, 2.404589110691794, 2.404589110691794, 2.404589110691794, 2.404589110691794, 2.404589110691794, 2.404589110691794, 2.404589110691794, 2.404589110691794, 2.404589110691794, 2.404589110691794], "length": 30.81979840476194, "seg_id": 0, "type": "Root", "parent": null, "children": [1, 2]}, {"pos": [[0.0, 0.0, 30.81979840476194], [1.5639468253266438, 0.1259465997225841, 32.402542804576804], [2.9663446471945436, 0.18912052106217364, 33.98528720439166], [4.2071934656037, 0.1895217640187687, 35.56803160420651], [5.286493280554114, 0.1271503285923693, 37.150776004021374], [6.2042440920457835, 0.002006214782975385, 38.73352040383623], [6.960445900078711, -0.18591057740941308, 40.316264803651094], [7.555098704652894, -0.4366000479847961, 41.89900920346595]], "radius": [1.4871443132060949, 1.4871443132060949, 1.4871443132060949, 1.4871443132060949, 1.4871443132060949, 1.4871443132060949, 1.4871443132060949, 1.4871443132060949], "ref_radius": [1.4871443132060949, 1.4871443132060949, 1.4871443132060949, 1.4871443132060949, 1.4871443132060949, 1.4871443132060949, 1.4871443132060949, 1.4871443132060949], "length": 13.417117721815952, "seg_id": 1, "type": "Side", "parent": 0, "children": []}, {"pos": [[0.0, 0.0, 30.81979840476194], [0.23063978893387907, -0.061633530293352945, 32.71901478916562], [0.447382464894269, -0.15757201059436576, 34.6182311735693], [0.6502280278811698, -0.28781544090303846, 36.51744755797297], [0.8391764778945815, -0.452363821219371, 38.41666394237665], [1.014227814934504, -0.6512171515433633, 40.31588032678033], [1.1753820390009377, -0.8843754318750159, 42.21509671118401], [1.322639150093882, -1.1518386622143282, 44.11431309558769], [1.4559991482133374, -1.4536068425613, 46.01352947999137], [1.5754620333593037, -1.7896799729159318, 47.91274586439504], [1.6810278055317807, -2.1600580532782234, 49.81196224879872]], "radius": [2.404589110691794, 2.387145127316542, 2.36970114394129, 2.352257160566038, 2.334813177190786, 2.317369193815534, 2.170447995050784, 1.7351337870580488, 1.16905988086438, 0.6788949303503646, 0.44018261794649516], "ref_radius": [2.404589110691794, 2.387145127316542, 2.36970114394129, 2.352257160566038, 2.334813177190786, 2.317369193815534, 2.299925210440282, 2.28248122706503, 2.265037243689778, 2.2475932603145266, 2.2301492769392746], "length": 19.18838171277716, "seg_id": 2, "type": "Main", "parent": 0, "children": [3, 4]}, {"pos": [[1.6810278055317807, -2.1600580532782234, 49.81196224879872], [2.606357164914248, -2.535264273257233, 51.26628691736582], [3.6793889591426625, -2.8641531814356025, 52.720611585932915], [4.900123188217021, -3.146724777813331, 54.174936254500004], [6.268559852137328, -3.3829790623904206, 55.62926092306711], [7.7846989509035796, -3.5729160351668696, 57.08358559163421], [9.448540484515776, -3.7165356961426785, 58.5379102602013], [11.260084452973922, -3.8138380453178473, 59.992234928768404]], "radius": [1.4289321697767408, 1.4289321697767408, 1.4289321697767408, 1.4289321697767408, 1.4289321697767408, 1.4289321697767408, 1.4289321697767408, 1.4289321697767408], "ref_radius": [1.4289321697767408, 1.4289321697767408, 1.4289321697767408, 1.4289321697767408, 1.4289321697767408, 1.4289321697767408, 1.4289321697767408, 1.4289321697767408], "length": 14.075910853494104, "seg_id": 3, "type": "Side", "parent": 2, "children": []}, {"pos": [[1.6810278055317807, -2.1600580532782234, 49.81196224879872], [1.6819290950227832, -2.5020692046174347, 51.57934178414139], [1.718093528388614, -2.854556464181862, 53.346721319484054], [1.789521105629273, -3.2175198319715044, 55.11410085482672], [1.896211826744761, -3.590959307986364, 56.88148039016937], [2.0381656917350774, -3.9748748922264396, 58.64885992551204], [2.215382700600222, -4.369266584691731, 60.4162394608547], [2.427862853340195, -4.77413438538224, 62.18361899619737], [2.675606149954997, -5.189478294297963, 63.95099853154004], [2.958612590444627, -5.615298311438903, 65.71837806688269], [3.276882174809086, -6.05159443680506, 67.48575760222536], [3.630414903048374, -6.498366670396433, 69.25313713756802], [4.019210775162489, -6.955615012213022, 71.02051667291069], [4.443269791151433, -7.423339462254827, 72.78789620825336], [4.902591951015206, -7.901540020521848, 74.55527574359601]], "radius": [0.5331216006057835, 0.9146371780643667, 1.4359463428484123, 1.8991283831237433, 2.130752040810122, 2.127357986542427, 2.110288525138108, 2.093219063733789, 2.0761496023294694, 2.0590801409251505, 2.0420106795208315, 1.9612748456718365, 1.6369240932792462, 1.185758445290086, 0.793375978824219], "ref_radius": [2.2127052935640226, 2.1956358321597036, 2.178566370755384, 2.161496909351065, 2.1444274479467462, 2.127357986542427, 2.110288525138108, 2.093219063733789, 2.0761496023294694, 2.0590801409251505, 2.0420106795208315, 2.024941218116512, 2.007871756712193, 1.990802295307874, 1.973732833903555], "length": 25.604192106478685, "seg_id": 4, "type": "Main", "parent": 2, "children": [5, 6]}, {"pos": [[4.902591951015206, -7.901540020521848, 74.55527574359601], [6.20544274048508, -8.411730078876216, 75.77671240549425], [7.510894443182137, -8.896225832285113, 76.99814906739246], [8.818947059106378, -9.355027280748539, 78.21958572929069], [10.129600588257805, -9.788134424266495, 79.44102239118892], [11.442855030636416, -10.195547262838978, 80.66245905308715], [12.75871038624221, -10.577265796465994, 81.88389571498537], [14.077166655075189, -10.933290025147535, 83.10533237688361], [15.398223837135355, -11.263619948883607, 84.32676903878183], [16.721881932422704, -11.568255567674207, 85.54820570068006], [18.048140940937238, -11.847196881519338, 86.76964236257828], [19.377000862678955, -12.100443890418997, 87.9910790244765], [20.708461697647852, -12.327996594373184, 89.21251568637473], [22.04252344584394, -12.529854993381903, 90.43395234827298], [23.37918610726721, -12.706019087445148, 91.6553890101712], [24.71844968191766, -12.856488876562924, 92.87682567206943], [26.0603141697953, -12.981264360735228, 94.09826233396765], [27.404779570900125, -13.08034553996206, 95.31969899586588]],