{"case_id": "RCA_8161_bc9", "artery_type": "RCA", "segments": [{"pos": [[0.0, 0.0, 0.0], [-0.13135379056666685, 0.009122869096133218, 1.9618287466240636], [-0.22517792668571462, 0.015639204164799803, 3.923657493248127], [-0.28147240835714327, 0.019549005205999753, 5.885486239872191], [-0.30023723558095283, 0.02085227221973307, 7.847314986496254], [-0.28147240835714327, 0.019549005205999753, 9.809143733120319], [-0.22517792668571462, 0.015639204164799803, 11.770972479744382], [-0.13135379056666685, 0.009122869096133218, 13.732801226368444], [0.0, 0.0, 15.694629972992509]], "radius": [1.8701504144526342, 1.8701504144526342, 1.8701504144526342, 1.8701504144526342, 1.8701504144526342, 1.8701504144526342, 1.8701504144526342, 1.8701504144526342, 1.8701504144526342], "ref_radius": [1.8701504144526342, 1.8701504144526342, 1.8701504144526342, 1.8701504144526342, 1.8701504144526342, 1.8701504144526342, 1.8701504144526342, 1.8701504144526342, 1.8701504144526342], "length": 15.694629972992509, "seg_id": 0, "type": "Root", "parent": null, "children": [1, 2]}, {"pos": [[0.0, 0.0, 15.694629972992509], [1.3367967043981666, -0.12139453009812368, 17.20377407005628], [2.6384716286899534, -0.21013507325059066, 18.71291816712005], [3.9050247728753598, -0.266221629457401, 20.222062264183826], [5.136456136954385, -0.2896541987185546, 21.731206361247594], [6.332765720927032, -0.28043278103405145, 23.24035045831137], [7.493953524793296, -0.23855737640389169, 24.749494555375136], [8.62001954855318, -0.16402798482807524, 26.258638652438908], [9.710963792206686, -0.05684460630660203, 27.767782749502683], [10.76678625575381, 0.08299275916052791, 29.276926846566454]], "radius": [1.0879405449307555, 1.0879405449307555, 1.0879405449307555, 1.0879405449307555, 1.0879405449307555, 1.0879405449307555, 1.0879405449307555, 1.0879405449307555, 1.0879405449307555, 1.0879405449307555], "ref_radius": [1.0879405449307555, 1.0879405449307555, 1.0879405449307555, 1.0879405449307555, 1.0879405449307555, 1.0879405449307555, 1.0879405449307555, 1.0879405449307555, 1.0879405449307555, 1.0879405449307555], "length": 17.332321322807825, "seg_id": 1, "type": "Side", "parent": 0, "children": []}, {"pos": [[0.0, 0.0, 15.694629972992509], [0.23235319791907869, 0.24346076523208937, 17.569411840924335], [0.4563114761760027, 0.4740225597071119, 19.444193708856158], [0.6718748347707721, 0.6916853834250675, 21.318975576787977], [0.879043273703387, 0.8964492363859562, 23.193757444719804], [1.0778167929738471, 1.0883141185897782, 25.06853931265163], [1.2681953925821525, 1.2672800300365332, 26.943321180583453], [1.4501790725283037, 1.4333469707262214, 28.81810304851528], [1.6237678328122995, 1.5865149406588426, 30.692884916447102], [1.7889616734341411, 1.7267839398343967, 32.56766678437892], [1.9457605943938283, 1.8541539682528845, 34.442448652310745], [2.0941645956913604, 1.968625025914305, 36.317230520242575], [2.2341736773267384, 2.0701971128186587, 38.1920123881744], [2.365787839299961, 2.1588702289659456, 40.06679425610622]], "radius": [1.8701504144526342, 1.852592056006264, 1.8350336975598942, 1.817475339113524, 1.799916980667154, 1.7823586222207841, 1.764800263774414, 1.737308689575989, 1.60841585722304, 1.3809636699340153, 1.1027958125640929, 0.8315657405364945, 0.6222732614851918, 0.5156194286722717], "ref_radius": [1.8701504144526342, 1.852592056006264, 1.8350336975598942, 1.817475339113524, 1.799916980667154, 1.7823586222207841, 1.764800263774414, 1.747241905328044, 1.729683546881674, 1.712125188435304, 1.694566829988934, 1.677008471542564, 1.6594501130961938, 1.641891754649824], "length": 24.581701824918035, "seg_id": 2, "type": "Main", "parent": 0, "children": [3, 4]}, {"pos": [[2.365787839299961, 2.1588702289659456, 40.06679425610622], [3.4460785884696854, 2.3035609514359168, 41.41026610714922], [4.563173405011932, 2.4589087928632485, 42.75373795819221], [5.717072288926702, 2.6249137532479425, 44.097209809235196], [6.907775240213996, 2.801575832589998, 45.440681660278194], [8.135282258873813, 2.988895030889415, 46.7841535113212], [9.399593344906153, 3.1868713481461937, 48.127625362364185], [10.700708498311016, 3.395504784360334, 49.47109721340719], [12.038627719088403, 3.6147953395318346, 50.81456906445018], [13.413351007238312, 3.8447430136606977, 52.158040915493174], [14.824878362760746, 4.085347806746922, 53.501512766536166], [16.273209785655702, 4.336609718790509, 54.84498461757917], [17.758345275923183, 4.598528749791457, 56.188456468622164], [19.280284833563183, 4.871104899749765, 57.531928319665155]], "radius": [0.9892355175878523, 0.9892355175878523, 0.9892355175878523, 0.9892355175878523, 0.9892355175878523, 0.9892355175878523, 0.9892355175878523, 0.9892355175878523, 0.9892355175878523, 0.9892355175878523, 0.9892355175878523, 0.9892355175878523, 0.9892355175878523, 0.9892355175878523], "ref_radius": [0.9892355175878523, 0.9892355175878523, 0.9892355175878523, 0.9892355175878523, 0.9892355175878523, 0.9892355175878523, 0.9892355175878523, 0.9892355175878523, 0.9892355175878523, 0.9892355175878523, 0.9892355175878523, 0.9892355175878523, 0.9892355175878523, 0.9892355175878523], "length": 24.464000763089174, "seg_id": 3, "type": "Side", "parent": 2, "children": []}, {"pos": [[2.365787839299961, 2.1588702289659456, 40.06679425610622], [2.1673090106816053, 2.6316492047792543, 41.85680282813358], [1.9942849126709379, 3.070048447747076, 43.646811400160956], [1.8467155452679596, 3.4740679578694116, 45.43681997218833], [1.7246009084726697, 3.8437077351462596, 47.22682854421569], [1.6279410022850687, 4.17896777957762, 49.01683711624305], [1.556735826705156, 4.479848091163494, 50.806845688270414], [1.510985381732933, 4.746348669903882, 52.596854260297775], [1.490689667368398, 4.978469515798782, 54.38686283232514], [1.4958486836115523, 5.176210628848196, 56.17687140435251], [1.5264624304623953, 5.339572009052122, 57.96687997637988], [1.5825309079209267, 5.468553656410562, 59.75688854840724], [1.6640541159871476, 5.563155570923516, 61.54689712043461], [1.7710320546610565, 5.623377752590981, 63.336905692461976], [1.9034647239426548, 5.64922020141296, 65.12691426448934], [2.0613521238319414, 5.640682917389452, 66.9169228365167]], "radius": [0.5296450506502377, 0.6566270890859501, 0.864719969507012, 1.1056989849061907, 1.3253638742246454, 1.4751931924855448, 1.5225439882365357, 1.5058730419295185, 1.4889501341760991, 1.47202722642268, 1.4551043186692605, 1.438181410915841, 1.4212585031624219, 1.4043355954090024, 1.387412687655583, 1.3704897799021638], "ref_radius": [1.6243333962034538, 1.6074104884500344, 1.5904875806966152, 1.5735646729431958, 1.5566417651897766, 1.5397188574363572, 1.5227959496829377, 1.5058730419295185, 1.4889501341760991, 1.47202722642268, 1.4551043186692605, 1.438181410915841, 1.4212585031624219, 1.4043355954090024, 1.387412687655583, 1.3704897799021638], "length": 27.07665240547094, "seg_id": 4, "type": "Main", "parent": 2, "children": [5, 6]}, {"pos": [[2.0613521238319414, 5.640682917389452, 66.9169228365167], [3.3214249753280134, 5.71617494317466, 68.29873719454584], [4.569652533110509, 5.811334907207065, 69.68055155257497], [5.806034797179427, 5.926162809486667, 71.06236591060407], [7.030571767534767, 6.06065865001347, 72.44418026863319], [8.243263444176531, 6.214822428787471, 73.82599462666232], [9.444109827104718, 6.388654145808671, 75.20780898469144], [10.633110916319328, 6.58215380107707, 76.58962334272056], [11.810266711820361, 6.795321394592669, 77.97143770074969], [12.975577213607817, 7.028156926355464, 79.3532520587788], [14.129042421681696, 7.280660396365461, 80.73506641680792]], "radius": [0.9235651086631749, 0.9235651086631749, 0.9235651086631749, 0.9235651086631749, 0.9235651086631749, 0.9235651086631749, 0.9235651086631749, 0.9235651086631749, 0.9235651086631749, 0.9235651086631749, 0.9235651086631749],