{"case_id": "RCA_5709_bc7", "artery_type": "RCA", "segments": [{"pos": [[0.0, 0.0, 0.0], [0.05716444034028899, -0.17369513670836878, 1.8021387547116219], [0.10480147395719647, -0.31844108396534276, 3.6042775094232433], [0.14291110085072245, -0.43423784177092195, 5.406416264134865], [0.17149332102086695, -0.5210854101251063, 7.2085550188464875], [0.19054813446762997, -0.5789837890278959, 9.010693773558108], [0.20007554119101145, -0.6079329784792907, 10.81283252826973], [0.20007554119101145, -0.6079329784792907, 12.614971282981355], [0.19054813446762994, -0.5789837890278959, 14.417110037692975], [0.17149332102086695, -0.5210854101251063, 16.219248792404592], [0.14291110085072245, -0.43423784177092195, 18.021387547116216], [0.10480147395719641, -0.31844108396534254, 19.82352630182784], [0.057164440340288954, -0.1736951367083687, 21.62566505653946], [0.0, 0.0, 23.42780381125108]], "radius": [2.3152456625632323, 2.3152206782268303, 2.287834695097408, 2.210801048854585, 2.0895815869537215, 1.9327710240658145, 1.7514875587398904, 1.5585845697536898, 1.3677392845385206, 1.1924830350027091, 1.0452418576543288, 0.9364554614913125, 0.8738370306875987, 0.8618263436208837], "ref_radius": [2.3152456625632323, 2.3152456625632323, 2.3152456625632323, 2.3152456625632323, 2.3152456625632323, 2.3152456625632323, 2.3152456625632323, 2.3152456625632323, 2.3152456625632323, 2.3152456625632323, 2.3152456625632323, 2.3152456625632323, 2.3152456625632323, 2.3152456625632323], "length": 23.42780381125108, "seg_id": 0, "type": "Root", "parent": null, "children": [1, 2]}, {"pos": [[0.0, 0.0, 23.42780381125108], [1.5923745420639954, 0.1686960784767835, 25.062572663372354], [3.1484620408896387, 0.28062996932866235, 26.697341515493626], [4.668262496476929, 0.33580167255563653, 28.332110367614895], [6.1517759088258686, 0.3342111881577062, 29.966879219736168], [7.599002277936456, 0.27585851613487117, 31.601648071857436], [9.009941603808691, 0.1607436564871315, 33.23641692397871]], "radius": [1.538984523304002, 1.538984523304002, 1.538984523304002, 1.538984523304002, 1.538984523304002, 1.538984523304002, 1.538984523304002], "ref_radius": [1.538984523304002, 1.538984523304002, 1.538984523304002, 1.538984523304002, 1.538984523304002, 1.538984523304002, 1.538984523304002], "length": 13.31967632573389, "seg_id": 1, "type": "Side", "parent": 0, "children": []}, {"pos": [[0.0, 0.0, 23.42780381125108], [0.24867228698161808, 0.05037587125872911, 25.255964310407986], [0.46333402346544605, 0.12257652845354655, 27.084124809564894], [0.6439852094514839, 0.21660197158445238, 28.9122853087218], [0.7906258449397318, 0.33245220065144654, 30.740445807878707], [0.9032559299301891, 0.47012721565452903, 32.56860630703561], [0.9818754644228567, 0.6296270165936999, 34.39676680619252], [1.0264844484177342, 0.8109516034689592, 36.224927305349425], [1.0370828819148215, 1.0141009762803068, 38.05308780450633], [1.0136707649141188, 1.2390751350277427, 39.881248303663234], [0.9562480974156259, 1.4858740797112668, 41.70940880282014], [0.8648148794193429, 1.7544978103308797, 43.537569301977044], [0.7393711109252699, 2.044946326886581, 45.36572980113395], [0.5799167919334067, 2.35721962937837, 47.19389030029087], [0.3864519224437531, 2.691317717806248, 49.02205079944777]], "radius": [0.9012749832525362, 0.9820533819283446, 1.1033121427811454, 1.2550594125677752, 1.4252962392986985, 1.5473877342799165, 1.2891909342112524, 1.0472192246485124, 0.8433627076523698, 0.6955149209327578, 0.6159150842325494, 0.6100599971801104, 0.6762816411889088, 0.806020848157587, 0.9847597797166812], "ref_radius": [2.3152456625632323, 2.2980868227288513, 2.2809279828944704, 2.26376914306009, 2.246610303225709, 2.229451463391328, 2.212292623556947, 2.195133783722566, 2.1779749438881857, 2.1608161040538048, 2.143657264219424, 2.126498424385043, 2.1093395845506624, 2.0921807447162815, 2.0750219048819005], "length": 25.738259751571263, "seg_id": 2, "type": "Main", "parent": 0, "children": [3, 4]}, {"pos": [[0.3864519224437531, 2.691317717806248, 49.02205079944777], [1.9502387937973809, 2.699996380690454, 50.402544833895405], [3.496068605844006, 2.734791902998577, 51.78303886834304], [5.0239413585836274, 2.7957042847306175, 53.16353290279068], [6.533857052016247, 2.882733525886575, 54.544026937238314], [8.025815686141863, 2.9958796264664502, 55.92452097168595], [9.499817260960478, 3.1351425864702427, 57.30501500613359], [10.955861776472089, 3.300522405897952, 58.68550904058122], [12.393949232676697, 3.492019084749579, 60.06600307502886]], "radius": [1.1717696243302629, 1.1717696243302629, 1.1717696243302629, 1.1717696243302629, 1.1717696243302629, 1.1717696243302629, 1.1717696243302629, 1.1717696243302629, 1.1717696243302629], "ref_radius": [1.1717696243302629, 1.1717696243302629, 1.1717696243302629, 1.1717696243302629, 1.1717696243302629, 1.1717696243302629, 1.1717696243302629, 1.1717696243302629, 1.1717696243302629], "length": 16.333707362371506, "seg_id": 3, "type": "Side", "parent": 2, "children": []}, {"pos": [[0.3864519224437531, 2.691317717806248, 49.02205079944777], [0.6287510917883993, 3.1053023032637705, 50.753334908492995], [0.8762199633006138, 3.50374671765318, 52.48461901753822], [1.128858536980397, 3.886650960974479, 54.215903126583456], [1.386666812827748, 4.254015033227664, 55.94718723562867], [1.6496447908426675, 4.605838934412737, 57.678471344673895], [1.9177924710251553, 4.942122664529698, 59.40975545371913], [2.191109853375211, 5.262866223578547, 61.14103956276435], [2.4695969378928355, 5.568069611559283, 62.87232367180957], [2.7532537245780286, 5.857732828471907, 64.6036077808548], [3.0420802134307894, 6.131855874316418, 66.33489188990004], [3.336076404451118, 6.390438749092816, 68.06617599894525], [3.6352422976390164, 6.633481452801103, 69.79746010799047], [3.939577892994482, 6.860983985441278, 71.5287442170357], [4.249083190517515, 7.072946347013339, 73.26002832608093], [4.563758190208119, 7.269368537517289, 74.99131243512616], [4.88360289206629, 7.450250556953127, 76.72259654417138], [5.2086172960920285, 7.615592405320852, 78.4538806532166], [5.538801402285336, 7.765394082620465, 80.18516476226183]], "radius": [0.8897045909630368, 0.7247391481380567, 0.67027107719004, 0.731866056198333, 0.8951849306418387, 1.1287617162774688, 1.389664019113315, 1.6310197104334305, 1.810090870420449, 1.895504238345399, 1.8894886777642639, 1.8726512390359382, 1.8558138003076126, 1.838976361579287, 1.8221389228509615, 1.8053014841226358, 1.7884640453943104, 1.7716266066659847, 1.754789167937659], "ref_radius": [2.0578630650475196, 2.041025626319194, 2.0241881875908683, 2.007350748862543, 1.9905133101342172, 1.9736758714058917, 1.956838432677566, 1.9400009939492404, 1.923163555220915, 1.9063261164925893, 1.8894886777642639, 1.8726512390359382, 1.8558138003076126, 1.838976361579287, 1.8221389228509615, 1.8053014841226358, 1.7884640453943104, 1.7716266066659847, 1.754789167937659], "length": 31.99113358381861, "seg_id": 4, "type": "Main", "parent": 2, "children": [5, 6]}, {"pos": [[5.538801402285336, 7.765394082620465, 80.18516476226183], [6.965112283903288, 7.946427041265232, 81.43297547259607], [8.370990815440548, 8.151978826418878, 82.68078618293028], [9.756436996897119, 8.382049438081408, 83.92859689326448], [11.121450828273002, 8.636638876252817, 85.1764076035987], [12.466032309568195, 8.91574714093311, 86.42421831393294], [13.7901814407827, 9.219374232122284, 87.67202902426715], [15.093898221916515, 9.54752014982034, 88.91983973460137], [16.377182652969637, 9.900184894027277, 90.16765044493559], [17.640034733942073, 10.277368464743091, 91.41546115526981], [18.88245446483382, 10.67907086196779, 92.66327186560403], [20.104441845644878, 11.105292085701372, 93.91108257593824], [21.305996876375247, 11.556032135943836, 95.15889328627246], [22.487119557024922, 12.031291012695178, 96.40670399660668]],