{"case_id": "RCA_874_bc0", "artery_type": "RCA", "segments": [{"pos": [[0.0, 0.0, 0.0], [0.13078304948631642, 0.11888209780545599, 1.9009812119143998], [0.23976892405824676, 0.21795051264333595, 3.8019624238287997], [0.326957623715791, 0.29720524451363994, 5.7029436357432], [0.39234914845894925, 0.35664629341636794, 7.6039248476576], [0.43594349828772144, 0.39627365935152, 9.504906059571999], [0.45774067320210743, 0.41608734231909594, 11.4058872714864], [0.45774067320210743, 0.41608734231909594, 13.306868483400802], [0.4359434982877214, 0.3962736593515199, 15.2078496953152], [0.39234914845894925, 0.35664629341636794, 17.108830907229596], [0.326957623715791, 0.29720524451363994, 19.009812119143998], [0.23976892405824662, 0.21795051264333581, 20.910793331058404], [0.13078304948631633, 0.11888209780545592, 22.8117745429728], [0.0, 0.0, 24.712755754887198]], "radius": [1.793441355846756, 1.793441355846756, 1.724046512585553, 1.349785867506085, 0.8310888096794361, 0.43221587651161286, 0.35638082078018796, 0.6422193206318041, 1.1441052645581145, 1.6063428716456818, 1.7934359951262115, 1.793441355846756, 1.793441355846756, 1.793441355846756], "ref_radius": [1.793441355846756, 1.793441355846756, 1.793441355846756, 1.793441355846756, 1.793441355846756, 1.793441355846756, 1.793441355846756, 1.793441355846756, 1.793441355846756, 1.793441355846756, 1.793441355846756, 1.793441355846756, 1.793441355846756, 1.793441355846756], "length": 24.712755754887198, "seg_id": 0, "type": "Root", "parent": null, "children": [1, 2]}, {"pos": [[0.0, 0.0, 24.712755754887198], [1.5379754355986814, 0.1485282668968482, 26.28315625035731], [2.9933903275389846, 0.29160675081867155, 27.853556745827433], [4.36624467582091, 0.42923545176547007, 29.42395724129755], [5.656538480444456, 0.5614143697372437, 30.99435773676766], [6.864271741409625, 0.6881435047339926, 32.56475823223778], [7.989444458716415, 0.8094228567557165, 34.135158727707896], [9.032056632364824, 0.9252524258024155, 35.70555922317801], [9.99210826235486, 1.03563221187409, 37.275959718648124], [10.869599348686515, 1.1405622149707395, 38.84636021411824]], "radius": [1.0639495982199536, 1.0639495982199536, 1.0639495982199536, 1.0639495982199536, 1.0639495982199536, 1.0639495982199536, 1.0639495982199536, 1.0639495982199536, 1.0639495982199536, 1.0639495982199536], "ref_radius": [1.0639495982199536, 1.0639495982199536, 1.0639495982199536, 1.0639495982199536, 1.0639495982199536, 1.0639495982199536, 1.0639495982199536, 1.0639495982199536, 1.0639495982199536, 1.0639495982199536], "length": 17.866388755906463, "seg_id": 1, "type": "Side", "parent": 0, "children": []}, {"pos": [[0.0, 0.0, 24.712755754887198], [-0.5077661228707708, 0.26490474941840764, 26.604255636532987], [-0.9442214173952438, 0.5395831728944025, 28.49575551817878], [-1.3093658835734192, 0.8240352704279845, 30.387255399824575], [-1.6031995214052965, 1.1182610420191537, 32.27875528147037], [-1.8257223308908763, 1.4222604876679101, 34.17025516311616], [-1.9769343120301581, 1.7360336073742535, 36.06175504476195], [-2.056835464823142, 2.059580401138184, 37.95325492640774], [-2.0654257892698284, 2.3929008689597024, 39.84475480805354], [-2.002705285370217, 2.7359950108388076, 41.73625468969933]], "radius": [1.793441355846756, 1.7760834754132775, 1.758725594979799, 1.7413677145463204, 1.724009834112842, 1.7066519536793636, 1.6892940732458852, 1.6719361928124066, 1.6545783123789282, 1.6372204319454498], "ref_radius": [1.793441355846756, 1.7760834754132775, 1.758725594979799, 1.7413677145463204, 1.724009834112842, 1.7066519536793636, 1.6892940732458852, 1.6719361928124066, 1.6545783123789282, 1.6372204319454498], "length": 17.357880433478464, "seg_id": 2, "type": "Main", "parent": 0, "children": [3, 4]}, {"pos": [[-2.002705285370217, 2.7359950108388076, 41.73625468969933], [-0.9889514982719121, 2.8639831436661, 43.34781693335217], [-0.012246187921031382, 2.9981926834491603, 44.95937917700502], [0.9274106456824258, 3.1386236301879884, 46.57094142065785], [1.8300190025384584, 3.285275983882585, 48.1825036643107], [2.695578882647066, 3.4381497445329487, 49.794065907963535], [3.524090286008251, 3.597244912139081, 51.405628151616376], [4.315553212622012, 3.7625614867009816, 53.017190395269225], [5.069967662488347, 3.9340994682186494, 54.628752638922066], [5.787333635607259, 4.111858856692086, 56.24031488257491], [6.467651131978747, 4.295839652121289, 57.85187712622775], [7.110920151602811, 4.486041854506262, 59.46343936988059], [7.7171406944794505, 4.682465463847002, 61.07500161353343], [8.286312760608666, 4.88511048014351, 62.68656385718627], [8.818436349990458, 5.093976903395786, 64.29812610083911]], "radius": [1.083112055627881, 1.083112055627881, 1.083112055627881, 1.083112055627881, 1.083112055627881, 1.083112055627881, 1.083112055627881, 1.083112055627881, 1.083112055627881, 1.083112055627881, 1.083112055627881, 1.083112055627881, 1.083112055627881, 1.083112055627881, 1.083112055627881], "ref_radius": [1.083112055627881, 1.083112055627881, 1.083112055627881, 1.083112055627881, 1.083112055627881, 1.083112055627881, 1.083112055627881, 1.083112055627881, 1.083112055627881, 1.083112055627881, 1.083112055627881, 1.083112055627881, 1.083112055627881, 1.083112055627881, 1.083112055627881], "length": 25.133547828966957, "seg_id": 3, "type": "Side", "parent": 2, "children": []}, {"pos": [[-2.002705285370217, 2.7359950108388076, 41.73625468969933], [-2.388952787805123, 3.087809819386781, 43.52947388455559], [-2.74841036780333, 3.4392149591978782, 45.322693079411856], [-3.081078025364839, 3.7902104302720985, 47.11591227426812], [-3.3869557604896476, 4.140796232609443, 48.90913146912439], [-3.6660435731777574, 4.490972366209909, 50.70235066398064], [-3.9183414634291682, 4.8407388310735, 52.4955698588369], [-4.143849431243879, 5.190095627200214, 54.28878905369316], [-4.342567476621893, 5.539042754590051, 56.082008248549414], [-4.514495599563206, 5.8875802132430115, 57.875227443405684], [-4.659633800067821, 6.235708003159097, 59.66844663826194], [-4.777982078135738, 6.583426124338304, 61.461665833118204], [-4.869540433766955, 6.930734576780636, 63.254885027974474], [-4.934308866961473, 7.27763336048609, 65.04810422283073], [-4.972287377719291, 7.624122475454668, 66.841323417687], [-4.983475966040411, 7.970201921686369, 68.63454261254326]], "radius": [1.6198625515119713, 1.602634759999503, 1.5854069684870347, 1.568179176974566, 1.5509513854620978, 1.5337235939496294, 1.516495802437161, 1.4992680109246925, 1.4820402194122242, 1.4648124278997559, 1.4475846363872875, 1.4303568448748192, 1.4131290533623506, 1.3959012618498823, 1.378673470337414, 1.3614456788249456], "ref_radius": [1.6198625515119713, 1.602634759999503, 1.5854069684870347, 1.568179176974566, 1.5509513854620978, 1.5337235939496294, 1.516495802437161, 1.4992680109246925, 1.4820402194122242, 1.4648124278997559, 1.4475846363872875, 1.4303568448748192, 1.4131290533623506, 1.3959012618498823, 1.378673470337414, 1.3614456788249456], "length": 27.564466419949415, "seg_id": 4, "type": "Main", "parent": 2, "children": [5, 6]}, {"pos": [[-4.983475966040411, 7.970201921686369, 68.63454261254326], [-3.636470639168607, 8.119694767292533, 69.98588598910564], [-2.309845755517715, 8.295105248558098, 71.33722936566798], [-1.0036013150877356, 8.496433365483067, 72.68857274223033], [0.282262682121331, 8.723679118067441, 74.03991611879272], [1.5477462361094843, 8.97684250631122, 75.39125949535509], [2.7928493468767264, 9.255923530214403, 76.74260287191744], [4.017572014423056, 9.560922189776988, 78.0939462484798], [5.2219142387484725, 9.891838484998978, 79.44528962504216], [6.405876019852975, 10.248672415880371, 80.79663300160453], [7.569457357736567, 10.63142398242117, 82.1479763781669], [8.712658252399248, 11.040093184621373, 83.49931975472927], [9.835478703841014, 11.47468002248098, 84.85066313129161], [10.937918712061867, 11.935184495999989, 86.20200650785398]],