{"case_id": "RCA_3474_bc6", "artery_type": "RCA", "segments": [{"pos": [[0.0, 0.0, 0.0], [0.43013065746817714, 0.16838995031255993, 1.971604994398886], [0.737366841374018, 0.2886684862501027, 3.943209988797772], [0.9217085517175224, 0.3608356078126284, 5.914814983196658], [0.9831557884986906, 0.38489131500013696, 7.886419977595544], [0.9217085517175224, 0.3608356078126284, 9.85802497199443], [0.737366841374018, 0.2886684862501027, 11.829629966393316], [0.43013065746817714, 0.16838995031255993, 13.801234960792202], [0.0, 0.0, 15.772839955191088]], "radius": [1.896079703243963, 1.896079703243963, 1.896079703243963, 1.896079703243963, 1.896079703243963, 1.896079703243963, 1.896079703243963, 1.896079703243963, 1.896079703243963], "ref_radius": [1.896079703243963, 1.896079703243963, 1.896079703243963, 1.896079703243963, 1.896079703243963, 1.896079703243963, 1.896079703243963, 1.896079703243963, 1.896079703243963], "length": 15.772839955191088, "seg_id": 0, "type": "Root", "parent": null, "children": [1, 2]}, {"pos": [[0.0, 0.0, 15.772839955191088], [0.9163540088882753, -0.26088505126275513, 17.37776057699624], [1.8349964493149629, -0.46551520228485777, 18.982681198801394], [2.755927321280063, -0.6138904530663079, 20.58760182060655], [3.6791466247835753, -0.7060108036071057, 22.192522442411704], [4.6046543598255, -0.741876253907251, 23.797443064216857], [5.532450526405837, -0.7214868039667438, 25.402363686022007], [6.462535124524586, -0.6448424537855841, 27.007284307827163], [7.394908154181747, -0.511943203363772, 28.612204929632313], [8.329569615377322, -0.32278905270130737, 30.217125551437473], [9.266519508111308, -0.07738000179819027, 31.822046173242626], [10.205757832383707, 0.22428394934557896, 33.426966795047775]], "radius": [1.162353015329535, 1.162353015329535, 1.162353015329535, 1.162353015329535, 1.162353015329535, 1.162353015329535, 1.162353015329535, 1.162353015329535, 1.162353015329535, 1.162353015329535, 1.162353015329535, 1.162353015329535], "ref_radius": [1.162353015329535, 1.162353015329535, 1.162353015329535, 1.162353015329535, 1.162353015329535, 1.162353015329535, 1.162353015329535, 1.162353015329535, 1.162353015329535, 1.162353015329535, 1.162353015329535, 1.162353015329535], "length": 20.393037799723306, "seg_id": 1, "type": "Side", "parent": 0, "children": []}, {"pos": [[0.0, 0.0, 15.772839955191088], [-0.26079573893936686, 0.14927184488526968, 17.61524499803938], [-0.49599121502416976, 0.29346948595720335, 19.457650040887675], [-0.705586428254409, 0.4325929232158009, 21.30005508373597], [-0.8895813786300839, 0.5666421566610624, 23.14246012658426], [-1.047976066151195, 0.6956171862929879, 24.98486516943255], [-1.1807704908177423, 0.8195180121115772, 26.827270212280844], [-1.2879646526297255, 0.9383446341168306, 28.66967525512913], [-1.369558551587145, 1.0520970523087478, 30.512080297977427], [-1.4255521876900001, 1.1607752666873288, 32.35448534082572], [-1.4559455609382919, 1.2643792772525742, 34.19689038367401], [-1.4607386713320194, 1.362909084004483, 36.0392954265223], [-1.439931518871183, 1.4563646869430562, 37.88170046937059], [-1.3935241035557828, 1.5447460860682933, 39.724105512218884], [-1.3215164253858187, 1.628053281380194, 41.566510555067175], [-1.2239084843612904, 1.706286272878759, 43.40891559791547]], "radius": [1.896079703243963, 1.8787573680214833, 1.8614350327990037, 1.844112697576524, 1.7626889307882405, 1.458454526929736, 1.034642656249805, 0.6509877787793736, 0.4488534726234561, 0.49764449063791116, 0.7697195673840349, 1.1528358693936709, 1.4946414103271208, 1.6615944883752067, 1.6535670101292486, 1.6362446749067692], "ref_radius": [1.896079703243963, 1.8787573680214833, 1.8614350327990037, 1.844112697576524, 1.8267903623540445, 1.8094680271315648, 1.7921456919090855, 1.7748233566866058, 1.7575010214641262, 1.7401786862416466, 1.722856351019167, 1.7055340157966874, 1.6882116805742078, 1.6708893453517282, 1.6535670101292486, 1.6362446749067692], "length": 27.71573635596734, "seg_id": 2, "type": "Main", "parent": 0, "children": [3, 4]}, {"pos": [[-1.2239084843612904, 1.706286272878759, 43.40891559791547], [-0.10276709238174206, 1.9981761693746027, 44.834003264146254], [1.027056341260145, 2.2647098534322607, 46.25909093037704], [2.16556181656437, 2.505887325051733, 47.684178596607836], [3.3127493335309315, 2.721708584233019, 49.109266262838624], [4.4686188921598315, 2.9121736309761195, 50.534353929069404], [5.633170492451072, 3.0772824652810336, 51.95944159530019], [6.806404134404647, 3.217035087147762, 53.384529261530986], [7.98831981802056, 3.3314314965763048, 54.809616927761766], [9.178917543298812, 3.420471693566661, 56.23470459399256], [10.378197310239404, 3.4841556781188325, 57.65979226022334], [11.586159118842332, 3.522483450232817, 59.084879926454136], [12.802802969107601, 3.535455009908617, 60.50996759268492], [14.028128861035203, 3.5230703571462296, 61.93505525891571], [15.262136794625146, 3.4853294919456568, 63.3601429251465], [16.504826769877425, 3.4222324143068983, 64.78523059137729]], "radius": [1.0704396377169745, 1.0704396377169745, 1.0704396377169745, 1.0704396377169745, 1.0704396377169745, 1.0704396377169745, 1.0704396377169745, 1.0704396377169745, 1.0704396377169745, 1.0704396377169745, 1.0704396377169745, 1.0704396377169745, 1.0704396377169745, 1.0704396377169745, 1.0704396377169745, 1.0704396377169745], "ref_radius": [1.0704396377169745, 1.0704396377169745, 1.0704396377169745, 1.0704396377169745, 1.0704396377169745, 1.0704396377169745, 1.0704396377169745, 1.0704396377169745, 1.0704396377169745, 1.0704396377169745, 1.0704396377169745, 1.0704396377169745, 1.0704396377169745, 1.0704396377169745, 1.0704396377169745, 1.0704396377169745], "length": 27.824438315532433, "seg_id": 3, "type": "Side", "parent": 2, "children": []}, {"pos": [[-1.2239084843612904, 1.706286272878759, 43.40891559791547], [-1.5766370800170038, 1.7702397663408291, 45.221520234162256], [-1.9115597859068434, 1.8367262360112937, 47.03412487040906], [-2.2286766020308093, 1.9057456818901521, 48.846729506655855], [-2.5279875283889015, 1.9772981039774038, 50.65933414290265], [-2.8094925649811198, 2.0513835022730493, 52.471938779149454], [-3.073191711807464, 2.1280018767770885, 54.28454341539624], [-3.319084968867935, 2.2071532274895214, 56.097148051643046], [-3.547172336162532, 2.288837554410348, 57.90975268788984], [-3.7574538136912556, 2.373054857539569, 59.722357324136645], [-3.9499294014541046, 2.4598051368771823, 61.53496196038344], [-4.12459909945108, 2.54908839242319, 63.34756659663024]], "radius": [1.6189223396842896, 1.6021172039550258, 1.585312068225762, 1.5685069324964982, 1.5517017967672344, 1.5348966610379706, 1.5180915253087068, 1.501286389579443, 1.4844812538501795, 1.4676761181209157, 1.450870982391652, 1.4340658466623881], "ref_radius": [1.6189223396842896, 1.6021172039550258, 1.585312068225762, 1.5685069324964982, 1.5517017967672344, 1.5348966610379706, 1.5180915253087068, 1.501286389579443, 1.4844812538501795, 1.4676761181209157, 1.450870982391652, 1.4340658466623881], "length": 20.166162875116527, "seg_id": 4, "type": "Main", "parent": 2, "children": [5, 6]}, {"pos": [[-4.12459909945108, 2.54908839242319, 63.34756659663024], [-3.240194830083099, 3.0284789071219005, 64.81740270138314], [-2.2225844388806406, 3.37531299562003, 66.28723880613605], [-1.0717679258437074, 3.5895906579175785, 67.75707491088895], [0.21225470902770094, 3.671311894014547, 69.22691101564186], [1.6294834657335846, 3.620476703910935, 70.69674712039475], [3.1799183442739447, 3.437085087606743, 72.16658322514766], [4.863559344648781, 3.12113704510197, 73.63641932990056]], "radius": [1.0589417438472564, 1.0589417438472564, 1.0589417438472564, 1.0589417438472564, 1.0589417438472564, 1.0589417438472564, 1.0589417438472564, 1.0589417438472564], "ref_radius": [1.0589417438472564, 1.0589417438472564, 1.0589417438472564, 1.0589417438472564, 1.0589417438472564, 1.0589417438472564, 1.0589417438472564, 1.0589417438472564], "length": 13.673870060966626,