{"case_id": "RCA_5927_bc7", "artery_type": "RCA", "segments": [{"pos": [[0.0, 0.0, 0.0], [-0.2453439954235893, 0.18931128728318872, 1.8412791880660166], [-0.45563884864380877, 0.3515781049544934, 3.6825583761320337], [-0.6308845596606584, 0.486800453013914, 5.523837564198052], [-0.7710811284741379, 0.5949783314614503, 7.3651167522640675], [-0.8762285550842476, 0.6761117402971026, 9.206395940330085], [-0.9463268394909873, 0.7302006795208708, 11.0476751283961], [-0.9813759816943572, 0.7572451491327549, 12.888954316462119], [-0.9813759816943572, 0.7572451491327549, 14.730233504528133], [-0.9463268394909873, 0.7302006795208708, 16.57151269259415], [-0.8762285550842476, 0.6761117402971026, 18.41279188066017], [-0.771081128474138, 0.5949783314614504, 20.254071068726184], [-0.6308845596606582, 0.4868004530139138, 22.095350256792205], [-0.45563884864380866, 0.3515781049544933, 23.93662944485822], [-0.24534399542358926, 0.1893112872831887, 25.777908632924238], [0.0, 0.0, 27.619187820990252]], "radius": [1.5907962145251697, 1.5907962145251697, 1.5907962145251697, 1.5907962145251697, 1.4961019996390532, 1.1195119365762785, 0.6583150843331079, 0.3705217059186594, 0.4171338656268224, 0.7720750290510148, 1.2367782231461728, 1.5512716099725812, 1.5907962145251697, 1.5907962145251697, 1.5907962145251697, 1.5907962145251697], "ref_radius": [1.5907962145251697, 1.5907962145251697, 1.5907962145251697, 1.5907962145251697, 1.5907962145251697, 1.5907962145251697, 1.5907962145251697, 1.5907962145251697, 1.5907962145251697, 1.5907962145251697, 1.5907962145251697, 1.5907962145251697, 1.5907962145251697, 1.5907962145251697, 1.5907962145251697, 1.5907962145251697], "length": 27.619187820990252, "seg_id": 0, "type": "Root", "parent": null, "children": [1, 2]}, {"pos": [[0.0, 0.0, 27.619187820990252], [0.9729962216558552, 0.1709447784229292, 29.062483220989364], [1.9701283162129328, 0.3054634762528929, 30.505778620988476], [2.991396283671233, 0.4035560934898911, 31.949074020987574], [4.036800124030756, 0.46522263013392373, 33.39236942098668], [5.1063398372915, 0.4904630861849909, 34.83566482098579], [6.200015423453468, 0.47927746164309254, 36.27896022098489], [7.317826882516659, 0.4316657565082287, 37.72225562098401], [8.45977421448107, 0.3476279707803993, 39.165551020983116], [9.625857419346705, 0.22716410445960455, 40.608846420982225], [10.816076497113563, 0.0702741575458442, 42.05214182098133], [12.030431447781645, -0.12304186996088184, 43.49543722098044], [13.268922271350949, -0.3527839780605732, 44.93873262097955], [14.531548967821472, -0.6189521667532301, 46.38202802097866], [15.818311537193221, -0.9215464360388528, 47.82532342097777]], "radius": [0.9687022759944421, 0.9687022759944421, 0.9687022759944421, 0.9687022759944421, 0.9687022759944421, 0.9687022759944421, 0.9687022759944421, 0.9687022759944421, 0.9687022759944421, 0.9687022759944421, 0.9687022759944421, 0.9687022759944421, 0.9687022759944421, 0.9687022759944421, 0.9687022759944421], "ref_radius": [0.9687022759944421, 0.9687022759944421, 0.9687022759944421, 0.9687022759944421, 0.9687022759944421, 0.9687022759944421, 0.9687022759944421, 0.9687022759944421, 0.9687022759944421, 0.9687022759944421, 0.9687022759944421, 0.9687022759944421, 0.9687022759944421, 0.9687022759944421, 0.9687022759944421], "length": 25.677931061644337, "seg_id": 1, "type": "Side", "parent": 0, "children": []}, {"pos": [[0.0, 0.0, 27.619187820990252], [0.17188271404153424, 0.13295374104350652, 29.43858999528242], [0.3129409873678017, 0.2504944626514335, 31.257992169574585], [0.42317481997880246, 0.35262216482378095, 33.07739434386674], [0.5025842118745364, 0.43933684756054886, 34.89679651815891], [0.5511691630550036, 0.5106385108617372, 36.71619869245107], [0.5689296735202041, 0.566527154727346, 38.53560086674324], [0.5558657432701377, 0.6070027791573753, 40.3550030410354], [0.5119773723048047, 0.6320653841518251, 42.17440521532757], [0.4372645606242049, 0.6417149697106952, 43.99380738961973], [0.3317273082283383, 0.635951535833986, 45.8132095639119], [0.19536561511720474, 0.614775082521697, 47.63261173820406], [0.028179481290804775, 0.5781856097738287, 49.452013912496234], [-0.16983109325086193, 0.5261831175903807, 51.27141608678839]], "radius": [1.5907962145251697, 1.5738971502289671, 1.5569980859327646, 1.540099021636562, 1.5231999573403592, 1.5063008930441566, 1.489401828747954, 1.4725027644517514, 1.4556037001555489, 1.4387046358593463, 1.4218055715631435, 1.4049065072669409, 1.3880074429707383, 1.3711083786745357], "ref_radius": [1.5907962145251697, 1.5738971502289671, 1.5569980859327646, 1.540099021636562, 1.5231999573403592, 1.5063008930441566, 1.489401828747954, 1.4725027644517514, 1.4556037001555489, 1.4387046358593463, 1.4218055715631435, 1.4049065072669409, 1.3880074429707383, 1.3711083786745357], "length": 23.65869001468366, "seg_id": 2, "type": "Main", "parent": 0, "children": [3, 4]}, {"pos": [[-0.16983109325086193, 0.5261831175903807, 51.27141608678839], [1.376661799749961, 0.9341506068089157, 52.88446613722052], [2.840244752974093, 1.179640538343091, 54.49751618765262], [4.220917766421534, 1.2626529121929073, 56.11056623808472], [5.518680840092285, 1.1831877283583647, 57.723616288516844], [6.733533973986345, 0.9412449868394628, 59.33666633894896], [7.865477168103715, 0.5368246876362015, 60.949716389381074], [8.914510422444394, -0.03007316925141912, 62.56276643981319]], "radius": [0.8793539090278562, 0.8793539090278562, 0.8793539090278562, 0.8793539090278562, 0.8793539090278562, 0.8793539090278562, 0.8793539090278562, 0.8793539090278562], "ref_radius": [0.8793539090278562, 0.8793539090278562, 0.8793539090278562, 0.8793539090278562, 0.8793539090278562, 0.8793539090278562, 0.8793539090278562, 0.8793539090278562], "length": 14.502733350137436, "seg_id": 3, "type": "Side", "parent": 2, "children": []}, {"pos": [[-0.16983109325086193, 0.5261831175903807, 51.27141608678839], [-0.4002460985452317, 0.3501353773949154, 53.056709218340494], [-0.6495235784161341, 0.1922632880114208, 54.8420023498926], [-0.9176635328635692, 0.05256684943989685, 56.62729548144471], [-1.2046659618875368, -0.06895393831965642, 58.41258861299681], [-1.5105308654880372, -0.172299075267239, 60.19788174454891], [-1.8352582436650704, -0.25746856140285096, 61.983174876101], [-2.178848096418636, -0.3244623967264922, 63.76846800765311], [-2.541300423748734, -0.3732805812381627, 65.5537611392052], [-2.922615225655365, -0.40392311493786265, 67.33905427075732], [-3.3227925021385283, -0.41638999782559194, 69.12434740230941], [-3.741832253198224, -0.4106812299013504, 70.9096405338615], [-4.179734478834455, -0.3867968111651383, 72.69493366541361], [-4.636499179047215, -0.34473674161695544, 74.48022679696572], [-5.112126353836509, -0.284501021256802, 76.26551992851782], [-5.606616003202336, -0.20608965008467783, 78.05081306006991]], "radius": [1.3542093143783331, 1.3371246109242019, 1.3200399074700704, 1.3029552040159391, 1.2858705005618078, 1.2687857971076766, 1.251701093653545, 1.2346163901994138, 1.2175316867452826, 1.200446983291151, 1.1833622798370198, 1.1662775763828885, 1.149192872928757, 1.1321081694746258, 1.1150234660204945, 1.097938762566363], "ref_radius": [1.3542093143783331, 1.3371246109242019, 1.3200399074700704, 1.3029552040159391, 1.2858705005618078, 1.2687857971076766, 1.251701093653545, 1.2346163901994138, 1.2175316867452826, 1.200446983291151, 1.1833622798370198, 1.1662775763828885, 1.149192872928757, 1.1321081694746258, 1.1150234660204945, 1.097938762566363], "length": 27.335525526610134, "seg_id": 4, "type": "Main", "parent": 2,