{"case_id": "RCA_3173_bc5", "artery_type": "RCA", "segments": [{"pos": [[0.0, 0.0, 0.0], [-0.019526815904691908, -0.21556428398666858, 1.8144347679471782], [-0.03661277982129733, -0.4041830324750036, 3.628869535894356], [-0.05125789174981625, -0.5658562454650049, 5.443304303841534], [-0.0634621516902487, -0.7005839229566728, 7.257739071788712], [-0.07322555964259465, -0.8083660649500072, 9.072173839735889], [-0.08054811560685413, -0.8892026714450079, 10.886608607683067], [-0.0854298195830271, -0.943093742441675, 12.701043375630245], [-0.08787067157111358, -0.9700392779400085, 14.515478143577425], [-0.08787067157111358, -0.9700392779400085, 16.329912911524602], [-0.0854298195830271, -0.943093742441675, 18.14434767947178], [-0.08054811560685413, -0.8892026714450079, 19.95878244741896], [-0.07322555964259467, -0.8083660649500073, 21.773217215366135], [-0.06346215169024871, -0.700583922956673, 23.587651983313314], [-0.05125789174981627, -0.5658562454650051, 25.402086751260494], [-0.036612779821297334, -0.4041830324750037, 27.216521519207667], [-0.01952681590469191, -0.2155642839866686, 29.03095628715485], [0.0, 0.0, 30.845391055102027]], "radius": [2.9443421398564333, 2.902998479720082, 2.7799809550559313, 2.5865546833142075, 2.3404509354594953, 2.0642298952730287, 1.7832125807611177, 1.5231596815368278, 1.3079100917676938, 1.1571956129657088, 1.0848321515114319, 1.0974532227563574, 1.1939018606270972, 1.3653366760152748, 1.5960423416437848, 1.8648702067451326, 1.5851082027921508, 1.3389314264289818], "ref_radius": [2.9443421398564333, 2.9443421398564333, 2.9443421398564333, 2.9443421398564333, 2.9443421398564333, 2.9443421398564333, 2.9443421398564333, 2.9443421398564333, 2.9443421398564333, 2.9443421398564333, 2.9443421398564333, 2.9443421398564333, 2.9443421398564333, 2.9443421398564333, 2.9443421398564333, 2.9443421398564333, 2.9443421398564333, 2.9443421398564333], "length": 30.845391055102027, "seg_id": 0, "type": "Root", "parent": null, "children": [1, 2]}, {"pos": [[0.0, 0.0, 30.845391055102027], [1.6537376345222776, 0.5618326344910943, 32.18710285755034], [3.210788816721268, 0.97609687613663, 33.52881465999866], [4.671153546596971, 1.2427927249366066, 34.870526462446975], [6.034831824149387, 1.361920180891025, 36.2122382648953], [7.301823649378514, 1.3334792439998848, 37.55395006734362], [8.472129022284356, 1.1574699142631857, 38.89566186979194], [9.54574794286691, 0.8338921916809277, 40.23737367224025]], "radius": [1.8663090268652767, 1.8663090268652767, 1.8663090268652767, 1.8663090268652767, 1.8663090268652767, 1.8663090268652767, 1.8663090268652767, 1.8663090268652767], "ref_radius": [1.8663090268652767, 1.8663090268652767, 1.8663090268652767, 1.8663090268652767, 1.8663090268652767, 1.8663090268652767, 1.8663090268652767, 1.8663090268652767], "length": 13.417377443327773, "seg_id": 1, "type": "Side", "parent": 0, "children": []}, {"pos": [[0.0, 0.0, 30.845391055102027], [0.037722631250003184, -0.11403600833693271, 32.62089653598154], [0.08320388192358141, -0.21526262361160758, 34.39640201686105], [0.13644375202073464, -0.3036798458240246, 36.171907497740555], [0.19744224154146292, -0.37928767497418375, 37.94741297862007], [0.26619935048576615, -0.4420861110620849, 39.722918459499574], [0.3427150788536445, -0.49207515408772834, 41.498423940379084], [0.42698942664509787, -0.5292548040511137, 43.273929421258586], [0.5190223938601262, -0.5536250609522415, 45.0494349021381], [0.6188139804987295, -0.5651859247911113, 46.82494038301762], [0.7263641865609078, -0.5639373955677232, 48.60044586389712], [0.8416730120466613, -0.5498794732820773, 50.37595134477663], [0.9647404569559899, -0.5230121579341734, 52.15145682565614], [1.0955665212888932, -0.4833354495240117, 53.92696230653565], [1.234151205045372, -0.4308493480515922, 55.70246778741516], [1.380494508225425, -0.36555385351691483, 57.47797326829467], [1.5345964308290538, -0.2874489659199795, 59.25347874917418], [1.6964569728562573, -0.19653468526078632, 61.02898423005369], [1.8660761343070358, -0.09281101153933545, 62.8044897109332], [2.0434539151813893, 0.023722055244373513, 64.5799951918127], [2.228590315479318, 0.15306451509034008, 66.35550067269222]], "radius": [1.1639241007103895, 1.0724890831279894, 1.0797400094322886, 1.1825477281091146, 1.367697916484532, 1.6134082534235, 1.891736689493881, 1.706975105227489, 1.4642944382070833, 1.2646187902940973, 1.1234576517818942, 1.0511413661743136, 1.052001349693663, 1.1240728809714713, 1.259339602078872, 1.4444922650145586, 1.6621305616432709, 1.7796673206979459, 1.5091416231699188, 1.280954231148572, 1.119473894315544], "ref_radius": [2.9443421398564333, 2.9273991386485467, 2.9104561374406597, 2.893513136232773, 2.876570135024886, 2.8596271338169994, 2.8426841326091123, 2.8257411314012257, 2.808798130193339, 2.791855128985452, 2.7749121277775655, 2.7579691265696784, 2.741026125361792, 2.724083124153905, 2.707140122946018, 2.6901971217381315, 2.6732541205302445, 2.656311119322358, 2.639368118114471, 2.622425116906584, 2.6054821156986976], "length": 35.58030253656227, "seg_id": 2, "type": "Main", "parent": 0, "children": [3, 4]}, {"pos": [[2.228590315479318, 0.15306451509034008, 66.35550067269222], [3.4006248470341873, 0.09504219236880039, 67.68243984836896], [4.60074344629078, 0.03465353855205762, 69.00937902404571], [5.828946113249094, -0.028101446359888232, 70.33631819972246], [7.085232847909131, -0.09322276236703714, 71.66325737539921], [8.369603650270887, -0.16071040946938908, 72.99019655107594], [9.682058520334369, -0.2305643876669442, 74.3171357267527], [11.022597458099572, -0.3027846969597022, 75.64407490242944], [12.391220463566498, -0.3773713373476635, 76.97101407810618], [13.787927536735145, -0.45432430883082786, 78.29795325378294], [15.212718677605514, -0.5336436114091951, 79.62489242945966], [16.665593886177607, -0.6153292450827655, 80.9518316051364], [18.146553162451422, -0.6993812098515391, 82.27877078081316]], "radius": [1.6271585702654257, 1.6271585702654257, 1.6271585702654257, 1.6271585702654257, 1.6271585702654257, 1.6271585702654257, 1.6271585702654257, 1.6271585702654257, 1.6271585702654257, 1.6271585702654257, 1.6271585702654257, 1.6271585702654257, 1.6271585702654257], "ref_radius": [1.6271585702654257, 1.6271585702654257, 1.6271585702654257, 1.6271585702654257, 1.6271585702654257, 1.6271585702654257, 1.6271585702654257, 1.6271585702654257, 1.6271585702654257, 1.6271585702654257, 1.6271585702654257, 1.6271585702654257, 1.6271585702654257], "length": 22.531283493128704, "seg_id": 3, "type": "Side", "parent": 2, "children": []}, {"pos": [[2.228590315479318, 0.15306451509034008, 66.35550067269222], [2.182453467206866, 0.17211242152998318, 68.139000163803], [2.138570128167951, 0.1897317931624427, 69.92249965491382], [2.096940298362573, 0.20592262998771863, 71.70599914602461], [2.0575639777907324, 0.22068493200581096, 73.48949863713541], [2.0204411664524278, 0.23401869921671967, 75.27299812824621], [1.9855718643476612, 0.24592393162044485, 77.05649761935702], [1.952956071476431, 0.25640062921698636, 78.83999711046782], [1.9225937878387382, 0.26544879200634436, 80.62349660157861], [1.8944850134345828, 0.2730684199885187, 82.40699609268943], [1.8686297482639638, 0.2792595131635095, 84.19049558380021], [1.8450279923268817, 0.2840220715313167, 85.97399507491102], [1.8236797456233371, 0.2873560950919403, 87.75749456602182], [1.8045850081533295, 0.2892615838453803, 89.54099405713261], [1.7877437799168585, 0.2897385377916367, 91.32449354824341], [1.773156060913925, 0.28878695693070955, 93.1079930393542], [1.7608218511445282, 0.28640684126259885, 94.891492530465], [1.7507411506086685, 0.28259819078730447, 96.6749920215758], [1.742913959306346, 0.27736100550482656, 98.4584915126866], [1.7373402772375601, 0.27069528541516497, 100.2419910037974], [1.7340201044023116, 0.2626010305183199, 102.0254904949082]],