{"case_id": "RCA_6041_bc7", "artery_type": "RCA", "segments": [{"pos": [[0.0, 0.0, 0.0], [-0.043760818071753, 0.22245781291998046, 1.8470269757645832], [-0.0802281664648805, 0.40783932368663084, 3.694053951529167], [-0.10940204517938248, 0.5561445322999511, 5.54108092729375], [-0.131282454215259, 0.6673734387599414, 7.388107903058334], [-0.14586939357251, 0.7415260430666016, 9.235134878822917], [-0.15316286325113548, 0.7786023452199315, 11.0821618545875], [-0.15316286325113548, 0.7786023452199315, 12.929188830352086], [-0.14586939357250997, 0.7415260430666015, 14.776215806116667], [-0.131282454215259, 0.6673734387599414, 16.62324278188125], [-0.10940204517938248, 0.5561445322999511, 18.470269757645834], [-0.08022816646488044, 0.40783932368663056, 20.317296733410416], [-0.04376081807175297, 0.22245781291998035, 22.164323709175], [0.0, 0.0, 24.011350684939583]], "radius": [2.7467425621706307, 2.7467425621706307, 2.7467425621706307, 2.7467425621706307, 2.7467425621706307, 2.7467425621706307, 2.7467425621706307, 2.7467425621706307, 2.607769853058799, 2.2035745307893366, 1.6640784793578298, 1.163346854203839, 0.862937701831433, 0.8597762280218599], "ref_radius": [2.7467425621706307, 2.7467425621706307, 2.7467425621706307, 2.7467425621706307, 2.7467425621706307, 2.7467425621706307, 2.7467425621706307, 2.7467425621706307, 2.7467425621706307, 2.7467425621706307, 2.7467425621706307, 2.7467425621706307, 2.7467425621706307, 2.7467425621706307], "length": 24.011350684939583, "seg_id": 0, "type": "Root", "parent": null, "children": [1, 2]}, {"pos": [[0.0, 0.0, 24.011350684939583], [0.9841312936086809, -0.12904714172765974, 25.478623902735013], [2.0105473772300453, -0.23610662215509517, 26.945897120530454], [3.0792482508640933, -0.3211784412823063, 28.413170338325884], [4.190233914510825, -0.38426259910929317, 29.880443556121325], [5.343504368170242, -0.4253590956360558, 31.34771677391676], [6.539059611842339, -0.444467930862594, 32.814989991712196], [7.776899645527122, -0.44158910478890795, 34.28226320950763], [9.057024469224588, -0.4167226174149976, 35.74953642730306], [10.37943408293474, -0.36986846874086304, 37.2168096450985], [11.744128486657573, -0.30102665876650403, 38.68408286289394], [13.151107680393089, -0.21019718749192093, 40.15135608068937]], "radius": [1.6263919241501503, 1.6263919241501503, 1.6263919241501503, 1.6263919241501503, 1.6263919241501503, 1.6263919241501503, 1.6263919241501503, 1.6263919241501503, 1.6263919241501503, 1.6263919241501503, 1.6263919241501503, 1.6263919241501503], "ref_radius": [1.6263919241501503, 1.6263919241501503, 1.6263919241501503, 1.6263919241501503, 1.6263919241501503, 1.6263919241501503, 1.6263919241501503, 1.6263919241501503, 1.6263919241501503, 1.6263919241501503, 1.6263919241501503, 1.6263919241501503], "length": 20.820556915072082, "seg_id": 1, "type": "Side", "parent": 0, "children": []}, {"pos": [[0.0, 0.0, 24.011350684939583], [-0.302726643485048, 0.3447586733739224, 25.94324632169508], [-0.5511625599558382, 0.6493174881012532, 27.875141958450595], [-0.7453077494123701, 0.9136764441819925, 29.807037595206094], [-0.8851622118546443, 1.1378355416161403, 31.7389332319616], [-0.9707259472826603, 1.3217947804036965, 33.6708288687171], [-1.0019989556964182, 1.4655541605446611, 35.60272450547261], [-0.9789812370959181, 1.5691136820390341, 37.53462014222811], [-0.9016727914811601, 1.6324733448868156, 39.46651577898361], [-0.770073618852144, 1.6556331490880054, 41.39841141573912], [-0.5841837192088701, 1.6385930946426042, 43.33030705249462], [-0.344003092551338, 1.5813531815506108, 45.262202689250124], [-0.04953173887954771, 1.4839134098120261, 47.19409832600563]], "radius": [1.1548824632806647, 1.6422879986262455, 2.1649863234302997, 2.551170627967383, 2.675264888040312, 2.6573954695077324, 2.6395260509751526, 2.6216566324425727, 2.6037872139099933, 2.5859177953774135, 2.5680483768448337, 2.5501789583122543, 2.5323095397796744], "ref_radius": [2.7467425621706307, 2.728873143638051, 2.7110037251054715, 2.6931343065728917, 2.675264888040312, 2.6573954695077324, 2.6395260509751526, 2.6216566324425727, 2.6037872139099933, 2.5859177953774135, 2.5680483768448337, 2.5501789583122543, 2.5323095397796744], "length": 23.230244092353608, "seg_id": 2, "type": "Main", "parent": 0, "children": [3, 4]}, {"pos": [[-0.04953173887954771, 1.4839134098120261, 47.19409832600563], [1.197288113602493, 1.720951765369693, 48.477538330871404], [2.448659507836055, 1.9281590898148036, 49.76097833573718], [3.7045824438211383, 2.1055353831473576, 51.04441834060294], [4.965056921557742, 2.253080645367356, 52.32785834546871], [6.230082941045865, 2.3707948764747977, 53.61129835033449], [7.4996605022855105, 2.458678076469683, 54.89473835520026], [8.77378960527668, 2.516730245352013, 56.178178360066035], [10.052470250019365, 2.544951383121786, 57.46161836493181], [11.335702436513571, 2.543341489779003, 58.745058369797576], [12.623486164759301, 2.511900565323664, 60.02849837466335], [13.915821434756554, 2.450628609755769, 61.311938379529124], [15.212708246505326, 2.359525623075317, 62.59537838439489], [16.514146600005617, 2.23859160528231, 63.87881838926067], [17.82013649525743, 2.0878265563767457, 65.16225839412644]], "radius": [1.5874177438009882, 1.5874177438009882, 1.5874177438009882, 1.5874177438009882, 1.5874177438009882, 1.5874177438009882, 1.5874177438009882, 1.5874177438009882, 1.5874177438009882, 1.5874177438009882, 1.5874177438009882, 1.5874177438009882, 1.5874177438009882, 1.5874177438009882, 1.5874177438009882], "ref_radius": [1.5874177438009882, 1.5874177438009882, 1.5874177438009882, 1.5874177438009882, 1.5874177438009882, 1.5874177438009882, 1.5874177438009882, 1.5874177438009882, 1.5874177438009882, 1.5874177438009882, 1.5874177438009882, 1.5874177438009882, 1.5874177438009882, 1.5874177438009882, 1.5874177438009882], "length": 25.348462085900376, "seg_id": 3, "type": "Side", "parent": 2, "children": []}, {"pos": [[-0.04953173887954771, 1.4839134098120261, 47.19409832600563], [-0.12132979164106057, 1.3984298370625523, 48.9784833110503], [-0.18278619682757896, 1.3455525866445088, 50.76286829609495], [-0.2339009544391028, 1.325281658557897, 52.54725328113962], [-0.27467406447563214, 1.3376170528027156, 54.33163826618428], [-0.3051055269371669, 1.3825587693789652, 56.11602325122894], [-0.3251953418237072, 1.4601068082866457, 57.90040823627359], [-0.3349435091352529, 1.5702611695257571, 59.684793221318245], [-0.33435002887180415, 1.7130218530962995, 61.46917820636291], [-0.3234149010333609, 1.888388858998273, 63.253563191407565], [-0.30213812561992315, 2.096362187231677, 65.03794817645223], [-0.2705197026314909, 2.336941837796512, 66.82233316149689], [-0.228559632068064, 2.6101278106927785, 68.60671814654155], [-0.17625791392964268, 2.9159201059204753, 70.39110313158622], [-0.11361454821622685, 3.2543187234796034, 72.17548811663087], [-0.040629534927816506, 3.625323663370162, 73.95987310167553]], "radius": [2.5144401212470946, 2.4644025631338673, 2.132314407029374, 1.5783357062003094, 1.0010441925308788, 0.6047192995148749, 0.5257617953521023, 0.7845426996576814, 1.2796685100526484, 1.826145408139744, 2.2230987425177804, 2.3298374203337917, 2.3130553566144005, 2.2962732928950094, 2.279491229175618, 2.262709165456227], "ref_radius": [2.5144401212470946, 2.4976580575277034, 2.4808759938083123, 2.464093930088921, 2.44731186636953, 2.4305298026501387, 2.4137477389307476, 2.3969656752113564, 2.3801836114919652, 2.363401547772574, 2.346619484053183, 2.3298374203337917, 2.3130553566144005, 2.2962732928950094, 2.279491229175618, 2.262709165456227], "length": 26.851301951025874, "seg_id": 4, "type": "Main", "parent": 2,