{"case_id": "RCA_8903_bc9", "artery_type": "RCA", "segments": [{"pos": [[0.0, 0.0, 0.0], [-0.3035439605345875, 0.0915420816621681, 1.811672807324265], [-0.5518981100628864, 0.16644014847666927, 3.62334561464853], [-0.7450624485848967, 0.22469420044350352, 5.435018421972795], [-0.8830369761006183, 0.26630423756267085, 7.24669122929706], [-0.9658216926100511, 0.2912702598341712, 9.058364036621324], [-0.9934165981131955, 0.2995922672580047, 10.87003684394559], [-0.9658216926100512, 0.29127025983417126, 12.681709651269852], [-0.8830369761006183, 0.26630423756267085, 14.49338245859412], [-0.7450624485848967, 0.22469420044350352, 16.305055265918384], [-0.5518981100628866, 0.16644014847666935, 18.116728073242648], [-0.30354396053458765, 0.09154208166216814, 19.928400880566915], [0.0, 0.0, 21.74007368789118]], "radius": [2.2907500247188066, 2.2907500247188066, 2.2907500247188066, 2.2907500247188066, 2.2907500247188066, 2.2907500247188066, 2.2907500247188066, 2.2907500247188066, 2.097406527653699, 1.6061091425155118, 1.0549688949481069, 0.7111102896158257, 0.7411933736289531], "ref_radius": [2.2907500247188066, 2.2907500247188066, 2.2907500247188066, 2.2907500247188066, 2.2907500247188066, 2.2907500247188066, 2.2907500247188066, 2.2907500247188066, 2.2907500247188066, 2.2907500247188066, 2.2907500247188066, 2.2907500247188066, 2.2907500247188066], "length": 21.74007368789118, "seg_id": 0, "type": "Root", "parent": null, "children": [1, 2]}, {"pos": [[0.0, 0.0, 21.74007368789118], [0.9982826365031982, 0.31550960729601246, 23.085054424491045], [2.046416675211413, 0.5889756987799705, 24.430035161090913], [3.1444021161246445, 0.8203982744518739, 25.775015897690775], [4.292238959242892, 1.009777334311723, 27.119996634290644], [5.489927204566154, 1.157112878359517, 28.46497737089051], [6.737466852094435, 1.2624049065952567, 29.809958107490374], [8.034857901827731, 1.325653419018942, 31.15493884409024], [9.382100353766045, 1.3468584156305727, 32.499919580690104], [10.779194207909374, 1.3260198964301488, 33.84490031728997], [12.226139464257718, 1.2631378614176705, 35.18988105388984], [13.722936122811081, 1.1582123105931375, 36.5348617904897], [15.26958418356946, 1.01124324395655, 37.87984252708957]], "radius": [1.3698172158073962, 1.3698172158073962, 1.3698172158073962, 1.3698172158073962, 1.3698172158073962, 1.3698172158073962, 1.3698172158073962, 1.3698172158073962, 1.3698172158073962, 1.3698172158073962, 1.3698172158073962, 1.3698172158073962, 1.3698172158073962], "ref_radius": [1.3698172158073962, 1.3698172158073962, 1.3698172158073962, 1.3698172158073962, 1.3698172158073962, 1.3698172158073962, 1.3698172158073962, 1.3698172158073962, 1.3698172158073962, 1.3698172158073962, 1.3698172158073962, 1.3698172158073962, 1.3698172158073962], "length": 22.241289356067504, "seg_id": 1, "type": "Side", "parent": 0, "children": []}, {"pos": [[0.0, 0.0, 21.74007368789118], [-0.26942605815354126, 0.138142620784266, 23.600266233725815], [-0.5115958473097851, 0.26574479431579195, 25.46045877956046], [-0.7265093674687317, 0.3828065205945779, 27.320651325395104], [-0.9141666186303805, 0.4893277996206237, 29.180843871229747], [-1.074567600794732, 0.5853086313939295, 31.04103641706438], [-1.207712313961786, 0.6707490159144952, 32.90122896289902], [-1.3136007581315425, 0.7456489531823209, 34.76142150873366], [-1.3922329333040018, 0.8100084431974066, 36.6216140545683], [-1.4436088394791635, 0.8638274859597521, 38.48180660040294], [-1.467728476657028, 0.9071060814693577, 40.34199914623758], [-1.4645918448375947, 0.9398442297262231, 42.20219169207222], [-1.4341989440208642, 0.9620419307303485, 44.06238423790686], [-1.3765497742068362, 0.9736991844817339, 45.922576783741505], [-1.2916443353955107, 0.9748159909803792, 47.78276932957615], [-1.1794826275868877, 0.9653923502262844, 49.64296187541078]], "radius": [1.130637595210965, 1.6777983764149063, 2.1171202761398997, 2.2383541123596986, 2.2208888082399962, 2.2034235041202934, 2.185958200000591, 2.1684928958808882, 2.151027591761186, 2.133562287641483, 2.11609698352178, 2.098631679402078, 2.081166375282375, 2.0637010711626727, 2.04623576704297, 2.0031853290166355], "ref_radius": [2.2907500247188066, 2.273284720599104, 2.2558194164794014, 2.2383541123596986, 2.2208888082399962, 2.2034235041202934, 2.185958200000591, 2.1684928958808882, 2.151027591761186, 2.133562287641483, 2.11609698352178, 2.098631679402078, 2.081166375282375, 2.0637010711626727, 2.04623576704297, 2.0287704629232675], "length": 27.9444865915242, "seg_id": 2, "type": "Main", "parent": 0, "children": [3, 4]}, {"pos": [[-1.1794826275868877, 0.9653923502262844, 49.64296187541078], [0.1247486557759111, 1.1776967196438868, 51.14587379273752], [1.380886355929646, 1.3296899335677494, 52.64878571006425], [2.588930472874316, 1.4213719919978718, 54.15169762739099], [3.748881006609924, 1.4527428949342542, 55.65460954471774], [4.860737957136468, 1.4238026423768964, 57.15752146204447], [5.924501324453946, 1.3345512343257984, 58.660433379371206], [6.940171108562362, 1.1849886707809603, 60.16334529669795], [7.907747309461714, 0.9751149517423819, 61.66625721402468], [8.827229927152002, 0.7049300772100636, 63.169169131351424], [9.698618961633226, 0.3744340471840051, 64.67208104867815], [10.521914412905385, -0.016373138335793125, 66.1749929660049]], "radius": [1.3777263827699207, 1.3777263827699207, 1.3777263827699207, 1.3777263827699207, 1.3777263827699207, 1.3777263827699207, 1.3777263827699207, 1.3777263827699207, 1.3777263827699207, 1.3777263827699207, 1.3777263827699207, 1.3777263827699207], "ref_radius": [1.3777263827699207, 1.3777263827699207, 1.3777263827699207, 1.3777263827699207, 1.3777263827699207, 1.3777263827699207, 1.3777263827699207, 1.3777263827699207, 1.3777263827699207, 1.3777263827699207, 1.3777263827699207, 1.3777263827699207], "length": 20.277934020854868, "seg_id": 3, "type": "Side", "parent": 2, "children": []}, {"pos": [[-1.1794826275868877, 0.9653923502262844, 49.64296187541078], [-1.2132246301544962, 0.6822832039091568, 51.44226711768738], [-1.2487506010405225, 0.40082934725312985, 53.24157235996397], [-1.2860605402449665, 0.12103078025820357, 55.04087760224058], [-1.325154447767828, -0.1571124970756221, 56.84018284451716], [-1.3660323236091076, -0.43360048474834734, 58.639488086793754], [-1.4086941677688052, -0.7084331827599717, 60.43879332907035], [-1.4531399802469198, -0.9816105911104953, 62.23809857134694], [-1.4993697610434524, -1.2531327097999185, 64.03740381362354], [-1.547383510158403, -1.5229995388282414, 65.83670905590013], [-1.5971812275917714, -1.791211078195463, 67.63601429817673], [-1.6487629133435573, -2.0577673279015842, 69.43531954045332], [-1.702128567413761, -2.3226682879466054, 71.23462478272992], [-1.7572781898023824, -2.585913958330525, 73.03393002500651], [-1.8142117805094213, -2.847504339053344, 74.8332352672831], [-1.8729293395348783, -3.107439430115063, 76.6325405095597], [-1.933430866878753, -3.3657192315156816, 78.43184575183629], [-1.9957163625410455, -3.622343743255199, 80.2311509941129], [-2.0597858265217557, -3.877312965333616, 82.03045623638948]], "radius": [1.6910840233892017, 1.202103475889761, 0.7934402477287985, 0.6752944914091752, 0.8994064190164297, 1.3342242278632517, 1.7382309217511138, 1.8906113765142645, 1.8733709566902874, 1.8561291814261276, 1.838887406161968, 1.8216456308978084, 1.8044038556336488, 1.787162080369489, 1.7699203051053294, 1.7526785298411698, 1.7354367545770102, 1.7181949793128504, 1.7009532040486908], "ref_radius": [2.0113051588035646, 1.994063383539405, 1.9768216082752452, 1.9595798330110856, 1.942338057746926, 1.9250962824827664, 1.9078545072186066, 1.890612731954447, 1.8733709566902874, 1.8561291814261276, 1.838887406161968, 1.8216456308978084, 1.8044038556336488, 1.787162080369489, 1.7699203051053294, 1.7526785298411698, 1.7354367545770102, 1.7181949793128504, 1.7009532040486908], "length": 32.759373001903356, "seg_id": 4, "type": "Main", "parent": 2,