{"case_id": "RCA_8935_bc0", "artery_type": "RCA", "segments": [{"pos": [[0.0, 0.0, 0.0], [0.03883382021626558, -0.05143762281200525, 1.7879169128861703], [0.07335277151961275, -0.09715995420045435, 3.57583382577234], [0.10355685391004153, -0.1371669941653473, 5.36375073865851], [0.12944606738755193, -0.17145874270668415, 7.151667651544681], [0.15102041195214394, -0.20003519982446488, 8.939584564430852], [0.1682798876038175, -0.2228963655186894, 10.72750147731702], [0.18122449434257268, -0.2400422397893578, 12.515418390203191], [0.18985423216840952, -0.25147282263647014, 14.30333530308936], [0.19416910108132793, -0.2571881140600263, 16.09125221597553], [0.1941691010813279, -0.2571881140600263, 17.879169128861705], [0.18985423216840952, -0.25147282263647014, 19.667086041747872], [0.1812244943425727, -0.24004223978935782, 21.455002954634043], [0.16827988760381754, -0.22289636551868947, 23.242919867520207], [0.15102041195214394, -0.20003519982446488, 25.030836780406382], [0.12944606738755193, -0.17145874270668415, 26.818753693292557], [0.10355685391004157, -0.13716699416534736, 28.60667060617872], [0.07335277151961284, -0.09715995420045445, 30.39458751906489], [0.038833820216265615, -0.0514376228120053, 32.18250443195106], [0.0, 0.0, 33.970421344837234]], "radius": [2.0168304219917115, 1.8970182230454575, 1.5086154429757959, 1.0094064043778128, 0.6064366523704654, 0.4668367585578501, 0.6485053863819519, 1.0760959832553187, 1.5722665513927687, 1.9312317427555006, 2.0168304219917115, 2.0168304219917115, 2.0168304219917115, 2.0168304219917115, 2.0168304219917115, 2.0168304219917115, 2.0168304219917115, 2.0168304219917115, 2.0168304219917115, 2.0168304219917115], "ref_radius": [2.0168304219917115, 2.0168304219917115, 2.0168304219917115, 2.0168304219917115, 2.0168304219917115, 2.0168304219917115, 2.0168304219917115, 2.0168304219917115, 2.0168304219917115, 2.0168304219917115, 2.0168304219917115, 2.0168304219917115, 2.0168304219917115, 2.0168304219917115, 2.0168304219917115, 2.0168304219917115, 2.0168304219917115, 2.0168304219917115, 2.0168304219917115, 2.0168304219917115], "length": 33.970421344837234, "seg_id": 0, "type": "Root", "parent": null, "children": [1, 2]}, {"pos": [[0.0, 0.0, 33.970421344837234], [1.2284383004738724, 0.2295527575616187, 35.549825185011215], [2.4690736672880287, 0.42121872743427013, 37.1292290251852], [3.721906100442469, 0.5749979096179545, 38.70863286535919], [4.986935599937192, 0.6908903041126715, 40.288036705533166], [6.264162165772201, 0.7688959109184212, 41.86744054570715], [7.553585797947493, 0.8090147300352039, 43.446844385881136], [8.855206496463067, 0.8112467614630192, 45.02624822605512], [10.169024261318928, 0.7755920052018674, 46.605652066229105], [11.495039092515071, 0.7020504612517483, 48.185055906403086]], "radius": [1.1362581354623666, 1.1362581354623666, 1.1362581354623666, 1.1362581354623666, 1.1362581354623666, 1.1362581354623666, 1.1362581354623666, 1.1362581354623666, 1.1362581354623666, 1.1362581354623666], "ref_radius": [1.1362581354623666, 1.1362581354623666, 1.1362581354623666, 1.1362581354623666, 1.1362581354623666, 1.1362581354623666, 1.1362581354623666, 1.1362581354623666, 1.1362581354623666, 1.1362581354623666], "length": 18.294388055014466, "seg_id": 1, "type": "Side", "parent": 0, "children": []}, {"pos": [[0.0, 0.0, 33.970421344837234], [0.28311290169876596, 0.318014105284887, 35.86497529338191], [0.5059638787145994, 0.6036510866211869, 37.75952924192658], [0.6685529310475002, 0.8569109440088997, 39.65408319047125], [0.7708800586974689, 1.0777936774480255, 41.54863713901592], [0.8129452616645048, 1.2662992869385643, 43.44319108756059], [0.7947485399486084, 1.4224277724805157, 45.33774503610526], [0.7162898935497796, 1.5461791340738804, 47.23229898464993], [0.577569322468018, 1.6375533717186577, 49.126852933194606], [0.3785868267033241, 1.696550485414848, 51.02140688173928], [0.11934240625569764, 1.7231704751624515, 52.91596083028395], [-0.2001639388748609, 1.7174133409614676, 54.81051477882862]], "radius": [2.0168304219917115, 1.9994040078827513, 1.9819775937737911, 1.9645511796648312, 1.947124765555871, 1.9296983514469108, 1.9122719373379506, 1.8948455232289905, 1.8774191091200305, 1.8599926950110703, 1.8425662809021102, 1.82513986679315], "ref_radius": [2.0168304219917115, 1.9994040078827513, 1.9819775937737911, 1.9645511796648312, 1.947124765555871, 1.9296983514469108, 1.9122719373379506, 1.8948455232289905, 1.8774191091200305, 1.8599926950110703, 1.8425662809021102, 1.82513986679315], "length": 20.911696930752157, "seg_id": 2, "type": "Main", "parent": 0, "children": [3, 4]}, {"pos": [[-0.2001639388748609, 1.7174133409614676, 54.81051477882862], [0.6850367614829896, 1.9716484032161268, 56.42563127653809], [1.6270730024051732, 2.194893138351232, 58.04074777424758], [2.625944783891689, 2.3871475463667804, 59.655864271957036], [3.681652105942537, 2.5484116272627735, 61.27098076966651], [4.794194968557718, 2.6786853810392124, 62.88609726737598], [5.963573371737233, 2.7779688076960958, 64.50121376508545], [7.1897873154810785, 2.8462619072334236, 66.11633026279492], [8.472836799789258, 2.8835646796511973, 67.73144676050441], [9.812721824661768, 2.8898771249494146, 69.34656325821388], [11.209442390098612, 2.8651992431280773, 70.96167975592334]], "radius": [1.2548344152119566, 1.2548344152119566, 1.2548344152119566, 1.2548344152119566, 1.2548344152119566, 1.2548344152119566, 1.2548344152119566, 1.2548344152119566, 1.2548344152119566, 1.2548344152119566, 1.2548344152119566], "ref_radius": [1.2548344152119566, 1.2548344152119566, 1.2548344152119566, 1.2548344152119566, 1.2548344152119566, 1.2548344152119566, 1.2548344152119566, 1.2548344152119566, 1.2548344152119566, 1.2548344152119566, 1.2548344152119566], "length": 19.80799482978263, "seg_id": 3, "type": "Side", "parent": 2, "children": []}, {"pos": [[-0.2001639388748609, 1.7174133409614676, 54.81051477882862], [-0.5072936001931125, 1.6232335840304424, 56.67037379430379], [-0.7841238573692197, 1.5383133983302202, 58.530232809778965], [-1.0306547104031822, 1.462652783860801, 60.39009182525414], [-1.2468861592950005, 1.3962517406221844, 62.24995084072932], [-1.432818204044674, 1.339110268614371, 64.10980985620449], [-1.5884508446522034, 1.2912283678373604, 65.96966887167967], [-1.713784081117588, 1.252606038291153, 67.82952788715485], [-1.808817913440828, 1.2232432799757484, 69.68938690263002], [-1.8735523416219237, 1.2031400928911469, 71.5492459181052], [-1.9079873656608748, 1.192296477037348, 73.40910493358038], [-1.9121229855576813, 1.1907124324143523, 75.26896394905555], [-1.8859592013123434, 1.1983879590221593, 77.12882296453071], [-1.829496012924861, 1.2153230568607696, 78.9886819800059], [-1.742733420395234, 1.2415177259301826, 80.84854099548107], [-1.625671423723463, 1.2769719662303987, 82.70840001095624], [-1.478310022909547, 1.3216857777614175, 84.56825902643142], [-1.478310022909547, 1.3216857777614175, 84.56825902643142], [-1.5204928712429826, 1.3945632752266883, 86.38460572255019], [-1.5698421902314483, 1.4480344066789108, 88.20095241866895], [-1.6263579798749448, 1.482099172118084, 90.01729911478773], [-1.6900402401734722, 1.4967575715442085, 91.83364581090649], [-1.76088897112703, 1.4920096049572844, 93.64999250702527], [-1.8389041727356183, 1.467855272357311, 95.46633920314403], [-1.9240858449992375, 1.4242945737442887, 97.28268589926279], [-2.0164339879178867, 1.3613275091182175, 99.09903259538156], [-2.115948601491567, 1.2789540784790976, 100.91537929150033], [-2.2226296857202774, 1.1771742818269284, 102.73172598761911], [-2.336477240604019, 1.0559881191617106, 104.54807268373787]],