{"case_id": "RCA_1013_bc1", "artery_type": "RCA", "segments": [{"pos": [[0.0, 0.0, 0.0], [0.006246294685085587, -0.17778715596143463, 1.7866308601292424], [0.011711802534535475, -0.3333509174276899, 3.5732617202584844], [0.016396523548349664, -0.4666912843987658, 5.359892580387726], [0.020300457726528155, -0.5778082568746624, 7.146523440516968], [0.02342360506907095, -0.6667018348553798, 8.933154300646212], [0.025765965575978045, -0.7333720183409178, 10.719785160775453], [0.02732753924724944, -0.7778188073312764, 12.506416020904695], [0.02810832608288514, -0.8000422018264557, 14.293046881033938], [0.02810832608288514, -0.8000422018264557, 16.07967774116318], [0.02732753924724944, -0.7778188073312764, 17.866308601292424], [0.025765965575978045, -0.7333720183409178, 19.652939461421667], [0.02342360506907095, -0.6667018348553798, 21.439570321550903], [0.02030045772652816, -0.5778082568746626, 23.22620118168015], [0.016396523548349667, -0.46669128439876595, 25.01283204180939], [0.011711802534535477, -0.33335091742768996, 26.799462901938632], [0.0062462946850855875, -0.17778715596143466, 28.58609376206788], [0.0, 0.0, 30.37272462219712]], "radius": [2.494585602958288, 2.4942350434482914, 2.4582711026939106, 2.3659913189571102, 2.2247264311603776, 2.045698572358403, 1.8431297794869512, 1.6331121896778082, 1.4323296751473642, 1.2567324704390959, 1.1202700801043621, 1.0337831250871372, 1.0041421599309872, 1.0337018734764285, 1.1201140315398699, 1.2565140214744224, 1.4320661794461513, 1.376548330267727], "ref_radius": [2.494585602958288, 2.494585602958288, 2.494585602958288, 2.494585602958288, 2.494585602958288, 2.494585602958288, 2.494585602958288, 2.494585602958288, 2.494585602958288, 2.494585602958288, 2.494585602958288, 2.494585602958288, 2.494585602958288, 2.494585602958288, 2.494585602958288, 2.494585602958288, 2.494585602958288, 2.494585602958288], "length": 30.37272462219712, "seg_id": 0, "type": "Root", "parent": null, "children": [1, 2]}, {"pos": [[0.0, 0.0, 30.37272462219712], [1.2964406987219683, -0.19972406203110263, 31.76828478341715], [2.578333966498422, -0.38801439582977887, 33.16384494463719], [3.8456798033293613, -0.5648710013960286, 34.55940510585722], [5.098478209214786, -0.7302938787298521, 35.95496526707726], [6.336729184154696, -0.8842830278312489, 37.3505254282973], [7.560432728149092, -1.0268384487002193, 38.746085589517335], [8.769588841197972, -1.1579601413367635, 40.141645750737375], [9.964197523301339, -1.277648105740881, 41.53720591195741], [11.144258774459189, -1.3859023419125722, 42.93276607317745], [12.309772594671529, -1.4827228498518372, 44.32832623439748], [13.460738983938349, -1.5681096295586756, 45.72388639561752], [14.597157942259656, -1.6420626810330874, 47.119446556837545], [15.719029469635451, -1.704582004275073, 48.51500671805759], [16.82635356606573, -1.755667599284632, 49.910566879277624], [17.919130231550497, -1.7953194660617646, 51.306127040497664], [18.997359466089744, -1.8235376046064709, 52.7016872017177]], "radius": [1.6174797491356452, 1.6174797491356452, 1.6174797491356452, 1.6174797491356452, 1.6174797491356452, 1.6174797491356452, 1.6174797491356452, 1.6174797491356452, 1.6174797491356452, 1.6174797491356452, 1.6174797491356452, 1.6174797491356452, 1.6174797491356452, 1.6174797491356452, 1.6174797491356452, 1.6174797491356452, 1.6174797491356452], "ref_radius": [1.6174797491356452, 1.6174797491356452, 1.6174797491356452, 1.6174797491356452, 1.6174797491356452, 1.6174797491356452, 1.6174797491356452, 1.6174797491356452, 1.6174797491356452, 1.6174797491356452, 1.6174797491356452, 1.6174797491356452, 1.6174797491356452, 1.6174797491356452, 1.6174797491356452, 1.6174797491356452, 1.6174797491356452], "length": 29.37358551414645, "seg_id": 1, "type": "Side", "parent": 0, "children": []}, {"pos": [[0.0, 0.0, 30.37272462219712], [-0.27810780630441967, -0.12545018203126207, 32.20808471525971], [-0.525338091013342, -0.24178899067308682, 34.04344480832229], [-0.7416908541267672, -0.34901642592547427, 35.87880490138488], [-0.9271660956446945, -0.44713248778842435, 37.714164994447465], [-1.0817638155671248, -0.5361371762619371, 39.549525087510055], [-1.2054840138940577, -0.6160304913460126, 41.38488518057264], [-1.2983266906254933, -0.6868124330406508, 43.22024527363522], [-1.3602918457614315, -0.7484830013458517, 45.055605366697804], [-1.3913794793018723, -0.801042196261615, 46.890965459760395], [-1.391589591246816, -0.8444900177879413, 48.72632555282298], [-1.360922181596262, -0.8788264659248302, 50.56168564588556], [-1.2993772503502108, -0.9040515406722818, 52.39704573894816], [-1.2069547975086623, -0.9201652420302959, 54.23240583201074], [-1.0836548230716163, -0.927167569998873, 56.06776592507333], [-0.9294773270390732, -0.9250585245780125, 57.90312601813591]], "radius": [1.2294292968514844, 1.131587940615447, 1.1001606120574738, 1.1361023090816103, 1.2336896607216536, 1.3811803814679997, 1.2849675114570231, 1.0778184530571617, 0.9288722156049269, 0.8514381372774324, 0.8512515198788937, 0.9259906948043191, 1.065634405907196, 1.253610363133079, 1.468604530417927, 1.686834121494218], "ref_radius": [2.494585602958288, 2.4773595931185493, 2.46013358327881, 2.4429075734390713, 2.4256815635993325, 2.4084555537595933, 2.3912295439198545, 2.3740035340801153, 2.3567775242403766, 2.339551514400638, 2.3223255045608986, 2.30509949472116, 2.287873484881421, 2.270647475041682, 2.253421465201943, 2.2361954553622043], "length": 27.561615743582283, "seg_id": 2, "type": "Main", "parent": 0, "children": [3, 4]}, {"pos": [[-0.9294773270390732, -0.9250585245780125, 57.90312601813591], [0.5106834275850061, -0.7624277814624763, 59.29689388997121], [1.9023116369372364, -0.6215147403549574, 60.69066176180651], [3.245407301017617, -0.5023194012554562, 62.08442963364182], [4.539970419826151, -0.40484176416397216, 63.47819750547712], [5.786000993362835, -0.32908182908050554, 64.87196537731242], [6.9834990216276704, -0.2750395960050565, 66.26573324914773], [8.132464504620657, -0.2427150649376248, 67.65950112098304], [9.232897442341795, -0.2321082358782105, 69.05326899281832], [10.284797834791085, -0.24321910882681363, 70.44703686465364], [11.288165681968525, -0.2760476837834342, 71.84080473648893], [12.243000983874117, -0.3305939607480721, 73.23457260832424]], "radius": [1.3917405897278914, 1.3917405897278914, 1.3917405897278914, 1.3917405897278914, 1.3917405897278914, 1.3917405897278914, 1.3917405897278914, 1.3917405897278914, 1.3917405897278914, 1.3917405897278914, 1.3917405897278914, 1.3917405897278914], "ref_radius": [1.3917405897278914, 1.3917405897278914, 1.3917405897278914, 1.3917405897278914, 1.3917405897278914, 1.3917405897278914, 1.3917405897278914, 1.3917405897278914, 1.3917405897278914, 1.3917405897278914, 1.3917405897278914, 1.3917405897278914], "length": 20.221790907754073, "seg_id": 3, "type": "Side", "parent": 2, "children": []}, {"pos": [[-0.9294773270390732, -0.9250585245780125, 57.90312601813591], [-0.5266433504654418, -0.47943022663871854, 59.8409883056735], [-0.21305696640485194, -0.104925267232819, 61.77885059321109], [0.011281825142696371, 0.1984563536396864, 63.71671288074869], [0.14637302417720308, 0.43071463597879744, 65.65457516828627], [0.1922166306986683, 0.5918495797845144, 67.59243745582387], [0.14881264470709202, 0.681861185056837, 69.53029974336145], [0.01616106620247426, 0.7007494517957653, 71.46816203089904], [-0.20573810481518534, 0.6485143800012995, 73.40602431843664], [-0.5168848683458864, 0.5251559696734391, 75.34388660597422]], "radius": [1.8845420934446555, 2.0401922291934245, 2.137378712806208, 2.1657799952682373, 2.1489461940128587, 2.131440381135457, 2.1139345682580553, 2.0964287553806535, 2.078922942503252, 2.06141712962585], "ref_radius": [2.218969445522465, 2.2014636326450634, 2.1839578197676617, 2.16645200689026, 2.1489461940128587, 2.131440381135457, 2.1139345682580553, 2.0964287553806535, 2.078922942503252, 2.06141712962585], "length": 17.50581287740166, "seg_id": 4, "type": "Main",