{"case_id": "RCA_3838_bc4", "artery_type": "RCA", "segments": [{"pos": [[0.0, 0.0, 0.0], [-0.012306409448816474, 0.02267397255953528, 1.847541073269473], [-0.023165006021301598, 0.04268041893559582, 3.695082146538946], [-0.03257578971745538, 0.06001933912818163, 5.54262321980842], [-0.0405387605372778, 0.07469073313729269, 7.390164293077891], [-0.047053918480768876, 0.08669460096292902, 9.237705366347367], [-0.052121263547928606, 0.09603094260509061, 11.085246439616839], [-0.055740795738756975, 0.10269975806377746, 12.93278751288631], [-0.057912515053253996, 0.10670104733898957, 14.780328586155784], [-0.05863642149141968, 0.10803481043072694, 16.627869659425258], [-0.057912515053253996, 0.10670104733898957, 18.475410732694733], [-0.055740795738756975, 0.10269975806377746, 20.322951805964202], [-0.052121263547928606, 0.09603094260509061, 22.170492879233677], [-0.047053918480768876, 0.08669460096292902, 24.018033952503153], [-0.04053876053727781, 0.07469073313729271, 25.865575025772618], [-0.03257578971745539, 0.06001933912818166, 27.713116099042093], [-0.023165006021301608, 0.04268041893559584, 29.560657172311572], [-0.012306409448816481, 0.022673972559535294, 31.408198245581044], [0.0, 0.0, 33.255739318850516]], "radius": [2.4329229437758437, 2.4329229437758437, 2.4329229437758437, 2.4329229437758437, 2.4329229437758437, 2.4329229437758437, 2.4329229437758437, 2.4329229437758437, 2.4329229437758437, 2.4329229437758437, 2.4329229437758437, 2.4329229437758437, 2.3422947717387284, 1.8529200641750516, 1.1805150560166933, 0.6765487768918437, 0.6044465983254315, 1.0018966434387042, 1.6611500406635566], "ref_radius": [2.4329229437758437, 2.4329229437758437, 2.4329229437758437, 2.4329229437758437, 2.4329229437758437, 2.4329229437758437, 2.4329229437758437, 2.4329229437758437, 2.4329229437758437, 2.4329229437758437, 2.4329229437758437, 2.4329229437758437, 2.4329229437758437, 2.4329229437758437, 2.4329229437758437, 2.4329229437758437, 2.4329229437758437, 2.4329229437758437, 2.4329229437758437], "length": 33.255739318850516, "seg_id": 0, "type": "Root", "parent": null, "children": [1, 2]}, {"pos": [[0.0, 0.0, 33.255739318850516], [1.2072912330638164, -0.3174186047986492, 34.6129319181151], [2.481404066072796, -0.5095732243046933, 35.97012451737968], [3.8223384990269387, -0.5764638585181325, 37.32731711664426], [5.230094531926245, -0.5180905074389668, 38.684509715908845], [6.704672164770713, -0.3344531710671961, 40.041702315173424], [8.246071397560346, -0.025551849402820292, 41.39889491443801], [9.854292230295142, 0.4086134575541607, 42.756087513702596]], "radius": [1.3477588651500005, 1.3477588651500005, 1.3477588651500005, 1.3477588651500005, 1.3477588651500005, 1.3477588651500005, 1.3477588651500005, 1.3477588651500005], "ref_radius": [1.3477588651500005, 1.3477588651500005, 1.3477588651500005, 1.3477588651500005, 1.3477588651500005, 1.3477588651500005, 1.3477588651500005, 1.3477588651500005], "length": 13.69418329588073, "seg_id": 1, "type": "Side", "parent": 0, "children": []}, {"pos": [[0.0, 0.0, 33.255739318850516], [-0.17375244462656403, 0.09075247434413486, 35.119480808688664], [-0.31076783069357994, 0.16411754874189294, 36.98322229852682], [-0.4110461582010476, 0.22009522319327413, 38.846963788364974], [-0.47458742714896734, 0.25868549769827853, 40.71070527820313], [-0.5013916375373387, 0.27988837225690605, 42.57444676804128], [-0.49145878936616194, 0.28370384686915673, 44.43818825787943], [-0.4447888826354371, 0.2701319215350307, 46.30192974771758], [-0.3613819173451641, 0.23917259625452766, 48.16567123755574], [-0.24123789349534275, 0.1908258710276478, 50.02941272739389], [-0.08435681108597357, 0.12509174585439126, 51.89315421723204], [0.10926132988294404, 0.041970220734757764, 53.75689570707019], [0.3396165294114098, -0.05853870433125259, 55.62063719690835]], "radius": [2.2376121647512486, 2.4157171338436774, 2.3985113239115106, 2.381305513979344, 2.3640997040471774, 2.346893894115011, 2.3296880841828447, 2.312482274250678, 2.2952764643185115, 2.278070654386345, 2.2608648444541783, 2.243659034522012, 2.2264532245898456], "ref_radius": [2.4329229437758437, 2.4157171338436774, 2.3985113239115106, 2.381305513979344, 2.3640997040471774, 2.346893894115011, 2.3296880841828447, 2.312482274250678, 2.2952764643185115, 2.278070654386345, 2.2608648444541783, 2.243659034522012, 2.2264532245898456], "length": 22.36755291181648, "seg_id": 2, "type": "Main", "parent": 0, "children": [3, 4]}, {"pos": [[0.3396165294114098, -0.05853870433125259, 55.62063719690835], [1.590025788661484, 0.08962488646933292, 57.1671005621767], [2.8288460234010113, 0.20551322326258362, 58.713563927445044], [4.056077233629991, 0.2891263060484994, 60.26002729271339], [5.2717194193484245, 0.3404641348270804, 61.80649065798174], [6.47577258055631, 0.3595267095983265, 63.35295402325008], [7.66823671725365, 0.3463140303622378, 64.89941738851843]], "radius": [1.254916302777802, 1.254916302777802, 1.254916302777802, 1.254916302777802, 1.254916302777802, 1.254916302777802, 1.254916302777802], "ref_radius": [1.254916302777802, 1.254916302777802, 1.254916302777802, 1.254916302777802, 1.254916302777802, 1.254916302777802, 1.254916302777802], "length": 11.830821672168565, "seg_id": 3, "type": "Side", "parent": 2, "children": []}, {"pos": [[0.3396165294114098, -0.05853870433125259, 55.62063719690835], [0.6551482875267037, 0.135782561484937, 57.3672043016754], [0.9625433799025767, 0.3179734456201222, 59.113771406442446], [1.261801806539029, 0.488033948074303, 60.86033851120948], [1.5529235674360606, 0.6459640688474796, 62.60690561597654], [1.8359086625936718, 0.7917638079396517, 64.3534727207436], [2.110757092011862, 0.9254331653508194, 66.10003982551063], [2.377468855690631, 1.046972141080983, 67.84660693027769], [2.6360439536299802, 1.156380735130142, 69.59317403504474], [2.8864823858299085, 1.2536589474982969, 71.33974113981179], [3.1287841522904154, 1.3388067781854471, 73.08630824457883], [3.362949253011502, 1.4118242271915933, 74.83287534934587], [3.588977687993168, 1.4727112945167349, 76.57944245411292], [3.806869457235413, 1.521467980160872, 78.32600955887997], [4.0166245607382365, 1.558094284124005, 80.07257666364701], [4.218242998501641, 1.5825902064061337, 81.81914376841408], [4.411724770525623, 1.594955747007258, 83.56571087318112], [4.597069876810186, 1.595190905927378, 85.31227797794816], [4.774278317355327, 1.5832956831664933, 87.05884508271521], [4.943350092161048, 1.5592700787246045, 88.80541218748226]], "radius": [2.209247414657679, 2.1924765995377276, 2.1757057844177763, 2.125223804520481, 1.8169596724858113, 1.3263842274254898, 0.8523669210220648, 0.5839009988710446, 0.6230264545504225, 0.9445087710755875, 1.4081793666237163, 1.8180547900617599, 2.0033147881636846, 1.9912268180983128, 1.9744560029783615, 1.9576851878584103, 1.940914372738459, 1.9241435576185077, 1.9073727424985565, 1.8906019273786052], "ref_radius": [2.209247414657679, 2.1924765995377276, 2.1757057844177763, 2.158934969297825, 2.1421641541778738, 2.1253933390579225, 2.1086225239379712, 2.09185170881802, 2.075080893698069, 2.058310078578118, 2.0415392634581666, 2.0247684483382153, 2.007997633218264, 1.9912268180983128, 1.9744560029783615, 1.9576851878584103, 1.940914372738459, 1.9241435576185077, 1.9073727424985565, 1.8906019273786052], "length": 33.541630239902474, "seg_id": 4, "type": "Main", "parent": 2,