{"case_id": "RCA_1779_bc8", "artery_type": "RCA", "segments": [{"pos": [[0.0, 0.0, 0.0], [-0.19099739672648397, -0.0625246488223092, 1.8779981148040235], [-0.35261057857197037, -0.11543012090272467, 3.755996229608047], [-0.48483954553645925, -0.1587164162412464, 5.63399434441207], [-0.5876842976199507, -0.19238353483787446, 7.511992459216094], [-0.6611448348224443, -0.21643147669260873, 9.389990574020116], [-0.7052211571439406, -0.2308602418054493, 11.26798868882414], [-0.7199132645844395, -0.2356698301763962, 13.145986803628164], [-0.7052211571439407, -0.23086024180544934, 15.023984918432186], [-0.6611448348224445, -0.21643147669260876, 16.901983033236206], [-0.5876842976199507, -0.1923835348378745, 18.779981148040232], [-0.4848395455364593, -0.15871641624124644, 20.657979262844258], [-0.3526105785719705, -0.11543012090272471, 22.53597737764828], [-0.19099739672648416, -0.06252464882230926, 24.413975492452305], [0.0, 0.0, 26.291973607256327]], "radius": [2.0393225774300765, 2.0393225774300765, 2.0393225774300765, 2.0393225774300765, 2.0393225774300765, 2.0393225774300765, 2.0393225774300765, 2.0393225774300765, 2.0393225774300765, 2.0393225774300765, 2.0393225774300765, 2.0393225774300765, 2.0393225774300765, 2.0393225774300765, 2.0393225774300765], "ref_radius": [2.0393225774300765, 2.0393225774300765, 2.0393225774300765, 2.0393225774300765, 2.0393225774300765, 2.0393225774300765, 2.0393225774300765, 2.0393225774300765, 2.0393225774300765, 2.0393225774300765, 2.0393225774300765, 2.0393225774300765, 2.0393225774300765, 2.0393225774300765, 2.0393225774300765], "length": 26.291973607256327, "seg_id": 0, "type": "Root", "parent": null, "children": [1, 2]}, {"pos": [[0.0, 0.0, 26.291973607256327], [1.3929519522868776, 0.3408013247255367, 27.841808803304193], [2.7493302471665952, 0.6113857182927867, 29.391643999352056], [4.069134884639152, 0.8117531807017496, 30.941479195399914], [5.352365864704549, 0.9419037119524257, 32.49131439144777], [6.599023187362784, 1.0018373120448152, 34.04114958749564], [7.809106852613862, 0.9915539809789178, 35.590984783543504], [8.982616860457776, 0.9110537187547335, 37.14081997959137], [10.119553210894532, 0.7603365253722625, 38.69065517563923], [11.219915903924127, 0.5394024008315047, 40.24049037168709], [12.283704939546562, 0.24825134513246014, 41.79032556773495]], "radius": [1.2593908960383122, 1.2593908960383122, 1.2593908960383122, 1.2593908960383122, 1.2593908960383122, 1.2593908960383122, 1.2593908960383122, 1.2593908960383122, 1.2593908960383122, 1.2593908960383122, 1.2593908960383122], "ref_radius": [1.2593908960383122, 1.2593908960383122, 1.2593908960383122, 1.2593908960383122, 1.2593908960383122, 1.2593908960383122, 1.2593908960383122, 1.2593908960383122, 1.2593908960383122, 1.2593908960383122, 1.2593908960383122], "length": 19.777511199922813, "seg_id": 1, "type": "Side", "parent": 0, "children": []}, {"pos": [[0.0, 0.0, 26.291973607256327], [0.0007076899220406566, -0.06372086859322557, 28.088960844369264], [0.005770879876874038, -0.1096057036295892, 29.885948081482205], [0.015189569864500147, -0.13765450510909089, 31.68293531859514], [0.028963759884918977, -0.14786727303173064, 33.47992255570808], [0.047093449938130534, -0.14024400739750842, 35.276909792821016], [0.06957864002413482, -0.11478470820642431, 37.07389702993395], [0.09641933014293183, -0.07148937545847825, 38.87088426704689], [0.12761552029452156, -0.010358009153670245, 40.66787150415983], [0.163167210478904, 0.0686093907079997, 42.464858741272764], [0.20307440069607918, 0.16541282412653163, 44.2618459783857], [0.2473370909460471, 0.2800522911019254, 46.05883321549864], [0.29595528122880777, 0.41252779163418113, 47.85582045261158], [0.3489289715443611, 0.5628393257232989, 49.65280768972451], [0.4062581618927072, 0.7309868933692786, 51.44979492683745], [0.467942852273846, 0.9169704945721201, 53.24678216395039], [0.5339830426877775, 1.1207901293318236, 55.04376940106333]], "radius": [2.0393225774300765, 1.990712869086931, 1.721227941357457, 1.290769290576317, 0.8551044075040066, 0.5692728073068138, 0.531025940524444, 0.7461378513663592, 1.1278813377785877, 1.5302748571441511, 1.8023767889856446, 1.8531081909531821, 1.8361796103643735, 1.8192510297755649, 1.8023224491867562, 1.7853938685979478, 1.7684652880091392], "ref_radius": [2.0393225774300765, 2.022393996841268, 2.005465416252459, 1.9885368356636508, 1.9716082550748422, 1.9546796744860335, 1.937751093897225, 1.9208225133084165, 1.9038939327196078, 1.8869653521307992, 1.8700367715419906, 1.8531081909531821, 1.8361796103643735, 1.8192510297755649, 1.8023224491867562, 1.7853938685979478, 1.7684652880091392], "length": 28.778587000974593, "seg_id": 2, "type": "Main", "parent": 0, "children": [3, 4]}, {"pos": [[0.5339830426877775, 1.1207901293318236, 55.04376940106333], [2.0584511972914057, 1.245582814214567, 56.30019404585458], [3.556234935988081, 1.3501665184832146, 57.55661869064585], [5.027334258777801, 1.4345412421377655, 58.8130433354371], [6.471749165660567, 1.4987069851782202, 60.06946798022835], [7.889479656636379, 1.5426637476045784, 61.32589262501961], [9.280525731705238, 1.5664115294168401, 62.582317269810865], [10.64488739086714, 1.5699503306150058, 63.838741914602124], [11.982564634122092, 1.5532801511990753, 65.09516655939338], [13.293557461470087, 1.5164009911690481, 66.35159120418464], [14.57786587291113, 1.4593128505249249, 67.6080158489759], [15.835489868445217, 1.3820157292667052, 68.86444049376713], [17.066429448072352, 1.2845096273943892, 70.1208651385584]], "radius": [1.050368130852302, 1.050368130852302, 1.050368130852302, 1.050368130852302, 1.050368130852302, 1.050368130852302, 1.050368130852302, 1.050368130852302, 1.050368130852302, 1.050368130852302, 1.050368130852302, 1.050368130852302, 1.050368130852302], "ref_radius": [1.050368130852302, 1.050368130852302, 1.050368130852302, 1.050368130852302, 1.050368130852302, 1.050368130852302, 1.050368130852302, 1.050368130852302, 1.050368130852302, 1.050368130852302, 1.050368130852302, 1.050368130852302, 1.050368130852302], "length": 22.37559840760803, "seg_id": 3, "type": "Side", "parent": 2, "children": []}, {"pos": [[0.5339830426877775, 1.1207901293318236, 55.04376940106333], [0.8144773308968294, 0.8678690301823314, 56.900535575028584], [1.0701051611737353, 0.6331110713912886, 58.757301748993825], [1.3008665335184955, 0.4165162529586954, 60.61406792295907], [1.5067614479311098, 0.2180845748845514, 62.47083409692432], [1.6877899044115785, 0.037816037168856696, 64.32760027088958], [1.8439519029599012, -0.12428936018838843, 66.18436644485483], [1.975247443576078, -0.26823161718718425, 68.04113261882009], [2.081676526260109, -0.3940107338275307, 69.89789879278534], [2.163239151011994, -0.5016267101094279, 71.7546649667506], [2.2199353178317334, -0.5910795460328757, 73.61143114071584], [2.251765026719327, -0.6623692415978741, 75.46819731468109], [2.2587282776747744, -0.7154957968044229, 77.32496348864633], [2.2408250706980763, -0.7504592116525226, 79.18172966261159], [2.1980554057892325, -0.7672594861421728, 81.03849583657684], [2.130419282948242, -0.7658966202733736, 82.8952620105421], [2.0379167021751066, -0.746370614046125, 84.75202818450735], [1.9205476634698249, -0.7086814674604272, 86.6087943584726]], "radius": [1.7515367074203305, 1.7119889623992526, 1.4550417968037355, 1.0390366375807827, 0.645599066486102, 0.4426920806961139, 0.5108423551369297, 0.8094535615339793, 1.1972427539684172, 1.4966518142337693, 1.5757123414621477, 1.5581299048663293, 1.5405474682705111, 1.5229650316746928, 1.5053825950788744, 1.4878001584830562, 1.4702177218872379, 1.4526352852914197],