{"case_id": "RCA_7272_bc1", "artery_type": "RCA", "segments": [{"pos": [[0.0, 0.0, 0.0], [-0.11378932769332077, 0.18400356851865676, 1.7680109181688455], [-0.21419167565801558, 0.34635965838805977, 3.536021836337691], [-0.3012070438940844, 0.48706826960820915, 5.3040327545065376], [-0.3748354324015273, 0.6061294021791046, 7.072043672675382], [-0.4350768411803442, 0.7035430561007465, 8.840054590844229], [-0.4819312702305351, 0.7793092313731346, 10.608065509013073], [-0.5153987195521, 0.8334279279962689, 12.376076427181918], [-0.5354791891450389, 0.8658991459701495, 14.144087345350764], [-0.542172679009352, 0.8767228852947764, 15.91209826351961], [-0.5354791891450389, 0.8658991459701495, 17.680109181688458], [-0.5153987195521, 0.8334279279962689, 19.4481200998573], [-0.4819312702305351, 0.7793092313731346, 21.216131018026147], [-0.4350768411803442, 0.7035430561007465, 22.98414193619499], [-0.3748354324015274, 0.6061294021791048, 24.752152854363835], [-0.30120704389408454, 0.4870682696082093, 26.52016377253268], [-0.21419167565801567, 0.34635965838805993, 28.28817469070153], [-0.11378932769332084, 0.18400356851865685, 30.056185608870372], [0.0, 0.0, 31.82419652703922]], "radius": [1.6350706031164162, 1.6350706031164162, 1.6350706031164162, 1.5348603700063226, 1.2585818024745432, 0.9278604471814049, 0.6886111836181745, 0.6463912336045922, 0.8198281179214033, 1.132401159359853, 1.4462025483886094, 1.622782526225878, 1.6350706031164162, 1.6350706031164162, 1.6350706031164162, 1.6350706031164162, 1.6350706031164162, 1.6350706031164162, 1.6350706031164162], "ref_radius": [1.6350706031164162, 1.6350706031164162, 1.6350706031164162, 1.6350706031164162, 1.6350706031164162, 1.6350706031164162, 1.6350706031164162, 1.6350706031164162, 1.6350706031164162, 1.6350706031164162, 1.6350706031164162, 1.6350706031164162, 1.6350706031164162, 1.6350706031164162, 1.6350706031164162, 1.6350706031164162, 1.6350706031164162, 1.6350706031164162, 1.6350706031164162], "length": 31.82419652703922, "seg_id": 0, "type": "Root", "parent": null, "children": [1, 2]}, {"pos": [[0.0, 0.0, 31.82419652703922], [1.0343350486230982, 0.11917793534611566, 33.206579783410085], [2.1150483665797157, 0.2075651201063352, 34.58896303978096], [3.242139953869852, 0.26516155428065863, 35.97134629615181], [4.415609810493508, 0.2919672378690859, 37.35372955252267], [5.635457936450683, 0.28798217087161715, 38.73611280889354], [6.901684331741378, 0.2532063532882522, 40.1184960652644], [8.214288996365593, 0.18763978511899113, 41.50087932163527], [9.573271930323324, 0.091282466363834, 42.88326257800613], [10.978633133614576, -0.035865602977219205, 44.26564583437699], [12.430372606239347, -0.19380442290416852, 45.648029090747855]], "radius": [1.1445815608179484, 1.1445815608179484, 1.1445815608179484, 1.1445815608179484, 1.1445815608179484, 1.1445815608179484, 1.1445815608179484, 1.1445815608179484, 1.1445815608179484, 1.1445815608179484, 1.1445815608179484], "ref_radius": [1.1445815608179484, 1.1445815608179484, 1.1445815608179484, 1.1445815608179484, 1.1445815608179484, 1.1445815608179484, 1.1445815608179484, 1.1445815608179484, 1.1445815608179484, 1.1445815608179484, 1.1445815608179484], "length": 18.591666682514884, "seg_id": 1, "type": "Side", "parent": 0, "children": []}, {"pos": [[0.0, 0.0, 31.82419652703922], [-0.3103650483125008, -0.25019566862260934, 33.74401715292805], [-0.5231540423188643, -0.4688636416664122, 35.66383777881689], [-0.6383669820190906, -0.6560039191314087, 37.583658404705716], [-0.6560038674131794, -0.8116165010175984, 39.50347903059455], [-0.5760646985011312, -0.935701387324982, 41.42329965648338], [-0.39854947528294576, -1.028258578053559, 43.34312028237221], [-0.12345819775862327, -1.0892880732033292, 45.262940908261044], [0.24920913407183692, -1.1187898727742935, 47.182761534149876], [0.7194525202084344, -1.116763976766451, 49.10258216003871]], "radius": [1.6350706031164162, 1.6177412239067825, 1.600411844697149, 1.5830824654875155, 1.565753086277882, 1.5484237070682483, 1.5310943278586147, 1.513764948648981, 1.4964355694393476, 1.479106190229714], "ref_radius": [1.6350706031164162, 1.6177412239067825, 1.600411844697149, 1.5830824654875155, 1.565753086277882, 1.5484237070682483, 1.5310943278586147, 1.513764948648981, 1.4964355694393476, 1.479106190229714], "length": 17.32937920963358, "seg_id": 2, "type": "Main", "parent": 0, "children": [3, 4]}, {"pos": [[0.7194525202084344, -1.116763976766451, 49.10258216003871], [1.8032161076541655, -1.3576173999846826, 50.8722931357642], [2.8543669139348338, -1.5972685256170576, 52.642004111489705], [3.87290493905044, -1.835717353663576, 54.41171508721521], [4.858830183000983, -2.0729638841242375, 56.1814260629407], [5.812142645786464, -2.309008116999043, 57.951137038666204], [6.732842327406882, -2.5438500522879908, 59.720848014391706], [7.620929227862236, -2.777489689991082, 61.490558990117194], [8.47640334715253, -3.0099270301083174, 63.2602699658427], [9.29926468527776, -3.241162072639696, 65.0299809415682]], "radius": [0.8820914852990509, 0.8820914852990509, 0.8820914852990509, 0.8820914852990509, 0.8820914852990509, 0.8820914852990509, 0.8820914852990509, 0.8820914852990509, 0.8820914852990509, 0.8820914852990509], "ref_radius": [0.8820914852990509, 0.8820914852990509, 0.8820914852990509, 0.8820914852990509, 0.8820914852990509, 0.8820914852990509, 0.8820914852990509, 0.8820914852990509, 0.8820914852990509, 0.8820914852990509], "length": 18.215605287870307, "seg_id": 3, "type": "Side", "parent": 2, "children": []}, {"pos": [[0.7194525202084344, -1.116763976766451, 49.10258216003871], [0.3232420964089178, -1.1414590772083426, 50.97834732187569], [0.04915920974931894, -1.2029959112153996, 52.85411248371267], [-0.10279613977036223, -1.3013744787876225, 54.72987764554965], [-0.13262395215012582, -1.436594779925011, 56.60564280738663], [-0.04032422738997177, -1.608656814627565, 58.48140796922361], [0.1741030345101, -1.8175605828952848, 60.35717313106059], [0.5106578335500893, -2.06330608472817, 62.23293829289757], [0.9693401697299965, -2.345893320126221, 64.10870345473455]], "radius": [1.4617768110200804, 1.4450452012855048, 1.4283135915509293, 1.4115819818163537, 1.3948503720817782, 1.3781187623472029, 1.3613871526126273, 1.3446555428780518, 1.3279239331434762], "ref_radius": [1.4617768110200804, 1.4450452012855048, 1.4283135915509293, 1.4115819818163537, 1.3948503720817782, 1.3781187623472029, 1.3613871526126273, 1.3446555428780518, 1.3279239331434762], "length": 15.058448761117969, "seg_id": 4, "type": "Main", "parent": 2, "children": [5, 6]}, {"pos": [[0.9693401697299965, -2.345893320126221, 64.10870345473455], [1.9204880165636766, -2.380743453599887, 65.4873309733396], [2.9196832529782375, -2.406473551815523, 66.86595849194465], [3.9669258789736768, -2.423083614773128, 68.2445860105497], [5.062215894549997, -2.430573642472702, 69.62321352915475], [6.205553299707196, -2.4289436349142455, 71.00184104775978], [7.396938094445276, -2.418193592097758, 72.38046856636484], [8.636370278764234, -2.3983235140232395, 73.75909608496988], [9.923849852664075, -2.369333400690691, 75.13772360357493], [11.259376816144794, -2.331223252100111, 76.51635112217998], [12.642951169206391, -2.283993068251501, 77.89497864078504], [14.074572911848868, -2.2276428491448597, 79.27360615939007], [15.554242044072229, -2.1621725947801878, 80.65223367799513]], "radius": [0.8031461112527813, 0.8031461112527813, 0.8031461112527813, 0.8031461112527813, 0.8031461112527813, 0.8031461112527813, 0.8031461112527813, 0.8031461112527813, 0.8031461112527813, 0.8031461112527813, 0.8031461112527813, 0.8031461112527813, 0.8031461112527813], "ref_radius": [0.8031461112527813, 0.8031461112527813, 0.8031461112527813, 0.8031461112527813, 0.8031461112527813, 0.8031461112527813, 0.8031461112527813, 0.8031461112527813, 0.8031461112527813, 0.8031461112527813, 0.8031461112527813, 0.8031461112527813, 0.8031461112527813], "length": 22.0554190220238, "seg_id": 5, "type": "Side", "parent": 4,