{"case_id": "RCA_1168_bc5", "artery_type": "RCA", "segments": [{"pos": [[0.0, 0.0, 0.0], [0.19110402515398303, 0.18784392957272106, 1.8863637486649893], [0.3549074752859685, 0.34885301206362485, 3.7727274973299787], [0.49141035039595643, 0.48302724747271136, 5.659091245994969], [0.6006126504839467, 0.5903666357999805, 7.545454994659957], [0.6825143755499394, 0.6708711770454324, 9.431818743324946], [0.7371155255939346, 0.7245408712090669, 11.318182491989937], [0.7644161006159321, 0.7513757182908842, 13.204546240654924], [0.7644161006159321, 0.7513757182908842, 15.090909989319915], [0.7371155255939346, 0.7245408712090669, 16.977273737984902], [0.6825143755499394, 0.6708711770454324, 18.863637486649893], [0.6006126504839467, 0.5903666357999806, 20.75000123531488], [0.49141035039595626, 0.4830272474727112, 22.636364983979874], [0.35490747528596844, 0.34885301206362473, 24.52272873264486], [0.19110402515398298, 0.187843929572721, 26.40909248130985], [0.0, 0.0, 28.29545622997484]], "radius": [3.231326509382061, 3.231326509382061, 3.2299754425309106, 3.1542134269195907, 2.970339183338531, 2.698759150210909, 2.369613390196127, 2.0194306337633368, 1.6870743058100763, 1.4094294469426007, 1.217309196650417, 1.1320351385391416, 1.1630710223001492, 1.3069724729163457, 1.5477692488040535, 1.8587376257267896], "ref_radius": [3.231326509382061, 3.231326509382061, 3.231326509382061, 3.231326509382061, 3.231326509382061, 3.231326509382061, 3.231326509382061, 3.231326509382061, 3.231326509382061, 3.231326509382061, 3.231326509382061, 3.231326509382061, 3.231326509382061, 3.231326509382061, 3.231326509382061, 3.231326509382061], "length": 28.29545622997484, "seg_id": 0, "type": "Root", "parent": null, "children": [1, 2]}, {"pos": [[0.0, 0.0, 28.29545622997484], [0.775586368924628, 0.10897489355114659, 30.0380439506591], [1.5647702282626614, 0.1769900022142652, 31.780631671343368], [2.3675515780141, 0.2040453259893558, 33.52321939202763], [3.183930418178943, 0.19014086487641835, 35.26580711271189], [4.013906748757192, 0.13527661887545303, 37.008394833396146], [4.857480569748846, 0.03945258798645962, 38.75098255408041], [5.714651881153905, -0.09733122779056175, 40.493570274764664], [6.58542068297237, -0.27507482845561104, 42.236157995448934], [7.469786975204239, -0.49377821400868827, 43.97874571613319], [8.367750757849514, -0.7534413844497935, 45.72133343681745]], "radius": [1.6655424454731216, 1.6655424454731216, 1.6655424454731216, 1.6655424454731216, 1.6655424454731216, 1.6655424454731216, 1.6655424454731216, 1.6655424454731216, 1.6655424454731216, 1.6655424454731216, 1.6655424454731216], "ref_radius": [1.6655424454731216, 1.6655424454731216, 1.6655424454731216, 1.6655424454731216, 1.6655424454731216, 1.6655424454731216, 1.6655424454731216, 1.6655424454731216, 1.6655424454731216, 1.6655424454731216, 1.6655424454731216], "length": 19.345493612034037, "seg_id": 1, "type": "Side", "parent": 0, "children": []}, {"pos": [[0.0, 0.0, 28.29545622997484], [-0.08393029109636482, -0.3143649293364073, 30.095658553227235], [-0.1631072037657894, -0.6054496958559341, 31.895860876479627], [-0.23753073800827382, -0.8732542995585805, 33.69606319973204], [-0.307200893823818, -1.1177787404443462, 35.49626552298442], [-0.372117671212422, -1.339023018513232, 37.29646784623682], [-0.43228107017408574, -1.5369871337652368, 39.09667016948923], [-0.48769109070880917, -1.711671086200361, 40.89687249274162], [-0.5383477328165925, -1.863074875818605, 42.697074815994014], [-0.5842509964974356, -1.9911985026199686, 44.497277139246414], [-0.6254008817513386, -2.0960419666044516, 46.29747946249881], [-0.6617973885783011, -2.177605267772054, 48.097681785751206], [-0.6934405169783235, -2.235888406122776, 49.897884109003606], [-0.7203302669514058, -2.2708913816566176, 51.698086432256005], [-0.7424666384975478, -2.2826141943735787, 53.4982887555084], [-0.7598496316167496, -2.271056844273659, 55.2984910787608], [-0.7724792463090112, -2.2362193313568595, 57.0986934020132], [-0.7803554825743326, -2.178101655623179, 58.89889572526559], [-0.7834783404127137, -2.096703817072618, 60.69909804851799]], "radius": [2.2053662065924877, 1.9195870569181883, 1.5866776856786264, 1.3017405355752918, 1.0891273280721974, 0.9663589299716584, 0.9426055007599476, 1.017942521811435, 1.183442140342386, 1.4220825443515592, 1.7103837604684526, 1.5534830641508097, 1.1987814118120372, 0.9234887152893094, 0.7563099573627512, 0.7135303053460804, 0.7973323228672209, 0.995711801278186, 1.283983580110371], "ref_radius": [3.231326509382061, 3.2142313219989096, 3.1971361346157585, 3.180040947232607, 3.1629457598494555, 3.145850572466304, 3.128755385083153, 3.1116601977000014, 3.09456501031685, 3.0774698229336988, 3.0603746355505472, 3.0432794481673957, 3.0261842607842446, 3.009089073401093, 2.9919938860179416, 2.97489869863479, 2.957803511251639, 2.9407083238684875, 2.923613136485336], "length": 32.48085602798764, "seg_id": 2, "type": "Main", "parent": 0, "children": [3, 4]}, {"pos": [[-0.7834783404127137, -2.096703817072618, 60.69909804851799], [0.6480174697669806, -2.26701006168232, 62.37787792871893], [1.9812576150641112, -2.4461186636501253, 64.05665780891988], [3.216242095478679, -2.6340296229760347, 65.73543768912083], [4.352970911010683, -2.830742939660046, 67.41421756932178], [5.391444061660124, -3.036258613702162, 69.09299744952271], [6.331661547427002, -3.25057664510238, 70.77177732972365], [7.173623368311314, -3.4736970338607014, 72.4505572099246], [7.9173295243130655, -3.7056197799771278, 74.12933709012555], [8.562780015432253, -3.946344883451656, 75.8081169703265]], "radius": [2.0089288641965695, 2.0089288641965695, 2.0089288641965695, 2.0089288641965695, 2.0089288641965695, 2.0089288641965695, 2.0089288641965695, 2.0089288641965695, 2.0089288641965695, 2.0089288641965695], "ref_radius": [2.0089288641965695, 2.0089288641965695, 2.0089288641965695, 2.0089288641965695, 2.0089288641965695, 2.0089288641965695, 2.0089288641965695, 2.0089288641965695, 2.0089288641965695, 2.0089288641965695], "length": 17.862143491423556, "seg_id": 3, "type": "Side", "parent": 2, "children": []}, {"pos": [[-0.7834783404127137, -2.096703817072618, 60.69909804851799], [-1.246319081089621, -2.2728669496466933, 62.5250405487179], [-1.673623656375336, -2.448532712413094, 64.35098304891783], [-2.0653920662698577, -2.6237011053718193, 66.17692554911774], [-2.421624310773187, -2.7983721285228684, 68.00286804931766], [-2.7423203898853235, -2.972545781866242, 69.82881054951757], [-3.0274803036062674, -3.1462220654019406, 71.65475304971748], [-3.2771040519360186, -3.3194009791299637, 73.4806955499174], [-3.4911916348745766, -3.4920825230503114, 75.30663805011731], [-3.6697430524219428, -3.664266697162984, 77.13258055031723], [-3.8127583045781153, -3.8359535014679804, 78.95852305051714], [-3.920237391343096, -4.007142935965302, 80.78446555071706], [-3.9921803127168833, -4.177835000654948, 82.61040805091697]], "radius": [1.6276905281605443, 1.986563669143528, 2.319122650056821, 2.587312125442338, 2.7607276510948906, 2.819928578331578, 2.8038598858710055, 2.786750208665809, 2.7696405314606123, 2.752530854255416, 2.7354211770502195, 2.718311499845023, 2.7012018226398262], "ref_radius": [2.906517949102185, 2.8894082718969885, 2.8722985946917916, 2.855188917486595, 2.838079240281399, 2.820969563076202, 2.8038598858710055, 2.786750208665809, 2.7696405314606123, 2.752530854255416, 2.7354211770502195, 2.718311499845023, 2.7012018226398262], "length": 22.242580366755504, "seg_id": 4, "type": "Main", "parent": 2,