{"case_id": "RCA_2793_bc1", "artery_type": "RCA", "segments": [{"pos": [[0.0, 0.0, 0.0], [0.24756385866177505, 0.010847237621660687, 1.805271503090355], [0.45386707421325423, 0.019886602306377926, 3.61054300618071], [0.6189096466544376, 0.027118094054151717, 5.4158145092710654], [0.7426915759853251, 0.032541712864982066, 7.22108601236142], [0.8252128622059168, 0.03615745873886896, 9.026357515451776], [0.8664735053162126, 0.037965331675812404, 10.831629018542131], [0.8664735053162126, 0.037965331675812404, 12.636900521632487], [0.8252128622059167, 0.036157458738868956, 14.44217202472284], [0.7426915759853251, 0.032541712864982066, 16.247443527813193], [0.6189096466544376, 0.027118094054151717, 18.05271503090355], [0.45386707421325395, 0.019886602306377912, 19.85798653399391], [0.24756385866177488, 0.01084723762166068, 21.663258037084262], [0.0, 0.0, 23.468529540174615]], "radius": [2.011873325679215, 2.011873325679215, 2.011873325679215, 2.011873325679215, 2.011873325679215, 2.011873325679215, 2.011873325679215, 2.011873325679215, 2.011873325679215, 2.011873325679215, 2.011873325679215, 2.011873325679215, 1.9463788558858723, 1.6472566137643008], "ref_radius": [2.011873325679215, 2.011873325679215, 2.011873325679215, 2.011873325679215, 2.011873325679215, 2.011873325679215, 2.011873325679215, 2.011873325679215, 2.011873325679215, 2.011873325679215, 2.011873325679215, 2.011873325679215, 2.011873325679215, 2.011873325679215], "length": 23.468529540174615, "seg_id": 0, "type": "Root", "parent": null, "children": [1, 2]}, {"pos": [[0.0, 0.0, 23.468529540174615], [1.7373722066119215, -0.5372969321096631, 24.945055329202127], [3.3554762209568394, -0.9547164669802145, 26.421581118229646], [4.854312043034753, -1.252258604611654, 27.89810690725716], [6.233879672845662, -1.4299233450039814, 29.37463269628467], [7.494179110389568, -1.4877106881571969, 30.851158485312187], [8.63521035566647, -1.4256206340713007, 32.3276842743397], [9.656973408676368, -1.2436531827462924, 33.80421006336721], [10.559468269419261, -0.9418083341821722, 35.28073585239473]], "radius": [1.2683409819492701, 1.2683409819492701, 1.2683409819492701, 1.2683409819492701, 1.2683409819492701, 1.2683409819492701, 1.2683409819492701, 1.2683409819492701, 1.2683409819492701], "ref_radius": [1.2683409819492701, 1.2683409819492701, 1.2683409819492701, 1.2683409819492701, 1.2683409819492701, 1.2683409819492701, 1.2683409819492701, 1.2683409819492701, 1.2683409819492701], "length": 15.871912015685439, "seg_id": 1, "type": "Side", "parent": 0, "children": []}, {"pos": [[0.0, 0.0, 23.468529540174615], [0.1049392486128594, -0.39029353013699875, 25.254249279785927], [0.20090594474619786, -0.7544729991123783, 27.03996901939724], [0.28790008840001535, -1.092538406926139, 28.82568875900855], [0.365921679574312, -1.4044897535782805, 30.61140849861986], [0.4349707182690876, -1.690327039068803, 32.397128238231176], [0.4950472044843423, -1.9500502633977064, 34.182847977842485], [0.5461511382200762, -2.183659426564991, 35.968567717453794], [0.5882825194762891, -2.391154528570656, 37.754287457065104], [0.621441348252981, -2.5725355694147023, 39.54000719667641], [0.645627624550152, -2.72780254909713, 41.32572693628772], [0.6608413483678022, -2.8569554676179383, 43.11144667589904], [0.6670825197059312, -2.959994324977128, 44.897166415510355], [0.6643511385645395, -3.036919121174698, 46.682886155121665], [0.6526472049436267, -3.087729856210649, 48.468605894732974]], "radius": [1.203048088128842, 0.7582263185980056, 0.472812169474377, 0.43688770551410117, 0.6549083997618934, 1.0456452832453467, 1.4710369291571739, 1.7837229670709174, 1.8774813849925152, 1.8606823924066775, 1.84388339982084, 1.8270844072350025, 1.810285414649165, 1.7934864220633275, 1.77668742947749], "ref_radius": [2.011873325679215, 1.9950743330933776, 1.9782753405075402, 1.9614763479217026, 1.9446773553358652, 1.9278783627500276, 1.9110793701641902, 1.8942803775783525, 1.8774813849925152, 1.8606823924066775, 1.84388339982084, 1.8270844072350025, 1.810285414649165, 1.7934864220633275, 1.77668742947749], "length": 25.198488878756272, "seg_id": 2, "type": "Main", "parent": 0, "children": [3, 4]}, {"pos": [[0.6526472049436267, -3.087729856210649, 48.468605894732974], [2.10582393400893, -3.542274202732388, 49.95424209924589], [3.509834179212546, -3.9101762957880766, 51.43987830375882], [4.864677940554473, -4.191436135377713, 52.925514508271746], [6.170355218034712, -4.386053721501297, 54.411150712784654], [7.426866011653264, -4.49402905415883, 55.896786917297575], [8.634210321410126, -4.515362133350311, 57.382423121810504], [9.7923881473053, -4.450052959075741, 58.86805932632341], [10.901399489338788, -4.298101531335119, 60.35369553083634], [11.961244347510586, -4.059507850128444, 61.83933173534926]], "radius": [1.190651026200051, 1.190651026200051, 1.190651026200051, 1.190651026200051, 1.190651026200051, 1.190651026200051, 1.190651026200051, 1.190651026200051, 1.190651026200051, 1.190651026200051], "ref_radius": [1.190651026200051, 1.190651026200051, 1.190651026200051, 1.190651026200051, 1.190651026200051, 1.190651026200051, 1.190651026200051, 1.190651026200051, 1.190651026200051, 1.190651026200051], "length": 17.53867244996783, "seg_id": 3, "type": "Side", "parent": 2, "children": []}, {"pos": [[0.6526472049436267, -3.087729856210649, 48.468605894732974], [0.9959145882604769, -3.411248915537353, 50.316245063481624], [1.2701464222050225, -3.678052232271564, 52.16388423223028], [1.475342706777263, -3.888139806413281, 54.011523400978916], [1.6115034419771994, -4.041511637962505, 55.85916256972756], [1.6786286278048308, -4.138167726919236, 57.706801738476216], [1.676718264260158, -4.1781080732834734, 59.55444090722486], [1.6057723513431803, -4.161332677055218, 61.4020800759735], [1.4657908890538982, -4.0878415382344695, 63.24971924472216], [1.2567738773923112, -3.957634656821228, 65.0973584134708], [0.9787213163584199, -3.770712032815493, 66.94499758221944]], "radius": [1.7598884368916523, 1.7430776316600027, 1.7262668264283532, 1.7094560211967036, 1.6926452159650538, 1.6758344107334042, 1.6590236055017547, 1.642212800270105, 1.6254019950384555, 1.608591189806806, 1.5917803845751561], "ref_radius": [1.7598884368916523, 1.7430776316600027, 1.7262668264283532, 1.7094560211967036, 1.6926452159650538, 1.6758344107334042, 1.6590236055017547, 1.642212800270105, 1.6254019950384555, 1.608591189806806, 1.5917803845751561], "length": 18.491885754814568, "seg_id": 4, "type": "Main", "parent": 2, "children": [5, 6]}, {"pos": [[0.9787213163584199, -3.770712032815493, 66.94499758221944], [2.483217796004529, -3.662027886847942, 68.33195759401252], [3.9325985617189256, -3.594937386685489, 69.7189176058056], [5.326863613501608, -3.5694405323281324, 71.10587761759868], [6.6660129513525765, -3.585537323775874, 72.49283762939176], [7.950046575271832, -3.643227761028712, 73.87979764118484], [9.178964485259375, -3.7425118440866476, 75.26675765297792], [10.3527666813152, -3.883389572949681, 76.653717664771], [11.471453163439318, -4.065860947617812, 78.04067767656407], [12.535023931631716, -4.2899259680910395, 79.42763768835715], [13.543478985892403, -4.555584634369365, 80.81459770015023], [14.496818326221378, -4.862836946452787, 82.20155771194331], [15.395041952618639, -5.211682904341307, 83.58851772373639]], "radius": [1.134572940098856, 1.134572940098856, 1.134572940098856, 1.134572940098856, 1.134572940098856, 1.134572940098856, 1.134572940098856, 1.134572940098856, 1.134572940098856, 1.134572940098856, 1.134572940098856, 1.134572940098856, 1.134572940098856], "ref_radius": [1.134572940098856, 1.134572940098856, 1.134572940098856, 1.134572940098856, 1.134572940098856, 1.134572940098856, 1.134572940098856, 1.134572940098856, 1.134572940098856, 1.134572940098856, 1.134572940098856, 1.134572940098856, 1.134572940098856], "length": 22.0661156627334, "seg_id": 5, "type": "Side", "parent": 4,