{"case_id": "RCA_8951_bc9", "artery_type": "RCA", "segments": [{"pos": [[0.0, 0.0, 0.0], [0.1998863742729906, 0.06594830698482505, 1.8380008689674363], [0.3690209986578288, 0.12175072058736933, 3.6760017379348726], [0.5074038731545145, 0.1674072408076328, 5.5140026069023085], [0.615034997763048, 0.20291786764561556, 7.352003475869745], [0.6919143724834289, 0.22828260110131746, 9.190004344837181], [0.7380419973156574, 0.24350144117473863, 11.028005213804617], [0.7534178722597338, 0.24857438786587904, 12.866006082772055], [0.7380419973156576, 0.24350144117473865, 14.70400695173949], [0.691914372483429, 0.22828260110131748, 16.542007820706925], [0.615034997763048, 0.2029178676456156, 18.380008689674362], [0.5074038731545146, 0.16740724080763283, 20.2180095586418], [0.3690209986578289, 0.12175072058736937, 22.056010427609237], [0.19988637427299083, 0.06594830698482512, 23.89401129657667], [0.0, 0.0, 25.73201216554411]], "radius": [2.194679038466331, 2.194679038466331, 2.194679038466331, 2.194679038466331, 2.194679038466331, 2.179923239068838, 2.108691988507052, 1.9832001920815259, 1.8121897817154131, 1.607573578869184, 1.3836054309384926, 1.1558872685509438, 0.9402822535223705, 0.7518097290876002, 0.6035989516994351], "ref_radius": [2.194679038466331, 2.194679038466331, 2.194679038466331, 2.194679038466331, 2.194679038466331, 2.194679038466331, 2.194679038466331, 2.194679038466331, 2.194679038466331, 2.194679038466331, 2.194679038466331, 2.194679038466331, 2.194679038466331, 2.194679038466331, 2.194679038466331], "length": 25.73201216554411, "seg_id": 0, "type": "Root", "parent": null, "children": [1, 2]}, {"pos": [[0.0, 0.0, 25.73201216554411], [0.8967560056948083, 0.014305873356400673, 27.166289680452753], [1.8298747873060366, 0.048760315637570106, 28.600567195361407], [2.7993563448336847, 0.1033633268435083, 30.034844710270054], [3.805200678277752, 0.17811490697421525, 31.4691222251787], [4.847407787638239, 0.2730150560296909, 32.90339974008735], [5.925977672915146, 0.3880637740099354, 34.337677254995995], [7.040910334108473, 0.5232610609149484, 35.77195476990464], [8.19220577121822, 0.6786069167447306, 37.20623228481329], [9.379863984244386, 0.8541013414992813, 38.64050979972194], [10.60388497318697, 1.0497443351786007, 40.07478731463059], [11.864268738045975, 1.265535897782689, 41.509064829539234], [13.161015278821402, 1.5014760293115461, 42.943342344447885]], "radius": [1.7025179592115214, 1.7025179592115214, 1.7025179592115214, 1.7025179592115214, 1.7025179592115214, 1.7025179592115214, 1.7025179592115214, 1.7025179592115214, 1.7025179592115214, 1.7025179592115214, 1.7025179592115214, 1.7025179592115214, 1.7025179592115214], "ref_radius": [1.7025179592115214, 1.7025179592115214, 1.7025179592115214, 1.7025179592115214, 1.7025179592115214, 1.7025179592115214, 1.7025179592115214, 1.7025179592115214, 1.7025179592115214, 1.7025179592115214, 1.7025179592115214, 1.7025179592115214, 1.7025179592115214], "length": 21.71857822149533, "seg_id": 1, "type": "Side", "parent": 0, "children": []}, {"pos": [[0.0, 0.0, 25.73201216554411], [-0.016019795425281994, 0.6878439022907857, 27.69673083766769], [-0.037830408935125376, 1.2553586299085446, 29.661449509791268], [-0.06543184052953015, 1.7025441828532768, 31.626168181914846], [-0.0988240902084963, 2.029400561124982, 33.59088685403842], [-0.13800715797202384, 2.2359277647236606, 35.555605526162005], [-0.1829810438201128, 2.3221257936493123, 37.520324198285586], [-0.2337457477527631, 2.2879946479019373, 39.48504287040916], [-0.29030126976997483, 2.1335343274815353, 41.44976154253274]], "radius": [0.5059744888842785, 0.4619962780276927, 0.47788752653603117, 0.5508415023871887, 0.6741316313669652, 0.8376428082500811, 1.028630540827511, 1.232651246389492, 1.43459593448801], "ref_radius": [2.194679038466331, 2.177051762708112, 2.159424486949893, 2.141797211191674, 2.124169935433455, 2.106542659675236, 2.088915383917017, 2.071288108158798, 2.053660832400579], "length": 15.864548182397083, "seg_id": 2, "type": "Main", "parent": 0, "children": [3, 4]}, {"pos": [[-0.29030126976997483, 2.1335343274815353, 41.44976154253274], [1.3696691024883842, 1.9543887849347061, 42.91757349626368], [2.91388692701231, 1.9019465347392848, 44.3853854499946], [4.3423522038018, 1.9762075768952707, 45.85319740372553], [5.655064932856858, 2.177171911402665, 47.32100935745645], [6.85202511417748, 2.504839538261466, 48.78882131118738], [7.93323274776367, 2.959210457471676, 50.25663326491831]], "radius": [1.1458193297818822, 1.1458193297818822, 1.1458193297818822, 1.1458193297818822, 1.1458193297818822, 1.1458193297818822, 1.1458193297818822], "ref_radius": [1.1458193297818822, 1.1458193297818822, 1.1458193297818822, 1.1458193297818822, 1.1458193297818822, 1.1458193297818822, 1.1458193297818822], "length": 12.077633971259564, "seg_id": 3, "type": "Side", "parent": 2, "children": []}, {"pos": [[-0.29030126976997483, 2.1335343274815353, 41.44976154253274], [-0.3471095696517064, 2.5321112747745023, 43.28135395222793], [-0.41349732228181596, 2.872092810131825, 45.11294636192311], [-0.4894645276603034, 3.1534789335535014, 46.944538771618284], [-0.5750111857871689, 3.3762696450395344, 48.77613118131346], [-0.6701372966624124, 3.540464944589922, 50.60772359100865], [-0.7748428602860339, 3.646064832204665, 52.43931600070383], [-0.8891278766580333, 3.6930693078837633, 54.27090841039902], [-1.012992345778411, 3.6814783716272172, 56.1025008200942], [-1.1464362676471664, 3.611292023435026, 57.93409322978938], [-1.2894596422642997, 3.4825102633071903, 59.76568563948456]], "radius": [1.3528393186471832, 1.1070910068925057, 0.8890482670062778, 0.7217207343750813, 0.6219859545822908, 0.5987740150344021, 0.6521857458684732, 0.7736294937486441, 0.9469439833588637, 1.0965941429713992, 0.8772585522675008], "ref_radius": [2.03603355664236, 2.019312927303151, 2.0025922979639414, 1.9858716686247322, 1.969151039285523, 1.9524304099463137, 1.9357097806071044, 1.9189891512678952, 1.902268521928686, 1.8855478925894766, 1.8688272632502674], "length": 18.392692273130173, "seg_id": 4, "type": "Main", "parent": 2, "children": [5, 6]}, {"pos": [[-1.2894596422642997, 3.4825102633071903, 59.76568563948456], [0.2787852975801127, 3.5062105723984924, 61.42050716621956], [1.770692927890082, 3.571231014753336, 63.07532869295453], [3.1862632486656084, 3.677571590371721, 64.7301502196895], [4.525496259906692, 3.8252322992536483, 66.3849717464245], [5.788391961613332, 4.014213141399118, 68.03979327315949], [6.9749503537855295, 4.244514116808129, 69.69461479989448], [8.085171436423284, 4.5161352254806815, 71.34943632662946]], "radius": [1.302751295720046, 1.302751295720046, 1.302751295720046, 1.302751295720046, 1.302751295720046, 1.302751295720046, 1.302751295720046, 1.302751295720046], "ref_radius": [1.302751295720046, 1.302751295720046, 1.302751295720046, 1.302751295720046, 1.302751295720046, 1.302751295720046, 1.302751295720046, 1.302751295720046], "length": 14.937716304905958, "seg_id": 5, "type": "Side", "parent": 4,