{"case_id": "RCA_1895_bc2", "artery_type": "RCA", "segments": [{"pos": [[0.0, 0.0, 0.0], [-0.21515542118730002, -0.08473510852576042, 1.8379758429897866], [-0.40341641472618756, -0.15887832848580077, 3.675951685979573], [-0.5647829806166624, -0.22242965988012106, 5.513927528969359], [-0.699255118858725, -0.2753891027087213, 7.351903371959146], [-0.8068328294523751, -0.31775665697160155, 9.189879214948935], [-0.8875161123976126, -0.3495323226687617, 11.02785505793872], [-0.9413049676944376, -0.3707160998002018, 12.865830900928506], [-0.96819939534285, -0.38130798836592183, 14.703806743918292], [-0.96819939534285, -0.38130798836592183, 16.54178258690808], [-0.9413049676944376, -0.3707160998002018, 18.37975842989787], [-0.8875161123976126, -0.3495323226687617, 20.217734272887654], [-0.8068328294523751, -0.3177566569716016, 22.05571011587744], [-0.6992551188587253, -0.2753891027087214, 23.893685958867227], [-0.5647829806166627, -0.22242965988012114, 25.731661801857015], [-0.4034164147261876, -0.1588783284858008, 27.569637644846797], [-0.21515542118730005, -0.08473510852576042, 29.407613487836585], [0.0, 0.0, 31.245589330826373]], "radius": [2.9120660133920935, 2.9120660133920935, 2.9120660133920935, 2.9120660133920935, 2.9120660133920935, 2.9120660133920935, 2.9120660133920935, 2.9120660133920935, 2.9120660133920935, 2.9120660133920935, 2.9120660133920935, 2.9120660133920935, 2.9120660133920935, 2.9120660133920935, 2.9120660133920935, 2.9120660133920935, 2.9120660133920935, 2.9120660133920935], "ref_radius": [2.9120660133920935, 2.9120660133920935, 2.9120660133920935, 2.9120660133920935, 2.9120660133920935, 2.9120660133920935, 2.9120660133920935, 2.9120660133920935, 2.9120660133920935, 2.9120660133920935, 2.9120660133920935, 2.9120660133920935, 2.9120660133920935, 2.9120660133920935, 2.9120660133920935, 2.9120660133920935, 2.9120660133920935, 2.9120660133920935], "length": 31.245589330826373, "seg_id": 0, "type": "Root", "parent": null, "children": [1, 2]}, {"pos": [[0.0, 0.0, 31.245589330826373], [1.3436817293421799, 0.17835425018553036, 32.62193886794955], [2.670362966325603, 0.33098843250859045, 33.99828840507272], [3.9800437109502687, 0.45790254696918037, 35.37463794219589], [5.272723963216178, 0.5590965935673001, 36.75098747931908], [6.5484037231233305, 0.6345705723029497, 38.127337016442254], [7.807082990671725, 0.6843244831761288, 39.50368655356542], [9.048761765861364, 0.7083583261868379, 40.8800360906886], [10.273440048692246, 0.7066721013350767, 42.256385627811774], [11.48111783916437, 0.6792658086208453, 43.63273516493494], [12.671795137277737, 0.6261394480441437, 45.00908470205812], [13.845471943032349, 0.5472930196049718, 46.38543423918129], [15.002148256428203, 0.4427265233033298, 47.76178377630447], [16.141824077465298, 0.31243995913921757, 49.138133313427645]], "radius": [1.8744249699768742, 1.8744249699768742, 1.8744249699768742, 1.8744249699768742, 1.8744249699768742, 1.8744249699768742, 1.8744249699768742, 1.8744249699768742, 1.8744249699768742, 1.8744249699768742, 1.8744249699768742, 1.8744249699768742, 1.8744249699768742, 1.8744249699768742], "ref_radius": [1.8744249699768742, 1.8744249699768742, 1.8744249699768742, 1.8744249699768742, 1.8744249699768742, 1.8744249699768742, 1.8744249699768742, 1.8744249699768742, 1.8744249699768742, 1.8744249699768742, 1.8744249699768742, 1.8744249699768742, 1.8744249699768742, 1.8744249699768742], "length": 24.099776626459143, "seg_id": 1, "type": "Side", "parent": 0, "children": []}, {"pos": [[0.0, 0.0, 31.245589330826373], [0.06927635992110859, -0.08114903145782888, 33.049885463918436], [0.12912200019256856, -0.1654893887405392, 34.854181597010495], [0.17953692081437997, -0.25302107184813105, 36.65847773010255], [0.2205211217865428, -0.34374408078060437, 38.46277386319461], [0.252074603109057, -0.43765841553795914, 40.26706999628667], [0.27419736478192264, -0.5347640761201954, 42.071366129378724], [0.28688940680513975, -0.6350610625273132, 43.87566226247079], [0.29015072917870816, -0.7385493747593124, 45.67995839556285], [0.2839813319026281, -0.845229012816193, 47.4842545286549], [0.26838121497689943, -0.9550999766979552, 49.28855066174697], [0.24335037840152218, -1.068162266404599, 51.09284679483902], [0.20888882217649632, -1.1844158819361241, 52.897142927931085], [0.16499654630182192, -1.3038608232925308, 54.701439061023144], [0.11167355077749881, -1.426497090473819, 56.5057351941152]], "radius": [2.9120660133920935, 2.8420605472981615, 2.4181315034034783, 1.7510241786095264, 1.106268837587525, 0.7373409698738653, 0.7843601702491201, 1.2193539222028016, 1.8594492604261315, 2.4419054171566645, 2.7302132351721773, 2.726527994035952, 2.709660901367212, 2.6927938086984717, 2.6759267160297315], "ref_radius": [2.9120660133920935, 2.8951989207233533, 2.878331828054613, 2.861464735385873, 2.844597642717133, 2.827730550048393, 2.8108634573796527, 2.7939963647109125, 2.7771292720421723, 2.760262179373432, 2.7433950867046923, 2.726527994035952, 2.709660901367212, 2.6927938086984717, 2.6759267160297315], "length": 25.300639003110202, "seg_id": 2, "type": "Main", "parent": 0, "children": [3, 4]}, {"pos": [[0.11167355077749881, -1.426497090473819, 56.5057351941152], [1.6312158958950478, -1.7660461322995067, 57.87206666075055], [3.131645290359721, -2.064598059486766, 59.2383981273859], [4.612961734171518, -2.3221528720355957, 60.60472959402122], [6.075165227330437, -2.5387105699459975, 61.97106106065657], [7.5182557698364825, -2.714271153217971, 63.33739252729191], [8.942233361689652, -2.848834621851516, 64.70372399392726], [10.347098002889945, -2.942400975846632, 66.0700554605626], [11.73284969343736, -2.9949702152033195, 67.43638692719794], [13.099488433331901, -3.006542339921579, 68.80271839383327], [14.447014222573566, -2.9771173500014094, 70.16904986046862]], "radius": [1.5478829199770123, 1.5478829199770123, 1.5478829199770123, 1.5478829199770123, 1.5478829199770123, 1.5478829199770123, 1.5478829199770123, 1.5478829199770123, 1.5478829199770123, 1.5478829199770123, 1.5478829199770123], "ref_radius": [1.5478829199770123, 1.5478829199770123, 1.5478829199770123, 1.5478829199770123, 1.5478829199770123, 1.5478829199770123, 1.5478829199770123, 1.5478829199770123, 1.5478829199770123, 1.5478829199770123, 1.5478829199770123], "length": 19.86435458396513, "seg_id": 3, "type": "Side", "parent": 2, "children": []}, {"pos": [[0.11167355077749881, -1.426497090473819, 56.5057351941152], [0.5596974435058486, -1.6149723662482645, 58.264881684419464], [0.9763239325720721, -1.7968980597943764, 60.02402817472372], [1.3615530179761697, -1.9722741711121543, 61.78317466502798], [1.7153846997181406, -2.1411007002015987, 63.54232115533223], [2.0378189777979854, -2.303377647062709, 65.30146764563648], [2.3288558522157037, -2.4591050116954856, 67.06061413594074], [2.5884953229712964, -2.608282794099928, 68.81976062624499], [2.8167373900647625, -2.7509109942760377, 70.57890711654923], [3.013582053496102, -2.886989612223813, 72.33805360685349], [3.1790293132653162, -3.016518647943254, 74.09720009715775], [3.3130791693724038, -3.139498101434362, 75.856346587462], [3.4157316218173652, -3.2559279726971364, 77.61549307776627], [3.4869866706002006, -3.3658082617315768, 79.37463956807052], [3.526844315720909, -3.4691389685376834, 81.13378605837477], [3.535304557179492, -3.565920093115456, 82.89293254867903]], "radius": [2.6590596233609913, 2.6423757220135173, 2.625691820666044, 2.60900791931857, 2.5923240179710962, 2.5756401166236222, 2.5589562152761487, 2.4397581915592257, 2.0654896460610566, 1.5534255888213717, 1.0686482390090206, 0.7651714900301336, 0.7359044515015469, 0.9831936375827548, 1.4192732223585496, 1.8960763141779156],