{"case_id": "RCA_568_bc4", "artery_type": "RCA", "segments": [{"pos": [[0.0, 0.0, 0.0], [0.21037849688794338, 0.13660944518920864, 1.8017462111085683], [0.3944596816648938, 0.25614270972976616, 3.6034924222171356], [0.5522435543308513, 0.3585997936216726, 5.405238633325704], [0.6837301148858159, 0.443980696864928, 7.206984844434272], [0.7889193633297876, 0.5122854194595323, 9.008731055542839], [0.8678112996627665, 0.5635139614054856, 10.810477266651407], [0.9204059238847523, 0.5976663227027877, 12.612223477759976], [0.9467032359957451, 0.6147425033514389, 14.413969688868544], [0.9467032359957451, 0.6147425033514389, 16.215715899977113], [0.9204059238847523, 0.5976663227027877, 18.01746211108568], [0.8678112996627665, 0.5635139614054856, 19.81920832219425], [0.7889193633297877, 0.5122854194595324, 21.620954533302815], [0.6837301148858161, 0.44398069686492814, 23.422700744411383], [0.5522435543308515, 0.35859979362167277, 25.22444695551995], [0.3944596816648939, 0.25614270972976627, 27.02619316662852], [0.2103784968879434, 0.13660944518920864, 28.827939377737092], [0.0, 0.0, 30.629685588845657]], "radius": [2.3910108570672284, 2.3910108570672284, 2.3910108570672284, 2.3910108570672284, 2.3910108570672284, 2.3910108570672284, 2.3910108570672284, 2.3910108570672284, 2.3910108570672284, 2.3910108570672284, 2.314744127524164, 1.7753313474404622, 1.0626083233095576, 0.6644598381749769, 0.853432983560614, 1.5001687814119165, 2.161953100519325, 2.3910108570672284], "ref_radius": [2.3910108570672284, 2.3910108570672284, 2.3910108570672284, 2.3910108570672284, 2.3910108570672284, 2.3910108570672284, 2.3910108570672284, 2.3910108570672284, 2.3910108570672284, 2.3910108570672284, 2.3910108570672284, 2.3910108570672284, 2.3910108570672284, 2.3910108570672284, 2.3910108570672284, 2.3910108570672284, 2.3910108570672284, 2.3910108570672284], "length": 30.629685588845657, "seg_id": 0, "type": "Root", "parent": null, "children": [1, 2]}, {"pos": [[0.0, 0.0, 30.629685588845657], [1.6356407862267794, -0.3119612812710946, 32.0009585983554], [3.204909191954229, -0.5716930717677823, 33.372231607865146], [4.707805217182347, -0.7791953714900627, 34.74350461737489], [6.144328861911135, -0.934468180437936, 36.11477762688463], [7.514480126140592, -1.0375114986114022, 37.486050636394374], [8.81825900987072, -1.0883253260104615, 38.85732364590412], [10.055665513101518, -1.0869096626351136, 40.22859665541387], [11.226699635832984, -1.0332645084853587, 41.59986966492361], [12.33136137806512, -0.9273898635611966, 42.97114267443335], [13.369650739797924, -0.7692857278626275, 44.342415683943095]], "radius": [1.508347994838473, 1.508347994838473, 1.508347994838473, 1.508347994838473, 1.508347994838473, 1.508347994838473, 1.508347994838473, 1.508347994838473, 1.508347994838473, 1.508347994838473, 1.508347994838473], "ref_radius": [1.508347994838473, 1.508347994838473, 1.508347994838473, 1.508347994838473, 1.508347994838473, 1.508347994838473, 1.508347994838473, 1.508347994838473, 1.508347994838473, 1.508347994838473, 1.508347994838473], "length": 19.16711580014748, "seg_id": 1, "type": "Side", "parent": 0, "children": []}, {"pos": [[0.0, 0.0, 30.629685588845657], [0.1948738912456433, -0.2228830342028678, 32.38920966687334], [0.3946294275230825, -0.4225372126048543, 34.14873374490102], [0.5992666088323177, -0.5989625352059595, 35.90825782292871], [0.8087854351733486, -0.7521590020061832, 37.667781900956385], [1.0231859065461757, -0.8821266130055259, 39.42730597898407], [1.2424680229507985, -0.988865368203987, 41.18683005701177], [1.466631784387217, -1.0723752676015668, 42.94635413503944], [1.6956771908554318, -1.1326563111982653, 44.70587821306712], [1.9296042423554425, -1.1697084989940825, 46.46540229109481], [2.1684129388872493, -1.1835318309890184, 48.2249263691225], [2.412103280450851, -1.174126307183073, 49.984450447150174], [2.6606752670462495, -1.1414919275762463, 51.74397452517786], [2.9141288986734435, -1.085628692168538, 53.50349860320554], [3.172464175332433, -1.0065366009599486, 55.26302268123322], [3.4356810970232194, -0.904215653950478, 57.02254675926091], [3.703779663745802, -0.7786658511401259, 58.7820708372886], [3.97675987550018, -0.6298871925288924, 60.54159491531628], [4.2546217322863535, -0.45787967811677754, 62.30111899334396]], "radius": [2.3910108570672284, 2.374190219813777, 2.357369582560325, 2.3405489453068737, 2.3237283080534223, 2.306907670799971, 2.290087033546519, 2.2732663962930677, 2.2564457590396163, 2.147796488345829, 1.747330139951298, 1.2031855227064845, 0.7330716196752105, 0.5215007811184291, 0.6457421049504677, 1.0462422687244988, 1.552792753586156, 1.9550093791251673, 2.088239386505101], "ref_radius": [2.3910108570672284, 2.374190219813777, 2.357369582560325, 2.3405489453068737, 2.3237283080534223, 2.306907670799971, 2.290087033546519, 2.2732663962930677, 2.2564457590396163, 2.2396251217861645, 2.222804484532713, 2.2059838472792617, 2.1891632100258103, 2.1723425727723584, 2.155521935518907, 2.1387012982654556, 2.121880661012004, 2.1050600237585524, 2.088239386505101], "length": 31.9592107815579, "seg_id": 2, "type": "Main", "parent": 0, "children": [3, 4]}, {"pos": [[4.2546217322863535, -0.45787967811677754, 62.30111899334396], [5.59092486786547, -0.7484385576717855, 63.71561122104109], [6.944485207165488, -0.9566562915917399, 65.13010344873821], [8.315302750186408, -1.082532879876641, 66.54459567643534], [9.703377496928233, -1.1260683225264887, 67.95908790413246], [11.108709447390957, -1.0872626195412831, 69.37358013182958], [12.531298601574585, -0.9661157709210242, 70.78807235952671], [13.971144959479117, -0.7626277766657118, 72.20256458722383], [15.42824852110455, -0.476798636775346, 73.61705681492096]], "radius": [1.3511936408529992, 1.3511936408529992, 1.3511936408529992, 1.3511936408529992, 1.3511936408529992, 1.3511936408529992, 1.3511936408529992, 1.3511936408529992, 1.3511936408529992], "ref_radius": [1.3511936408529992, 1.3511936408529992, 1.3511936408529992, 1.3511936408529992, 1.3511936408529992, 1.3511936408529992, 1.3511936408529992, 1.3511936408529992, 1.3511936408529992], "length": 15.902853276207669, "seg_id": 3, "type": "Side", "parent": 2, "children": []}, {"pos": [[4.2546217322863535, -0.45787967811677754, 62.30111899334396], [4.304858468711967, -0.3219260705198528, 64.15638250947165], [4.357873992966188, -0.2028544347110927, 66.01164602559933], [4.413668305049017, -0.10066477069049727, 67.86690954172701], [4.472241404960454, -0.015357078458066394, 69.7221730578547], [4.533593292700498, 0.0530686419861999, 71.5774365739824], [4.59772396826915, 0.1046123906423015, 73.43270009011009], [4.66463343166641, 0.1392741675102385, 75.28796360623778], [4.734321682892277, 0.15705397259001083, 77.14322712236547], [4.806788721946753, 0.15795180588161856, 78.99849063849315], [4.882034548829836, 0.14196766738506172, 80.85375415462084], [4.960059163541526, 0.10910155710034025, 82.70901767074852], [5.040862566081824, 0.059353475027454194, 84.5642811868762], [5.12444475645073, -0.007276578833596559, 86.41954470300391], [5.210805734648244, -0.09078860448281187, 88.27480821913159], [5.299945500674365, -0.19118260192019187, 90.13007173525928], [5.391864054529095, -0.30845857114573655, 91.98533525138697], [5.486561396212431, -0.44261651215944575, 93.84059876751465]], "radius": [2.0714187492516496, 2.053883452460402, 2.0363481556691547, 2.018812858877907, 2.00127756208666, 1.9837422652954124, 1.966206968504165, 1.9486716717129173, 1.93113637492167, 1.9136010781304225, 1.896065781339175, 1.8785304845479276, 1.8609951877566802, 1.8434598909654327, 1.8259245941741853, 1.8083892973829379, 1.7908540005916904, 1.773318703800443],