{"case_id": "RCA_7023_bc6", "artery_type": "RCA", "segments": [{"pos": [[0.0, 0.0, 0.0], [-0.0812685590454225, -0.09218187270082591, 1.9266707971557788], [-0.14776101644622275, -0.16760340491059258, 3.853341594311558], [-0.1994773722024007, -0.22626459662929999, 5.780012391467337], [-0.23641762631395638, -0.2681654478569481, 7.706683188623116], [-0.2585817787808898, -0.29330595859353703, 9.633353985778893], [-0.2659698296032009, -0.30168612883906665, 11.560024782934674], [-0.25858177878088984, -0.29330595859353703, 13.486695580090451], [-0.23641762631395638, -0.2681654478569481, 15.41336637724623], [-0.1994773722024007, -0.22626459662929999, 17.34003717440201], [-0.1477610164462228, -0.16760340491059267, 19.26670797155779], [-0.08126855904542254, -0.09218187270082596, 21.193378768713565], [0.0, 0.0, 23.120049565869348]], "radius": [2.206951059744979, 2.206951059744979, 2.206951059744979, 2.206951059744979, 2.152437831011769, 1.8214965456216505, 1.320492149261041, 0.8589389933698846, 0.6298533684519318, 0.7290362823976455, 1.1150105664631746, 1.6263661564137135, 2.049259949150893], "ref_radius": [2.206951059744979, 2.206951059744979, 2.206951059744979, 2.206951059744979, 2.206951059744979, 2.206951059744979, 2.206951059744979, 2.206951059744979, 2.206951059744979, 2.206951059744979, 2.206951059744979, 2.206951059744979, 2.206951059744979], "length": 23.120049565869348, "seg_id": 0, "type": "Root", "parent": null, "children": [1, 2]}, {"pos": [[0.0, 0.0, 23.120049565869348], [0.9682410413520142, -0.37004177970545393, 24.540022414156873], [1.991186894170546, -0.6626109047212635, 25.959995262444398], [3.0688375584555954, -0.8777073750474287, 27.37996811073192], [4.201193034207162, -1.0153311906839493, 28.799940959019445], [5.388253321425246, -1.0754823516308256, 30.219913807306966], [6.63001842010985, -1.0581608578880577, 31.639886655594488], [7.92648833026097, -0.9633667094556453, 33.05985950388201], [9.277663051878609, -0.7910999063335886, 34.47983235216954], [10.683542584962762, -0.5413604485218876, 35.89980520045706], [12.144126929513435, -0.21414833602054223, 37.31977804874458]], "radius": [1.5600441687186253, 1.5600441687186253, 1.5600441687186253, 1.5600441687186253, 1.5600441687186253, 1.5600441687186253, 1.5600441687186253, 1.5600441687186253, 1.5600441687186253, 1.5600441687186253, 1.5600441687186253], "ref_radius": [1.5600441687186253, 1.5600441687186253, 1.5600441687186253, 1.5600441687186253, 1.5600441687186253, 1.5600441687186253, 1.5600441687186253, 1.5600441687186253, 1.5600441687186253, 1.5600441687186253, 1.5600441687186253], "length": 18.685769113882678, "seg_id": 1, "type": "Side", "parent": 0, "children": []}, {"pos": [[0.0, 0.0, 23.120049565869348], [-0.010432667461429216, 0.23827673858002305, 25.045768168778924], [-0.05319317157669319, 0.45174336889070044, 26.971486771688514], [-0.12828151234579194, 0.6403998909320321, 28.89720537459809], [-0.23569768976872543, 0.8042463047040179, 30.82292397750767], [-0.37544170384549364, 0.9432826102066579, 32.74864258041725], [-0.5475135545760967, 1.0575088074399523, 34.67436118332683], [-0.7519132419605343, 1.146924896403901, 36.60007978623641], [-0.988640765998807, 1.2115308770985038, 38.52579838914599], [-1.2576961266909144, 1.251326749523761, 40.45151699205557], [-1.5590793240368561, 1.2663125136796722, 42.37723559496515], [-1.8927903580366332, 1.256488169566238, 44.302954197874726], [-2.258829228690245, 1.2218537171834578, 46.22867280078431]], "radius": [2.206951059744979, 2.1890657627554226, 2.171180465765866, 2.1532951687763098, 2.1354098717867536, 2.117524574797197, 2.0996392778076407, 2.0817539808180845, 2.063868683828528, 2.0459833868389716, 2.028098089849415, 2.0102127928598588, 1.9923274958703023], "ref_radius": [2.206951059744979, 2.1890657627554226, 2.171180465765866, 2.1532951687763098, 2.1354098717867536, 2.117524574797197, 2.0996392778076407, 2.0817539808180845, 2.063868683828528, 2.0459833868389716, 2.028098089849415, 2.0102127928598588, 1.9923274958703023], "length": 23.250886086423282, "seg_id": 2, "type": "Main", "parent": 0, "children": [3, 4]}, {"pos": [[-2.258829228690245, 1.2218537171834578, 46.22867280078431], [-1.029089272699893, 1.2210123881550852, 47.57826684048738], [0.20703439890051123, 1.225796397754305, 48.92786088019046], [1.4495417861109683, 1.2362057459811175, 50.27745491989353], [2.6984328889314777, 1.2522404328355228, 51.627048959596586], [3.953707707362039, 1.2739004583175206, 52.97664299929966], [5.215366241402653, 1.3011858224271111, 54.32623703900273], [6.48340849105332, 1.3340965251642944, 55.675831078705805], [7.757834456314038, 1.3726325665290704, 57.025425118408876], [9.038644137184807, 1.4167939465214388, 58.37501915811195], [10.325837533665633, 1.4665806651414002, 59.72461319781502], [11.619414645756509, 1.5219927223889542, 61.074207237518095], [12.919375473457437, 1.5830301182641007, 62.42380127722116], [14.225720016768417, 1.6496928527668402, 63.77339531692424], [15.53844827568945, 1.721980925897172, 65.1229893566273]], "radius": [1.3055585468767785, 1.3055585468767785, 1.3055585468767785, 1.3055585468767785, 1.3055585468767785, 1.3055585468767785, 1.3055585468767785, 1.3055585468767785, 1.3055585468767785, 1.3055585468767785, 1.3055585468767785, 1.3055585468767785, 1.3055585468767785, 1.3055585468767785, 1.3055585468767785], "ref_radius": [1.3055585468767785, 1.3055585468767785, 1.3055585468767785, 1.3055585468767785, 1.3055585468767785, 1.3055585468767785, 1.3055585468767785, 1.3055585468767785, 1.3055585468767785, 1.3055585468767785, 1.3055585468767785, 1.3055585468767785, 1.3055585468767785, 1.3055585468767785, 1.3055585468767785], "length": 25.96128679216803, "seg_id": 3, "type": "Side", "parent": 2, "children": []}, {"pos": [[-2.258829228690245, 1.2218537171834578, 46.22867280078431], [-2.0339455216037625, 1.5882588818763352, 48.08468098082678], [-1.8307697813449153, 1.9235294393997375, 49.940689160869255], [-1.6493020079137033, 2.2276653897536645, 51.79669734091173], [-1.4895422013101272, 2.500666732938117, 53.65270552095419], [-1.3514903615341867, 2.742533468953094, 55.508713700996665], [-1.2351464885858812, 2.9532655977985955, 57.364721881039124], [-1.1405105824652118, 3.132863119474623, 59.2207300610816], [-1.0675826431721778, 3.2813260339811747, 61.07673824112407], [-1.0163626707067792, 3.398654341318252, 62.93274642116654], [-0.9868506650690163, 3.4848480414858543, 64.788754601209], [-0.9790466262588889, 3.539907134483981, 66.64476278125149], [-0.992950554276397, 3.563831620312633, 68.50077096129395], [-1.0285624491215408, 3.5566214989718103, 70.35677914133643], [-1.0858823107943198, 3.5182767704615117, 72.2127873213789]], "radius": [1.974442198880746, 1.9570343644920933, 1.9396265301034405, 1.922218695714788, 1.9048108613261354, 1.8874030269374829, 1.86999519254883, 1.8525873581601775, 1.835179523771525, 1.8177716893828721, 1.8003638549942196, 1.782956020605567, 1.7655481862169142, 1.7481403518282617, 1.730732517439609], "ref_radius": [1.974442198880746, 1.9570343644920933, 1.9396265301034405, 1.922218695714788, 1.9048108613261354, 1.8874030269374829, 1.86999519254883, 1.8525873581601775, 1.835179523771525, 1.8177716893828721, 1.8003638549942196, 1.782956020605567, 1.7655481862169142, 1.7481403518282617, 1.730732517439609], "length": 26.111751582978943, "seg_id": 4, "type": "Main", "parent": 2,