{"case_id": "RCA_3093_bc7", "artery_type": "RCA", "segments": [{"pos": [[0.0, 0.0, 0.0], [0.1192344162042448, -0.15524650629269246, 1.7548377518324754], [0.22522056394135126, -0.2932434007750857, 3.5096755036649503], [0.3179584432113194, -0.4139906834471798, 5.264513255497425], [0.3974480540141493, -0.5174883543089748, 7.019351007329901], [0.4636893963498409, -0.6037364133604707, 8.774188759162376], [0.5166824702183941, -0.6727348606016672, 10.52902651099485], [0.556427275619809, -0.7244836960325647, 12.283864262827326], [0.5829238125540857, -0.7589829196531631, 14.038702014659801], [0.5961720810212241, -0.7762325314634624, 15.793539766492277], [0.596172081021224, -0.7762325314634623, 17.54837751832475], [0.5829238125540857, -0.7589829196531631, 19.303215270157228], [0.5564272756198091, -0.7244836960325648, 21.0580530219897], [0.5166824702183942, -0.6727348606016674, 22.812890773822176], [0.4636893963498409, -0.6037364133604707, 24.56772852565465], [0.3974480540141493, -0.5174883543089748, 26.322566277487127], [0.31795844321131955, -0.41399068344718, 28.0774040293196], [0.22522056394135148, -0.293243400775086, 29.832241781152074], [0.1192344162042449, -0.1552465062926926, 31.58707953298455], [0.0, 0.0, 33.34191728481703]], "radius": [2.3468365183014006, 2.2564175590100533, 1.8875440646553967, 1.3609762433219514, 0.8644639873050519, 0.5750407551901886, 0.5959015742004989, 0.9196084347127214, 1.4307423427546722, 1.9470564304103561, 2.2844568157132707, 2.3468365183014006, 2.3468365183014006, 2.3468365183014006, 2.3468365183014006, 2.3468365183014006, 2.3468365183014006, 2.3468365183014006, 2.3468365183014006, 2.3468365183014006], "ref_radius": [2.3468365183014006, 2.3468365183014006, 2.3468365183014006, 2.3468365183014006, 2.3468365183014006, 2.3468365183014006, 2.3468365183014006, 2.3468365183014006, 2.3468365183014006, 2.3468365183014006, 2.3468365183014006, 2.3468365183014006, 2.3468365183014006, 2.3468365183014006, 2.3468365183014006, 2.3468365183014006, 2.3468365183014006, 2.3468365183014006, 2.3468365183014006, 2.3468365183014006], "length": 33.34191728481703, "seg_id": 0, "type": "Root", "parent": null, "children": [1, 2]}, {"pos": [[0.0, 0.0, 33.34191728481703], [1.2421571897791248, -0.30210309523078444, 34.69209004526915], [2.5053115123954037, -0.5604718250752369, 36.04226280572125], [3.789462967848838, -0.7751061895333574, 37.392435566173354], [5.094611556139426, -0.946006188605146, 38.74260832662547], [6.4207572772671675, -1.0731718222906026, 40.09278108707758], [7.767900131232065, -1.156603090589727, 41.442953847529694], [9.136040118034117, -1.1962999935025198, 42.793126607981804], [10.525177237673322, -1.1922625310289807, 44.143299368433915], [11.93531149014968, -1.1444907031691094, 45.493472128886026], [13.366442875463195, -1.0529845099229063, 46.84364488933814], [14.818571393613865, -0.9177439512903709, 48.19381764979025], [16.29169704460169, -0.738769027271504, 49.54399041024236], [17.785819828426664, -0.516059737866305, 50.89416317069447]], "radius": [1.7270665591032477, 1.7270665591032477, 1.7270665591032477, 1.7270665591032477, 1.7270665591032477, 1.7270665591032477, 1.7270665591032477, 1.7270665591032477, 1.7270665591032477, 1.7270665591032477, 1.7270665591032477, 1.7270665591032477, 1.7270665591032477, 1.7270665591032477], "ref_radius": [1.7270665591032477, 1.7270665591032477, 1.7270665591032477, 1.7270665591032477, 1.7270665591032477, 1.7270665591032477, 1.7270665591032477, 1.7270665591032477, 1.7270665591032477, 1.7270665591032477, 1.7270665591032477, 1.7270665591032477, 1.7270665591032477, 1.7270665591032477], "length": 24.9936600013004, "seg_id": 1, "type": "Side", "parent": 0, "children": []}, {"pos": [[0.0, 0.0, 33.34191728481703], [0.30813132512559427, -0.030930369809550867, 35.26984164910241], [0.5639990978830796, -0.0669419330682072, 37.1977660133878], [0.7676033182724555, -0.108034689775969, 39.12569037767319], [0.9189439862937228, -0.15420863993283626, 41.053614741958576], [1.0180211019468806, -0.20546378353880895, 42.98153910624396], [1.0648346652319294, -0.2618001205938872, 44.90946347052934], [1.0593846761488692, -0.32321765109807077, 46.83738783481472], [1.0016711346976996, -0.38971637505136, 48.76531219910011], [0.8916940408784211, -0.4612962924537546, 50.6932365633855], [0.7294533946910339, -0.5379574033052545, 52.62116092767088], [0.514949196135537, -0.61969970760586, 54.54908529195626], [0.24818144521193106, -0.7065232053555711, 56.47700965624165]], "radius": [2.3468365183014006, 2.3290309731890537, 2.3112254280767073, 2.2934198829643604, 2.275614337852014, 2.257808792739667, 2.2400032476273206, 2.2221977025149737, 2.2043921574026273, 2.1865866122902804, 2.168781067177934, 2.150975522065587, 2.1331699769532406], "ref_radius": [2.3468365183014006, 2.3290309731890537, 2.3112254280767073, 2.2934198829643604, 2.275614337852014, 2.257808792739667, 2.2400032476273206, 2.2221977025149737, 2.2043921574026273, 2.1865866122902804, 2.168781067177934, 2.150975522065587, 2.1331699769532406], "length": 23.147208646050668, "seg_id": 2, "type": "Main", "parent": 0, "children": [3, 4]}, {"pos": [[0.24818144521193106, -0.7065232053555711, 56.47700965624165], [1.1245974267444896, -0.487932583203556, 57.93370989348933], [2.0741986438426854, -0.29516013474240144, 59.39041013073701], [3.096985096506518, -0.12820585997210723, 60.84711036798467], [4.192956784735987, 0.012930241107326261, 62.30381060523234], [5.362113708531092, 0.12824816849589926, 63.760510842480016], [6.604455867891837, 0.2177479221936118, 65.21721107972769], [7.919983262818217, 0.2814295022004637, 66.67391131697536], [9.308695893310235, 0.31929290851645514, 68.13061155422304], [10.770593759367888, 0.331338141141586, 69.58731179147071], [12.305676860991179, 0.3175652000758563, 71.04401202871838]], "radius": [1.561300679545254, 1.561300679545254, 1.561300679545254, 1.561300679545254, 1.561300679545254, 1.561300679545254, 1.561300679545254, 1.561300679545254, 1.561300679545254, 1.561300679545254, 1.561300679545254], "ref_radius": [1.561300679545254, 1.561300679545254, 1.561300679545254, 1.561300679545254, 1.561300679545254, 1.561300679545254, 1.561300679545254, 1.561300679545254, 1.561300679545254, 1.561300679545254, 1.561300679545254], "length": 18.937515963911935, "seg_id": 3, "type": "Side", "parent": 2,