{"case_id": "RCA_7642_bc7", "artery_type": "RCA", "segments": [{"pos": [[0.0, 0.0, 0.0], [0.0985702806447683, 0.06657615198088725, 1.782835328369123], [0.18554405768426976, 0.12531981549343482, 3.565670656738246], [0.26092133111850435, 0.1762309905376427, 5.348505985107369], [0.32470210094747204, 0.2193096771135109, 7.131341313476492], [0.37688636717117296, 0.25455587522103945, 8.914176641845616], [0.417474129789607, 0.28196958486022833, 10.697011970214739], [0.4464653888027741, 0.30155080603107753, 12.47984729858386], [0.4638601442106744, 0.313299538733587, 14.262682626952984], [0.46965839601330783, 0.3172157829677569, 16.045517955322108], [0.4638601442106744, 0.313299538733587, 17.828353283691232], [0.4464653888027741, 0.30155080603107753, 19.611188612060353], [0.417474129789607, 0.28196958486022833, 21.394023940429477], [0.37688636717117296, 0.25455587522103945, 23.1768592687986], [0.32470210094747215, 0.219309677113511, 24.95969459716772], [0.26092133111850446, 0.1762309905376428, 26.742529925536846], [0.18554405768426982, 0.12531981549343485, 28.525365253905967], [0.09857028064476836, 0.06657615198088727, 30.308200582275095], [0.0, 0.0, 32.091035910644216]], "radius": [2.138076256545289, 2.138076256545289, 2.138076256545289, 2.138076256545289, 2.138076256545289, 2.138076256545289, 2.138076256545289, 2.105317841853074, 1.9956037561069744, 1.8204707638559539, 1.5990011295786246, 1.3553258983792915, 1.1159956085024443, 0.9070873790018525, 0.7513635805527976, 0.665791676963353, 0.6596954722480795, 0.7337392009934895, 0.8798551542160169], "ref_radius": [2.138076256545289, 2.138076256545289, 2.138076256545289, 2.138076256545289, 2.138076256545289, 2.138076256545289, 2.138076256545289, 2.138076256545289, 2.138076256545289, 2.138076256545289, 2.138076256545289, 2.138076256545289, 2.138076256545289, 2.138076256545289, 2.138076256545289, 2.138076256545289, 2.138076256545289, 2.138076256545289, 2.138076256545289], "length": 32.091035910644216, "seg_id": 0, "type": "Root", "parent": null, "children": [1, 2]}, {"pos": [[0.0, 0.0, 32.091035910644216], [1.131966988985578, 0.35233192347683046, 33.41249455789395], [2.3049793444626574, 0.6587712602094442, 34.733953205143685], [3.5190370664312383, 0.9193180101978408, 36.055411852393426], [4.774140154891321, 1.1339721734420207, 37.37687049964316], [6.0702886098429065, 1.3027337499419838, 38.6983291468929], [7.407482431285992, 1.4256027396977298, 40.01978779414264], [8.78572161922058, 1.5025791427092594, 41.34124644139237], [10.20500617364667, 1.5336629589765718, 42.66270508864211], [11.665336094564264, 1.5188541884996676, 43.984163735891855], [13.166711381973355, 1.4581528312785461, 45.30562238314158], [14.70913203587395, 1.351558887313208, 46.627081030391324]], "radius": [1.4071474645262676, 1.4071474645262676, 1.4071474645262676, 1.4071474645262676, 1.4071474645262676, 1.4071474645262676, 1.4071474645262676, 1.4071474645262676, 1.4071474645262676, 1.4071474645262676, 1.4071474645262676, 1.4071474645262676], "ref_radius": [1.4071474645262676, 1.4071474645262676, 1.4071474645262676, 1.4071474645262676, 1.4071474645262676, 1.4071474645262676, 1.4071474645262676, 1.4071474645262676, 1.4071474645262676, 1.4071474645262676, 1.4071474645262676, 1.4071474645262676], "length": 20.723944711322993, "seg_id": 1, "type": "Side", "parent": 0, "children": []}, {"pos": [[0.0, 0.0, 32.091035910644216], [0.01892614180883872, 0.23332013979541974, 33.85860648277204], [0.0507584210015121, 0.4700086620510453, 35.62617705489986], [0.09549683757802016, 0.7100655667668766, 37.39374762702769], [0.15314139153836284, 0.9534908539429137, 39.16131819915551], [0.22369208288254028, 1.2002845235791568, 40.92888877128334], [0.3071489116105523, 1.4504465756756053, 42.69645934341117], [0.4035118777223989, 1.7039770102322596, 44.46402991553899], [0.5127809812180804, 1.96087582724912, 46.231600487666825], [0.6349562220975964, 2.2211430267261862, 47.99917105979464], [0.7700376003609473, 2.4847786086634582, 49.76674163192247], [0.9180251160081323, 2.751782573060935, 51.53431220405029], [1.0789187690391524, 3.022154919918619, 53.30188277617812], [1.2527185594540071, 3.2958956492365084, 55.06945334830594], [1.4394244872526962, 3.5730047610146025, 56.83702392043376], [1.6390365524352202, 3.8534822552529038, 58.60459449256159], [1.8515547550015792, 4.137328131951411, 60.37216506468942], [2.076979094951773, 4.424542391110124, 62.139735636817235], [2.3153095722858006, 4.715125032729041, 63.907306208945066]], "radius": [1.0821227265054567, 1.308036796955792, 1.3033816260096285, 1.1133185640506311, 0.9561388237317276, 0.8445068970933738, 0.7867433296263688, 0.7861378803504653, 0.8407322553678303, 0.943584678486004, 1.0834843256577846, 1.2460430448342934, 1.3622431339478354, 1.0606957685660339, 0.7934505659567856, 0.604806423166544, 0.5245019242249243, 0.5627555032824352, 0.7088211190545703], "ref_radius": [2.138076256545289, 2.1211041585518067, 2.104132060558324, 2.087159962564842, 2.0701878645713596, 2.053215766577877, 2.0362436685843948, 2.0192715705909126, 2.00229947259743, 1.9853273746039477, 1.9683552766104655, 1.951383178616983, 1.9344110806235006, 1.9174389826300184, 1.900466884636536, 1.8834947866430536, 1.8665226886495714, 1.849550590656089, 1.8325784926626065], "length": 32.246986187616464, "seg_id": 2, "type": "Main", "parent": 0, "children": [3, 4]}, {"pos": [[2.3153095722858006, 4.715125032729041, 63.907306208945066], [3.2746581330671396, 4.899763015980193, 65.26216255275237], [4.282393883341432, 5.0916152784642135, 66.61701889655969], [5.338516823108677, 5.290681820181103, 67.971875240367], [6.443026952368877, 5.49696264113086, 69.32673158417433], [7.59592427112203, 5.710457741313484, 70.68158792798164], [8.797208779368134, 5.931167120728976, 72.03644427178895], [10.046880477107194, 6.159090779377335, 73.39130061559626], [11.344939364339208, 6.394228717258564, 74.74615695940358], [12.691385441064178, 6.63658093437266, 76.10101330321089], [14.086218707282095, 6.886147430719623, 77.4558696470182], [15.529439162992968, 7.1429282062994535, 78.81072599082552]], "radius": [1.1993596746138886, 1.1993596746138886, 1.1993596746138886, 1.1993596746138886, 1.1993596746138886, 1.1993596746138886, 1.1993596746138886, 1.1993596746138886, 1.1993596746138886, 1.1993596746138886, 1.1993596746138886, 1.1993596746138886], "ref_radius": [1.1993596746138886, 1.1993596746138886, 1.1993596746138886, 1.1993596746138886, 1.1993596746138886, 1.1993596746138886, 1.1993596746138886, 1.1993596746138886, 1.1993596746138886, 1.1993596746138886, 1.1993596746138886, 1.1993596746138886], "length": 20.065377401996376, "seg_id": 3, "type": "Side", "parent": 2, "children": []}, {"pos": [[2.3153095722858006, 4.715125032729041, 63.907306208945066], [2.1822958934771393, 5.292793233989642, 65.6373054182271], [2.0605993963184375, 5.846851830558717, 67.36730462750916], [1.9502200808096952, 6.377300822436263, 69.09730383679117], [1.8511579469509125, 6.884140209622282, 70.82730304607323], [1.763412994742089, 7.367369992116773, 72.55730225535527], [1.6869852241832253, 7.826990169919738, 74.28730146463731], [1.6218746352743207, 8.263000743031174, 76.01730067391935], [1.5680812280153755, 8.675401711451084, 77.74729988320138], [1.5256050024063899, 9.064193075179464, 79.47729909248342], [1.4944459584473635, 9.429374834216318, 81.20729830176546], [1.4746040961382967, 9.770946988561647, 82.93729751104752], [1.4660794154791892, 10.088909538215443, 84.66729672032955], [1.4688719164700412, 10.383262483177717, 86.39729592961159], [1.4829815991108526, 10.65400582344846, 88.12729513889363], [1.5084084634016235, 10.901139559027676, 89.85729434817566], [1.5451525093423537, 11.124663689915366, 91.58729355745771], [1.5932137369330435, 11.324578216111526, 93.31729276673974]],