{"case_id": "RCA_302_bc0", "artery_type": "RCA", "segments": [{"pos": [[0.0, 0.0, 0.0], [0.2757131529491727, 0.181350973470633, 1.9605856554507577], [0.49628367530851086, 0.32643175224713944, 3.921171310901515], [0.6617115670780144, 0.43524233632951914, 5.881756966352272], [0.7719968282576836, 0.5077827257177724, 7.84234262180303], [0.827139458847518, 0.544052920411899, 9.802928277253788], [0.827139458847518, 0.544052920411899, 11.763513932704544], [0.7719968282576836, 0.5077827257177724, 13.724099588155301], [0.6617115670780144, 0.43524233632951914, 15.684685243606058], [0.49628367530851075, 0.32643175224713933, 17.64527089905682], [0.2757131529491725, 0.18135097347063286, 19.605856554507575], [0.0, 0.0, 21.566442209958332]], "radius": [2.2757887956833236, 2.2757887956833236, 2.2757887956833236, 2.2079094796587846, 1.858170500120869, 1.3290065776201014, 0.8089534841055961, 0.483300894990061, 0.46807554540307406, 0.7687020739405772, 1.278070278610071, 1.8146974021973994], "ref_radius": [2.2757887956833236, 2.2757887956833236, 2.2757887956833236, 2.2757887956833236, 2.2757887956833236, 2.2757887956833236, 2.2757887956833236, 2.2757887956833236, 2.2757887956833236, 2.2757887956833236, 2.2757887956833236, 2.2757887956833236], "length": 21.566442209958332, "seg_id": 0, "type": "Root", "parent": null, "children": [1, 2]}, {"pos": [[0.0, 0.0, 21.566442209958332], [0.9703223899977409, 0.2563047403504495, 23.132261473860105], [2.0227920370133243, 0.46649775807061994, 24.69808073776188], [3.157408941046751, 0.6305790531605114, 26.263900001663654], [4.37417310209802, 0.7485486256201238, 27.829719265565426], [5.673084520167131, 0.8204064754494572, 29.395538529467203], [7.054143195254085, 0.8461526026485116, 30.961357793368972], [8.517349127358878, 0.8257870072172868, 32.52717705727074], [10.06270231648152, 0.7593096891557832, 34.09299632117252], [11.690202762622002, 0.6467206484640005, 35.658815585074294]], "radius": [1.6638015662675534, 1.6638015662675534, 1.6638015662675534, 1.6638015662675534, 1.6638015662675534, 1.6638015662675534, 1.6638015662675534, 1.6638015662675534, 1.6638015662675534, 1.6638015662675534], "ref_radius": [1.6638015662675534, 1.6638015662675534, 1.6638015662675534, 1.6638015662675534, 1.6638015662675534, 1.6638015662675534, 1.6638015662675534, 1.6638015662675534, 1.6638015662675534, 1.6638015662675534], "length": 18.321410305215103, "seg_id": 1, "type": "Side", "parent": 0, "children": []}, {"pos": [[0.0, 0.0, 21.566442209958332], [-0.14004062524851385, 0.47857692183481554, 23.407654786073632], [-0.24964172503884324, 0.9276674173678869, 25.248867362188932], [-0.32880329937098807, 1.3472714865992141, 27.090079938304235], [-0.37752534824494827, 1.7373891295287973, 28.931292514419532], [-0.395807871660724, 2.098020346156636, 30.772505090534832], [-0.3836508696183151, 2.4291651364827307, 32.61371766665013], [-0.3410543421177218, 2.730823500507081, 34.45493024276543], [-0.26801828915894393, 3.0029954382296875, 36.296142818880725], [-0.16454271074198157, 3.2456809496505494, 38.13735539499602], [-0.03062760686683469, 3.4588800347696673, 39.978567971111325], [0.13372702246649654, 3.642592693587041, 41.81978054722662], [0.32852117725801294, 3.796818926102671, 43.660993123341925], [0.5537548575077134, 3.921558732316556, 45.50220569945722], [0.8094280632155985, 4.016812112228697, 47.343418275572525], [1.095540794381668, 4.082579065839094, 49.18463085168782]], "radius": [2.1873886094306547, 2.2583264253667066, 2.24086405505009, 2.223401684733473, 2.205939314416856, 2.188476944100239, 2.171014573783622, 2.1535522034670054, 2.1360898331503884, 2.1186274628337713, 2.096456371805857, 1.751257010846297, 1.0960269464404173, 0.5428665626373614, 0.43254183656557776, 0.8205420933657706], "ref_radius": [2.2757887956833236, 2.2583264253667066, 2.24086405505009, 2.223401684733473, 2.205939314416856, 2.188476944100239, 2.171014573783622, 2.1535522034670054, 2.1360898331503884, 2.1186274628337713, 2.1011650925171548, 2.0837027222005378, 2.0662403518839207, 2.0487779815673037, 2.0313156112506867, 2.01385324093407], "length": 27.939792506587047, "seg_id": 2, "type": "Main", "parent": 0, "children": [3, 4]}, {"pos": [[1.095540794381668, 4.082579065839094, 49.18463085168782], [2.486541597216812, 4.6104552344638465, 50.66505662734047], [3.822242065415696, 5.10192091372042, 52.14548240299314], [5.1026421989783195, 5.55697610360881, 53.62590817864579], [6.327741997904683, 5.975620804129022, 55.10633395429845], [7.497541462194786, 6.35785501528105, 56.5867597299511], [8.61204059184863, 6.703678737064899, 58.067185505603746], [9.67123938686621, 7.013091969480566, 59.5476112812564], [10.675137847247532, 7.286094712528054, 61.028037056909056], [11.623735972992593, 7.52268696620736, 62.50846283256172], [12.517033764101393, 7.722868730518485, 63.98888860821437], [13.355031220573933, 7.8866400054614285, 65.46931438386702], [14.137728342410215, 8.014000791036192, 66.94974015951968]], "radius": [1.5155757557282536, 1.5155757557282536, 1.5155757557282536, 1.5155757557282536, 1.5155757557282536, 1.5155757557282536, 1.5155757557282536, 1.5155757557282536, 1.5155757557282536, 1.5155757557282536, 1.5155757557282536, 1.5155757557282536, 1.5155757557282536], "ref_radius": [1.5155757557282536, 1.5155757557282536, 1.5155757557282536, 1.5155757557282536, 1.5155757557282536, 1.5155757557282536, 1.5155757557282536, 1.5155757557282536, 1.5155757557282536, 1.5155757557282536, 1.5155757557282536, 1.5155757557282536, 1.5155757557282536], "length": 22.386465588353087, "seg_id": 3, "type": "Side", "parent": 2, "children": []}, {"pos": [[1.095540794381668, 4.082579065839094, 49.18463085168782], [1.105733447568559, 4.2899084711309925, 51.00044187061347], [1.1025409412177094, 4.5164593331945095, 52.816252889539115], [1.08596327532912, 4.762231652029642, 54.632063908464765], [1.05600044990279, 5.0272254276363935, 56.44787492739042], [1.0126524649387199, 5.311440660014762, 58.263685946316066], [0.9559193204369093, 5.614877349164749, 60.079496965241724], [0.8858010163973585, 5.937535495086352, 61.895307984167374], [0.8022975528200674, 6.279415097779573, 63.711119003093025], [0.705408929705036, 6.640516157244411, 65.52693002201868], [0.5951351470522643, 7.020838673480867, 67.34274104094433], [0.4714762048617523, 7.420382646488941, 69.15855205986998], [0.3344321031335002, 7.83914807626863, 70.97436307879563], [0.18400284186750754, 8.27713496281994, 72.79017409772129], [0.020188421063774664, 8.734343306142865, 74.60598511664693], [-0.15701115927769843, 9.210773106237408, 76.42179613557258], [-0.347595899156912, 9.706424363103569, 78.23760715449825], [-0.5515657985738658, 10.221297076741347, 80.05341817342389]], "radius": [1.4468861175578618, 1.9055906328278824, 1.961372729822059, 1.9438636594243617, 1.9263545890266645, 1.9088455186289675, 1.8913364482312702, 1.873827377833573, 1.856318307435876, 1.8388092370381788, 1.8213001666404816, 1.8037910962427846, 1.7862820258450873, 1.7687729554473903, 1.751263885049693, 1.7337548146519959, 1.7162457442542989, 1.6987366738566017], "ref_radius": [1.9963908706174531, 1.978881800219756, 1.961372729822059, 1.9438636594243617, 1.9263545890266645, 1.9088455186289675, 1.8913364482312702, 1.873827377833573, 1.856318307435876, 1.8388092370381788, 1.8213001666404816, 1.8037910962427846, 1.7862820258450873, 1.7687729554473903, 1.751263885049693, 1.7337548146519959, 1.7162457442542989, 1.6987366738566017], "length": 31.516326715854866, "seg_id": 4, "type": "Main", "parent": 2,