{"case_id": "RCA_6497_bc8", "artery_type": "RCA", "segments": [{"pos": [[0.0, 0.0, 0.0], [0.12499935181700769, -0.006166862537340465, 1.8546752687099632], [0.2321416533744429, -0.011452744712203722, 3.7093505374199265], [0.32142690467230556, -0.01585764652458977, 5.564025806129891], [0.3928551057105956, -0.019381567974498606, 7.418701074839852], [0.4464262564893132, -0.022024509061930236, 9.273376343549817], [0.48214035700845825, -0.023786469786884652, 11.12805161225978], [0.49999740726803077, -0.02466745014936186, 12.982726880969743], [0.49999740726803077, -0.02466745014936186, 14.837402149679704], [0.48214035700845825, -0.023786469786884652, 16.692077418389665], [0.4464262564893132, -0.022024509061930236, 18.54675268709963], [0.3928551057105957, -0.01938156797449861, 20.40142795580959], [0.32142690467230545, -0.015857646524589767, 22.256103224519563], [0.23214165337444284, -0.011452744712203719, 24.110778493229525], [0.12499935181700766, -0.006166862537340464, 25.965453761939482], [0.0, 0.0, 27.820129030649447]], "radius": [1.9730681411035609, 1.9464212466152535, 1.8668252323561534, 1.740951939477166, 1.5793656676842334, 1.395628037274582, 1.2051597888240009, 1.0239465505390415, 0.8671971956932987, 0.748067391588616, 0.6765554700846521, 0.6586632871274654, 0.6958924986984791, 0.7851185297599197, 0.9188528137370573, 1.0858712932895287], "ref_radius": [1.9730681411035609, 1.9730681411035609, 1.9730681411035609, 1.9730681411035609, 1.9730681411035609, 1.9730681411035609, 1.9730681411035609, 1.9730681411035609, 1.9730681411035609, 1.9730681411035609, 1.9730681411035609, 1.9730681411035609, 1.9730681411035609, 1.9730681411035609, 1.9730681411035609, 1.9730681411035609], "length": 27.820129030649447, "seg_id": 0, "type": "Root", "parent": null, "children": [1, 2]}, {"pos": [[0.0, 0.0, 27.820129030649447], [1.361099664562102, -0.06315315387910767, 29.229158001089797], [2.6967939058186525, -0.13030485295567398, 30.638186971530136], [4.007082723769652, -0.20145509722969893, 32.04721594197048], [5.2919661184150995, -0.2766038867011825, 33.456244912410824], [6.551444089754996, -0.3557512213701248, 34.86527388285117], [7.7855166377893426, -0.4388971012365257, 36.274302853291516], [8.994183762518137, -0.5260415263003854, 37.68333182373186], [10.177445463941378, -0.6171844965617035, 39.09236079417221], [11.335301742059068, -0.7123260120204802, 40.50138976461255], [12.467752596871208, -0.8114660726767158, 41.91041873505289], [13.5747980283778, -0.9146046785304099, 43.31944770549323], [14.656438036578836, -1.0217418295815626, 44.728476675933585], [15.71267262147432, -1.132877525830174, 46.137505646373924]], "radius": [1.288951921978555, 1.288951921978555, 1.288951921978555, 1.288951921978555, 1.288951921978555, 1.288951921978555, 1.288951921978555, 1.288951921978555, 1.288951921978555, 1.288951921978555, 1.288951921978555, 1.288951921978555, 1.288951921978555, 1.288951921978555], "ref_radius": [1.288951921978555, 1.288951921978555, 1.288951921978555, 1.288951921978555, 1.288951921978555, 1.288951921978555, 1.288951921978555, 1.288951921978555, 1.288951921978555, 1.288951921978555, 1.288951921978555, 1.288951921978555, 1.288951921978555, 1.288951921978555], "length": 24.15983813026175, "seg_id": 1, "type": "Side", "parent": 0, "children": []}, {"pos": [[0.0, 0.0, 27.820129030649447], [0.17793071078147032, -0.6575810918075192, 29.83289062524259], [0.3120539118125272, -1.207102687723109, 31.84565221983574], [0.40236960309317055, -1.6485647877467693, 33.858413814428886], [0.44887778462340044, -1.9819673918785, 35.87117540902203], [0.45157845640321687, -2.207310500118301, 37.88393700361517], [0.4104716184326198, -2.324594112466173, 39.896698598208324], [0.3255572707116092, -2.3338182289221154, 41.909460192801475], [0.19683541324018522, -2.234982849486128, 43.92222178739462]], "radius": [1.0978375675477805, 0.9535284127834196, 0.8480738916260251, 0.7887867982320964, 0.778842446505239, 0.817078728854346, 0.8981774118665047, 1.0132039180192913, 1.1504519237577688], "ref_radius": [1.9730681411035609, 1.9550040821259678, 1.9369400231483747, 1.9188759641707818, 1.9008119051931887, 1.8827478462155955, 1.8646837872380024, 1.8466197282604093, 1.8285556692828164], "length": 16.257653079833755, "seg_id": 2, "type": "Main", "parent": 0, "children": [3, 4]}, {"pos": [[0.19683541324018522, -2.234982849486128, 43.92222178739462], [1.5688238817995912, -2.5801358216906176, 45.3334117182252], [2.9148069191035937, -2.917742388185373, 46.744601649055795], [4.234784525152193, -3.2478025489703914, 48.15579157988636], [5.52875669994539, -3.5703163040456762, 49.56698151071694], [6.796723443483183, -3.885283653411225, 50.978171441547524], [8.038684755765573, -4.1927045970670385, 52.389361372378104], [9.254640636792562, -4.492579135013118, 53.80055130320869], [10.444591086564147, -4.784907267249461, 55.21174123403928], [11.608536105080328, -5.06968899377607, 56.622931164869854], [12.746475692341107, -5.346924314592943, 58.03412109570044], [13.858409848346483, -5.616613229700082, 59.44531102653103], [14.944338573096456, -5.878755739097485, 60.856500957361604], [16.004261866591026, -6.133351842785153, 62.26769088819219], [17.038179728830194, -6.380401540763086, 63.67888081902277]], "radius": [1.4446870457814451, 1.4446870457814451, 1.4446870457814451, 1.4446870457814451, 1.4446870457814451, 1.4446870457814451, 1.4446870457814451, 1.4446870457814451, 1.4446870457814451, 1.4446870457814451, 1.4446870457814451, 1.4446870457814451, 1.4446870457814451, 1.4446870457814451, 1.4446870457814451], "ref_radius": [1.4446870457814451, 1.4446870457814451, 1.4446870457814451, 1.4446870457814451, 1.4446870457814451, 1.4446870457814451, 1.4446870457814451, 1.4446870457814451, 1.4446870457814451, 1.4446870457814451, 1.4446870457814451, 1.4446870457814451, 1.4446870457814451, 1.4446870457814451, 1.4446870457814451], "length": 26.289559725759172, "seg_id": 3, "type": "Side", "parent": 2, "children": []}, {"pos": [[0.19683541324018522, -2.234982849486128, 43.92222178739462], [0.01794318297269441, -2.5018577210631796, 45.79936810751251], [-0.12426079153694104, -2.789681448792288, 47.67651442763041], [-0.22977651028872126, -3.098454032673454, 49.55366074774829], [-0.2986039732826461, -3.4281754727066764, 51.43080706786619], [-0.33074318051871565, -3.7788457688919554, 53.30795338798408], [-0.3261941319969298, -4.150464921229293, 55.18509970810197], [-0.28495682771728886, -4.543032929718686, 57.06224602821986], [-0.20703126767979235, -4.9565497943601375, 58.93939234833775], [-0.09241745188444056, -5.391015515153645, 60.816538668455635], [0.05888461966876629, -5.84643009209921, 62.69368498857353], [0.24687494697982876, -6.322793525196833, 64.57083130869142], [0.47155353004874656, -6.820105814446512, 66.44797762880931]], "radius": [1.2965134384966377, 1.1894728438622173, 0.9930072861400749, 0.8205380291755945, 0.6881187406753531, 0.6073554222101556, 0.5842954625751924, 0.6189139973709088, 0.7052391038660717, 0.8320901675858621, 0.9843405371965057, 1.1445628551675286, 1.29487851181324], "ref_radius": [1.8104916103052233, 1.792807523605284, 1.7751234369053448, 1.7574393502054055, 1.7397552635054663, 1.722071176805527, 1.7043870901055875, 1.6867030034056483, 1.669018916705709, 1.6513348300057697, 1.6336507433058305, 1.6159666566058912, 1.598282569905952], "length": 22.989312709921062, "seg_id": 4, "type": "Main", "parent": 2, "children": [5, 6]}, {"pos": [[0.47155353004874656, -6.820105814446512, 66.44797762880931], [2.2568451882403577, -7.100524135166037, 67.87722201709101], [3.9141722740262965, -7.388134635228388, 69.30646640537269], [5.4435347874065645, -7.682937314633574, 70.73571079365436], [6.844932728381159, -7.984932173381591, 72.16495518193607], [8.118366096950082, -8.294119211472438, 73.59419957021775]], "radius": [1.0317579347459314, 1.0317579347459314, 1.0317579347459314, 1.0317579347459314, 1.0317579347459314, 1.0317579347459314],