{"case_id": "RCA_4697_bc6", "artery_type": "RCA", "segments": [{"pos": [[0.0, 0.0, 0.0], [0.12607233745696558, -0.08863898792909891, 1.851188590202352], [0.23274893068978258, -0.1636412084844903, 3.7023771804047034], [0.32002977969845103, -0.22500666166617414, 5.5535657706070545], [0.387914884482971, -0.2727353474741505, 7.404754360809408], [0.4364042450433423, -0.3068272659084193, 9.255942951011757], [0.4654978613795651, -0.3272824169689806, 11.107131541214109], [0.47519573349163946, -0.33410080065583436, 12.958320131416462], [0.46549786137956517, -0.3272824169689806, 14.809508721618814], [0.43640424504334235, -0.3068272659084193, 16.660697311821163], [0.38791488448297107, -0.27273534747415057, 18.511885902023515], [0.3200297796984511, -0.2250066616661742, 20.36307449222587], [0.23274893068978267, -0.16364120848449035, 22.214263082428218], [0.12607233745696572, -0.08863898792909901, 24.065451672630573], [0.0, 0.0, 25.916640262832924]], "radius": [1.6781019343003833, 1.6781019343003833, 1.6781019343003833, 1.6781019343003833, 1.6781019343003833, 1.6781019343003833, 1.6781019343003833, 1.6781019343003833, 1.6536951319740474, 1.3654860174963357, 0.8918395584042612, 0.4793203534124477, 0.3426721851216421, 0.5530295466394146, 1.000887389561691], "ref_radius": [1.6781019343003833, 1.6781019343003833, 1.6781019343003833, 1.6781019343003833, 1.6781019343003833, 1.6781019343003833, 1.6781019343003833, 1.6781019343003833, 1.6781019343003833, 1.6781019343003833, 1.6781019343003833, 1.6781019343003833, 1.6781019343003833, 1.6781019343003833, 1.6781019343003833], "length": 25.916640262832924, "seg_id": 0, "type": "Root", "parent": null, "children": [1, 2]}, {"pos": [[0.0, 0.0, 25.916640262832924], [0.8911372310242194, -0.16729998738509375, 27.596388002867318], [1.7959947808735133, -0.2833499264390382, 29.276135742901722], [2.714572649547881, -0.34814981716183324, 30.95588348293612], [3.646870837047323, -0.361699659553479, 32.635631222970524], [4.592889343371837, -0.3239994536139753, 34.31537896300491], [5.552628168521428, -0.2350491993433223, 35.99512670303931], [6.526087312496092, -0.0948488967415202, 37.67487444307371], [7.51326677529583, 0.09660145419143162, 39.354622183108106], [8.514166556920642, 0.3393018534555328, 41.034369923142506], [9.528786657370526, 0.6332523010507828, 42.71411766317691], [10.557127076645488, 0.9784527969771827, 44.3938654032113], [11.599187814745523, 1.374903341234732, 46.0736131432457]], "radius": [1.0696791738762828, 1.0696791738762828, 1.0696791738762828, 1.0696791738762828, 1.0696791738762828, 1.0696791738762828, 1.0696791738762828, 1.0696791738762828, 1.0696791738762828, 1.0696791738762828, 1.0696791738762828, 1.0696791738762828, 1.0696791738762828], "ref_radius": [1.0696791738762828, 1.0696791738762828, 1.0696791738762828, 1.0696791738762828, 1.0696791738762828, 1.0696791738762828, 1.0696791738762828, 1.0696791738762828, 1.0696791738762828, 1.0696791738762828, 1.0696791738762828, 1.0696791738762828, 1.0696791738762828], "length": 23.2966751460627, "seg_id": 1, "type": "Side", "parent": 0, "children": []}, {"pos": [[0.0, 0.0, 25.916640262832924], [0.21383467421787178, 0.41895706521584974, 27.79201647660212], [0.4041180103531046, 0.8153549382204371, 29.667392690371315], [0.5708500084056983, 1.189193619013762, 31.5427689041405], [0.7140306683756533, 1.5404731075958247, 33.4181451179097], [0.8336599902629692, 1.8691934039666247, 35.293521331678896], [0.929737974067646, 2.1753545081261625, 37.16889754544808], [1.002264619789684, 2.458956420074438, 39.04427375921728], [1.051239927429083, 2.719999139811451, 40.91964997298648], [1.0766638969858429, 2.9584826673372016, 42.79502618675566], [1.078536528459964, 3.17440700265169, 44.670402400524864], [1.056857821851446, 3.367772145754916, 46.54577861429406], [1.011627777160289, 3.5385780966468796, 48.42115482806325], [0.9428463943864933, 3.6868248553275804, 50.296531041832445]], "radius": [1.453105811326967, 1.6566900582739417, 1.6428517870656867, 1.6252267134483385, 1.6076016398309902, 1.589976566213642, 1.5723514925962938, 1.5547264189789454, 1.5371013453615971, 1.519476271744249, 1.5018511981269005, 1.4842261245095523, 1.466601050892204, 1.4489759772748558], "ref_radius": [1.6781019343003833, 1.6604768606830351, 1.6428517870656867, 1.6252267134483385, 1.6076016398309902, 1.589976566213642, 1.5723514925962938, 1.5547264189789454, 1.5371013453615971, 1.519476271744249, 1.5018511981269005, 1.4842261245095523, 1.466601050892204, 1.4489759772748558], "length": 24.675103064287583, "seg_id": 2, "type": "Main", "parent": 0, "children": [3, 4]}, {"pos": [[0.9428463943864933, 3.6868248553275804, 50.296531041832445], [1.966668378285142, 3.681292310596114, 51.55462595565507], [3.040787267789937, 3.6997658010461545, 52.812720869477715], [4.165203062900876, 3.7422453266776987, 54.07081578330035], [5.339915763617961, 3.808730887490748, 55.32891069712298], [6.564925369941191, 3.899222483485302, 56.58700561094561], [7.840231881870568, 4.0137201146613615, 57.84510052476824], [9.165835299406087, 4.152223781018925, 59.103195438590866], [10.541735622547757, 4.314733482557995, 60.361290352413505], [11.967932851295568, 4.501249219278568, 61.61938526623614], [13.444426985649525, 4.711770991180647, 62.87748018005877], [14.971218025609629, 4.946298798264231, 64.1355750938814], [16.54830597117588, 5.204832640529321, 65.39367000770403]], "radius": [0.847947066756436, 0.847947066756436, 0.847947066756436, 0.847947066756436, 0.847947066756436, 0.847947066756436, 0.847947066756436, 0.847947066756436, 0.847947066756436, 0.847947066756436, 0.847947066756436, 0.847947066756436, 0.847947066756436], "ref_radius": [0.847947066756436, 0.847947066756436, 0.847947066756436, 0.847947066756436, 0.847947066756436, 0.847947066756436, 0.847947066756436, 0.847947066756436, 0.847947066756436, 0.847947066756436, 0.847947066756436, 0.847947066756436, 0.847947066756436], "length": 21.765990011795445, "seg_id": 3, "type": "Side", "parent": 2, "children": []}, {"pos": [[0.9428463943864933, 3.6868248553275804, 50.296531041832445], [1.170310472705402, 3.7345502674457105, 52.168905171902935], [1.3574870170661248, 3.798126449551753, 54.04127930197344], [1.5043760274686633, 3.877553401645707, 55.913653432043944], [1.6109775039130159, 3.9728311237275733, 57.786027562114455], [1.6772914463991835, 4.083959615797352, 59.65840169218495], [1.703317854927166, 4.210938877855042, 61.530775822255464], [1.6890567294969627, 4.353768909900644, 63.40314995232596], [1.6345080701085744, 4.512449711934158, 65.27552408239646], [1.539671876762001, 4.686981283955584, 67.14789821246697], [1.4045481494572418, 4.877363625964922, 69.02027234253747], [1.229136888194298, 5.083596737962171, 70.89264647260796]], "radius": [1.4313509036575076, 1.4141463963189738, 1.3969418889804401, 1.3797373816419063, 1.3625328743033727, 1.3453283669648388, 1.3281238596263052, 1.3109193522877713, 1.2937148449492377, 1.2765103376107039, 1.25930583027217, 1.2421013229336364], "ref_radius": [1.4313509036575076, 1.4141463963189738, 1.3969418889804401, 1.3797373816419063, 1.3625328743033727, 1.3453283669648388, 1.3281238596263052, 1.3109193522877713, 1.2937148449492377, 1.2765103376107039, 1.25930583027217, 1.2421013229336364], "length": 20.645408806240503, "seg_id": 4, "type": "Main", "parent": 2,