{"case_id": "RCA_1160_bc9", "artery_type": "RCA", "segments": [{"pos": [[0.0, 0.0, 0.0], [0.2288700368131251, -0.05950732119528782, 1.8165183571291506], [0.4250443540815181, -0.11051359650553454, 3.633036714258302], [0.588522951805179, -0.15301882593074015, 5.4495550713874525], [0.7193058299841075, -0.1870230094709046, 7.266073428516603], [0.817392988618304, -0.21252614712602796, 9.082591785645754], [0.8827844277077682, -0.22952823889611018, 10.899110142774905], [0.9154801472525004, -0.2380292847811513, 12.715628499904055], [0.9154801472525004, -0.2380292847811513, 14.532146857033204], [0.8827844277077682, -0.22952823889611018, 16.348665214162356], [0.817392988618304, -0.21252614712602796, 18.165183571291507], [0.7193058299841076, -0.18702300947090464, 19.981701928420655], [0.5885229518051788, -0.1530188259307401, 21.79822028554981], [0.42504435408151797, -0.11051359650553451, 23.61473864267896], [0.22887003681312504, -0.05950732119528781, 25.43125699980811], [0.0, 0.0, 27.24777535693726]], "radius": [2.257174985988586, 2.257174985988586, 2.257174985988586, 2.257174985988586, 2.257174985988586, 2.119047512936016, 1.6844622295005154, 1.116484194657584, 0.6314642276652946, 0.4141532533447516, 0.5473280772127758, 0.9802605364164414, 1.5480405702030886, 2.0343927807008826, 2.254058772806093, 2.257174985988586], "ref_radius": [2.257174985988586, 2.257174985988586, 2.257174985988586, 2.257174985988586, 2.257174985988586, 2.257174985988586, 2.257174985988586, 2.257174985988586, 2.257174985988586, 2.257174985988586, 2.257174985988586, 2.257174985988586, 2.257174985988586, 2.257174985988586, 2.257174985988586, 2.257174985988586], "length": 27.24777535693726, "seg_id": 0, "type": "Root", "parent": null, "children": [1, 2]}, {"pos": [[0.0, 0.0, 27.24777535693726], [1.1831470978526253, -0.3289608977234363, 28.791700692464488], [2.3499897470285314, -0.6226440213852086, 30.335626027991708], [3.5005279475277193, -0.8810493709853171, 31.879551363518928], [4.634761699350189, -1.1041769465237616, 33.423476699046155], [5.752691002495938, -1.292026748000542, 34.967402034573375], [6.85431585696497, -1.4445987754156586, 36.511327370100595], [7.9396362627572845, -1.5618930287691115, 38.05525270562782], [9.008652219872879, -1.6439095080609003, 39.59917804115504], [10.061363728311754, -1.6906482132910252, 41.14310337668226], [11.09777078807391, -1.7021091444594862, 42.68702871220949], [12.11787339915935, -1.6782923015662834, 44.23095404773672], [13.121671561568068, -1.6191976846114164, 45.77487938326394], [14.109165275300072, -1.5248252935948858, 47.318804718791164], [15.080354540355353, -1.395175128516691, 48.862730054318384]], "radius": [1.2765532685969727, 1.2765532685969727, 1.2765532685969727, 1.2765532685969727, 1.2765532685969727, 1.2765532685969727, 1.2765532685969727, 1.2765532685969727, 1.2765532685969727, 1.2765532685969727, 1.2765532685969727, 1.2765532685969727, 1.2765532685969727, 1.2765532685969727, 1.2765532685969727], "ref_radius": [1.2765532685969727, 1.2765532685969727, 1.2765532685969727, 1.2765532685969727, 1.2765532685969727, 1.2765532685969727, 1.2765532685969727, 1.2765532685969727, 1.2765532685969727, 1.2765532685969727, 1.2765532685969727, 1.2765532685969727, 1.2765532685969727, 1.2765532685969727, 1.2765532685969727], "length": 26.392610201946418, "seg_id": 1, "type": "Side", "parent": 0, "children": []}, {"pos": [[0.0, 0.0, 27.24777535693726], [0.05214015369688681, 0.1344781479422834, 29.06941190802353], [0.09552268496200318, 0.24415810349574898, 30.891048459109793], [0.13014759379534915, 0.32903986666039675, 32.71268501019606], [0.15601488019692472, 0.3891234374362268, 34.534321561282326], [0.17312454416672987, 0.4244088158232391, 36.3559581123686], [0.1814765857047646, 0.4348960018214336, 38.17759466345487], [0.18107100481102895, 0.42058499543081035, 39.99923121454113], [0.17190780148552284, 0.3814757966513693, 41.820867765627405], [0.15398697572824632, 0.31756840548311044, 43.64250431671367], [0.1273085275391994, 0.22886282192603374, 45.46414086779994], [0.09187245691838206, 0.11535904598013935, 47.285777418886205], [0.047678763865794366, -0.022942922354572626, 49.10741396997247], [-0.005272551618563798, -0.18604308307810258, 50.92905052105874], [-0.06698148953469238, -0.3739414361904503, 52.75068707214501], [-0.13744804988259138, -0.5866379816916159, 54.57232362323128], [-0.21667223266226082, -0.8241327195815993, 56.39396017431755], [-0.30465403787370066, -1.0864256498604004, 58.21559672540381]], "radius": [2.257174985988586, 2.2399592246997395, 2.222743463410893, 2.2055277021220467, 2.1883119408332004, 2.1710961795443535, 2.153880418255507, 2.1366646569666607, 2.1194488956778144, 2.102233134388968, 2.033653990129222, 1.8035637430090097, 1.4586179488226223, 1.07648147766738, 0.7419617131314433, 0.5276471321978005, 0.477643146464646, 0.5980480586472521], "ref_radius": [2.257174985988586, 2.2399592246997395, 2.222743463410893, 2.2055277021220467, 2.1883119408332004, 2.1710961795443535, 2.153880418255507, 2.1366646569666607, 2.1194488956778144, 2.102233134388968, 2.0850173731001216, 2.067801611811275, 2.050585850522429, 2.0333700892335824, 2.0161543279447356, 1.9989385666558894, 1.9817228053670428, 1.9645070440781964], "length": 30.988370319923586, "seg_id": 2, "type": "Main", "parent": 0, "children": [3, 4]}, {"pos": [[-0.30465403787370066, -1.0864256498604004, 58.21559672540381], [0.6746457139306837, -0.580484307352619, 59.62579731392083], [1.8287331709687376, -0.2683563483901902, 61.035997902437835], [3.157608333240461, -0.1500417729731136, 62.446198490954835], [4.661271200745855, -0.22554058110138953, 63.85639907947184], [6.339721773484916, -0.4948527727750177, 65.26659966798886], [8.19296005145765, -0.9579783479939987, 66.67680025650586]], "radius": [1.0493423619355946, 1.0493423619355946, 1.0493423619355946, 1.0493423619355946, 1.0493423619355946, 1.0493423619355946, 1.0493423619355946], "ref_radius": [1.0493423619355946, 1.0493423619355946, 1.0493423619355946, 1.0493423619355946, 1.0493423619355946, 1.0493423619355946, 1.0493423619355946], "length": 11.992410479769822, "seg_id": 3, "type": "Side", "parent": 2, "children": []}, {"pos": [[-0.30465403787370066, -1.0864256498604004, 58.21559672540381], [0.11601985616427554, -0.9092870757993261, 60.05256524547551], [0.5134793455231491, -0.7502640299845773, 61.88953376554723], [0.8877244302029202, -0.6093565124161541, 63.72650228561895], [1.2387551102035883, -0.4865645230940561, 65.56347080569064], [1.5665713855251546, -0.38188806201828374, 67.40043932576235], [1.8711732561676175, -0.29532712918883686, 69.23740784583407], [2.152560722130978, -0.22688172460571537, 71.07437636590578], [2.4107337834152363, -0.1765518482689194, 72.91134488597748], [2.645692440020391, -0.14433750017844882, 74.74831340604919], [2.8574366919464445, -0.13023868033430377, 76.5852819261209], [3.045966539193394, -0.13425538873648418, 78.4222504461926], [3.2112819817612417, -0.15638762538499001, 80.25921896626431], [3.3533830196499865, -0.19663539027982135, 82.09618748633602], [3.472269652859629, -0.254998683420978, 83.93315600640771], [3.567941881390169, -0.3314775048084603, 85.77012452647944], [3.6403997052416064, -0.4260718544422681, 87.60709304655114], [3.6896431244139407, -0.5387817323224013, 89.44406156662285], [3.7156721389071725, -0.66960713844886, 91.28103008669456]], "radius": [0.8562190260986315, 1.188650341545935, 1.5163422332842962, 1.7626943123189844, 1.870932261199711, 1.8596292980371194, 1.8420969010866735, 1.8245645041362273, 1.8070321071857811, 1.789499710235335, 1.7719673132848888, 1.7544349163344428, 1.7369025193839966, 1.7193701224335505, 1.7018377254831045, 1.6843053285326584, 1.6667729315822122, 1.649240534631766, 1.63170813768132],