{"case_id": "RCA_1916_bc3", "artery_type": "RCA", "segments": [{"pos": [[0.0, 0.0, 0.0], [0.09296644642401461, -0.1849891233104364, 1.8505722084488327], [0.17163036262895, -0.34151838149619024, 3.7011444168976655], [0.2359917486148063, -0.4695877745572616, 5.551716625346498], [0.28605060438158336, -0.5691973024936504, 7.402288833795331], [0.3218069299292813, -0.6403469653053566, 9.252861042244163], [0.3432607252579, -0.6830367629923804, 11.103433250692994], [0.35041199036743964, -0.6972666955547218, 12.954005459141829], [0.3432607252579, -0.6830367629923805, 14.80457766759066], [0.3218069299292813, -0.6403469653053567, 16.65514987603949], [0.2860506043815834, -0.5691973024936505, 18.505722084488326], [0.23599174861480632, -0.46958777455726164, 20.356294292937157], [0.1716303626289501, -0.34151838149619035, 22.206866501385992], [0.0929664464240147, -0.1849891233104366, 24.057438709834827], [0.0, 0.0, 25.908010918283658]], "radius": [1.9455243108594256, 1.9455243108594256, 1.9455243108594256, 1.8494080785183784, 1.4779078647162673, 0.994325885162958, 0.6245372074308211, 0.5412654773583525, 0.7834058739477994, 1.2378576598802005, 1.692352115070733, 1.9346005891601405, 1.9455243108594256, 1.9455243108594256, 1.9455243108594256], "ref_radius": [1.9455243108594256, 1.9455243108594256, 1.9455243108594256, 1.9455243108594256, 1.9455243108594256, 1.9455243108594256, 1.9455243108594256, 1.9455243108594256, 1.9455243108594256, 1.9455243108594256, 1.9455243108594256, 1.9455243108594256, 1.9455243108594256, 1.9455243108594256, 1.9455243108594256], "length": 25.908010918283658, "seg_id": 0, "type": "Root", "parent": null, "children": [1, 2]}, {"pos": [[0.0, 0.0, 25.908010918283658], [1.260671479986403, 0.10260349976154744, 27.279862467792032], [2.5050442105865973, 0.17827014905473984, 28.651714017300403], [3.733118191800583, 0.22699994787957725, 30.02356556680877], [4.944893423628361, 0.24879289623605974, 31.395417116317144], [6.14036990606993, 0.24364899412418722, 32.76726866582552], [7.31954763912529, 0.21156824154395962, 34.13912021533389], [8.482426622794442, 0.15255063849537703, 35.51097176484225], [9.629006857077385, 0.06659618497843955, 36.88282331435063], [10.759288341974118, -0.0462951190068529, 38.254674863858995], [11.873271077484645, -0.1861232734605005, 39.626526413367365], [12.970955063608965, -0.3528882783825032, 40.998377962875736], [14.052340300347073, -0.5465901337728606, 42.370229512384114], [15.117426787698973, -0.767228839631573, 43.74208106189248]], "radius": [1.4163454813169476, 1.4163454813169476, 1.4163454813169476, 1.4163454813169476, 1.4163454813169476, 1.4163454813169476, 1.4163454813169476, 1.4163454813169476, 1.4163454813169476, 1.4163454813169476, 1.4163454813169476, 1.4163454813169476, 1.4163454813169476, 1.4163454813169476], "ref_radius": [1.4163454813169476, 1.4163454813169476, 1.4163454813169476, 1.4163454813169476, 1.4163454813169476, 1.4163454813169476, 1.4163454813169476, 1.4163454813169476, 1.4163454813169476, 1.4163454813169476, 1.4163454813169476, 1.4163454813169476, 1.4163454813169476, 1.4163454813169476], "length": 23.391863770571174, "seg_id": 1, "type": "Side", "parent": 0, "children": []}, {"pos": [[0.0, 0.0, 25.908010918283658], [0.03232372321226533, 0.26126075299521234, 27.799432476469892], [0.043245389222829014, 0.47038606551985357, 29.690854034656134], [0.03276499803169103, 0.6273759375739235, 31.582275592842368], [0.0008825496388514126, 0.7322303691574223, 33.47369715102861], [-0.05240195595568986, 0.7849493602703497, 35.36511870921484], [-0.12708851875193283, 0.785532910912706, 37.25654026740108], [-0.2231771387498773, 0.7339810210844911, 39.147961825587316], [-0.34066781594952367, 0.6302936907857051, 41.039383383773554], [-0.47956055035087164, 0.4744709200163476, 42.93080494195979], [-0.639855341953921, 0.2665127087764192, 44.82222650014603], [-0.8215521907586723, 0.006419057065919276, 46.71364805833227], [-1.0246510967651252, -0.3058100351151519, 48.605069616518506]], "radius": [1.9455243108594256, 1.9280456695706678, 1.9105670282819103, 1.8930883869931527, 1.875609745704395, 1.8581311044156372, 1.8406524631268797, 1.8136348182890774, 1.613747860958545, 1.2500436656156237, 0.8560076845537828, 0.5737651045894838, 0.5013141254195737], "ref_radius": [1.9455243108594256, 1.9280456695706678, 1.9105670282819103, 1.8930883869931527, 1.875609745704395, 1.8581311044156372, 1.8406524631268797, 1.8231738218381222, 1.8056951805493644, 1.7882165392606066, 1.770737897971849, 1.7532592566830916, 1.7357806153943338], "length": 22.72223367538494, "seg_id": 2, "type": "Main", "parent": 0, "children": [3, 4]}, {"pos": [[-1.0246510967651252, -0.3058100351151519, 48.605069616518506], [0.12933609110496394, -0.563143147536617, 50.15468412142827], [1.2536561360620355, -0.7780881793825687, 51.70429862633803], [2.3483090381060894, -0.9506451306530069, 53.2539131312478], [3.413294797237126, -1.0808140013479322, 54.80352763615757], [4.448613413455146, -1.1685947914673438, 56.35314214106734], [5.454264886760146, -1.2139875010112422, 57.90275664597711], [6.430249217152131, -1.2169921299796274, 59.45237115088687], [7.376566404631098, -1.1776086783724988, 61.00198565579664], [8.293216449197049, -1.095837146189857, 62.551600160706414], [9.18019935084998, -0.9716775334317023, 64.10121466561617], [10.037515109589894, -0.805129840098034, 65.65082917052594]], "radius": [1.0549566509319757, 1.0549566509319757, 1.0549566509319757, 1.0549566509319757, 1.0549566509319757, 1.0549566509319757, 1.0549566509319757, 1.0549566509319757, 1.0549566509319757, 1.0549566509319757, 1.0549566509319757, 1.0549566509319757], "ref_radius": [1.0549566509319757, 1.0549566509319757, 1.0549566509319757, 1.0549566509319757, 1.0549566509319757, 1.0549566509319757, 1.0549566509319757, 1.0549566509319757, 1.0549566509319757, 1.0549566509319757, 1.0549566509319757, 1.0549566509319757], "length": 20.32679906472504, "seg_id": 3, "type": "Side", "parent": 2, "children": []}, {"pos": [[-1.0246510967651252, -0.3058100351151519, 48.605069616518506], [-1.1456538425284, -0.5466895023906759, 50.430875311840744], [-1.2585861119910187, -0.7658789300150893, 52.256681007162996], [-1.3634479051529818, -0.9633783179883917, 54.08248670248523], [-1.460239222014289, -1.1391876663105835, 55.90829239780747], [-1.5489600625749405, -1.2933069749816646, 57.73409809312972], [-1.6296104268349363, -1.4257362440016352, 59.55990378845196], [-1.7021903147942763, -1.5364754733704948, 61.38570948377421], [-1.7666997264529607, -1.6255246630882438, 63.211515179096445], [-1.8231386618109888, -1.692883813154882, 65.0373208744187], [-1.8715071208683618, -1.7385529235704098, 66.86312656974093]], "radius": [0.6571244369150087, 0.975341145748672, 1.3309751284940132, 1.5878471932333127, 1.6516337752344359, 1.634966725516651, 1.618299675798866, 1.601632626081081, 1.584965576363296, 1.5682985266455107, 1.5516314769277257], "ref_radius": [1.718301974105576, 1.701634924387791, 1.684967874670006, 1.668300824952221, 1.6516337752344359, 1.634966725516651, 1.618299675798866, 1.601632626081081, 1.584965576363296, 1.5682985266455107, 1.5516314769277257], "length": 18.333754689563527, "seg_id": 4, "type": "Main", "parent": 2, "children": [5, 6]}, {"pos": [[-1.8715071208683618, -1.7385529235704098, 66.86312656974093], [-0.553660324365703, -2.1108242425776034, 68.32360036726216], [0.7431755406005003, -2.4495056845315486, 69.78407416478339], [2.019000474030249, -2.7545972494322446, 71.24454796230461], [3.273814475923542, -3.0260989372796923, 72.70502175982584], [4.507617546280379, -3.2640107480738925, 74.16549555734706], [5.720409685100763, -3.468332681814844, 75.62596935486829], [6.91219089238469, -3.639064738502546, 77.0864431523895], [8.082961168132163, -3.7762069181370004, 78.54691694991075], [9.23272051234318, -3.8797592207182063, 80.00739074743196], [10.361468925017741, -3.9497216462461635, 81.46786454495319]],