{"case_id": "RCA_6745_bc4", "artery_type": "RCA", "segments": [{"pos": [[0.0, 0.0, 0.0], [-0.17498305802110645, -0.041898405506948164, 1.8746395423237034], [-0.31815101458382994, -0.07617891910354212, 3.7492790846474073], [-0.4295038696881704, -0.10284154078978186, 5.623918626971111], [-0.509041623334128, -0.12188627056566739, 7.498558169294816], [-0.5567642755217024, -0.1333131084311987, 9.373197711618518], [-0.5726718262508939, -0.1371220543863758, 11.247837253942222], [-0.5567642755217024, -0.13331310843119873, 13.122476796265925], [-0.509041623334128, -0.12188627056566739, 14.997116338589631], [-0.4295038696881704, -0.10284154078978186, 16.871755880913334], [-0.31815101458383005, -0.07617891910354216, 18.746395423237036], [-0.17498305802110653, -0.041898405506948184, 20.621034965560742], [0.0, 0.0, 22.495674507884445]], "radius": [2.4898154609253753, 2.476810537650773, 2.3851913593315666, 2.2152727378578234, 1.9856390880885475, 1.7214060034524377, 1.4514733021198671, 1.2053641832673982, 1.0099962026382958, 0.8867372336927273, 0.8490684110709679, 0.9011096659540818, 1.0371691191228132], "ref_radius": [2.4898154609253753, 2.4898154609253753, 2.4898154609253753, 2.4898154609253753, 2.4898154609253753, 2.4898154609253753, 2.4898154609253753, 2.4898154609253753, 2.4898154609253753, 2.4898154609253753, 2.4898154609253753, 2.4898154609253753, 2.4898154609253753], "length": 22.495674507884445, "seg_id": 0, "type": "Root", "parent": null, "children": [1, 2]}, {"pos": [[0.0, 0.0, 22.495674507884445], [1.1783237646369518, 0.24227672518276624, 24.104084672310666], [2.342441239552555, 0.4218494299202739, 25.712494836736887], [3.4923524247468087, 0.5387181142125228, 27.320905001163105], [4.628057320219712, 0.592882778059513, 28.929315165589323], [5.749555925971268, 0.5843434214612446, 30.53772533001554], [6.856848242001474, 0.5131000444177175, 32.14613549444176], [7.949934268310331, 0.3791526469289318, 33.75454565886798], [9.02881400489784, 0.18250122899488752, 35.3629558232942], [10.093487451763998, -0.0768542093844154, 36.97136598772042], [11.143954608908807, -0.39891366820897695, 38.579776152146636]], "radius": [1.4909807639170396, 1.4909807639170396, 1.4909807639170396, 1.4909807639170396, 1.4909807639170396, 1.4909807639170396, 1.4909807639170396, 1.4909807639170396, 1.4909807639170396, 1.4909807639170396, 1.4909807639170396], "ref_radius": [1.4909807639170396, 1.4909807639170396, 1.4909807639170396, 1.4909807639170396, 1.4909807639170396, 1.4909807639170396, 1.4909807639170396, 1.4909807639170396, 1.4909807639170396, 1.4909807639170396, 1.4909807639170396], "length": 19.57154010656958, "seg_id": 1, "type": "Side", "parent": 0, "children": []}, {"pos": [[0.0, 0.0, 22.495674507884445], [-0.14271267845675792, -0.44332580788973747, 24.28536346398113], [-0.25879793924855715, -0.8500444053990613, 26.075052420077824], [-0.3482557823753978, -1.2201557925279716, 27.86474137617451], [-0.4110862078372798, -1.5536599692764683, 29.654430332271197], [-0.4472892156342031, -1.8505569356445513, 31.44411928836789], [-0.4568648057661677, -2.110846691632221, 33.233808244464576], [-0.4398129782331739, -2.3345292372394773, 35.023497200561266], [-0.39613373303522137, -2.5216045724663196, 36.81318615665795], [-0.32582707017231016, -2.672072697312748, 38.60287511275464], [-0.22889298964444044, -2.7859336117787636, 40.39256406885133], [-0.10533149145161186, -2.8631873158643657, 42.182253024948025], [0.044857424406175184, -2.9038338095695537, 43.97194198104471], [0.22167375792892086, -2.907873092894329, 45.761630937141405], [0.42511750911662544, -2.8753051658386894, 47.55131989323809]], "radius": [1.2423656156969853, 1.4841643669658777, 1.7414463720455693, 1.6819449566690343, 1.413284590353787, 1.168067997337334, 0.9695202868066723, 0.8358446665956696, 0.7784568961649017, 0.8009291072143605, 0.8987398612700959, 1.059844462867771, 1.2659964172183604, 1.3692927264035757, 1.0868214703709074], "ref_radius": [2.4898154609253753, 2.472999681690517, 2.456183902455659, 2.4393681232208007, 2.4225523439859424, 2.405736564751084, 2.388920785516226, 2.372105006281368, 2.3552892270465096, 2.3384734478116513, 2.321657668576793, 2.304841889341935, 2.2880261101070767, 2.2712103308722185, 2.2543945516373602], "length": 25.223668852287314, "seg_id": 2, "type": "Main", "parent": 0, "children": [3, 4]}, {"pos": [[0.42511750911662544, -2.8753051658386894, 47.55131989323809], [1.9653908033177037, -3.326864002078951, 48.826372642114485], [3.4547634827080658, -3.7470101953200983, 50.1014253909909], [4.893235547287711, -4.135743745562128, 51.376478139867295], [6.280806997056638, -4.493064652805044, 52.65153088874371], [7.617477832014849, -4.818972917048844, 53.926583637620105], [8.903248052162343, -5.113468538293527, 55.20163638649652], [10.138117657499121, -5.376551516539095, 56.47668913537291], [11.32208664802518, -5.608221851785548, 57.75174188424931], [12.455155023740526, -5.808479544032885, 59.02679463312572], [13.537322784645152, -5.977324593281106, 60.30184738200212], [14.56858993073906, -6.114756999530212, 61.57690013087853], [15.548956462022256, -6.220776762780202, 62.85195287975493]], "radius": [1.5084816217398462, 1.5084816217398462, 1.5084816217398462, 1.5084816217398462, 1.5084816217398462, 1.5084816217398462, 1.5084816217398462, 1.5084816217398462, 1.5084816217398462, 1.5084816217398462, 1.5084816217398462, 1.5084816217398462, 1.5084816217398462], "ref_radius": [1.5084816217398462, 1.5084816217398462, 1.5084816217398462, 1.5084816217398462, 1.5084816217398462, 1.5084816217398462, 1.5084816217398462, 1.5084816217398462, 1.5084816217398462, 1.5084816217398462, 1.5084816217398462, 1.5084816217398462, 1.5084816217398462], "length": 21.772277204450972, "seg_id": 3, "type": "Side", "parent": 2, "children": []}, {"pos": [[0.42511750911662544, -2.8753051658386894, 47.55131989323809], [0.35237419330377345, -3.139960159073029, 49.381066525431784], [0.30728008494006603, -3.4297093824084395, 51.210813157625466], [0.28983518402550335, -3.744552835844923, 53.040559789819156], [0.3000394905600854, -4.084490519382479, 54.87030642201285], [0.33789300454381216, -4.449522433021107, 56.70005305420655], [0.4033957259766836, -4.839648576760806, 58.52979968640024], [0.4965476548586998, -5.254868950601578, 60.35954631859393], [0.6173487911898605, -5.695183554543421, 62.18929295078762], [0.7657991349701659, -6.160592388586337, 64.01903958298129], [0.9418986861996164, -6.651095452730324, 65.848786215175], [1.1456474448782117, -7.166692746975386, 67.67853284736869], [1.377045411005951, -7.7073842713215175, 69.50827947956238], [1.6360925845828351, -8.27317002576872, 71.33802611175607]], "radius": [0.8381614797344881, 0.6466161140842746, 0.5297961174996433, 0.49721183257214796, 0.5497379033695406, 0.6796603123836436, 0.8715901107832098, 1.1041379101134159, 1.3521678272792124, 1.5893937455103302, 1.79104983750819, 1.9363640449352062, 2.0105875186305293, 2.010807484975511], "ref_radius": [2.237578772402502, 2.2201348272158103, 2.2026908820291187, 2.1852469368424274, 2.1678029916557358, 2.150359046469044, 2.1329151012823524, 2.1154711560956607, 2.098027210908969, 2.080583265722278, 2.063139320535586, 2.0456953753488945, 2.0282514301622028, 2.010807484975511], "length": 24.421523261368236, "seg_id": 4, "type": "Main", "parent": 2, "children": [5, 6]}, {"pos": [[1.6360925845828351, -8.27317002576872, 71.33802611175607], [3.0864784104106615, -8.93345803587646, 72.97972331931909], [4.533627066722865, -9.420331083284944, 74.62142052688209], [5.977538553519448, -9.733789167994173, 76.2631177344451], [7.418212870800408, -9.873832290004147, 77.90481494200812], [8.855650018565745, -9.840460449314865, 79.54651214957113]], "radius": [1.4034691502761305, 1.4034691502761305, 1.4034691502761305, 1.4034691502761305, 1.4034691502761305, 1.4034691502761305], "ref_radius": [1.4034691502761305, 1.4034691502761305, 1.4034691502761305, 1.4034691502761305, 1.4034691502761305, 1.4034691502761305], "length": 11.043443840003999, "seg_id": 5,