{"case_id": "RCA_8861_bc0", "artery_type": "RCA", "segments": [{"pos": [[0.0, 0.0, 0.0], [-0.09788258865992072, 0.03244468787979386, 1.7710846544935257], [-0.18546174693458664, 0.061474145456451544, 3.5421693089870523], [-0.26273747482399773, 0.08708837272997301, 5.3132539634805775], [-0.32970977232815407, 0.10928736970035831, 7.084338617974105], [-0.38637863944705547, 0.12807113636760736, 8.855423272467629], [-0.43274407618070215, 0.14343967273172026, 10.626507926961157], [-0.46880608252909395, 0.15539297879269692, 12.397592581454681], [-0.49456465849223097, 0.16393105455053741, 14.168677235948207], [-0.5100198040701133, 0.16905390000524173, 15.939761890441734], [-0.5151715192627406, 0.17076151515680982, 17.710846544935258], [-0.5100198040701133, 0.16905390000524173, 19.481931199428786], [-0.49456465849223097, 0.16393105455053741, 21.253015853922314], [-0.46880608252909395, 0.15539297879269692, 23.024100508415835], [-0.43274407618070204, 0.14343967273172023, 24.795185162909362], [-0.38637863944705547, 0.12807113636760736, 26.566269817402887], [-0.32970977232815396, 0.10928736970035827, 28.337354471896415], [-0.2627374748239976, 0.08708837272997297, 30.10843912638994], [-0.18546174693458659, 0.06147414545645152, 31.879523780883467], [-0.0978825886599206, 0.03244468787979382, 33.65060843537699], [0.0, 0.0, 35.421693089870516]], "radius": [2.6673032340233456, 2.6673032340233456, 2.6673032340233456, 2.6673032340233456, 2.6673032340233456, 2.6673032340233456, 2.6673032340233456, 2.666957979610503, 2.4853555375111465, 2.02720416762668, 1.4375794894950722, 0.9031887162725096, 0.5932490054241959, 0.605904111452221, 0.9371467401127702, 1.482087475529092, 2.068168468923096, 2.5098046302894748, 2.6673032340233456, 2.6673032340233456, 2.6673032340233456], "ref_radius": [2.6673032340233456, 2.6673032340233456, 2.6673032340233456, 2.6673032340233456, 2.6673032340233456, 2.6673032340233456, 2.6673032340233456, 2.6673032340233456, 2.6673032340233456, 2.6673032340233456, 2.6673032340233456, 2.6673032340233456, 2.6673032340233456, 2.6673032340233456, 2.6673032340233456, 2.6673032340233456, 2.6673032340233456, 2.6673032340233456, 2.6673032340233456, 2.6673032340233456, 2.6673032340233456], "length": 35.421693089870516, "seg_id": 0, "type": "Root", "parent": null, "children": [1, 2]}, {"pos": [[0.0, 0.0, 35.421693089870516], [0.9505394055346585, -0.09769317506302452, 36.90586084399338], [1.9418462134396974, -0.2036744770002344, 38.39002859811623], [2.973920423715116, -0.31794390581162957, 39.874196352239096], [4.046762036360915, -0.44050146149721014, 41.35836410636196], [5.160371051377096, -0.5713471440569761, 42.842531860484826], [6.314747468763654, -0.7104809534909271, 44.32669961460769], [7.509891288520594, -0.8579028897990638, 45.810867368730555], [8.745802510647914, -1.0136129529813858, 47.29503512285341], [10.022481135145615, -1.177611143037893, 48.77920287697628], [11.339927162013696, -1.3498974599685858, 50.263370631099136], [12.698140591252155, -1.5304719037734635, 51.747538385222]], "radius": [1.803335138219084, 1.803335138219084, 1.803335138219084, 1.803335138219084, 1.803335138219084, 1.803335138219084, 1.803335138219084, 1.803335138219084, 1.803335138219084, 1.803335138219084, 1.803335138219084, 1.803335138219084], "ref_radius": [1.803335138219084, 1.803335138219084, 1.803335138219084, 1.803335138219084, 1.803335138219084, 1.803335138219084, 1.803335138219084, 1.803335138219084, 1.803335138219084, 1.803335138219084, 1.803335138219084, 1.803335138219084], "length": 20.73929466812205, "seg_id": 1, "type": "Side", "parent": 0, "children": []}, {"pos": [[0.0, 0.0, 35.421693089870516], [-0.24129318000984518, -0.20058146275657593, 37.21715038806157], [-0.4574095485271126, -0.39196295433364986, 39.01260768625262], [-0.6483491055518023, -0.5741444747312218, 40.808064984443675], [-0.814111851083914, -0.7471260239492916, 42.60352228263473], [-0.9546977851234482, -0.9109076019878597, 44.39897958082579], [-1.0701069076704046, -1.0654892088469254, 46.194436879016834], [-1.1603392187247832, -1.2108708445264895, 47.98989417720789], [-1.2253947182865839, -1.3470525090265513, 49.78535147539894], [-1.2652734063558069, -1.4740342023471111, 51.58080877358999], [-1.279975282932452, -1.591815924488169, 53.37626607178105], [-1.2695003480165195, -1.7003976754497252, 55.171723369972106], [-1.2338486016080092, -1.799779455231779, 56.96718066816316], [-1.1730200437069211, -1.8899612638343308, 58.76263796635421]], "radius": [2.6673032340233456, 2.6505555927436593, 2.633807951463973, 2.6170603101842866, 2.6003126689046003, 2.583565027624914, 2.5668173863452277, 2.5005487917407074, 2.0905184614509476, 1.446348771492073, 0.8333352125876596, 0.5003832745351364, 0.5772758179241679, 1.0225844360199405], "ref_radius": [2.6673032340233456, 2.6505555927436593, 2.633807951463973, 2.6170603101842866, 2.6003126689046003, 2.583565027624914, 2.5668173863452277, 2.5500697450655414, 2.533322103785855, 2.516574462506169, 2.4998268212264825, 2.483079179946796, 2.46633153866711, 2.4495838973874235], "length": 23.446697791560815, "seg_id": 2, "type": "Main", "parent": 0, "children": [3, 4]}, {"pos": [[-1.1730200437069211, -1.8899612638343308, 58.76263796635421], [-0.36903081384373937, -1.5861291559000155, 60.50603570301835], [0.46623435539358216, -1.352782830498459, 62.24943343968247], [1.3327754640050435, -1.1899222876296607, 63.99283117634658], [2.230592511990644, -1.0975475272936213, 65.7362289130107], [3.159685499350384, -1.0756585494903408, 67.47962664967483], [4.120054426084264, -1.124255354219819, 69.22302438633895], [5.1116992921922835, -1.2433379414820562, 70.96642212300307], [6.134620097674443, -1.432906311277052, 72.70981985966719], [7.188816842530741, -1.6929604636048063, 74.45321759633131], [8.274289526761178, -2.0235003984653193, 76.19661533299544]], "radius": [1.7952319095792726, 1.7952319095792726, 1.7952319095792726, 1.7952319095792726, 1.7952319095792726, 1.7952319095792726, 1.7952319095792726, 1.7952319095792726, 1.7952319095792726, 1.7952319095792726, 1.7952319095792726], "ref_radius": [1.7952319095792726, 1.7952319095792726, 1.7952319095792726, 1.7952319095792726, 1.7952319095792726, 1.7952319095792726, 1.7952319095792726, 1.7952319095792726, 1.7952319095792726, 1.7952319095792726, 1.7952319095792726], "length": 19.8296005416472, "seg_id": 3, "type": "Side", "parent": 2, "children": []}, {"pos": [[-1.1730200437069211, -1.8899612638343308, 58.76263796635421], [-1.4580920816216802, -1.6525117289630904, 60.71254966234474], [-1.7109075459525498, -1.4556057448396666, 62.66246135833528], [-1.93146643669953, -1.2992433114640594, 64.61237305432581], [-2.1197687538626204, -1.183424428836269, 66.56228475031635], [-2.275814497441821, -1.1081490969562946, 68.5121964463069], [-2.3996036674371317, -1.0734173158241374, 70.46210814229744], [-2.491136263848553, -1.0792290854397963, 72.41201983828796], [-2.5504122866760843, -1.1255844058032718, 74.36193153427851], [-2.5774317359197267, -1.212483276914564, 76.31184323026905], [-2.5721946115794787, -1.3399256987736727, 78.26175492625958], [-2.5347009136553416, -1.5079116713805978, 80.21166662225012]], "radius": [1.6431026271889793, 2.1747520915647853, 2.395227570113748, 2.379097247524346, 2.361184244663216, 2.3432712418020856, 2.3253582389409555, 2.307445236079825, 2.289532233218695, 2.2716192303575644, 2.2537062274964343, 2.235793224635304], "ref_radius": [2.4328362561077372, 2.4149232532466067, 2.3970102503854767, 2.379097247524346, 2.361184244663216, 2.3432712418020856, 2.3253582389409555, 2.307445236079825, 2.289532233218695, 2.2716192303575644, 2.2537062274964343, 2.235793224635304], "length": 21.495603433356354, "seg_id": 4, "type": "Main", "parent": 2,