{"case_id": "RCA_4763_bc2", "artery_type": "RCA", "segments": [{"pos": [[0.0, 0.0, 0.0], [-0.09512897739692115, -0.09267003263319688, 1.8017213501584912], [-0.17968806841640658, -0.17504339497381632, 3.603442700316982], [-0.25367727305845633, -0.2471200870218583, 5.405164050475472], [-0.3170965913230705, -0.30890010877732293, 7.206885400633964], [-0.3699460232102489, -0.3603834602402101, 9.008606750792456], [-0.4122255687199916, -0.40157014141051983, 10.810328100950946], [-0.4439352278522986, -0.4324601522882521, 12.612049451109435], [-0.46507500060717005, -0.453053492873407, 14.413770801267926], [-0.4756448869846058, -0.4633501631659845, 16.215492151426417], [-0.4756448869846057, -0.46335016316598443, 18.01721350158491], [-0.46507500060717005, -0.453053492873407, 19.8189348517434], [-0.44393522785229866, -0.43246015228825213, 21.62065620190189], [-0.4122255687199917, -0.4015701414105199, 23.42237755206038], [-0.3699460232102489, -0.3603834602402101, 25.224098902218874], [-0.3170965913230705, -0.30890010877732293, 27.02582025237737], [-0.25367727305845644, -0.24712008702185842, 28.827541602535856], [-0.17968806841640678, -0.1750433949738165, 30.629262952694344], [-0.09512897739692124, -0.09267003263319697, 32.430984302852835], [0.0, 0.0, 34.23270565301133]], "radius": [1.9872273063416186, 1.9872273063416186, 1.9872273063416186, 1.9872273063416186, 1.9872273063416186, 1.9872273063416186, 1.9872273063416186, 1.9872273063416186, 1.9872273063416186, 1.9872273063416186, 1.9872273063416186, 1.9872273063416186, 1.9872273063416186, 1.9872273063416186, 1.9872273063416186, 1.9872273063416186, 1.9872273063416186, 1.9699757887628029, 1.7051981730590613, 1.22475026962596], "ref_radius": [1.9872273063416186, 1.9872273063416186, 1.9872273063416186, 1.9872273063416186, 1.9872273063416186, 1.9872273063416186, 1.9872273063416186, 1.9872273063416186, 1.9872273063416186, 1.9872273063416186, 1.9872273063416186, 1.9872273063416186, 1.9872273063416186, 1.9872273063416186, 1.9872273063416186, 1.9872273063416186, 1.9872273063416186, 1.9872273063416186, 1.9872273063416186, 1.9872273063416186], "length": 34.23270565301133, "seg_id": 0, "type": "Root", "parent": null, "children": [1, 2]}, {"pos": [[0.0, 0.0, 34.23270565301133], [1.2910128531101273, -0.19811446449599443, 35.571057537965], [2.5754514022495223, -0.33665111844521795, 36.90940942291867], [3.8533156474181838, -0.4156099618476704, 38.24776130787233], [5.124605588616113, -0.434990994703352, 39.586113192826005], [6.389321225843308, -0.3947942170122627, 40.92446507777967], [7.647462559099774, -0.29501962877440235, 42.26281696273334], [8.899029588385503, -0.13566722998977104, 43.601168847687006], [10.144022313700502, 0.08326297934163113, 44.93952073264067], [11.382440735044765, 0.36177099921980405, 46.27787261759434], [12.614284852418297, 0.699856829644748, 47.61622450254801]], "radius": [1.40949042518376, 1.40949042518376, 1.40949042518376, 1.40949042518376, 1.40949042518376, 1.40949042518376, 1.40949042518376, 1.40949042518376, 1.40949042518376, 1.40949042518376, 1.40949042518376], "ref_radius": [1.40949042518376, 1.40949042518376, 1.40949042518376, 1.40949042518376, 1.40949042518376, 1.40949042518376, 1.40949042518376, 1.40949042518376, 1.40949042518376, 1.40949042518376, 1.40949042518376], "length": 18.40457982991879, "seg_id": 1, "type": "Side", "parent": 0, "children": []}, {"pos": [[0.0, 0.0, 34.23270565301133], [-0.38208073884856536, 0.18676802494790662, 36.00551718722591], [-0.7428856623561777, 0.3798514131033366, 37.77832872144049], [-1.082414770522837, 0.57925016446629, 39.551140255655085], [-1.4006680633485433, 0.7849642790367664, 41.32395178986965], [-1.6976455408332967, 0.9969937568147664, 43.096763324084236], [-1.9733472029770966, 1.2153385978002895, 44.869574858298826], [-2.2277730497799437, 1.4399988019933359, 46.6423863925134], [-2.460923081241838, 1.6709743693939059, 48.415197926727984], [-2.672797297362779, 1.9082653000019991, 50.18800946094257], [-2.8633956981427673, 2.151871593817616, 51.96082099515715], [-3.0327182835818016, 2.401793250840755, 53.73363252937173], [-3.1807650536798837, 2.6580302710714183, 55.506444063586315], [-3.3075360084370127, 2.920582654509605, 57.2792555978009], [-3.4130311478531885, 3.189450401155314, 59.05206713201547], [-3.497250471928411, 3.4646335110085476, 60.824878666230056], [-3.5601939806626812, 3.7461319840693035, 62.597690200444646], [-3.6018616740559977, 4.033945820337584, 64.37050173465923], [-3.6222535521083614, 4.328075019813387, 66.14331326887381]], "radius": [0.7313655927238318, 0.4295182311856569, 0.4483337882227252, 0.7701201608399326, 1.2506351088231482, 1.68169634111236, 1.8794901816907397, 1.8678372918221342, 1.850781575462208, 1.8337258591022816, 1.8166701427423553, 1.799614426382429, 1.7825587100225024, 1.7655029936625761, 1.7484472773026498, 1.7313915609427235, 1.7143358445827972, 1.6972801282228707, 1.6802244118629446], "ref_radius": [1.9872273063416186, 1.9701715899816923, 1.953115873621766, 1.9360601572618397, 1.9190044409019131, 1.9019487245419868, 1.8848930081820605, 1.8678372918221342, 1.850781575462208, 1.8337258591022816, 1.8166701427423553, 1.799614426382429, 1.7825587100225024, 1.7655029936625761, 1.7484472773026498, 1.7313915609427235, 1.7143358445827972, 1.6972801282228707, 1.6802244118629446], "length": 32.405861083860046, "seg_id": 2, "type": "Main", "parent": 0, "children": [3, 4]}, {"pos": [[-3.6222535521083614, 4.328075019813387, 66.14331326887381], [-2.6912894843946273, 4.4259954201656075, 67.6736165821339], [-1.752138925331563, 4.53852915617424, 69.20391989539397], [-0.8048018749191684, 4.665676227839285, 70.73422320865406], [0.1507216668425556, 4.807436635160741, 72.26452652191414], [1.11443169995361, 4.963810378138608, 73.79482983517421], [2.086328224413995, 5.134797456772887, 75.32513314843428], [3.066411240223709, 5.320397871063578, 76.85543646169437], [4.054680747382752, 5.52061162101068, 78.38573977495444], [5.051136745891127, 5.735438706614195, 79.91604308821452], [6.0557792357488305, 5.96487912787412, 81.4463464014746], [7.068608216955864, 6.208932884790458, 82.97664971473468], [8.08962368951223, 6.467599977363207, 84.50695302799475], [9.118825653417924, 6.740880405592369, 86.03725634125485], [10.156214108672946, 7.028774169477941, 87.56755965451491], [11.2017890552773, 7.331281269019925, 89.09786296777499]], "radius": [1.1725305543986886, 1.1725305543986886, 1.1725305543986886, 1.1725305543986886, 1.1725305543986886, 1.1725305543986886, 1.1725305543986886, 1.1725305543986886, 1.1725305543986886, 1.1725305543986886, 1.1725305543986886, 1.1725305543986886, 1.1725305543986886, 1.1725305543986886, 1.1725305543986886, 1.1725305543986886], "ref_radius": [1.1725305543986886, 1.1725305543986886, 1.1725305543986886, 1.1725305543986886, 1.1725305543986886, 1.1725305543986886, 1.1725305543986886, 1.1725305543986886, 1.1725305543986886, 1.1725305543986886, 1.1725305543986886, 1.1725305543986886, 1.1725305543986886, 1.1725305543986886, 1.1725305543986886, 1.1725305543986886], "length": 27.489686045500463, "seg_id": 3, "type": "Side", "parent": 2,