{"case_id": "RCA_629_bc6", "artery_type": "RCA", "segments": [{"pos": [[0.0, 0.0, 0.0], [0.11375140804755197, -0.1580624644032118, 1.9045868726192834], [0.21000259947240363, -0.2918076265905449, 3.8091737452385668], [0.28875357427455495, -0.4012354865619992, 5.71376061785785], [0.35000433245400603, -0.4863460443175748, 7.618347490477133], [0.39375487401075676, -0.5471392998572716, 9.522934363096415], [0.4200051989448072, -0.5836152531810896, 11.427521235715698], [0.4287553072561574, -0.5957739042890291, 13.332108108334983], [0.42000519894480726, -0.5836152531810898, 15.236694980954265], [0.3937548740107568, -0.5471392998572716, 17.14128185357355], [0.3500043324540061, -0.48634604431757483, 19.04586872619283], [0.288753574274555, -0.40123548656199925, 20.950455598812116], [0.21000259947240368, -0.29180762659054493, 22.8550424714314], [0.11375140804755209, -0.15806246440321198, 24.75962934405068], [0.0, 0.0, 26.664216216669967]], "radius": [2.31412012919415, 2.31412012919415, 2.31412012919415, 2.31412012919415, 2.31412012919415, 2.31412012919415, 2.31412012919415, 2.31412012919415, 2.222441248147141, 1.9411459674292695, 1.5521820153072419, 1.1699345034578128, 0.9068133971040377, 0.8401963991682306, 0.9896739953673488], "ref_radius": [2.31412012919415, 2.31412012919415, 2.31412012919415, 2.31412012919415, 2.31412012919415, 2.31412012919415, 2.31412012919415, 2.31412012919415, 2.31412012919415, 2.31412012919415, 2.31412012919415, 2.31412012919415, 2.31412012919415, 2.31412012919415, 2.31412012919415], "length": 26.664216216669967, "seg_id": 0, "type": "Root", "parent": null, "children": [1, 2]}, {"pos": [[0.0, 0.0, 26.664216216669967], [0.9415697594855243, -0.15450080955079587, 28.174202561621453], [1.9155822395776816, -0.30800325182634763, 29.684188906572935], [2.922037440276472, -0.46050732682665535, 31.19417525152441], [3.960935361581895, -0.612013034551719, 32.7041615964759], [5.032276003493951, -0.7625203750015384, 34.214147941427385], [6.136059366012641, -0.9120293481761137, 35.72413428637887], [7.272285449137964, -1.060539954075445, 37.234120631330356], [8.440954252869918, -1.208052192699532, 38.74410697628183], [9.642065777208504, -1.3545660640483748, 40.25409332123331], [10.875620022153726, -1.5000815681219737, 41.7640796661848], [12.141616987705582, -1.6445987049203288, 43.274066011136284], [13.440056673864069, -1.7881174744434394, 44.78405235608777], [14.770939080629187, -1.9306378766913057, 46.29403870103925]], "radius": [1.467254974662292, 1.467254974662292, 1.467254974662292, 1.467254974662292, 1.467254974662292, 1.467254974662292, 1.467254974662292, 1.467254974662292, 1.467254974662292, 1.467254974662292, 1.467254974662292, 1.467254974662292, 1.467254974662292, 1.467254974662292], "ref_radius": [1.467254974662292, 1.467254974662292, 1.467254974662292, 1.467254974662292, 1.467254974662292, 1.467254974662292, 1.467254974662292, 1.467254974662292, 1.467254974662292, 1.467254974662292, 1.467254974662292, 1.467254974662292, 1.467254974662292, 1.467254974662292], "length": 24.642198252234387, "seg_id": 1, "type": "Side", "parent": 0, "children": []}, {"pos": [[0.0, 0.0, 26.664216216669967], [-0.1822605923213488, -0.14170715148866242, 28.48550668768073], [-0.3456721936042621, -0.2670565371766666, 30.306797158691495], [-0.49023480384873996, -0.37604815706401273, 32.12808762970226], [-0.6159484230547821, -0.46868201115070063, 33.94937810071302], [-0.7228130512223889, -0.5449580994367303, 35.77066857172378], [-0.8108286883515603, -0.604876421922102, 37.591959042734544], [-0.8799953344422959, -0.6484369786068153, 39.4132495137453], [-0.9303129894945962, -0.6756397694908706, 41.23453998475607], [-0.9617816535084609, -0.6864847945742676, 43.05583045576683], [-0.9744013264838901, -0.6809720538570064, 44.87712092677759], [-0.9681720084208838, -0.6591015473390871, 46.69841139778835], [-0.943093699319442, -0.6208732750205097, 48.51970186879912], [-0.8991663991795646, -0.566287236901274, 50.34099233980988], [-0.8363901080012519, -0.49534343298138034, 52.162282810820635], [-0.7547648257845035, -0.4080418632608284, 53.9835732818314], [-0.6542905525293197, -0.3043825277396182, 55.80486375284217], [-0.5349672882357002, -0.1843654264177499, 57.62615422385293], [-0.3967950329036452, -0.04799055929522334, 59.44744469486369]], "radius": [1.3112883550563423, 1.697705965694367, 2.0389351227896695, 2.232556605587607, 2.245097676904404, 2.227842063831967, 2.2105864507595308, 2.1933308376870944, 2.1760752246146575, 2.158819611542221, 2.1415639984697847, 2.124308385397348, 2.0840910640456993, 1.829498453094983, 1.3969689302291992, 0.9311780911340715, 0.585594110755641, 0.47073276090638627, 0.617717762093889], "ref_radius": [2.31412012919415, 2.2968645161217136, 2.2796089030492768, 2.2623532899768404, 2.245097676904404, 2.227842063831967, 2.2105864507595308, 2.1933308376870944, 2.1760752246146575, 2.158819611542221, 2.1415639984697847, 2.124308385397348, 2.1070527723249115, 2.089797159252475, 2.0725415461800383, 2.055285933107602, 2.0380303200351655, 2.0207747069627287, 2.0035190938902923], "length": 32.78566483762942, "seg_id": 2, "type": "Main", "parent": 0, "children": [3, 4]}, {"pos": [[-0.3967950329036452, -0.04799055929522334, 59.44744469486369], [1.0525159546414071, -0.19064928043701274, 60.7542414783961], [2.493977116984386, -0.32227683380243155, 62.06103826192851], [3.9275884541252912, -0.4428732193914796, 63.367835045460936], [5.353349966064125, -0.5524384372041573, 64.67463182899336], [6.771261652800884, -0.6509724872404642, 65.98142861252576], [8.18132351433557, -0.7384753695004004, 67.28822539605818], [9.583535550668184, -0.8149470839839661, 68.59502217959059], [10.977897761798726, -0.880387630691161, 69.901818963123], [12.364410147727193, -0.9347970096219855, 71.20861574665543], [13.743072708453585, -0.9781752207764393, 72.51541253018783], [15.113885443977907, -1.0105222641545224, 73.82220931372025]], "radius": [1.1905076158611518, 1.1905076158611518, 1.1905076158611518, 1.1905076158611518, 1.1905076158611518, 1.1905076158611518, 1.1905076158611518, 1.1905076158611518, 1.1905076158611518, 1.1905076158611518, 1.1905076158611518, 1.1905076158611518], "ref_radius": [1.1905076158611518, 1.1905076158611518, 1.1905076158611518, 1.1905076158611518, 1.1905076158611518, 1.1905076158611518, 1.1905076158611518, 1.1905076158611518, 1.1905076158611518, 1.1905076158611518, 1.1905076158611518, 1.1905076158611518], "length": 21.169353650650372, "seg_id": 3, "type": "Side", "parent": 2, "children": []}, {"pos": [[-0.3967950329036452, -0.04799055929522334, 59.44744469486369], [0.07943164348437952, -0.4465294581533433, 61.33214133488929], [0.48730470055739916, -0.8258682971067186, 63.2168379749149], [0.8268241383154139, -1.1860070761553492, 65.10153461494049], [1.0979899567584233, -1.526945795299235, 66.98623125496609], [1.3008021558864278, -1.8486844545383758, 68.8709278949917], [1.4352607356994276, -2.151223053872773, 70.75562453501729], [1.5013656961974218, -2.4345615933024245, 72.64032117504289], [1.4991170373804112, -2.698700072827332, 74.5250178150685], [1.4285147592483955, -2.9436384924474943, 76.4097144550941], [1.2895588618013751, -3.169376852162912, 78.2944110951197]], "radius": [0.9691529098768055, 1.3997920345294386, 1.7600713081795434, 1.9266341970496612, 1.916525365331405, 1.8990908364597923, 1.8816563075881796, 1.8642217787165667, 1.846787249844954, 1.8293527209733413, 1.8119181921017287], "ref_radius": [1.9862634808178559, 1.9688289519462432, 1.9513944230746305, 1.9339598942030176, 1.916525365331405, 1.8990908364597923, 1.8816563075881796, 1.8642217787165667, 1.846787249844954, 1.8293527209733413, 1.8119181921017287], "length": 19.177981758774, "seg_id": 4, "type": "Main", "parent": 2,