{"case_id": "LAD_1732", "artery_type": "LAD", "segments": [{"pos": [[0.0, 0.0, 0.0], [0.10183458832208607, 0.01976053687235604, 1.786357853100212], [0.19235422238616254, 0.03732545853667251, 3.572715706200423], [0.27155890219222945, 0.05269476499294943, 5.359073559300635], [0.33944862774028683, 0.0658684562411868, 7.145431412400847], [0.3960233990303347, 0.07684653228138459, 8.93178926550106], [0.4412832160623729, 0.08562899311354283, 10.71814711860127], [0.47522807883640156, 0.0922158387376615, 12.504504971701483], [0.49785798735242076, 0.09660706915374064, 14.290862824801694], [0.5091729416104304, 0.0988026843617802, 16.077220677901906], [0.5091729416104304, 0.09880268436178019, 17.86357853100212], [0.49785798735242076, 0.09660706915374064, 19.649936384102332], [0.4752280788364016, 0.09221583873766151, 21.436294237202542], [0.44128321606237303, 0.08562899311354286, 23.222652090302752], [0.3960233990303347, 0.07684653228138459, 25.009009943402965], [0.33944862774028683, 0.0658684562411868, 26.79536779650318], [0.27155890219222956, 0.05269476499294945, 28.58172564960339], [0.19235422238616273, 0.03732545853667255, 30.368083502703595], [0.10183458832208615, 0.019760536872356058, 32.15444135580381], [0.0, 0.0, 33.940799208904025]], "radius": [2.5971027992690137, 2.5971027992690137, 2.5971027992690137, 2.5971027992690137, 2.5971027992690137, 2.5971027992690137, 2.5259215700550053, 2.161346285172912, 1.6033717765439635, 1.0391939632146876, 0.6580899226116905, 0.5879169672640381, 0.8522175541574304, 1.3623209814893484, 1.947091689460083, 2.4103438516256084, 2.5966601273981764, 2.5971027992690137, 2.5971027992690137, 2.5971027992690137], "ref_radius": [2.5971027992690137, 2.5971027992690137, 2.5971027992690137, 2.5971027992690137, 2.5971027992690137, 2.5971027992690137, 2.5971027992690137, 2.5971027992690137, 2.5971027992690137, 2.5971027992690137, 2.5971027992690137, 2.5971027992690137, 2.5971027992690137, 2.5971027992690137, 2.5971027992690137, 2.5971027992690137, 2.5971027992690137, 2.5971027992690137, 2.5971027992690137, 2.5971027992690137], "length": 33.940799208904025, "seg_id": 0, "type": "Root", "parent": null, "children": [1, 2]}, {"pos": [[0.0, 0.0, 33.940799208904025], [1.4506228560016339, 0.22281934492573527, 35.34274590240299], [2.8460029675064997, 0.3556604088946828, 36.74469259590196], [4.186140334514598, 0.3985231919068427, 38.14663928940092], [5.471034957025928, 0.3514076939622147, 39.54858598289989], [6.700686835040491, 0.2143139150607991, 40.95053267639886], [7.875095968558284, -0.012758144797404003, 42.35247936989782], [8.99426235757931, -0.3298084856123948, 43.754426063396785], [10.058186002103568, -0.7368371073841737, 45.15637275689576], [11.066866902131059, -1.2338440101127404, 46.55831945039473]], "radius": [1.602581786097721, 1.602581786097721, 1.602581786097721, 1.602581786097721, 1.602581786097721, 1.602581786097721, 1.602581786097721, 1.602581786097721, 1.602581786097721, 1.602581786097721], "ref_radius": [1.602581786097721, 1.602581786097721, 1.602581786097721, 1.602581786097721, 1.602581786097721, 1.602581786097721, 1.602581786097721, 1.602581786097721, 1.602581786097721, 1.602581786097721], "length": 16.828539185419586, "seg_id": 1, "type": "Side", "parent": 0, "children": []}, {"pos": [[0.0, 0.0, 33.940799208904025], [0.20315644928239876, -0.045672228374167866, 35.85619137495718], [0.36324008742190167, -0.13024656056936437, 37.77158354101034], [0.48025091441850853, -0.2537229965855895, 39.686975707063496], [0.5541889302722197, -0.41610153642284325, 41.60236787311665], [0.5850541349830349, -0.6173821800811256, 43.51776003916981], [0.5728465285509541, -0.8575649275604367, 45.43315220522296], [0.5175661109759776, -1.136649778860776, 47.34854437127612], [0.41921288225810505, -1.4546367339821447, 49.26393653732927], [0.27778684239733653, -1.8115257929245416, 51.179328703382424], [0.0932879913936725, -2.2073169556879666, 53.094720869435584], [-0.1342836707528878, -2.6420102222724213, 55.010113035488736], [-0.40492814404234406, -3.115605592677904, 56.925505201541895]], "radius": [2.5971027992690137, 2.5792578444920053, 2.561412889714997, 2.5435679349379887, 2.5257229801609804, 2.507878025383972, 2.4900330706069638, 2.4721881158299555, 2.454343161052947, 2.436498206275939, 2.4186532514989305, 2.400808296721922, 2.382963341944914], "ref_radius": [2.5971027992690137, 2.5792578444920053, 2.561412889714997, 2.5435679349379887, 2.5257229801609804, 2.507878025383972, 2.4900330706069638, 2.4721881158299555, 2.454343161052947, 2.436498206275939, 2.4186532514989305, 2.400808296721922, 2.382963341944914], "length": 23.19844121011079, "seg_id": 2, "type": "Main", "parent": 0, "children": [3, 4]}, {"pos": [[-0.40492814404234406, -3.115605592677904, 56.925505201541895], [1.2464211829769074, -3.2198670899742288, 58.62472648034631], [2.805851197224003, -3.3087366287486497, 60.32394775915071], [4.273361898698944, -3.382214209001167, 62.023169037955114], [5.64895328740173, -3.4402998307317816, 63.722390316759515], [6.93262536333236, -3.482993493940494, 65.42161159556393], [8.124378126490834, -3.5102951986273023, 67.12083287436833]], "radius": [1.2970663914257885, 1.2970663914257885, 1.2970663914257885, 1.2970663914257885, 1.2970663914257885, 1.2970663914257885, 1.2970663914257885], "ref_radius": [1.2970663914257885, 1.2970663914257885, 1.2970663914257885, 1.2970663914257885, 1.2970663914257885, 1.2970663914257885, 1.2970663914257885], "length": 13.298479300202024, "seg_id": 3, "type": "Side", "parent": 2, "children": []}, {"pos": [[-0.40492814404234406, -3.115605592677904, 56.925505201541895], [-0.7205993650305762, -3.467690687186302, 58.86536909613902], [-0.9864593573833145, -3.7554025582726562, 60.805232990736144], [-1.2025081211005593, -3.978741205936965, 62.745096885333254], [-1.36874565618231, -4.137706630179231, 64.68496077993038], [-1.4851719626285675, -4.232298830999453, 66.6248246745275], [-1.551787040439331, -4.262517808397632, 68.56468856912463], [-1.5685908896146012, -4.228363562373767, 70.50455246372174], [-1.5355835101543778, -4.129836092927858, 72.44441635831886], [-1.4527649020586604, -3.9669354000599055, 74.38428025291599], [-1.3201350653274495, -3.7396614837699085, 76.3241441475131]], "radius": [2.3651183871679056, 2.3474545322490283, 2.329790677330151, 2.312126822411274, 2.2944629674923966, 2.276799112573519, 2.2591352576546417, 2.2414714027357645, 2.2238075478168873, 2.20614369289801, 2.188479837979133], "ref_radius": [2.3651183871679056, 2.3474545322490283, 2.329790677330151, 2.312126822411274, 2.2944629674923966, 2.276799112573519, 2.2591352576546417, 2.2414714027357645, 2.2238075478168873, 2.20614369289801, 2.188479837979133], "length": 19.43024041076501, "seg_id": 4, "type": "Main", "parent": 2, "children": [5, 6]}, {"pos": [[-1.3201350653274495, -3.7396614837699085, 76.3241441475131], [-0.08066641710792807, -3.610699727888517, 77.90777751292038], [1.1908827862857492, -3.5195668716092023, 79.49141087832767], [2.494512544853582, -3.466262914931966, 81.07504424373496], [3.830222858595571, -3.4507878578568065, 82.65867760914225], [5.198013727511716, -3.473141700383725, 84.24231097454955], [6.597885151602017, -3.533324442512721, 85.82594433995683], [8.029837130866474, -3.6313360842437943, 87.40957770536411], [9.493869665305086, -3.7671766255769445, 88.99321107077141]], "radius": [1.4531809596346457, 1.4531809596346457, 1.4531809596346457, 1.4531809596346457, 1.4531809596346457, 1.4531809596346457, 1.4531809596346457, 1.4531809596346457, 1.4531809596346457], "ref_radius": [1.4531809596346457, 1.4531809596346457, 1.4531809596346457, 1.4531809596346457, 1.4531809596346457, 1.4531809596346457, 1.4531809596346457, 1.4531809596346457, 1.4531809596346457], "length": 16.656791771021492, "seg_id": 5, "type": "Side", "parent": 4,