{"case_id": "LAD_2585", "artery_type": "LAD", "segments": [{"pos": [[0.0, 0.0, 0.0], [0.01903296459740591, -0.181191961171825, 1.8605411490269617], [0.03534693425232527, -0.3364993564619608, 3.7210822980539238], [0.048941908964758064, -0.4659221858704073, 5.581623447080886], [0.0598178887347043, -0.5694604493971643, 7.442164596107847], [0.06797487356216397, -0.6471141470422322, 9.302705745134809], [0.07341286344713709, -0.6988832788056107, 11.16324689416177], [0.07613185838962364, -0.7247678446873, 13.023788043188732], [0.07613185838962364, -0.7247678446873, 14.884329192215693], [0.07341286344713709, -0.6988832788056107, 16.744870341242656], [0.06797487356216397, -0.6471141470422322, 18.605411490269617], [0.059817888734704304, -0.5694604493971644, 20.465952639296578], [0.04894190896475805, -0.4659221858704071, 22.326493788323543], [0.035346934252325254, -0.3364993564619607, 24.187034937350504], [0.019032964597405905, -0.18119196117182498, 26.047576086377465], [0.0, 0.0, 27.908117235404426]], "radius": [2.185344539074058, 2.185344539074058, 2.185344539074058, 2.185344539074058, 2.1843406421101537, 2.1396138480580866, 2.0322445754832725, 1.871680656040289, 1.6720507211738507, 1.4509209699705563, 1.227749452327612, 1.0221738809557757, 0.8522836341663471, 0.7330280025052107, 0.6749007436813961, 0.6830166968173053], "ref_radius": [2.185344539074058, 2.185344539074058, 2.185344539074058, 2.185344539074058, 2.185344539074058, 2.185344539074058, 2.185344539074058, 2.185344539074058, 2.185344539074058, 2.185344539074058, 2.185344539074058, 2.185344539074058, 2.185344539074058, 2.185344539074058, 2.185344539074058, 2.185344539074058], "length": 27.908117235404426, "seg_id": 0, "type": "Root", "parent": null, "children": [1, 2]}, {"pos": [[0.0, 0.0, 27.908117235404426], [1.152974356693493, 0.17143233783008818, 29.288112151686967], [2.3228728732761916, 0.27991490405301694, 30.66810706796952], [3.5096955497480953, 0.3254476986687862, 32.048101984252064], [4.713442386109206, 0.308030721677396, 33.42809690053461], [5.934113382359522, 0.22766397307884634, 34.808091816817154], [7.1717085384990416, 0.08434745287313739, 36.1880867330997], [8.426227854527768, -0.12191883893973121, 37.56808164938225], [9.697671330445703, -0.3911349023597594, 38.94807656566479], [10.986038966252842, -0.7233007373869469, 40.32807148194735], [12.291330761949185, -1.118416344021294, 41.70806639822989], [13.613546717534733, -1.5764817222628, 43.08806131451244]], "radius": [1.3745912851857327, 1.3745912851857327, 1.3745912851857327, 1.3745912851857327, 1.3745912851857327, 1.3745912851857327, 1.3745912851857327, 1.3745912851857327, 1.3745912851857327, 1.3745912851857327, 1.3745912851857327, 1.3745912851857327], "ref_radius": [1.3745912851857327, 1.3745912851857327, 1.3745912851857327, 1.3745912851857327, 1.3745912851857327, 1.3745912851857327, 1.3745912851857327, 1.3745912851857327, 1.3745912851857327, 1.3745912851857327, 1.3745912851857327, 1.3745912851857327], "length": 20.451030563176413, "seg_id": 1, "type": "Side", "parent": 0, "children": []}, {"pos": [[0.0, 0.0, 27.908117235404426], [-0.28223702039766824, -0.39437288342764865, 29.77988908161302], [-0.5619271897273672, -0.7802452466258349, 31.65166092782161], [-0.839070507989097, -1.157617089594559, 33.5234327740302], [-1.1136669751828576, -1.5264884123338207, 35.39520462023879], [-1.385716591308649, -1.88685921484362, 37.26697646644739], [-1.6552193563664714, -2.238729497123957, 39.13874831265598], [-1.9221752703563246, -2.5820992591748317, 41.01052015886457], [-2.1865843332782084, -2.9169685009962434, 42.88229200507317], [-2.4484465451321227, -3.2433372225881927, 44.75406385128176], [-2.707761905918068, -3.561205423950681, 46.625835697490345], [-2.964530415636045, -3.8705731050837064, 48.49760754369894], [-3.218752074286052, -4.171440265987269, 50.369379389907536], [-3.4704268818680895, -4.463806906661369, 52.241151236116124]], "radius": [0.7566617082532763, 0.8820936994204647, 1.0519576556016927, 1.2496365643567546, 1.3989834393309997, 1.2288621067866772, 1.084942838730528, 0.9777083531141022, 0.9143999779529601, 0.8984666826224468, 0.9293412406791297, 1.0025568187327338, 1.1101884339574979, 1.2415766596156685], "ref_radius": [2.185344539074058, 2.167500744369734, 2.149656949665409, 2.131813154961085, 2.113969360256761, 2.0961255655524362, 2.078281770848112, 2.060437976143788, 2.0425941814394637, 2.024750386735139, 2.006906592030815, 1.9890627973264905, 1.971219002622166, 1.953375207917842], "length": 24.98131258605404, "seg_id": 2, "type": "Main", "parent": 0, "children": [3, 4]}, {"pos": [[-3.4704268818680895, -4.463806906661369, 52.241151236116124], [-2.497758062942029, -4.865715824380379, 53.592154072420755], [-1.4730498602280702, -5.251387749403718, 54.94315690872538], [-0.39630227372621507, -5.620822681731385, 56.294159745030015], [0.732484696563539, -5.9740206213633815, 57.64516258133465], [1.9133110506411906, -6.310981568299704, 58.99616541763928], [3.146176788506739, -6.631705522540358, 60.34716825394391], [4.431081910160186, -6.936192484085338, 61.69817109024854], [5.768026415601532, -7.224442452934647, 63.04917392655318], [7.157010304830775, -7.496455429088284, 64.40017676285781], [8.598033577847916, -7.752231412546251, 65.75117959916244], [10.091096234652953, -7.991770403308545, 67.10218243546707]], "radius": [1.1788776005981019, 1.1788776005981019, 1.1788776005981019, 1.1788776005981019, 1.1788776005981019, 1.1788776005981019, 1.1788776005981019, 1.1788776005981019, 1.1788776005981019, 1.1788776005981019, 1.1788776005981019, 1.1788776005981019], "ref_radius": [1.1788776005981019, 1.1788776005981019, 1.1788776005981019, 1.1788776005981019, 1.1788776005981019, 1.1788776005981019, 1.1788776005981019, 1.1788776005981019, 1.1788776005981019, 1.1788776005981019, 1.1788776005981019, 1.1788776005981019], "length": 20.425760303638437, "seg_id": 3, "type": "Side", "parent": 2, "children": []}, {"pos": [[-3.4704268818680895, -4.463806906661369, 52.241151236116124], [-3.9332119422197285, -5.208578910904739, 54.01061471860329], [-4.351331308891554, -5.9125399165552235, 55.78007820109046], [-4.724784981883568, -6.57568992361282, 57.54954168357764], [-5.053572961195768, -7.1980289320775315, 59.31900516606482], [-5.337695246828157, -7.779556941949355, 61.08846864855198], [-5.577151838780731, -8.320273953228295, 62.85793213103916], [-5.771942737053493, -8.820179965914345, 64.62739561352633], [-5.922067941646441, -9.279274980007509, 66.3968590960135], [-6.0275274525595774, -9.697558995507789, 68.16632257850067], [-6.0883212697929, -10.07503201241518, 69.93578606098785], [-6.10444939334641, -10.411694030729684, 71.70524954347502]], "radius": [1.3842679378929503, 1.2090439795612724, 0.9800797784438222, 0.7902361316757296, 0.6611525945156926, 0.6064668557395336, 0.6302470943020704, 0.72665470293206, 0.8808577949159999, 1.071057993237641, 1.271355230375163, 1.4550747063323246], "ref_radius": [1.9355314132135175, 1.9184294607837558, 1.901327508353994, 1.884225555924232, 1.8671236034944703, 1.8500216510647085, 1.8329196986349467, 1.815817746205185, 1.7987157937754232, 1.7816138413456613, 1.7645118889158995, 1.7474099364861377], "length": 20.522342915714162, "seg_id": 4, "type": "Main", "parent": 2, "children": [5, 6]}, {"pos": [[-6.10444939334641, -10.411694030729684, 71.70524954347502], [-4.854241669625983, -10.887355170372228, 73.3843286370046], [-3.6338729567942956, -11.338628005139464, 75.06340773053418], [-2.443343254851352, -11.7655125350314, 76.74248682406375], [-1.2826525637971515, -12.168008760048036, 78.42156591759333], [-0.15180088363169353, -12.546116680189366, 80.10064501112291], [0.9492117856450226, -12.899836295455394, 81.77972410465247], [2.0203854440329962, -13.22916760584612, 83.45880319818205]], "radius": [1.0182840014668437, 1.0182840014668437, 1.0182840014668437, 1.0182840014668437, 1.0182840014668437, 1.0182840014668437, 1.0182840014668437, 1.0182840014668437],