{"case_id": "LAD_1528", "artery_type": "LAD", "segments": [{"pos": [[0.0, 0.0, 0.0], [-0.19443408413354052, 0.19766799458291193, 1.832059929978027], [-0.36456390775038844, 0.37062748984295985, 3.664119859956054], [-0.5103894708505438, 0.5188784857801437, 5.49617978993408], [-0.6319107734340066, 0.6424209823944637, 7.328239719912107], [-0.7291278155007769, 0.7412549796859197, 9.160299649890135], [-0.8020405970508546, 0.8153804776545117, 10.992359579868161], [-0.8506491180842398, 0.8647974763002396, 12.824419509846187], [-0.8749533786009324, 0.8895059756231036, 14.656479439824215], [-0.8749533786009324, 0.8895059756231036, 16.48853936980224], [-0.8506491180842398, 0.8647974763002396, 18.32059929978027], [-0.8020405970508546, 0.8153804776545117, 20.152659229758296], [-0.729127815500777, 0.7412549796859198, 21.984719159736322], [-0.6319107734340068, 0.6424209823944639, 23.816779089714352], [-0.510389470850544, 0.518878485780144, 25.648839019692375], [-0.36456390775038855, 0.37062748984295996, 27.4808989496704], [-0.19443408413354055, 0.19766799458291195, 29.31295887964843], [0.0, 0.0, 31.145018809626457]], "radius": [1.5646407300726215, 1.5646407300726215, 1.5008496363058903, 1.1840093365737985, 0.7363812378398483, 0.3587759172861944, 0.22059101233081213, 0.38381769511065045, 0.7752307939413259, 1.2192383598027665, 1.516654023863214, 1.5646407300726215, 1.5646407300726215, 1.5646407300726215, 1.5646407300726215, 1.5646407300726215, 1.5646407300726215, 1.5646407300726215], "ref_radius": [1.5646407300726215, 1.5646407300726215, 1.5646407300726215, 1.5646407300726215, 1.5646407300726215, 1.5646407300726215, 1.5646407300726215, 1.5646407300726215, 1.5646407300726215, 1.5646407300726215, 1.5646407300726215, 1.5646407300726215, 1.5646407300726215, 1.5646407300726215, 1.5646407300726215, 1.5646407300726215, 1.5646407300726215, 1.5646407300726215], "length": 31.145018809626457, "seg_id": 0, "type": "Root", "parent": null, "children": [1, 2]}, {"pos": [[0.0, 0.0, 31.145018809626457], [1.602591480094636, -0.16661907642991472, 32.607875013182195], [3.1407907788285616, -0.30622472070868406, 34.07073121673793], [4.614597896201777, -0.4188169328363081, 35.533587420293664], [6.024012832214281, -0.5043957128127866, 36.9964436238494], [7.369035586866076, -0.5629610606381199, 38.45929982740513], [8.649666160157162, -0.5945129763123078, 39.92215603096087], [9.865904552087535, -0.5990514598353505, 41.38501223451661], [11.0177507626572, -0.5765765112072476, 42.84786843807235], [12.105204791866154, -0.5270881304279995, 44.31072464162808], [13.128266639714397, -0.45058631749760597, 45.773580845183815]], "radius": [1.196397990339455, 1.196397990339455, 1.196397990339455, 1.196397990339455, 1.196397990339455, 1.196397990339455, 1.196397990339455, 1.196397990339455, 1.196397990339455, 1.196397990339455, 1.196397990339455], "ref_radius": [1.196397990339455, 1.196397990339455, 1.196397990339455, 1.196397990339455, 1.196397990339455, 1.196397990339455, 1.196397990339455, 1.196397990339455, 1.196397990339455, 1.196397990339455, 1.196397990339455], "length": 19.66085553126069, "seg_id": 1, "type": "Side", "parent": 0, "children": []}, {"pos": [[0.0, 0.0, 31.145018809626457], [0.1369623979196025, -0.22839095123503705, 32.947372458354025], [0.2783955520038021, -0.4369388564823316, 34.749726107081585], [0.42429946225259896, -0.6256437157418838, 36.55207975580915], [0.5746741286659931, -0.7945055290136935, 38.354433404536714], [0.7295195512439845, -0.943524296297761, 40.15678705326428], [0.888835729986573, -1.0727000175940862, 41.95914070199185], [1.0526226648937589, -1.1820326929026685, 43.76149435071941], [1.2208803559655417, -1.2715223222235088, 45.56384799944698], [1.393608803201922, -1.3411689055566067, 47.36620164817455], [1.5708080066028995, -1.390972442901962, 49.16855529690211], [1.7524779661684744, -1.4209329342595751, 50.97090894562968], [1.9386186818986457, -1.4310503796294456, 52.773262594357234], [2.129230153793415, -1.4213247790115742, 54.57561624308481], [2.3243123818527813, -1.39175613240596, 56.37796989181237], [2.5238653660767447, -1.342344439812603, 58.18032354053993], [2.7278891064653057, -1.2730897012315043, 59.982677189267505], [2.936383603018464, -1.1839919166626627, 61.785030837995066]], "radius": [1.5646407300726215, 1.5475278646987898, 1.5304149993249578, 1.5133021339511261, 1.4961892685772942, 1.4790764032034625, 1.4619635378296305, 1.4402023072762025, 1.314404611485707, 1.0780469525241045, 0.7996343060437581, 0.5583433784675148, 0.42057032539750683, 0.42079011387040655, 0.5522419649489615, 0.7699355058343674, 1.0047914508682516, 1.1844883255366585], "ref_radius": [1.5646407300726215, 1.5475278646987898, 1.5304149993249578, 1.5133021339511261, 1.4961892685772942, 1.4790764032034625, 1.4619635378296305, 1.4448506724557988, 1.4277378070819668, 1.4106249417081351, 1.3935120763343032, 1.3763992109604715, 1.3592863455866395, 1.3421734802128078, 1.3250606148389759, 1.3079477494651441, 1.2908348840913124, 1.2737220187174805], "length": 30.803157672897285, "seg_id": 2, "type": "Main", "parent": 0, "children": [3, 4]}, {"pos": [[2.936383603018464, -1.1839919166626627, 61.785030837995066], [3.98981746431709, -1.4309486689375341, 63.38751503893805], [5.064295481111907, -1.6245025403647209, 64.98999923988104], [6.159817653402915, -1.764653530944223, 66.59248344082404], [7.276383981190111, -1.8514016406760396, 68.19496764176702], [8.4139944644735, -1.8847468695601717, 69.79745184270999], [9.57264910325308, -1.8646892175966192, 71.39993604365299], [10.752347897528844, -1.791228684785381, 73.00242024459597], [11.953090847300805, -1.664365271126459, 74.60490444553896], [13.174877952568956, -1.4840989766198514, 76.20738864648195]], "radius": [0.9951379594258105, 0.9951379594258105, 0.9951379594258105, 0.9951379594258105, 0.9951379594258105, 0.9951379594258105, 0.9951379594258105, 0.9951379594258105, 0.9951379594258105, 0.9951379594258105], "ref_radius": [0.9951379594258105, 0.9951379594258105, 0.9951379594258105, 0.9951379594258105, 0.9951379594258105, 0.9951379594258105, 0.9951379594258105, 0.9951379594258105, 0.9951379594258105, 0.9951379594258105], "length": 17.689579857906068, "seg_id": 3, "type": "Side", "parent": 2, "children": []}, {"pos": [[2.936383603018464, -1.1839919166626627, 61.785030837995066], [3.0069408580751134, -1.4858272231242262, 63.74447621135745], [3.0452548603532543, -1.7262687322919954, 65.70392158471984], [3.0513256098528867, -1.90531644416597, 67.66336695808224], [3.0251531065740096, -2.0229703587461505, 69.6228123314446], [2.966737350516624, -2.0792304760325364, 71.582257704807], [2.8760783416807287, -2.0740967960251275, 73.54170307816939], [2.753176080066325, -2.0075693187239247, 75.50114845153178], [2.5980305656734126, -1.8796480441289274, 77.46059382489416]], "radius": [1.2547268842896255, 1.2391706655006864, 1.2217321776577241, 1.204293689814762, 1.1868552019717997, 1.1694167141288376, 1.1519782262858755, 1.1345397384429132, 1.1171012505999511], "ref_radius": [1.2566091533436485, 1.2391706655006864, 1.2217321776577241, 1.204293689814762, 1.1868552019717997, 1.1694167141288376, 1.1519782262858755, 1.1345397384429132, 1.1171012505999511], "length": 15.69463905866596, "seg_id": 4, "type": "Main", "parent": 2,