{"case_id": "LAD_1989", "artery_type": "LAD", "segments": [{"pos": [[0.0, 0.0, 0.0], [-0.14085005474700496, -0.09729211604365627, 1.8435209038587486], [-0.260030870302163, -0.17961621423444235, 3.6870418077174967], [-0.3575424466654741, -0.2469722945723582, 5.530562711576245], [-0.43338478383693835, -0.29936035705740394, 7.374083615434994], [-0.48755788181655557, -0.33678040168957935, 9.21760451929374], [-0.5200617406043259, -0.35923242846888465, 11.06112542315249], [-0.5308963602002494, -0.3667164373953198, 12.904646327011239], [-0.520061740604326, -0.3592324284688847, 14.748167230869985], [-0.4875578818165556, -0.3367804016895794, 16.591688134728734], [-0.4333847838369384, -0.29936035705740394, 18.435209038587484], [-0.35754244666547413, -0.24697229457235825, 20.278729942446233], [-0.2600308703021631, -0.1796162142344424, 22.12225084630498], [-0.1408500547470051, -0.09729211604365638, 23.96577175016373], [0.0, 0.0, 25.809292654022478]], "radius": [2.095220967157383, 2.095220967157383, 2.095220967157383, 2.095220967157383, 2.095220967157383, 2.095220967157383, 2.095220967157383, 2.095220967157383, 2.095220967157383, 2.0941696432484953, 1.91508278166036, 1.4953173787843377, 0.9965237193731789, 0.61078561148787, 0.48664953978966174], "ref_radius": [2.095220967157383, 2.095220967157383, 2.095220967157383, 2.095220967157383, 2.095220967157383, 2.095220967157383, 2.095220967157383, 2.095220967157383, 2.095220967157383, 2.095220967157383, 2.095220967157383, 2.095220967157383, 2.095220967157383, 2.095220967157383, 2.095220967157383], "length": 25.809292654022478, "seg_id": 0, "type": "Root", "parent": null, "children": [1, 2]}, {"pos": [[0.0, 0.0, 25.809292654022478], [0.9688113849163992, -0.2840391296748803, 27.170988810953087], [1.9808677319862242, -0.5389261086249625, 28.53268496788371], [3.036169041209475, -0.7646609368502463, 29.894381124814316], [4.134715312586151, -0.9612436143507318, 31.256077281744936], [5.276506546116252, -1.128674141126419, 32.61777343867555], [6.46154274179978, -1.266952517177308, 33.97946959560616], [7.689823899636732, -1.3760787425033985, 35.34116575253678], [8.961350019627112, -1.4560528171046911, 36.702861909467394], [10.276121101770917, -1.5068747409811851, 38.06455806639801], [11.634137146068145, -1.5285445141328808, 39.42625422332862], [13.035398152518802, -1.5210621365597785, 40.78795038025923], [14.479904121122884, -1.484427608261878, 42.14964653718985]], "radius": [1.3342234155522623, 1.3342234155522623, 1.3342234155522623, 1.3342234155522623, 1.3342234155522623, 1.3342234155522623, 1.3342234155522623, 1.3342234155522623, 1.3342234155522623, 1.3342234155522623, 1.3342234155522623, 1.3342234155522623, 1.3342234155522623], "ref_radius": [1.3342234155522623, 1.3342234155522623, 1.3342234155522623, 1.3342234155522623, 1.3342234155522623, 1.3342234155522623, 1.3342234155522623, 1.3342234155522623, 1.3342234155522623, 1.3342234155522623, 1.3342234155522623, 1.3342234155522623, 1.3342234155522623], "length": 21.88328845736455, "seg_id": 1, "type": "Side", "parent": 0, "children": []}, {"pos": [[0.0, 0.0, 25.809292654022478], [0.12441903466455075, -0.1572507986057745, 27.74147047800207], [0.240212142744472, -0.307918575810443, 29.673648301981665], [0.34737932423976375, -0.4520033316140055, 31.60582612596126], [0.44592057915042616, -0.5895050660164621, 33.53800394994085], [0.535835907476459, -0.7204237790178127, 35.470181773920444], [0.6171253092178624, -0.8447594706180573, 37.402359597900045], [0.6897887843746363, -0.962512140817196, 39.33453742187963], [0.7538263329467807, -1.0736817896152286, 41.26671524585923], [0.8092379549342957, -1.1782684170121556, 43.19889306983883], [0.8560236503371812, -1.276272023007976, 45.131070893818425], [0.8941834191554372, -1.367692607602691, 47.06324871779802]], "radius": [0.6719198997828446, 1.0859638327222407, 1.5665936802436486, 1.9248631118944184, 2.0241653711296648, 2.0064014721227355, 1.9886375731158057, 1.9708736741088762, 1.9531097751019466, 1.935345876095017, 1.9175819770880875, 1.899818078081158], "ref_radius": [2.095220967157383, 2.0774570681504536, 2.059693169143524, 2.0419292701365945, 2.0241653711296648, 2.0064014721227355, 1.9886375731158057, 1.9708736741088762, 1.9531097751019466, 1.935345876095017, 1.9175819770880875, 1.899818078081158], "length": 21.316678808315437, "seg_id": 2, "type": "Main", "parent": 0, "children": [3, 4]}, {"pos": [[0.8941834191554372, -1.367692607602691, 47.06324871779802], [2.1615573158617396, -1.4532615866842578, 48.37935646844967], [3.4321943156099777, -1.5488754435819292, 49.69546421910133], [4.706094418400152, -1.6545341782957048, 51.01157196975299], [5.983257624232263, -1.770237790825585, 52.32767972040465], [7.263683933106311, -1.8959862811715698, 53.64378747105632], [8.547373345022292, -2.0317796493336586, 54.959895221707974], [9.834325859980211, -2.177617895311852, 56.276002972359635], [11.124541477980067, -2.33350101910615, 57.592110723011295], [12.41802019902186, -2.4994290207165526, 58.908218473662956], [13.714762023105585, -2.675401900143059, 60.224326224314616], [15.014766950231248, -2.86141965738567, 61.54043397496628]], "radius": [1.404314258910354, 1.404314258910354, 1.404314258910354, 1.404314258910354, 1.404314258910354, 1.404314258910354, 1.404314258910354, 1.404314258910354, 1.404314258910354, 1.404314258910354, 1.404314258910354, 1.404314258910354], "ref_radius": [1.404314258910354, 1.404314258910354, 1.404314258910354, 1.404314258910354, 1.404314258910354, 1.404314258910354, 1.404314258910354, 1.404314258910354, 1.404314258910354, 1.404314258910354, 1.404314258910354, 1.404314258910354], "length": 20.2783380169015, "seg_id": 3, "type": "Side", "parent": 2, "children": []}, {"pos": [[0.8941834191554372, -1.367692607602691, 47.06324871779802], [0.8211305185082866, -1.646210682472399, 48.79401251586448], [0.7513766799324874, -1.9304897885619823, 50.524776313930936], [0.6849219034280394, -2.2205299258714413, 52.255540111997405], [0.6217661889949424, -2.5163310944007753, 53.98630391006386], [0.5619095366331968, -2.817893294149986, 55.71706770813033], [0.5053519463428024, -3.1252165251190713, 57.44783150619679], [0.45209341812375914, -3.438300787308031, 59.17859530426325], [0.402133951976067, -3.7571460807168675, 60.9093591023297], [0.3554735478997262, -4.081752405345579, 62.640122900396165], [0.31211220589473654, -4.412119761194166, 64.37088669846263], [0.27204992596109817, -4.748248148262629, 66.10165049652909], [0.23528670809881094, -5.0901375665509665, 67.83241429459554], [0.2018225523078749, -5.43778801605918, 69.56317809266201], [0.17165745858829012, -5.791199496787268, 71.29394189072846], [0.14479142694005653, -6.150372008735233, 73.02470568879492], [0.12122445736317411, -6.515305551903074, 74.75546948686139], [0.10095654985764292, -6.886000126290789, 76.48623328492785], [0.08398770442346293, -7.262455731898379, 78.21699708299431]], "radius": [1.8820541790742285, 1.865361082597857, 1.8486679861214856, 1.831974889645114, 1.8152817931687426, 1.7984712061613577, 1.6574320232746453, 1.331184431398996, 0.9371513137082225, 0.6150481963869034, 0.47596597692731657, 0.5627630470694114, 0.8358818641042491, 1.189236297225574, 1.4898443049317376, 1.6264088870338076, 1.614964635452285, 1.5982715389759137, 1.5815784424995423], "ref_radius": [1.8820541790742285, 1.865361082597857, 1.8486679861214856, 1.831974889645114, 1.8152817931687426, 1.7985886966923712, 1.7818956002159998, 1.7652025037396282, 1.7485094072632568, 1.7318163107868854, 1.715123214310514, 1.6984301178341425, 1.6817370213577711, 1.6650439248813995, 1.6483508284050281, 1.6316577319286567, 1.614964635452285, 1.5982715389759137, 1.5815784424995423], "length": 31.71688330510576, "seg_id": 4, "type": "Main", "parent": 2,