{"case_id": "LAD_1067", "artery_type": "LAD", "segments": [{"pos": [[0.0, 0.0, 0.0], [-0.139486398278997, -0.03997174109340311, 1.8430375723912658], [-0.2557250635114945, -0.0732815253379057, 3.686075144782531], [-0.34871599569749245, -0.09992935273350777, 5.529112717173797], [-0.41845919483699096, -0.11991522328020933, 7.372150289565063], [-0.46495466092999, -0.13323913697801038, 9.215187861956329], [-0.48820239397648946, -0.13990109382691088, 11.058225434347595], [-0.48820239397648946, -0.13990109382691088, 12.901263006738862], [-0.46495466092998994, -0.13323913697801035, 14.744300579130126], [-0.41845919483699096, -0.11991522328020933, 16.58733815152139], [-0.34871599569749245, -0.09992935273350777, 18.430375723912654], [-0.2557250635114943, -0.07328152533790565, 20.273413296303925], [-0.13948639827899692, -0.03997174109340309, 22.11645086869519], [0.0, 0.0, 23.959488441086453]], "radius": [2.2916011854174414, 2.2916011854174414, 2.2916011854174414, 2.288999126119586, 2.2460754958912053, 2.1531020410452006, 2.0162749430613416, 1.844712993231855, 1.6498498741915033, 1.4446721663710953, 1.2428538621522627, 1.0578450677072493, 0.9019756256522447, 0.7856333972506899], "ref_radius": [2.2916011854174414, 2.2916011854174414, 2.2916011854174414, 2.2916011854174414, 2.2916011854174414, 2.2916011854174414, 2.2916011854174414, 2.2916011854174414, 2.2916011854174414, 2.2916011854174414, 2.2916011854174414, 2.2916011854174414, 2.2916011854174414, 2.2916011854174414], "length": 23.959488441086453, "seg_id": 0, "type": "Root", "parent": null, "children": [1, 2]}, {"pos": [[0.0, 0.0, 23.959488441086453], [1.224780819311791, 0.17941222486340144, 25.51882495988901], [2.438784043503628, 0.3282355272473059, 27.07816147869157], [3.642009672575509, 0.4464699071517135, 28.637497997494126], [4.834457706527436, 0.5341153645766242, 30.19683451629669], [6.01612814535941, 0.591171899522038, 31.75617103509925], [7.187020989071426, 0.6176395119879547, 33.31550755390181], [8.34713623766349, 0.6135182019743746, 34.87484407270436], [9.496473891135599, 0.5788079694812975, 36.434180591506916], [10.635033949487754, 0.5135088145087235, 37.99351711030948], [11.762816412719953, 0.4176207370566526, 39.55285362911204], [12.879821280832196, 0.2911437371250849, 41.112190147914596]], "radius": [1.516251602325539, 1.516251602325539, 1.516251602325539, 1.516251602325539, 1.516251602325539, 1.516251602325539, 1.516251602325539, 1.516251602325539, 1.516251602325539, 1.516251602325539, 1.516251602325539, 1.516251602325539], "ref_radius": [1.516251602325539, 1.516251602325539, 1.516251602325539, 1.516251602325539, 1.516251602325539, 1.516251602325539, 1.516251602325539, 1.516251602325539, 1.516251602325539, 1.516251602325539, 1.516251602325539, 1.516251602325539], "length": 21.452033394185975, "seg_id": 1, "type": "Side", "parent": 0, "children": []}, {"pos": [[0.0, 0.0, 23.959488441086453], [0.13043373849541917, 0.12867186306169554, 25.75735727530244], [0.2540413707751076, 0.2407462527367903, 27.55522610951843], [0.3708228968390652, 0.3362231690252841, 29.353094943734412], [0.4807783166872921, 0.4151026119271771, 31.150963777950402], [0.5839076303197882, 0.47738458144246926, 32.948832612166385], [0.6802108377365537, 0.5230690775711606, 34.746701446382374], [0.7696879389375881, 0.5521561003132511, 36.544570280598364], [0.852338933922892, 0.5646456496687406, 38.34243911481435], [0.928163822692465, 0.5605377256376295, 40.14030794903034], [0.9971626052463074, 0.5398323282199173, 41.93817678324632], [1.0593352815844188, 0.5025294574156044, 43.73604561746231], [1.1146818517067996, 0.4486291132246906, 45.5339144516783], [1.1632023156134494, 0.37813129564717596, 47.33178328589429], [1.2048966733043687, 0.2910360046830605, 49.12965212011027], [1.2397649247795572, 0.18734324033234417, 50.927520954326255], [1.267807070039015, 0.067053002595027, 52.725389788542245]], "radius": [0.7165719672449267, 0.6942245769061104, 0.724375435512971, 0.8035124814862484, 0.9249192489306992, 1.0791695323713906, 1.2547954894219537, 1.4390819970294035, 1.5966556038445154, 1.40388975731926, 1.2199404506425946, 1.0576197949619612, 0.9279086857164847, 0.8391570489519213, 0.7964955012164681, 0.8014996607462705, 0.8521285470558666], "ref_radius": [2.2916011854174414, 2.2746635947920013, 2.2577260041665608, 2.2407884135411207, 2.22385082291568, 2.20691323229024, 2.1899756416647995, 2.1730380510393594, 2.1561004604139193, 2.139162869788479, 2.1222252791630387, 2.105287688537598, 2.088350097912158, 2.071412507286718, 2.0544749166612775, 2.0375373260358374, 2.020599735410397], "length": 28.793904063248476, "seg_id": 2, "type": "Main", "parent": 0, "children": [3, 4]}, {"pos": [[1.267807070039015, 0.067053002595027, 52.725389788542245], [2.3760787440091184, 0.1555798356000761, 54.233109981369246], [3.5236124462542233, 0.19580699612432223, 55.74083017419626], [4.710408176774331, 0.18773448416776545, 57.24855036702328], [5.936465935569439, 0.13136229973040564, 58.75627055985027], [7.201785722639548, 0.02669044281224281, 60.26399075267728], [8.50636753798466, -0.12628108658672277, 61.77171094550428], [9.85021138160477, -0.3275522884664913, 63.27943113833129], [11.233317253499887, -0.5771231628270631, 64.7871513311583], [12.655685153670003, -0.8749937096684378, 66.29487152398531]], "radius": [1.3068306160346619, 1.3068306160346619, 1.3068306160346619, 1.3068306160346619, 1.3068306160346619, 1.3068306160346619, 1.3068306160346619, 1.3068306160346619, 1.3068306160346619, 1.3068306160346619], "ref_radius": [1.3068306160346619, 1.3068306160346619, 1.3068306160346619, 1.3068306160346619, 1.3068306160346619, 1.3068306160346619, 1.3068306160346619, 1.3068306160346619, 1.3068306160346619, 1.3068306160346619], "length": 17.739843680941842, "seg_id": 3, "type": "Side", "parent": 2, "children": []}, {"pos": [[1.267807070039015, 0.067053002595027, 52.725389788542245], [1.5027627262590098, -0.1694085125057917, 54.518291433367466], [1.7164238456420884, -0.410500916613387, 56.31119307819269], [1.908790428188251, -0.6562242097277589, 58.1040947230179], [2.079862473897498, -0.9065783918489072, 59.89699636784312], [2.2296399827698288, -1.1615634629768323, 61.689898012668344], [2.3581229548052436, -1.421179423111534, 63.48279965749357], [2.465311390003742, -1.6854262722530122, 65.2757013023188], [2.5512052883653245, -1.9543040104012672, 67.068602947144], [2.6158046498899914, -2.2278126375562985, 68.86150459196924], [2.659109474577742, -2.5059521537181064, 70.65440623679446], [2.6811197624285765, -2.788722558886691, 72.44730788161968], [2.681835513442495, -3.076123853062052, 74.24020952644489], [2.661256727619498, -3.36815603624419, 76.03311117127012], [2.619383404959584, -3.6648191084331043, 77.82601281609534], [2.5562155454627544, -3.966113069628795, 79.61891446092056], [2.4717531491290092, -4.272037919831263, 81.41181610574579], [2.3659962159583476, -4.582593659040507, 83.204717750571]], "radius": [0.9429373824219343, 1.0654358816185505, 1.209063258281277, 1.3617626225596013, 1.2867889746437418, 1.1055564737883627, 0.9525008168155826, 0.8412492924615889, 0.7809893658283869, 0.7756237063810587, 0.8234725344047538, 0.917543631979785, 1.0463326442546075, 1.1950633684473884, 1.3472348738129871, 1.4863136845078593, 1.5973975391340114, 1.6686833039715945], "ref_radius": [2.0036621447849567, 1.986522426035957, 1.9693827072869574, 1.952242988537958, 1.9351032697889583, 1.9179635510399586, 1.900823832290959, 1.8836841135419595, 1.8665443947929599, 1.8494046760439602, 1.8322649572949605, 1.8151252385459609, 1.7979855197969614, 1.7808458010479618, 1.763706082298962, 1.7465663635499624, 1.729426644800963, 1.7122869260519633], "length": 30.85149374819931, "seg_id": 4, "type": "Main", "parent": 2,