{"case_id": "LAD_532", "artery_type": "LAD", "segments": [{"pos": [[0.0, 0.0, 0.0], [0.24612301983515586, 0.22432175540740357, 1.9015861073083766], [0.4512255363644524, 0.4112565515802399, 3.8031722146167533], [0.6153075495878896, 0.5608043885185089, 5.70475832192513], [0.7383690595054676, 0.6729652662222108, 7.6063444292335065], [0.8204100661171863, 0.7477391846913453, 9.507930536541885], [0.8614305694230454, 0.7851261439259125, 11.40951664385026], [0.8614305694230454, 0.7851261439259125, 13.31110275115864], [0.8204100661171861, 0.7477391846913451, 15.212688858467015], [0.7383690595054676, 0.6729652662222108, 17.114274965775387], [0.6153075495878896, 0.5608043885185089, 19.015861073083766], [0.4512255363644521, 0.4112565515802396, 20.917447180392145], [0.24612301983515572, 0.22432175540740343, 22.81903328770052], [0.0, 0.0, 24.720619395008896]], "radius": [3.222251301240112, 3.222251301240112, 3.222251301240112, 3.222251301240112, 3.221852536197036, 3.1404860232460026, 2.928199954894335, 2.6134338161361605, 2.238356115481626, 1.853215165136156, 1.509607428132027, 1.253565256739325, 1.1193900422256284, 1.1250569349593782], "ref_radius": [3.222251301240112, 3.222251301240112, 3.222251301240112, 3.222251301240112, 3.222251301240112, 3.222251301240112, 3.222251301240112, 3.222251301240112, 3.222251301240112, 3.222251301240112, 3.222251301240112, 3.222251301240112, 3.222251301240112, 3.222251301240112], "length": 24.720619395008896, "seg_id": 0, "type": "Root", "parent": null, "children": [1, 2]}, {"pos": [[0.0, 0.0, 24.720619395008896], [1.4913390928100227, 0.17454362515057395, 26.211255527715828], [2.9163015336638334, 0.3033941225502739, 27.70189166042276], [4.274887322561432, 0.3865514921990999, 29.192527793129692], [5.567096459502819, 0.42401573409705184, 30.683163925836624], [6.792928944487995, 0.4157868482441298, 32.17380005854355], [7.952384777516959, 0.36186483464033375, 33.66443619125048], [9.04546395858971, 0.2622496932856637, 35.15507232395741], [10.07216648770625, 0.11694142418011967, 36.645708456664345]], "radius": [2.2276075544924203, 2.2276075544924203, 2.2276075544924203, 2.2276075544924203, 2.2276075544924203, 2.2276075544924203, 2.2276075544924203, 2.2276075544924203, 2.2276075544924203], "ref_radius": [2.2276075544924203, 2.2276075544924203, 2.2276075544924203, 2.2276075544924203, 2.2276075544924203, 2.2276075544924203, 2.2276075544924203, 2.2276075544924203, 2.2276075544924203], "length": 15.609931523910555, "seg_id": 1, "type": "Side", "parent": 0, "children": []}, {"pos": [[0.0, 0.0, 24.720619395008896], [-0.008383120140099565, -0.1372174364753389, 26.515130507258718], [-0.013584536211405216, -0.27710195701345663, 28.309641619508533], [-0.01560424821391696, -0.41965356161435313, 30.104152731758354], [-0.014442256147634787, -0.5648722502780286, 31.898663844008173], [-0.01009856001255871, -0.7127580230044828, 33.69317495625799], [-0.0025731598086887325, -0.8633108797937157, 35.48768606850782], [0.008133944463975168, -1.0165308206457275, 37.282197180757635], [0.02202275280543299, -1.1724178455605183, 39.07670829300746], [0.03909326521568471, -1.3309719545380876, 40.87121940525728], [0.05934548169473034, -1.492193147578436, 42.6657305175071], [0.08277940224256988, -1.6560814246815632, 44.46024162975692], [0.1093950268592033, -1.8226367858474688, 46.25475274200673], [0.1391923555446307, -1.9918592310761536, 48.04926385425656], [0.17217138829885192, -2.1637487603676173, 49.84377496650638], [0.20833212512186713, -2.3383053737218598, 51.6382860787562], [0.24767456601367627, -2.515529071138881, 53.432797191006024], [0.29019871097427924, -2.695419852618681, 55.22730830325584]], "radius": [1.269806754123311, 1.5261461691676141, 1.8630675024325218, 1.5357791033528807, 1.2469009842446044, 1.0340101206882273, 0.9151269130392383, 0.8993030806395144, 0.9858729295897368, 1.1646208311696977, 1.4168393755000324, 1.7171695977564918, 2.0360426683560915, 2.3424881216486493, 2.499707853582228, 2.244568736956992, 1.9743812188512555, 1.7079246228206222], "ref_radius": [3.222251301240112, 3.2052363516439852, 3.1882214020478585, 3.171206452451732, 3.154191502855605, 3.137176553259478, 3.1201616036633513, 3.1031466540672246, 3.086131704471098, 3.069116754874971, 3.0521018052788444, 3.0350868556827177, 3.018071906086591, 3.001056956490464, 2.984042006894337, 2.9670270572982105, 2.9500121077020838, 2.932997158105957], "length": 30.62690927302817, "seg_id": 2, "type": "Main", "parent": 0, "children": [3, 4]}, {"pos": [[0.29019871097427924, -2.695419852618681, 55.22730830325584], [1.795659011331419, -2.537847147489628, 56.68372505703963], [3.254576295374411, -2.4196365522921055, 58.14014181082344], [4.666950563103254, -2.340788067026115, 59.59655856460723], [6.032781814517951, -2.3013016916916555, 61.05297531839103], [7.352070049618497, -2.301177426288727, 62.50939207217483], [8.624815268404895, -2.34041527081733, 63.965808825958625], [9.85101747087715, -2.4190152252774637, 65.42222557974242], [11.03067665703525, -2.536977289669129, 66.87864233352622], [12.163792826879206, -2.694301463992325, 68.33505908731001], [13.250365980409013, -2.890987748247052, 69.79147584109381], [14.290396117624672, -3.1270361424333104, 71.24789259487761]], "radius": [1.7633916916963444, 1.7633916916963444, 1.7633916916963444, 1.7633916916963444, 1.7633916916963444, 1.7633916916963444, 1.7633916916963444, 1.7633916916963444, 1.7633916916963444, 1.7633916916963444, 1.7633916916963444, 1.7633916916963444], "ref_radius": [1.7633916916963444, 1.7633916916963444, 1.7633916916963444, 1.7633916916963444, 1.7633916916963444, 1.7633916916963444, 1.7633916916963444, 1.7633916916963444, 1.7633916916963444, 1.7633916916963444, 1.7633916916963444, 1.7633916916963444], "length": 21.280294666469537, "seg_id": 3, "type": "Side", "parent": 2, "children": []}, {"pos": [[0.29019871097427924, -2.695419852618681, 55.22730830325584], [-0.04840516037976134, -2.7548290492136, 57.08165642912601], [-0.348752793962109, -2.8283369518091295, 58.936004554996195], [-0.6108441897727639, -2.915943560405269, 60.79035268086635], [-0.8346793478117259, -3.0176488750020187, 62.64470080673652], [-1.0202582680789947, -3.133452895599379, 64.49904893260668], [-1.167580950574571, -3.2633556221973485, 66.35339705847686], [-1.276647395298454, -3.4073570547959293, 68.20774518434703], [-1.3474576022506446, -3.56545719339512, 70.06209331021721], [-1.380011571431142, -3.7376560379949204, 71.91644143608737], [-1.3743093028399467, -3.923953588595332, 73.77078956195754], [-1.3303507964770587, -4.124349845196353, 75.62513768782772], [-1.2481360523424772, -4.338844807797985, 77.47948581369789], [-1.1276650704362035, -4.567438476400227, 79.33383393956807], [-0.9689378507582362, -4.810130851003079, 81.18818206543823]], "radius": [1.4634949078283903, 1.2574315794809814, 1.1034685798655122, 1.0112135462679535, 0.9857174729233751, 1.0271652793362769, 1.130921036048605, 1.2879203532543078, 1.485377437659262, 1.7077519697498422, 1.9379028346540974, 2.1583431170342577, 2.3525044926241883, 2.5059195947641117, 2.6072379902389686], "ref_radius": [2.9159822085098304, 2.8985973569432284, 2.881212505376627, 2.863827653810025, 2.846442802243423, 2.8290579506768214, 2.8116730991102195, 2.7942882475436175, 2.776903395977016, 2.759518544410414, 2.7421336928438125, 2.7247488412772105, 2.7073639897106085, 2.6899791381440066, 2.672594286577405], "length": 26.07727734990272, "seg_id": 4, "type": "Main", "parent": 2,