{"case_id": "LAD_1576", "artery_type": "LAD", "segments": [{"pos": [[0.0, 0.0, 0.0], [0.15393975594918732, -0.12287185438983811, 1.8770321461203283], [0.2858881181913479, -0.2281905867239851, 3.754064292240657], [0.3958450867264818, -0.31595619700244093, 5.631096438360986], [0.48381066155458874, -0.38616868522520553, 7.508128584481314], [0.5497848426756691, -0.438828051392279, 9.38516073060164], [0.5937676300897226, -0.4739342955036613, 11.26219287672197], [0.6157590237967493, -0.49148741755935244, 13.139225022842298], [0.6157590237967493, -0.49148741755935244, 15.016257168962627], [0.5937676300897226, -0.4739342955036613, 16.893289315082953], [0.5497848426756691, -0.438828051392279, 18.77032146120328], [0.48381066155458885, -0.3861686852252056, 20.64735360732361], [0.3958450867264816, -0.3159561970024408, 22.524385753443944], [0.28588811819134785, -0.22819058672398504, 24.40141789956427], [0.1539397559491873, -0.12287185438983808, 26.278450045684597], [0.0, 0.0, 28.155482191804925]], "radius": [1.5260999913075373, 1.5260999913075373, 1.5260999913075373, 1.5260999913075373, 1.5260999913075373, 1.5260999913075373, 1.5260999913075373, 1.5260999913075373, 1.5260999913075373, 1.5260999913075373, 1.5260999913075373, 1.5260999913075373, 1.5260999913075373, 1.5260999913075373, 1.5260999913075373, 1.5260999913075373], "ref_radius": [1.5260999913075373, 1.5260999913075373, 1.5260999913075373, 1.5260999913075373, 1.5260999913075373, 1.5260999913075373, 1.5260999913075373, 1.5260999913075373, 1.5260999913075373, 1.5260999913075373, 1.5260999913075373, 1.5260999913075373, 1.5260999913075373, 1.5260999913075373, 1.5260999913075373, 1.5260999913075373], "length": 28.155482191804925, "seg_id": 0, "type": "Root", "parent": null, "children": [1, 2]}, {"pos": [[0.0, 0.0, 28.155482191804925], [1.5976057055261845, -0.04928279699402175, 29.432713909380436], [3.141141202483857, -0.10375451682601337, 30.709945626955953], [4.630606490873017, -0.16341515949597485, 31.98717734453147], [6.066001570693664, -0.2282647250039062, 33.264409062106985], [7.4473264419457985, -0.29830321334980736, 34.541640779682496], [8.774581104629421, -0.37353062453367847, 35.81887249725801], [10.04776555874453, -0.45394695855551936, 37.096104214833524], [11.26687980429113, -0.5395522154153302, 38.37333593240905], [12.431923841269214, -0.6303463951131109, 39.65056764998456], [13.542897669678787, -0.7263294976488613, 40.92779936756007], [14.599801289519846, -0.8275015230225817, 42.20503108513559], [15.602634700792395, -0.933862471234272, 43.482262802711105]], "radius": [1.1683174303248771, 1.1683174303248771, 1.1683174303248771, 1.1683174303248771, 1.1683174303248771, 1.1683174303248771, 1.1683174303248771, 1.1683174303248771, 1.1683174303248771, 1.1683174303248771, 1.1683174303248771, 1.1683174303248771, 1.1683174303248771], "ref_radius": [1.1683174303248771, 1.1683174303248771, 1.1683174303248771, 1.1683174303248771, 1.1683174303248771, 1.1683174303248771, 1.1683174303248771, 1.1683174303248771, 1.1683174303248771, 1.1683174303248771, 1.1683174303248771, 1.1683174303248771, 1.1683174303248771], "length": 21.891197149000334, "seg_id": 1, "type": "Side", "parent": 0, "children": []}, {"pos": [[0.0, 0.0, 28.155482191804925], [-0.05338769759433038, -0.0784007390286164, 29.91771754299774], [-0.1025506158972097, -0.1466459996495212, 31.679952894190535], [-0.14748875490863791, -0.20473578186271454, 33.44218824538334], [-0.18820211462861508, -0.2526700856681963, 35.20442359657615], [-0.22469069505714118, -0.2904489110659665, 36.966658947768956], [-0.25695449619421623, -0.3180722580560251, 38.72889429896176], [-0.28499351803984024, -0.3355401266383724, 40.491129650154576], [-0.3088077605940131, -0.3428525168130079, 42.253365001347376], [-0.3283972238567349, -0.3400094285799319, 44.01560035254018], [-0.3437619078280057, -0.3270108619391444, 45.777835703733], [-0.3549018125078254, -0.30385681689064536, 47.5400710549258], [-0.361816937896194, -0.27054729343443484, 49.3023064061186], [-0.36450728399311155, -0.22708229157051263, 51.06454175731142], [-0.36297285079857805, -0.173461811298879, 52.82677710850422], [-0.35721363831259345, -0.10968585261953367, 54.58901245969703], [-0.3472296465351578, -0.035754415532476935, 56.35124781088983], [-0.33302087546627107, 0.04833249996229133, 58.11348316208264], [-0.31458732510593335, 0.1425748938647713, 59.87571851327545], [-0.29192899545414447, 0.2469727661749626, 61.63795386446825], [-0.2650458865109045, 0.3615261168928658, 63.400189215661065], [-0.23393799827621353, 0.48623494601848016, 65.16242456685387], [-0.1986053307500715, 0.6210992535518061, 66.92465991804667]], "radius": [1.5260999913075373, 1.5092414429666952, 1.4923828946258533, 1.4755243462850112, 1.4586263093009377, 1.340878839057773, 1.0689020261455684, 0.7383793789310809, 0.46339480632206886, 0.335766817144048, 0.3931962805855207, 0.6072700739685563, 0.8950843791730126, 1.1498132477758207, 1.2789648250078813, 1.2732217661949068, 1.256363217854065, 1.2395046695132228, 1.2226461211723807, 1.2057875728315388, 1.1889290244906967, 1.1720704761498548, 1.1552119278090127], "ref_radius": [1.5260999913075373, 1.5092414429666952, 1.4923828946258533, 1.4755243462850112, 1.458665797944169, 1.4418072496033272, 1.424948701262485, 1.408090152921643, 1.391231604580801, 1.374373056239959, 1.357514507899117, 1.340655959558275, 1.3237974112174329, 1.306938862876591, 1.290080314535749, 1.2732217661949068, 1.256363217854065, 1.2395046695132228, 1.2226461211723807, 1.2057875728315388, 1.1889290244906967, 1.1720704761498548, 1.1552119278090127], "length": 38.77466118393666, "seg_id": 2, "type": "Main", "parent": 0, "children": [3, 4]}, {"pos": [[-0.1986053307500715, 0.6210992535518061, 66.92465991804667], [1.3762641428511204, 0.3993591174552326, 68.46834010972499], [2.8830337204395784, 0.21349275811538918, 70.01202030140333], [4.321703402015304, 0.06350017553227567, 71.55570049308166], [5.692273187578294, -0.0506186302941079, 73.09938068475998], [6.994743077128552, -0.12886365936376148, 74.6430608764383], [8.229113070666077, -0.17123491167668511, 76.18674106811662], [9.395383168190866, -0.17773238723287876, 77.73042125979492], [10.493553369702925, -0.1483560860323425, 79.27410145147327], [11.523623675202249, -0.08310600807507618, 80.81778164315159]], "radius": [0.758343128815706, 0.758343128815706, 0.758343128815706, 0.758343128815706, 0.758343128815706, 0.758343128815706, 0.758343128815706, 0.758343128815706, 0.758343128815706, 0.758343128815706], "ref_radius": [0.758343128815706, 0.758343128815706, 0.758343128815706, 0.758343128815706, 0.758343128815706, 0.758343128815706, 0.758343128815706, 0.758343128815706, 0.758343128815706, 0.758343128815706], "length": 18.191354792512715, "seg_id": 3, "type": "Side", "parent": 2,