{"case_id": "LCX_730", "artery_type": "LCX", "segments": [{"pos": [[0.0, 0.0, 0.0], [0.09143488550242179, 0.06748987263183782, 1.8113934533175056], [0.17271033928235224, 0.12748087052680476, 3.6227869066350102], [0.24382636133979138, 0.17997299368490083, 5.434180359952515], [0.3047829516747393, 0.22496624210612606, 7.245573813270021], [0.3555801102871958, 0.2624606157904804, 9.056967266587527], [0.396217837177161, 0.2924561147379639, 10.86836071990503], [0.42669613234463494, 0.31495273894857645, 12.679754173222538], [0.4470149957896176, 0.3299504884223183, 14.491147626540043], [0.45717442751210896, 0.33744936315918916, 16.302541079857548], [0.4571744275121089, 0.3374493631591891, 18.113934533175055], [0.4470149957896176, 0.3299504884223183, 19.92532798649256], [0.426696132344635, 0.3149527389485765, 21.73672143981006], [0.39621783717716114, 0.29245611473796396, 23.54811489312757], [0.3555801102871958, 0.2624606157904804, 25.359508346445075], [0.3047829516747393, 0.22496624210612606, 27.170901799762582], [0.2438263613397915, 0.1799729936849009, 28.982295253080085], [0.1727103392823524, 0.1274808705268049, 30.793688706397585], [0.09143488550242186, 0.06748987263183788, 32.605082159715096], [0.0, 0.0, 34.4164756130326]], "radius": [1.8011402662340945, 1.8011402662340945, 1.8011402662340945, 1.8011402662340945, 1.8011402662340945, 1.8011402662340945, 1.8011402662340945, 1.8011402662340945, 1.8011402662340945, 1.8011402662340945, 1.7888511865433632, 1.5436490627854829, 1.0759901172982889, 0.5742608285948676, 0.24057218969224414, 0.20934358507840556, 0.49315479518703875, 0.9776784988991118, 1.4677346078633908, 1.7659144217172058], "ref_radius": [1.8011402662340945, 1.8011402662340945, 1.8011402662340945, 1.8011402662340945, 1.8011402662340945, 1.8011402662340945, 1.8011402662340945, 1.8011402662340945, 1.8011402662340945, 1.8011402662340945, 1.8011402662340945, 1.8011402662340945, 1.8011402662340945, 1.8011402662340945, 1.8011402662340945, 1.8011402662340945, 1.8011402662340945, 1.8011402662340945, 1.8011402662340945, 1.8011402662340945], "length": 34.4164756130326, "seg_id": 0, "type": "Root", "parent": null, "children": [1, 2]}, {"pos": [[0.0, 0.0, 34.4164756130326], [1.2165763905860942, -0.09737350078674031, 36.01909694634817], [2.3949091998399905, -0.14060490279342325, 37.62171827966374], [3.5349984277616877, -0.1296942060200487, 39.22433961297931], [4.6368440743511865, -0.0646414104666167, 40.82696094629487], [5.700446139608486, 0.05455348386687253, 42.429582279610436], [6.725804623533589, 0.22789047698041942, 44.032203612926004], [7.712919526126493, 0.4553695688740235, 45.634824946241565], [8.661790847387199, 0.7369907595476852, 47.23744627955713], [9.572418587315704, 1.072754049001404, 48.84006761287271], [10.444802745912012, 1.4626594372351802, 50.44268894618827]], "radius": [1.124209855688106, 1.124209855688106, 1.124209855688106, 1.124209855688106, 1.124209855688106, 1.124209855688106, 1.124209855688106, 1.124209855688106, 1.124209855688106, 1.124209855688106, 1.124209855688106], "ref_radius": [1.124209855688106, 1.124209855688106, 1.124209855688106, 1.124209855688106, 1.124209855688106, 1.124209855688106, 1.124209855688106, 1.124209855688106, 1.124209855688106, 1.124209855688106, 1.124209855688106], "length": 19.18522324160344, "seg_id": 1, "type": "Side", "parent": 0, "children": []}, {"pos": [[0.0, 0.0, 34.4164756130326], [0.044116998202949, 0.09798323491717499, 36.39353683200971], [0.06995657173612653, 0.22250764574794762, 38.37059805098682], [0.07751872059953256, 0.3735732324923179, 40.34765926996391], [0.06680344479316713, 0.5511799951502858, 42.32472048894101], [0.03781074431703024, 0.7553279337218513, 44.301781707918124], [-0.009459380828878178, 0.9860170482070146, 46.27884292689523], [-0.07500693064455805, 1.2432473386057756, 48.255904145872336], [-0.15883190513000933, 1.527018804918134, 50.23296536484944], [-0.2609343042852321, 1.83733144714409, 52.21002658382655], [-0.38131412811022636, 2.1741852652836435, 54.187087802803646]], "radius": [1.8011402662340945, 1.7830553063079777, 1.7649703463818607, 1.7468853864557439, 1.728800426529627, 1.7107154666035103, 1.6926305066773932, 1.6745455467512764, 1.6564605868251596, 1.6383756268990428, 1.6086592338012995], "ref_radius": [1.8011402662340945, 1.7830553063079777, 1.7649703463818607, 1.7468853864557439, 1.728800426529627, 1.7107154666035103, 1.6926305066773932, 1.6745455467512764, 1.6564605868251596, 1.6383756268990428, 1.6202906669729258], "length": 19.893455918728552, "seg_id": 2, "type": "Main", "parent": 0, "children": [3, 4]}, {"pos": [[-0.38131412811022636, 2.1741852652836435, 54.187087802803646], [0.8366206101280196, 2.256284091062055, 55.739534074861545], [2.0864348599056908, 2.3580463160598018, 57.29198034691944], [3.3681286212227874, 2.479471940276884, 58.84442661897732], [4.681701894079309, 2.6205609637133014, 60.396872891035216], [6.027154678475256, 2.781313386369054, 61.94931916309311], [7.404486974410629, 2.961729208244142, 63.501765435151], [8.813698781885426, 3.161808429338565, 65.05421170720889]], "radius": [1.136908078254061, 1.136908078254061, 1.136908078254061, 1.136908078254061, 1.136908078254061, 1.136908078254061, 1.136908078254061, 1.136908078254061], "ref_radius": [1.136908078254061, 1.136908078254061, 1.136908078254061, 1.136908078254061, 1.136908078254061, 1.136908078254061, 1.136908078254061, 1.136908078254061], "length": 14.269479453815421, "seg_id": 3, "type": "Side", "parent": 2, "children": []}, {"pos": [[-0.38131412811022636, 2.1741852652836435, 54.187087802803646], [-0.6009641999774408, 2.3118798099735947, 55.99315933526147], [-0.8298744475626355, 2.473508665761274, 57.79923086771928], [-1.0680448708658106, 2.65907183264668, 59.605302400177095], [-1.3154754698869657, 2.8685693106298142, 61.41137393263491], [-1.572166244626101, 3.1020010997106753, 63.217445465092716], [-1.8381171950832167, 3.359367199889265, 65.02351699755053], [-2.113328321258313, 3.6406676111655814, 66.82958853000835], [-2.397799623151389, 3.9459023335396255, 68.63566006246617], [-2.6915311007624454, 4.275071367011398, 70.44173159492398], [-2.9945227540914825, 4.628174711580897, 72.2478031273818], [-3.3067745831385, 5.005212367248125, 74.05387465983962], [-3.628286587903497, 5.406184334013079, 75.85994619229743], [-3.9590587683864746, 5.831090611875761, 77.66601772475525], [-4.299091124587433, 6.279931200836172, 79.47208925721307]], "radius": [1.4635818499695503, 1.2118987490994364, 0.9139429389993792, 0.6408525850149294, 0.45613813699944905, 0.4003023994677051, 0.48143364233856945, 0.6739482168314994, 0.9256109904278004, 1.1709269352374876, 1.3474756607331588, 1.411115562216245, 1.3948933938833628, 1.377617367786409, 1.360341341689455], "ref_radius": [1.602205707046809, 1.5849296809498552, 1.5676536548529012, 1.5503776287559474, 1.5331016026589936, 1.5158255765620396, 1.4985495504650859, 1.481273524368132, 1.463997498271178, 1.4467214721742243, 1.4294454460772705, 1.4121694199803168, 1.3948933938833628, 1.377617367786409, 1.360341341689455], "length": 25.914039145430774, "seg_id": 4, "type": "Main", "parent": 2, "children": [5, 6]}, {"pos": [[-4.299091124587433, 6.279931200836172, 79.47208925721307], [-2.9398126038218546, 6.948401187548813, 80.85373044525276], [-1.6191417162538504, 7.529080407084038, 82.23537163329244], [-0.33707846188341817, 8.021968859441845, 83.61701282133215], [0.9063771592894418, 8.427066544622232, 84.99865400937182], [2.1112251472647294, 8.744373462625202, 86.3802951974115], [3.277465502042444, 8.973889613450755, 87.7619363854512], [4.405098223622585, 9.115614997098888, 89.14357757349086], [5.494123312005156, 9.169549613569606, 90.52521876153057], [6.544540767190153, 9.135693462862903, 91.90685994957025]], "radius": [0.838109625519026, 0.838109625519026, 0.838109625519026, 0.838109625519026, 0.838109625519026, 0.838109625519026, 0.838109625519026, 0.838109625519026, 0.838109625519026, 0.838109625519026],