{"case_id": "LCX_2393", "artery_type": "LCX", "segments": [{"pos": [[0.0, 0.0, 0.0], [0.01962448864399408, -0.038517055302080126, 1.8051378775073503], [0.0369402139181065, -0.0725026923333273, 3.6102757550147], [0.05194717582233727, -0.10195691109374153, 5.415413632522052], [0.06464537435668638, -0.12687971158332279, 7.2205515100294], [0.07503480952115384, -0.1472710938020711, 9.025689387536751], [0.08311548131573965, -0.16313105774998646, 10.830827265044103], [0.08888738974044377, -0.17445960342706882, 12.635965142551452], [0.09235053479526625, -0.18125673083331825, 14.4411030200588], [0.09350491648020709, -0.18352243996873474, 16.246240897566153], [0.09235053479526625, -0.18125673083331825, 18.051378775073502], [0.08888738974044377, -0.17445960342706882, 19.85651665258085], [0.08311548131573965, -0.16313105774998646, 21.661654530088207], [0.07503480952115384, -0.1472710938020711, 23.466792407595555], [0.0646453743566864, -0.1268797115833228, 25.2719302851029], [0.051947175822337294, -0.10195691109374157, 27.077068162610253], [0.03694021391810652, -0.07250269233332733, 28.882206040117605], [0.01962448864399409, -0.03851705530208015, 30.687343917624958], [0.0, 0.0, 32.492481795132306]], "radius": [2.2582227667067416, 2.2582227667067416, 2.2582227667067416, 2.2582227667067416, 2.2582227667067416, 2.2582227667067416, 2.2582227667067416, 2.2582227667067416, 2.2582227667067416, 2.2582227667067416, 2.2582227667067416, 2.2582227667067416, 2.2582227667067416, 2.2582227667067416, 2.2582227667067416, 2.2582227667067416, 2.2582227667067416, 2.2582227667067416, 2.2582227667067416], "ref_radius": [2.2582227667067416, 2.2582227667067416, 2.2582227667067416, 2.2582227667067416, 2.2582227667067416, 2.2582227667067416, 2.2582227667067416, 2.2582227667067416, 2.2582227667067416, 2.2582227667067416, 2.2582227667067416, 2.2582227667067416, 2.2582227667067416, 2.2582227667067416, 2.2582227667067416, 2.2582227667067416, 2.2582227667067416, 2.2582227667067416, 2.2582227667067416], "length": 32.492481795132306, "seg_id": 0, "type": "Root", "parent": null, "children": [1, 2]}, {"pos": [[0.0, 0.0, 32.492481795132306], [1.5394677537639176, 0.17804072890033112, 33.89080767955316], [3.043345826187404, 0.31935538826362514, 35.28913356397403], [4.511634217270458, 0.4239439780898818, 36.68745944839489], [5.944332927013081, 0.4918064983791014, 38.085785332815746], [7.341441955415272, 0.5229429491312837, 39.48411121723661], [8.702961302477032, 0.5173533303464288, 40.882437101657466], [10.028890968198358, 0.4750376420245368, 42.28076298607833], [11.319230952579256, 0.3959958841656075, 43.679088870499186], [12.57398125561972, 0.280228056769641, 45.07741475492004], [13.793141877319753, 0.1277341598366375, 46.4757406393409], [14.976712817679354, -0.06148580663340347, 47.87406652376176], [16.124694076698525, -0.28743184264048166, 49.272392408182625]], "radius": [1.6327791699460243, 1.6327791699460243, 1.6327791699460243, 1.6327791699460243, 1.6327791699460243, 1.6327791699460243, 1.6327791699460243, 1.6327791699460243, 1.6327791699460243, 1.6327791699460243, 1.6327791699460243, 1.6327791699460243, 1.6327791699460243], "ref_radius": [1.6327791699460243, 1.6327791699460243, 1.6327791699460243, 1.6327791699460243, 1.6327791699460243, 1.6327791699460243, 1.6327791699460243, 1.6327791699460243, 1.6327791699460243, 1.6327791699460243, 1.6327791699460243, 1.6327791699460243, 1.6327791699460243], "length": 23.27345647541935, "seg_id": 1, "type": "Side", "parent": 0, "children": []}, {"pos": [[0.0, 0.0, 32.492481795132306], [-0.08475192940906337, -0.21960549035182506, 34.270469050648614], [-0.15501772523945379, -0.43386727317084756, 36.04845630616491], [-0.2107973874911712, -0.6427853484570677, 37.82644356168121], [-0.25209091616421575, -0.8463597162104854, 39.60443081719752], [-0.2788983112585872, -1.0445903764311006, 41.38241807271382], [-0.2912195727742858, -1.2374773291189134, 43.16040532823013], [-0.2890547007113114, -1.4250205742739237, 44.93839258374642], [-0.2724036950696641, -1.6072201118961318, 46.71637983926273], [-0.24126655584934378, -1.7840759419855372, 48.49436709477904], [-0.19564328305035045, -1.9555880645421402, 50.27235435029533], [-0.13553387667268418, -2.1217564795659407, 52.05034160581164], [-0.06093833671634502, -2.282581187056939, 53.82832886132794], [0.028143336818666986, -2.438062187015134, 55.60631611684424], [0.13171114393235228, -2.588199479440527, 57.38430337236054], [0.24976508462471048, -2.7329930643331184, 59.16229062787686], [0.38230515889574135, -2.8724429416929063, 60.94027788339315], [0.5293313667454451, -3.0065491115198917, 62.71826513890945], [0.6908437081738223, -3.135311573814075, 64.49625239442575], [0.8668421831808725, -3.2587303285754565, 66.27423964994206]], "radius": [2.2582227667067416, 2.24124794783815, 2.224273128969559, 2.2072983101009678, 2.190323491232377, 2.143813605730901, 1.8239018708728003, 1.3109595712932025, 0.8368954979350989, 0.6122398321287534, 0.7304501278930478, 1.1271460651325578, 1.6120042991762102, 1.957596080044495, 2.020575302546465, 2.0036004836778734, 1.9866256648092824, 1.9696508459406912, 1.9526760270721, 1.9357012082035088], "ref_radius": [2.2582227667067416, 2.24124794783815, 2.224273128969559, 2.2072983101009678, 2.190323491232377, 2.1733486723637854, 2.1563738534951944, 2.139399034626603, 2.122424215758012, 2.1054493968894206, 2.0884745780208296, 2.071499759152238, 2.054524940283647, 2.0375501214150558, 2.020575302546465, 2.0036004836778734, 1.9866256648092824, 1.9696508459406912, 1.9526760270721, 1.9357012082035088], "length": 33.94963773718241, "seg_id": 2, "type": "Main", "parent": 0, "children": [3, 4]}, {"pos": [[0.8668421831808725, -3.2587303285754565, 66.27423964994206], [2.344733688084523, -3.5440603027867836, 67.74614990044108], [3.784977121513041, -3.7926906353028977, 69.21806015094012], [5.187572483466426, -4.004621326123798, 70.68997040143913], [6.552519773944679, -4.179852375249486, 72.16188065193813], [7.879818992947801, -4.3183837826799625, 73.63379090243716], [9.169470140475791, -4.420215548415225, 75.10570115293618], [10.421473216528646, -4.4853476724552745, 76.57761140343518], [11.635828221106372, -4.513780154800111, 78.04952165393422], [12.812535154208966, -4.5055129954497355, 79.52143190443323], [13.951594015836426, -4.460546194404147, 80.99334215493225]], "radius": [0.9769147239267502, 0.9769147239267502, 0.9769147239267502, 0.9769147239267502, 0.9769147239267502, 0.9769147239267502, 0.9769147239267502, 0.9769147239267502, 0.9769147239267502, 0.9769147239267502, 0.9769147239267502], "ref_radius": [0.9769147239267502, 0.9769147239267502, 0.9769147239267502, 0.9769147239267502, 0.9769147239267502, 0.9769147239267502, 0.9769147239267502, 0.9769147239267502, 0.9769147239267502, 0.9769147239267502, 0.9769147239267502], "length": 19.730865932592746, "seg_id": 3, "type": "Side", "parent": 2, "children": []}, {"pos": [[0.8668421831808725, -3.2587303285754565, 66.27423964994206], [0.7267415450540363, -3.599191511772738, 68.13081288309439], [0.5938761127550402, -3.934791402542449, 69.98738611624673], [0.46824588628388436, -4.2655300008845884, 71.84395934939903], [0.3498508656405689, -4.591407306799158, 73.70053258255135], [0.23869105082509373, -4.912423320286156, 75.5571058157037], [0.13476644183745862, -5.228578041345583, 77.41367904885603], [0.038077038677663794, -5.53987146997744, 79.27025228200834], [-0.05137715865429068, -5.846303606181726, 81.12682551516068], [-0.13359615015840487, -6.14787444995844, 82.983398748313], [-0.20857993583467896, -6.444584001307584, 84.83997198146531], [-0.2763285156831128, -6.736432260229157, 86.69654521461764], [-0.3368418897037063, -7.02341922672316, 88.55311844776998], [-0.39012005789645954, -7.305544900789591, 90.4096916809223]],