{"case_id": "LCX_3684", "artery_type": "LCX", "segments": [{"pos": [[0.0, 0.0, 0.0], [0.15077064974610205, 0.18147690339025285, 1.8155852076338512], [0.28143854619272385, 0.338756886328472, 3.6311704152677025], [0.39200368933986535, 0.4718399488146574, 5.446755622901554], [0.4824660791875266, 0.5807260908488091, 7.262340830535405], [0.5528257157357076, 0.6654153124309271, 9.077926038169256], [0.6030825989844082, 0.7259076135610114, 10.893511245803108], [0.6332367289336287, 0.7622029942390619, 12.70909645343696], [0.6432881055833688, 0.7743014544650788, 14.52468166107081], [0.6332367289336287, 0.7622029942390619, 16.34026686870466], [0.6030825989844082, 0.7259076135610114, 18.155852076338512], [0.5528257157357076, 0.6654153124309271, 19.971437283972364], [0.4824660791875266, 0.5807260908488091, 21.787022491606216], [0.39200368933986535, 0.4718399488146574, 23.602607699240064], [0.28143854619272385, 0.338756886328472, 25.418192906873916], [0.15077064974610205, 0.18147690339025285, 27.233778114507768], [0.0, 0.0, 29.04936332214162]], "radius": [2.044082521762836, 2.044082521762836, 2.044082521762836, 2.044082521762836, 2.044082521762836, 2.044082521762836, 2.044082521762836, 2.044082521762836, 2.044082521762836, 2.044082521762836, 2.044082521762836, 2.044082521762836, 2.044082521762836, 2.043064737902311, 1.9891107299110604, 1.859499843862826, 1.670439196264458], "ref_radius": [2.044082521762836, 2.044082521762836, 2.044082521762836, 2.044082521762836, 2.044082521762836, 2.044082521762836, 2.044082521762836, 2.044082521762836, 2.044082521762836, 2.044082521762836, 2.044082521762836, 2.044082521762836, 2.044082521762836, 2.044082521762836, 2.044082521762836, 2.044082521762836, 2.044082521762836], "length": 29.04936332214162, "seg_id": 0, "type": "Root", "parent": null, "children": [1, 2]}, {"pos": [[0.0, 0.0, 29.04936332214162], [1.1564679128572037, -0.027869036539460147, 30.411806958299977], [2.319554301568122, -0.05325076955395265, 31.774250594458334], [3.489259166132755, -0.07614519904347752, 33.13669423061669], [4.665582506551104, -0.09655232500803473, 34.499137866775044], [5.848524322823167, -0.11447214744762432, 35.861581502933404], [7.038084614948945, -0.12990466636224623, 37.22402513909176], [8.234263382928438, -0.14284988175190055, 38.58646877525011], [9.437060626761646, -0.1533077936165872, 39.94891241140847], [10.64647634644857, -0.16127840195630622, 41.31135604756683], [11.862510541989206, -0.16676170677105756, 42.673799683725186], [13.08516321338356, -0.1697577080608413, 44.03624331988354], [14.314434360631626, -0.17026640582565739, 45.3986869560419], [15.550323983733408, -0.16828780006550584, 46.76113059220025], [16.792832082688907, -0.16382189078038661, 48.12357422835861], [18.041958657498117, -0.1568686779702998, 49.486017864516974], [19.297703708161045, -0.1474281616352453, 50.84846150067533]], "radius": [1.2469538498374564, 1.2469538498374564, 1.2469538498374564, 1.2469538498374564, 1.2469538498374564, 1.2469538498374564, 1.2469538498374564, 1.2469538498374564, 1.2469538498374564, 1.2469538498374564, 1.2469538498374564, 1.2469538498374564, 1.2469538498374564, 1.2469538498374564, 1.2469538498374564, 1.2469538498374564, 1.2469538498374564], "ref_radius": [1.2469538498374564, 1.2469538498374564, 1.2469538498374564, 1.2469538498374564, 1.2469538498374564, 1.2469538498374564, 1.2469538498374564, 1.2469538498374564, 1.2469538498374564, 1.2469538498374564, 1.2469538498374564, 1.2469538498374564, 1.2469538498374564, 1.2469538498374564, 1.2469538498374564, 1.2469538498374564, 1.2469538498374564], "length": 29.113979200174054, "seg_id": 1, "type": "Side", "parent": 0, "children": []}, {"pos": [[0.0, 0.0, 29.04936332214162], [-0.01574613353192424, -0.031373730369169274, 30.90132379723381], [-0.005168780094189078, -0.06274297826806917, 32.753284272326006], [0.03173206031320547, -0.09410774369669969, 34.6052447474182], [0.09495638769025941, -0.12546802665506085, 36.45720522251039], [0.18450420203697274, -0.1568238271431526, 38.30916569760257], [0.3003755033533455, -0.188175145160975, 40.161126172694765], [0.44257029163937767, -0.21952198070852805, 42.01308664778696], [0.6110885668950691, -0.2508643337858117, 43.865047122879155], [0.80593032912042, -0.28220220439282595, 45.717007597971346], [1.0270955783154303, -0.31353559252957086, 47.56896807306354], [1.2745843144801001, -0.34486449819604637, 49.420928548155736], [1.548396537614429, -0.3761889213922525, 51.27288902324793], [1.8485322477184174, -0.40750886211818926, 53.12484949834012], [2.1749914447920657, -0.4388243203738567, 54.97680997343231]], "radius": [1.4455697638572675, 1.2027153853478953, 0.9848355509956057, 0.8171188859975689, 0.7180839068357321, 0.69738651129443, 0.7547699963139947, 0.8802692118504891, 0.9288963678002966, 0.7214016346967049, 0.6030040588744092, 0.5897614022409752, 0.6800405634607207, 0.8551127341572541, 0.9862798397331975], "ref_radius": [2.044082521762836, 2.026734378802026, 2.0093862358412156, 1.9920380928804053, 1.9746899499195951, 1.957341806958785, 1.9399936639979747, 1.9226455210371645, 1.9052973780763542, 1.887949235115544, 1.8706010921547338, 1.8532529491939236, 1.8359048062331134, 1.8185566632723031, 1.801208520311493], "length": 26.022214441215326, "seg_id": 2, "type": "Main", "parent": 0, "children": [3, 4]}, {"pos": [[2.1749914447920657, -0.4388243203738567, 54.97680997343231], [3.6261966934333403, -0.47418699037573964, 56.23812255533365], [5.058564295601508, -0.5109072062528399, 57.49943513723498], [6.47209425129657, -0.5489849680051576, 58.760747719136326], [7.866786560518523, -0.5884202756326926, 60.022060301037655], [9.24264122326737, -0.6292131291354451, 61.28337288293899], [10.59965823954311, -0.6713635285134149, 62.54468546484031], [11.937837609345742, -0.7148714737666021, 63.80599804674164], [13.257179332675268, -0.7597369648950066, 65.06731062864299], [14.557683409531688, -0.8059600018986286, 66.32862321054431], [15.839349839914998, -0.8535405847774681, 67.58993579244566], [17.102178623825203, -0.9024787135315249, 68.85124837434698], [18.346169761262306, -0.9527743881607991, 70.11256095624833], [19.571323252226296, -1.0044276086652906, 71.37387353814965], [20.77763909671718, -1.0574383750449996, 72.63518612005097], [21.965117294734956, -1.111806687299926, 73.89649870195231]], "radius": [1.1154609918074692, 1.1154609918074692, 1.1154609918074692, 1.1154609918074692, 1.1154609918074692, 1.1154609918074692, 1.1154609918074692, 1.1154609918074692, 1.1154609918074692, 1.1154609918074692, 1.1154609918074692, 1.1154609918074692, 1.1154609918074692, 1.1154609918074692, 1.1154609918074692, 1.1154609918074692], "ref_radius": [1.1154609918074692, 1.1154609918074692, 1.1154609918074692, 1.1154609918074692, 1.1154609918074692, 1.1154609918074692, 1.1154609918074692, 1.1154609918074692, 1.1154609918074692, 1.1154609918074692, 1.1154609918074692, 1.1154609918074692, 1.1154609918074692, 1.1154609918074692, 1.1154609918074692, 1.1154609918074692], "length": 27.387161371833667, "seg_id": 3, "type": "Side", "parent": 2, "children": []}, {"pos": [[2.1749914447920657, -0.4388243203738567, 54.97680997343231], [2.0748188191036703, -0.5413100706849496, 56.880530781896404], [1.9937428807842705, -0.6054174573705189, 58.7842515903605], [1.9317636298338652, -0.6311464804305644, 60.6879723988246], [1.8888810662524556, -0.6184971398650864, 62.59169320728869], [1.8650951900400405, -0.5674694356740844, 64.49541401575279], [1.8604060011966206, -0.47806336785755876, 66.39913482421687], [1.8748134997221957, -0.3502789364155097, 68.30285563268097], [1.9083176856167663, -0.18411614134793663, 70.20657644114507], [1.9609185588803313, 0.020425017345160168, 72.11029724960916], [2.032616119512892, 0.26334453966378024, 74.01401805807326], [2.123410367514447, 0.5446424256079244, 75.91773886653735], [2.233301302884998, 0.8643186751775924, 77.82145967500145]],