{"case_id": "LCX_2578", "artery_type": "LCX", "segments": [{"pos": [[0.0, 0.0, 0.0], [-0.07024086363129649, -0.19391238510039713, 1.765964037920963], [-0.1317016193086809, -0.3635857220632446, 3.5319280758419254], [-0.18438226703215327, -0.5090200108885423, 5.297892113762888], [-0.22828280680171356, -0.6302152515762905, 7.063856151683851], [-0.2634032386173618, -0.7271714441264892, 8.829820189604813], [-0.289743562479098, -0.7998885885391381, 10.595784227525776], [-0.30730377838692213, -0.8483666848142374, 12.361748265446739], [-0.3160838863408342, -0.872605732951787, 14.127712303367703], [-0.3160838863408342, -0.872605732951787, 15.893676341288666], [-0.30730377838692213, -0.8483666848142374, 17.659640379209627], [-0.289743562479098, -0.7998885885391381, 19.425604417130593], [-0.26340323861736187, -0.7271714441264893, 21.191568455051552], [-0.22828280680171364, -0.6302152515762908, 22.95753249297252], [-0.18438226703215332, -0.5090200108885425, 24.72349653089348], [-0.13170161930868093, -0.3635857220632447, 26.489460568814444], [-0.0702408636312965, -0.19391238510039716, 28.255424606735406], [0.0, 0.0, 30.02138864465637]], "radius": [1.9300708594978144, 1.9300708594978144, 1.9300708594978144, 1.9300708594978144, 1.9300708594978144, 1.9300708594978144, 1.9300708594978144, 1.9300708594978144, 1.9300708594978144, 1.9300708594978144, 1.8982057006502835, 1.6304150052457178, 1.18697755512434, 0.7394146783762783, 0.46084341552811114, 0.45901495664820846, 0.7346365484865982, 1.181097931874833], "ref_radius": [1.9300708594978144, 1.9300708594978144, 1.9300708594978144, 1.9300708594978144, 1.9300708594978144, 1.9300708594978144, 1.9300708594978144, 1.9300708594978144, 1.9300708594978144, 1.9300708594978144, 1.9300708594978144, 1.9300708594978144, 1.9300708594978144, 1.9300708594978144, 1.9300708594978144, 1.9300708594978144, 1.9300708594978144, 1.9300708594978144], "length": 30.02138864465637, "seg_id": 0, "type": "Root", "parent": null, "children": [1, 2]}, {"pos": [[0.0, 0.0, 30.02138864465637], [1.1485786747125275, -0.24449588508015718, 31.35910308217458], [2.3110799034490492, -0.44131308256189, 32.69681751969281], [3.487503686209564, -0.5904515924451983, 34.03453195721102], [4.677850022994074, -0.6919114147300821, 35.372246394729245], [5.882118913802576, -0.7456925494165415, 36.70996083224746], [7.100310358635074, -0.7517949965045765, 38.047675269765676], [8.332424357491563, -0.710218755994187, 39.38538970728389], [9.578460910372048, -0.6209638278853731, 40.72310414480211], [10.838420017276526, -0.4840302121781345, 42.06081858232033], [12.112301678204998, -0.299417908872472, 43.398533019838545], [13.400105893157466, -0.06712691796838452, 44.73624745735677], [14.701832662133926, 0.2128427605341274, 46.073961894874984]], "radius": [1.2913862852132612, 1.2913862852132612, 1.2913862852132612, 1.2913862852132612, 1.2913862852132612, 1.2913862852132612, 1.2913862852132612, 1.2913862852132612, 1.2913862852132612, 1.2913862852132612, 1.2913862852132612, 1.2913862852132612, 1.2913862852132612], "ref_radius": [1.2913862852132612, 1.2913862852132612, 1.2913862852132612, 1.2913862852132612, 1.2913862852132612, 1.2913862852132612, 1.2913862852132612, 1.2913862852132612, 1.2913862852132612, 1.2913862852132612, 1.2913862852132612, 1.2913862852132612, 1.2913862852132612], "length": 21.768653923008973, "seg_id": 1, "type": "Side", "parent": 0, "children": []}, {"pos": [[0.0, 0.0, 30.02138864465637], [0.28649112844140473, 0.13041306835240832, 31.80580644537615], [0.5575556469734533, 0.2452795274745993, 33.59022424609592], [0.8131935555961456, 0.3445993773665729, 35.374642046815694], [1.0534048543094818, 0.4283726180283293, 37.15905984753547], [1.2781895431134622, 0.49659924945986844, 38.943477648255254], [1.487547622008086, 0.5492792716611903, 40.72789544897503], [1.6814790909933537, 0.5864126846322946, 42.5123132496948], [1.8599839500692656, 0.6079994883731819, 44.29673105041458], [2.023062199235821, 0.6140396828838517, 46.08114885113436], [2.1707138384930205, 0.6045332681643041, 47.86556665185414], [2.302938867840864, 0.5794802442145395, 49.64998445257392], [2.419737287279351, 0.5388806110345574, 51.43440225329368], [2.521109096808482, 0.482734368624358, 53.21882005401346], [2.607054296428257, 0.4110415169839413, 55.00323785473324], [2.677572886138675, 0.32380205611330726, 56.787655655453015], [2.7326648659397383, 0.22101598601245592, 58.572073456172795], [2.7723302358314443, 0.10268330668138727, 60.35649125689257]], "radius": [1.625708123228317, 1.8798634386044102, 1.89622453268628, 1.8793013692805132, 1.862378205874746, 1.8454550424689788, 1.828531879063212, 1.8116087156574447, 1.7946855522516776, 1.7777623888459104, 1.7608392254401433, 1.7422719745698625, 1.5726104829408158, 1.2213431719914536, 0.8353433313321159, 0.5732501555446678, 0.5383394859735009, 0.7360738320333243], "ref_radius": [1.9300708594978144, 1.9131476960920473, 1.89622453268628, 1.8793013692805132, 1.862378205874746, 1.8454550424689788, 1.828531879063212, 1.8116087156574447, 1.7946855522516776, 1.7777623888459104, 1.7608392254401433, 1.7439160620343763, 1.7269928986286092, 1.710069735222842, 1.6931465718170748, 1.676223408411308, 1.6593002450055407, 1.6423770815997736], "length": 30.461694130380792, "seg_id": 2, "type": "Main", "parent": 0, "children": [3, 4]}, {"pos": [[2.7723302358314443, 0.10268330668138727, 60.35649125689257], [4.064636538756485, -0.050352172002908285, 61.78983281929066], [5.333607088899592, -0.18132077734012444, 63.22317438168877], [6.579241886260765, -0.29022250933026117, 64.65651594408688], [7.801540930840005, -0.3770573679733186, 66.08985750648498], [9.00050422263731, -0.4418253532692966, 67.52319906888309], [10.17613176165268, -0.4845264652181952, 68.95654063128119], [11.328423547886118, -0.5051607038200145, 70.38988219367928], [12.457379581337621, -0.5037280690747543, 71.8232237560774], [13.562999862007192, -0.48022856098241484, 73.25656531847551], [14.645284389894828, -0.4346621795429958, 74.6899068808736], [15.704233165000527, -0.3670289247564976, 76.1232484432717]], "radius": [0.9428007758526875, 0.9428007758526875, 0.9428007758526875, 0.9428007758526875, 0.9428007758526875, 0.9428007758526875, 0.9428007758526875, 0.9428007758526875, 0.9428007758526875, 0.9428007758526875, 0.9428007758526875, 0.9428007758526875], "ref_radius": [0.9428007758526875, 0.9428007758526875, 0.9428007758526875, 0.9428007758526875, 0.9428007758526875, 0.9428007758526875, 0.9428007758526875, 0.9428007758526875, 0.9428007758526875, 0.9428007758526875, 0.9428007758526875, 0.9428007758526875], "length": 20.39719037328554, "seg_id": 3, "type": "Side", "parent": 2, "children": []}, {"pos": [[2.7723302358314443, 0.10268330668138727, 60.35649125689257], [2.950302865777705, -0.015285667303877648, 62.15740081214555], [3.1168186516600835, -0.14063209669613264, 63.95831036739854], [3.271877593478581, -0.2733559814953776, 65.75921992265152], [3.415479691233197, -0.4134573217016128, 67.5601294779045], [3.547624944923932, -0.5609361173148381, 69.36103903315748], [3.6683133545507856, -0.7157923683350532, 71.16194858841047], [3.7775449201137574, -0.8780260747622586, 72.96285814366345], [3.875319641612848, -1.0476372365964541, 74.76376769891644], [3.9616375190480566, -1.2246258538376398, 76.56467725416942], [4.036498552419385, -1.4089919264858153, 78.3655868094224], [4.099902741726831, -1.6007354545409809, 80.1664963646754], [4.151850086970396, -1.7998564380031363, 81.96740591992837], [4.1923405881500795, -2.0063548768722823, 83.76831547518135], [4.221374245265881, -2.220230771148418, 85.56922503043432], [4.238951058317801, -2.441484120831544, 87.37013458568731], [4.2450710273058405, -2.6701149259216606, 89.1710441409403], [4.239734152229999, -2.906123186418766, 90.97195369619328]],