{"case_id": "LCX_2473", "artery_type": "LCX", "segments": [{"pos": [[0.0, 0.0, 0.0], [0.069316704870284, -0.046154352280656896, 1.8062547985648676], [0.1304785032852405, -0.08687878076358946, 3.612509597129735], [0.18348539524486945, -0.12217328544879769, 5.418764395694604], [0.22833738074917084, -0.15203786633628155, 7.22501919425947], [0.2650344597981448, -0.17647252342604108, 9.031273992824339], [0.29357663239179116, -0.19547725671807628, 10.837528791389207], [0.3139638985301099, -0.20905206621238714, 12.643783589954072], [0.3261962582131012, -0.21719695190897362, 14.45003838851894], [0.330273711440765, -0.2199119138078358, 16.25629318708381], [0.3261962582131012, -0.21719695190897362, 18.062547985648678], [0.3139638985301099, -0.20905206621238714, 19.868802784213543], [0.29357663239179116, -0.19547725671807628, 21.67505758277841], [0.2650344597981448, -0.17647252342604108, 23.48131238134328], [0.22833738074917093, -0.15203786633628158, 25.287567179908145], [0.18348539524486954, -0.12217328544879773, 27.09382197847301], [0.13047850328524055, -0.08687878076358949, 28.90007677703788], [0.06931670487028405, -0.046154352280656924, 30.70633157560275], [0.0, 0.0, 32.51258637416762]], "radius": [1.7592241893199916, 1.7592241893199916, 1.7592241893199916, 1.7592241893199916, 1.7592241893199916, 1.7592241893199916, 1.7592241893199916, 1.7592190843850097, 1.381878398193563, 0.7093373474590545, 0.552291952565005, 1.1000482440074228, 1.6923285404054849, 1.7592241893199916, 1.7592241893199916, 1.7592241893199916, 1.7592241893199916, 1.7592241893199916, 1.7592241893199916], "ref_radius": [1.7592241893199916, 1.7592241893199916, 1.7592241893199916, 1.7592241893199916, 1.7592241893199916, 1.7592241893199916, 1.7592241893199916, 1.7592241893199916, 1.7592241893199916, 1.7592241893199916, 1.7592241893199916, 1.7592241893199916, 1.7592241893199916, 1.7592241893199916, 1.7592241893199916, 1.7592241893199916, 1.7592241893199916, 1.7592241893199916, 1.7592241893199916], "length": 32.51258637416762, "seg_id": 0, "type": "Root", "parent": null, "children": [1, 2]}, {"pos": [[0.0, 0.0, 32.51258637416762], [1.3362138088845503, -0.18959222486203536, 34.04630875396921], [2.6410609634385653, -0.3471946710575766, 35.580031133770795], [3.9145414636620455, -0.47280733858662377, 37.11375351357238], [5.1566553095549885, -0.5664302274491767, 38.647475893373965], [6.367402501117398, -0.6280633376452356, 40.18119827317555], [7.546783038349273, -0.6577066691748004, 41.71492065297714], [8.69479692125061, -0.655360222037871, 43.24864303277873], [9.811444149821414, -0.6210239962344477, 44.78236541258032], [10.89672472406168, -0.55469799176453, 46.31608779238191], [11.950638643971413, -0.45638220862811846, 47.84981017218349]], "radius": [1.2434624133333698, 1.2434624133333698, 1.2434624133333698, 1.2434624133333698, 1.2434624133333698, 1.2434624133333698, 1.2434624133333698, 1.2434624133333698, 1.2434624133333698, 1.2434624133333698, 1.2434624133333698], "ref_radius": [1.2434624133333698, 1.2434624133333698, 1.2434624133333698, 1.2434624133333698, 1.2434624133333698, 1.2434624133333698, 1.2434624133333698, 1.2434624133333698, 1.2434624133333698, 1.2434624133333698, 1.2434624133333698], "length": 19.448816996145535, "seg_id": 1, "type": "Side", "parent": 0, "children": []}, {"pos": [[0.0, 0.0, 32.51258637416762], [-0.059849923336730226, -0.0855401875320138, 34.26778147109141], [-0.11403188671722331, -0.1658024105340232, 36.022976568015196], [-0.1625458901414793, -0.24078666900602824, 37.77817166493899], [-0.20539193360949817, -0.31049296294802897, 39.53336676186277], [-0.2425700171212799, -0.3749212923600253, 41.28856185878657], [-0.27408014067682446, -0.4340716572420173, 43.04375695571036], [-0.2999223042761319, -0.48794405759400483, 44.79895205263414], [-0.3200965079192023, -0.5365384934159881, 46.55414714955794], [-0.3346027516060356, -0.579854964707967, 48.309342246481734], [-0.3434410353366317, -0.6178934714699416, 50.06453734340552], [-0.3466113591109906, -0.6506540137019117, 51.819732440329304], [-0.34411372292911246, -0.6781365914038774, 53.5749275372531], [-0.3359481267909972, -0.7003412045758388, 55.33012263417689], [-0.32211457069664484, -0.7172678532177958, 57.08531773110067], [-0.3026130546460553, -0.7289165373297486, 58.84051282802447], [-0.27744357863922864, -0.7352872569116969, 60.59570792494826], [-0.24660614267616493, -0.7363800119636409, 62.35090302187205], [-0.21010074675686402, -0.7321948024855804, 64.10609811879583], [-0.16792739088132597, -0.7227316284775157, 65.86129321571963]], "radius": [1.7592241893199916, 1.7425457092587031, 1.7258672291974146, 1.7091887491361262, 1.6351803659734268, 1.407126749462368, 1.0832963124257515, 0.7500269726276358, 0.4944854402486696, 0.3811423679461645, 0.43484248696650996, 0.6349101792987485, 0.9216595204677273, 1.213297593657215, 1.4284419327258966, 1.508054163170707, 1.4923685083393763, 1.4756900282780876, 1.4590115482167993, 1.4423330681555109], "ref_radius": [1.7592241893199916, 1.7425457092587031, 1.7258672291974146, 1.7091887491361262, 1.6925102690748377, 1.6758317890135492, 1.6591533089522608, 1.6424748288909723, 1.6257963488296838, 1.6091178687683954, 1.5924393887071069, 1.5757609086458184, 1.5590824285845302, 1.5424039485232415, 1.5257254684619532, 1.5090469884006648, 1.4923685083393763, 1.4756900282780876, 1.4590115482167993, 1.4423330681555109], "length": 33.35696012257692, "seg_id": 2, "type": "Main", "parent": 0, "children": [3, 4]}, {"pos": [[-0.16792739088132597, -0.7227316284775157, 65.86129321571963], [0.8972309250126485, -0.8268802263757787, 67.26029935059043], [1.9907132376317218, -0.9177536605493375, 68.65930548546125], [3.1125195469758937, -0.9953519309981912, 70.05831162033203], [4.262649853045165, -1.0596750377223403, 71.45731775520284], [5.441104155839534, -1.1107229807217847, 72.85632389007364], [6.647882455359003, -1.1484957599965244, 74.25533002494444], [7.882984751603569, -1.1729933755465596, 75.65433615981524], [9.146411044573238, -1.18421582737189, 77.05334229468605], [10.438161334268003, -1.1821631154725154, 78.45234842955684], [11.758235620687866, -1.1668352398484365, 79.85135456442765], [13.106633903832828, -1.1382322004996526, 81.25036069929844], [14.483356183702892, -1.0963539974261642, 82.64936683416924]], "radius": [0.9104495450693489, 0.9104495450693489, 0.9104495450693489, 0.9104495450693489, 0.9104495450693489, 0.9104495450693489, 0.9104495450693489, 0.9104495450693489, 0.9104495450693489, 0.9104495450693489, 0.9104495450693489, 0.9104495450693489, 0.9104495450693489], "ref_radius": [0.9104495450693489, 0.9104495450693489, 0.9104495450693489, 0.9104495450693489, 0.9104495450693489, 0.9104495450693489, 0.9104495450693489, 0.9104495450693489, 0.9104495450693489, 0.9104495450693489, 0.9104495450693489, 0.9104495450693489, 0.9104495450693489], "length": 22.28540149685314, "seg_id": 3, "type": "Side", "parent": 2, "children": []}, {"pos": [[-0.16792739088132597, -0.7227316284775157, 65.86129321571963], [0.15315543931698256, -0.5063087598319087, 67.84927838754696], [0.41816903672429534, -0.3680096992483712, 69.83726355937428], [0.6271134013406123, -0.30783444672690297, 71.82524873120158], [0.7799885331659335, -0.32578300226750434, 73.8132339030289], [0.876794432200259, -0.42185536587017514, 75.80121907485622], [0.9175310984435887, -0.5960515375349156, 77.78920424668354], [0.9021985318959227, -0.8483715172617253, 79.77718941851086], [0.8307967325572609, -1.1788153050506045, 81.76517459033818], [0.7033257004276032, -1.587382900901553, 83.7531597621655], [0.51978543550695, -2.074074304814571, 85.7411449339928]], "radius": [1.4256545880942224, 1.4075295043314977, 1.3894044205687732, 1.3712793368060485, 1.353154253043324, 1.3350291692805993, 1.3169040855178749, 1.2987790017551502, 1.2806539179924255, 1.262528834229701, 1.2444037504669763],