{"case_id": "LCX_2079", "artery_type": "LCX", "segments": [{"pos": [[0.0, 0.0, 0.0], [-0.16704269048179451, -0.09979382604880319, 1.8045390518366404], [-0.31443329973043677, -0.18784720197421775, 3.609078103673281], [-0.4421718277459267, -0.26416012777624376, 5.413617155509922], [-0.5502582745282644, -0.3287326034548811, 7.218156207346562], [-0.6386926400774497, -0.38156462901012983, 9.022695259183203], [-0.7074749243934828, -0.42265620444199, 10.827234311019843], [-0.7566051274763634, -0.4520073297504615, 12.631773362856482], [-0.7860832493260919, -0.4696180049355444, 14.436312414693123], [-0.7959092899426681, -0.4754882299972387, 16.240851466529765], [-0.7860832493260919, -0.4696180049355444, 18.045390518366403], [-0.7566051274763634, -0.4520073297504615, 19.849929570203045], [-0.7074749243934828, -0.42265620444199, 21.654468622039687], [-0.6386926400774497, -0.38156462901012983, 23.459007673876325], [-0.5502582745282645, -0.3287326034548812, 25.263546725712963], [-0.4421718277459269, -0.26416012777624387, 27.06808577754961], [-0.3144332997304369, -0.18784720197421784, 28.87262482938625], [-0.16704269048179463, -0.09979382604880324, 30.677163881222892], [0.0, 0.0, 32.48170293305953]], "radius": [3.002967712745086, 3.002967712745086, 3.002967712745086, 3.002967712745086, 3.002967712745086, 3.002967712745086, 2.9705521801869144, 2.841013274648193, 2.626187136359009, 2.3494086488455377, 2.0407420948813373, 1.7337155085433615, 1.4616787870493846, 1.2541811522094606, 1.1337614495267765, 1.1134999296576769, 1.195597443066513, 1.3711363788496964, 1.6210493150750986], "ref_radius": [3.002967712745086, 3.002967712745086, 3.002967712745086, 3.002967712745086, 3.002967712745086, 3.002967712745086, 3.002967712745086, 3.002967712745086, 3.002967712745086, 3.002967712745086, 3.002967712745086, 3.002967712745086, 3.002967712745086, 3.002967712745086, 3.002967712745086, 3.002967712745086, 3.002967712745086, 3.002967712745086, 3.002967712745086], "length": 32.48170293305953, "seg_id": 0, "type": "Root", "parent": null, "children": [1, 2]}, {"pos": [[0.0, 0.0, 32.48170293305953], [1.4027227625963998, 0.17207784251516253, 33.8127062742309], [2.7850046354472973, 0.3302697596935089, 35.14370961540226], [4.146845618552694, 0.4745757515350392, 36.474712956573626], [5.488245711912589, 0.6049958180397536, 37.80571629774499], [6.8092049155269825, 0.721529959207652, 39.13671963891636], [8.109723229395874, 0.8241781750387339, 40.46772298008772], [9.389800653519265, 0.912940465533, 41.79872632125908], [10.649437187897153, 0.9878168306904501, 43.12972966243045], [11.888632832529542, 1.0488072705110842, 44.46073300360182], [13.107387587416426, 1.095911784994902, 45.791736344773184], [14.305701452557813, 1.1291303741419039, 47.122739685944545], [15.483574427953693, 1.1484630379520895, 48.45374302711591], [16.641006513604072, 1.1539097764254593, 49.78474636828727], [17.777997709508952, 1.145470589562013, 51.11574970945864], [18.89454801566833, 1.1231454773617504, 52.44675305063001], [19.990657432082205, 1.086934439824672, 53.77775639180136], [21.06632595875058, 1.0368374769507773, 55.108759732972736], [22.12155359567345, 0.9728545887400668, 56.439763074144096], [23.156340342850825, 0.89498577519254, 57.770766415315464]], "radius": [1.7318185684968945, 1.7318185684968945, 1.7318185684968945, 1.7318185684968945, 1.7318185684968945, 1.7318185684968945, 1.7318185684968945, 1.7318185684968945, 1.7318185684968945, 1.7318185684968945, 1.7318185684968945, 1.7318185684968945, 1.7318185684968945, 1.7318185684968945, 1.7318185684968945, 1.7318185684968945, 1.7318185684968945, 1.7318185684968945, 1.7318185684968945, 1.7318185684968945], "ref_radius": [1.7318185684968945, 1.7318185684968945, 1.7318185684968945, 1.7318185684968945, 1.7318185684968945, 1.7318185684968945, 1.7318185684968945, 1.7318185684968945, 1.7318185684968945, 1.7318185684968945, 1.7318185684968945, 1.7318185684968945, 1.7318185684968945, 1.7318185684968945, 1.7318185684968945, 1.7318185684968945, 1.7318185684968945, 1.7318185684968945, 1.7318185684968945, 1.7318185684968945], "length": 34.30093044541661, "seg_id": 1, "type": "Side", "parent": 0, "children": []}, {"pos": [[0.0, 0.0, 32.48170293305953], [0.049806638565660616, -0.1764869599436522, 34.28294570175993], [0.11020791334431725, -0.34166988588882097, 36.084188470460326], [0.18120382433596988, -0.4955487778355062, 37.885431239160724], [0.2627943715406186, -0.6381236357837081, 39.68667400786112], [0.3549795549582633, -0.7693944597334266, 41.48791677656151], [0.457759374588904, -0.8893612496846615, 43.28915954526191], [0.5711338304325407, -0.998024005637413, 45.09040231396231], [0.6951029224891735, -1.095382727591681, 46.89164508266271], [0.8296666507588023, -1.1814374155474658, 48.69288785136311], [0.9748250152414271, -1.2561880695047671, 50.4941306200635], [1.130578015937048, -1.3196346894635846, 52.295373388763906], [1.2969256528456645, -1.371777275423919, 54.0966161574643], [1.4738679259672776, -1.4126158273857699, 55.8978589261647], [1.6614048353018864, -1.4421503453491373, 57.69910169486509], [1.8595363808494911, -1.4603808293140212, 59.5003444635655], [2.0682625626100926, -1.4673072792804218, 61.3015872322659], [2.287583380583689, -1.4629296952483388, 63.10283000096629]], "radius": [1.9181901637250067, 2.0612947720975967, 1.8226384335320254, 1.6151486088214917, 1.4550252915429667, 1.354258963282412, 1.319659624381052, 1.352337713862558, 1.447675930733824, 1.5957886921797313, 1.7824244487787637, 1.9902288571955897, 2.200257014331388, 2.2765983636085205, 2.0326625222315835, 1.7747697912479472, 1.5182857266722016, 1.278299932845625], "ref_radius": [3.002967712745086, 2.9858892208934162, 2.9688107290417465, 2.951732237190077, 2.9346537453384074, 2.9175752534867376, 2.900496761635068, 2.883418269783398, 2.866339777931729, 2.849261286080059, 2.8321827942283893, 2.8151043023767195, 2.7980258105250497, 2.7809473186733804, 2.7638688268217106, 2.746790334970041, 2.729711843118371, 2.7126333512667014], "length": 30.74128533300542, "seg_id": 2, "type": "Main", "parent": 0, "children": [3, 4]}, {"pos": [[2.287583380583689, -1.4629296952483388, 63.10283000096629], [3.560959093936992, -1.4852991388875334, 64.36436800774024], [4.835188718762901, -1.5031099449927456, 65.62590601451417], [6.110272255061418, -1.5163621135639753, 66.88744402128809], [7.386209702832543, -1.5250556446012231, 68.14898202806204], [8.663001062076276, -1.5291905381044888, 69.41052003483597], [9.940646332792614, -1.5287667940737717, 70.6720580416099], [11.219145514981562, -1.5237844125090723, 71.93359604838385], [12.498498608643118, -1.514243393410391, 73.19513405515778], [13.778705613777277, -1.5001437367777268, 74.45667206193171], [15.059766530384048, -1.4814854426110808, 75.71821006870564], [16.341681358463426, -1.4582685109104525, 76.97974807547959], [17.62445009801541, -1.430492941675842, 78.24128608225352], [18.90807274904, -1.398158734907249, 79.50282408902746]], "radius": [1.804593288987655, 1.804593288987655, 1.804593288987655, 1.804593288987655, 1.804593288987655, 1.804593288987655, 1.804593288987655, 1.804593288987655, 1.804593288987655, 1.804593288987655, 1.804593288987655, 1.804593288987655, 1.804593288987655, 1.804593288987655], "ref_radius": [1.804593288987655, 1.804593288987655, 1.804593288987655, 1.804593288987655, 1.804593288987655, 1.804593288987655, 1.804593288987655, 1.804593288987655, 1.804593288987655, 1.804593288987655, 1.804593288987655, 1.804593288987655, 1.804593288987655, 1.804593288987655], "length": 23.34961815989105, "seg_id": 3, "type": "Side", "parent": 2,