{"case_id": "LCX_1004", "artery_type": "LCX", "segments": [{"pos": [[0.0, 0.0, 0.0], [-0.16311620340649974, -0.01457976125801848, 1.850631678181301], [-0.3070422652357642, -0.027444256485681846, 3.7012633563626025], [-0.4317781854877935, -0.0385934856829901, 5.551895034543904], [-0.5373239641625874, -0.04802744884994323, 7.402526712725205], [-0.6236796012601461, -0.055746145986541255, 9.253158390906506], [-0.6908450967804696, -0.06174957709278416, 11.103790069087808], [-0.7388204507235577, -0.06603774216867195, 12.954421747269109], [-0.7676056630894106, -0.06861064121420461, 14.80505342545041], [-0.7772007338780282, -0.06946827422938218, 16.65568510363171], [-0.7676056630894106, -0.06861064121420461, 18.506316781813013], [-0.7388204507235577, -0.06603774216867195, 20.356948459994314], [-0.6908450967804696, -0.06174957709278416, 22.207580138175615], [-0.6236796012601461, -0.055746145986541255, 24.058211816356916], [-0.5373239641625875, -0.04802744884994325, 25.908843494538214], [-0.4317781854877937, -0.03859348568299011, 27.75947517271952], [-0.30704226523576433, -0.027444256485681856, 29.61010685090082], [-0.16311620340649982, -0.014579761258018489, 31.460738529082118], [0.0, 0.0, 33.31137020726342]], "radius": [3.0098900313443364, 3.0098900313443364, 3.0098900313443364, 3.0098900313443364, 3.0098900313443364, 3.0098900313443364, 3.0098900313443364, 3.0098900313443364, 3.0098900313443364, 3.003267341886285, 2.928127789229005, 2.7756442362572913, 2.5596294353744184, 2.2996511294738884, 2.019259504130752, 1.7438538894454525, 1.498381956769965, 1.3050798290298162, 1.1814578171894707], "ref_radius": [3.0098900313443364, 3.0098900313443364, 3.0098900313443364, 3.0098900313443364, 3.0098900313443364, 3.0098900313443364, 3.0098900313443364, 3.0098900313443364, 3.0098900313443364, 3.0098900313443364, 3.0098900313443364, 3.0098900313443364, 3.0098900313443364, 3.0098900313443364, 3.0098900313443364, 3.0098900313443364, 3.0098900313443364, 3.0098900313443364, 3.0098900313443364], "length": 33.31137020726342, "seg_id": 0, "type": "Root", "parent": null, "children": [1, 2]}, {"pos": [[0.0, 0.0, 33.31137020726342], [1.4902024496045876, 0.30368494108706584, 34.726243702960176], [2.9319449216560116, 0.5104059836215549, 36.14111719865692], [4.325227416154272, 0.6201631276034669, 37.555990694353675], [5.670049933099369, 0.6329563730328023, 38.97086419005042], [6.966412472491302, 0.5487857199095607, 40.38573768574717], [8.214315034330072, 0.3676511682337424, 41.80061118144391], [9.413757618615678, 0.08955271800534712, 43.215484677140665], [10.564740225348121, -0.28550963077562497, 44.63035817283741]], "radius": [2.1197115443994496, 2.1197115443994496, 2.1197115443994496, 2.1197115443994496, 2.1197115443994496, 2.1197115443994496, 2.1197115443994496, 2.1197115443994496, 2.1197115443994496], "ref_radius": [2.1197115443994496, 2.1197115443994496, 2.1197115443994496, 2.1197115443994496, 2.1197115443994496, 2.1197115443994496, 2.1197115443994496, 2.1197115443994496, 2.1197115443994496], "length": 15.4859530008057, "seg_id": 1, "type": "Side", "parent": 0, "children": []}, {"pos": [[0.0, 0.0, 33.31137020726342], [0.29792236306262937, -0.07881004319686774, 35.183564179657395], [0.5733513201890074, -0.16241488083746303, 37.055758152051354], [0.826286871379134, -0.2508145129217859, 38.927952124445326], [1.0567290166330094, -0.34400893944983646, 40.80014609683929], [1.2646777559506335, -0.4419981604216145, 42.67234006923326], [1.450133089332006, -0.5447821758371201, 44.54453404162723], [1.6130950167771272, -0.6523609856963535, 46.416728014021196], [1.753563538285997, -0.7647345899993141, 48.28892198641516], [1.8715386538586154, -0.8819029887460024, 50.16111595880913], [1.9670203634949828, -1.0038661819364185, 52.03330993120309], [2.0400086671950985, -1.1306241695705623, 53.905503903597065], [2.090503564958963, -1.2621769516484334, 55.77769787599103], [2.118505056786576, -1.3985245281700318, 57.649891848384996]], "radius": [1.1387142453164574, 1.1738643934621373, 1.2885317143633193, 1.4703624244552453, 1.701084809655317, 1.95822863051638, 1.9202173944163978, 1.5586218841954267, 1.2304786642302716, 0.9700062872781863, 0.803616189311434, 0.7471195316340253, 0.8041275537787222, 0.9658061243397513], "ref_radius": [3.0098900313443364, 2.9924110706649345, 2.9749321099855326, 2.957453149306131, 2.939974188626729, 2.9224952279473273, 2.9050162672679254, 2.8875373065885235, 2.870058345909122, 2.85257938522972, 2.835100424550318, 2.8176214638709163, 2.8001425031915144, 2.782663542512113], "length": 24.470544951162548, "seg_id": 2, "type": "Main", "parent": 0, "children": [3, 4]}, {"pos": [[2.118505056786576, -1.3985245281700318, 57.649891848384996], [3.366559835533858, -1.1449441290550118, 59.08830032706151], [4.617638201010564, -0.9366353540030711, 60.526708805738004], [5.871740153216695, -0.7735982030142099, 61.965117284414504], [7.128865692152251, -0.6558326760884281, 63.40352576309102], [8.38901481781723, -0.5833387732257258, 64.84193424176753], [9.652187530211634, -0.556116494426103, 66.28034272044403], [10.918383829335465, -0.5741658396895595, 67.71875119912053], [12.187603715188718, -0.6374868090160954, 69.15715967779704], [13.459847187771395, -0.7460794024057107, 70.59556815647355], [14.735114247083498, -0.8999436198584054, 72.03397663515005], [16.013404893125028, -1.0990794613741801, 73.47238511382655], [17.294719125895977, -1.3434869269530336, 74.91079359250307], [18.579056945396353, -1.6331660165949664, 76.34920207117956]], "radius": [1.4393804941201416, 1.4393804941201416, 1.4393804941201416, 1.4393804941201416, 1.4393804941201416, 1.4393804941201416, 1.4393804941201416, 1.4393804941201416, 1.4393804941201416, 1.4393804941201416, 1.4393804941201416, 1.4393804941201416, 1.4393804941201416, 1.4393804941201416], "ref_radius": [1.4393804941201416, 1.4393804941201416, 1.4393804941201416, 1.4393804941201416, 1.4393804941201416, 1.4393804941201416, 1.4393804941201416, 1.4393804941201416, 1.4393804941201416, 1.4393804941201416, 1.4393804941201416, 1.4393804941201416, 1.4393804941201416, 1.4393804941201416], "length": 24.91322997754435, "seg_id": 3, "type": "Side", "parent": 2, "children": []}, {"pos": [[2.118505056786576, -1.3985245281700318, 57.649891848384996], [2.6565914003851385, -1.520920290792934, 59.600971395481544], [3.138902858835701, -1.6309040297712947, 61.55205094257809], [3.565439432138263, -1.7284757451051136, 63.503130489674646], [3.9362011202928255, -1.813635436794391, 65.4542100367712], [4.251187923299387, -1.8863831048391273, 67.40528958386774], [4.510399841157948, -1.9467187492393214, 69.3563691309643], [4.713836873868509, -1.9946423699949745, 71.30744867806085], [4.861499021431069, -2.0301539671060853, 73.2585282251574], [4.95338628384563, -2.0532535405726553, 75.20960777225396], [4.98949866111219, -2.063941090394683, 77.16068731935052], [4.969836153230749, -2.0622166165721696, 79.11176686644706]], "radius": [1.0677503445110126, 0.8900076897575355, 0.835117091940345, 0.9072321905144736, 1.0934654041939371, 1.3658365469020377, 1.6852169887709767, 2.0067145950377707, 2.285758770704412, 2.484060855769898, 2.574652810353251, 2.5666288568747078], "ref_radius": [2.765184581832711, 2.7471340613819835, 2.729083540931256, 2.7110330204805284, 2.692982500029801, 2.674931979579073, 2.6568814591283454, 2.638830938677618, 2.6207804182268903, 2.602729897776163, 2.5846793773254353, 2.5666288568747078], "length": 21.660624540873094, "seg_id": 4, "type": "Main", "parent": 2,