{"case_id": "LCX_1649", "artery_type": "LCX", "segments": [{"pos": [[0.0, 0.0, 0.0], [0.038121291812776556, -0.019298011162325088, 1.8170489617451253], [0.07200688453524459, -0.03645179886216961, 3.6340979234902506], [0.10165677816740412, -0.05146136309953356, 5.451146885235376], [0.1270709727092552, -0.06432670387441695, 7.268195846980502], [0.1482494681607977, -0.07504782118681978, 9.085244808725626], [0.16519226452203173, -0.08362471503674204, 10.902293770470752], [0.17789936179295723, -0.09005738542418373, 12.719342732215877], [0.18637075997357427, -0.09434583234914487, 14.536391693961003], [0.1906064590638828, -0.09649005581162545, 16.35344065570613], [0.19060645906388277, -0.09649005581162544, 18.170489617451253], [0.18637075997357427, -0.09434583234914487, 19.987538579196382], [0.17789936179295726, -0.09005738542418375, 21.804587540941505], [0.16519226452203176, -0.08362471503674207, 23.621636502686627], [0.1482494681607977, -0.07504782118681978, 25.438685464431753], [0.1270709727092552, -0.06432670387441695, 27.255734426176883], [0.10165677816740416, -0.05146136309953358, 29.072783387922005], [0.07200688453524466, -0.03645179886216964, 30.889832349667127], [0.03812129181277659, -0.019298011162325105, 32.70688131141225], [0.0, 0.0, 34.52393027315738]], "radius": [2.668393589239047, 2.668393589239047, 2.668393589239047, 2.5613347309443912, 1.900677692510505, 1.0501267814718807, 0.5781136577226564, 0.8000894011951956, 1.567705407848556, 2.36795624184062, 2.668393589239047, 2.668393589239047, 2.668393589239047, 2.668393589239047, 2.668393589239047, 2.668393589239047, 2.668393589239047, 2.668393589239047, 2.668393589239047, 2.668393589239047], "ref_radius": [2.668393589239047, 2.668393589239047, 2.668393589239047, 2.668393589239047, 2.668393589239047, 2.668393589239047, 2.668393589239047, 2.668393589239047, 2.668393589239047, 2.668393589239047, 2.668393589239047, 2.668393589239047, 2.668393589239047, 2.668393589239047, 2.668393589239047, 2.668393589239047, 2.668393589239047, 2.668393589239047, 2.668393589239047, 2.668393589239047], "length": 34.52393027315738, "seg_id": 0, "type": "Root", "parent": null, "children": [1, 2]}, {"pos": [[0.0, 0.0, 34.52393027315738], [1.4899994680660178, 0.028542549264169322, 35.86863849626884], [2.9436523165218773, 0.058806941137710206, 37.21334671938031], [4.360958545367578, 0.09079317562062264, 38.55805494249177], [5.741918154603119, 0.12450125271290663, 39.90276316560324], [7.086531144228501, 0.15993117241456217, 41.2474713887147], [8.394797514243725, 0.1970829347255893, 42.59217961182617], [9.66671726464879, 0.23595653964598792, 43.936887834937636], [10.902290395443696, 0.2765519871757582, 45.28159605804909], [12.101516906628445, 0.31886927731489995, 46.62630428116056], [13.264396798203034, 0.3629084100634133, 47.971012504272025], [14.390930070167464, 0.40866938542129816, 49.31572072738348], [15.481116722521735, 0.45615220338855467, 50.660428950494946]], "radius": [1.735939008642482, 1.735939008642482, 1.735939008642482, 1.735939008642482, 1.735939008642482, 1.735939008642482, 1.735939008642482, 1.735939008642482, 1.735939008642482, 1.735939008642482, 1.735939008642482, 1.735939008642482, 1.735939008642482], "ref_radius": [1.735939008642482, 1.735939008642482, 1.735939008642482, 1.735939008642482, 1.735939008642482, 1.735939008642482, 1.735939008642482, 1.735939008642482, 1.735939008642482, 1.735939008642482, 1.735939008642482, 1.735939008642482, 1.735939008642482], "length": 22.366484734367965, "seg_id": 1, "type": "Side", "parent": 0, "children": []}, {"pos": [[0.0, 0.0, 34.52393027315738], [0.4648701397970189, 0.11549550163110933, 36.307933425892756], [0.8843735014622942, 0.2438297745230463, 38.09193657862812], [1.258510084995826, 0.38500281867581093, 39.87593973136349], [1.587279890397614, 0.5390146340894032, 41.65994288409887], [1.8706829176676587, 0.7058652207638232, 43.443946036834234], [2.1087191668059595, 0.8855545786990708, 45.22794918956961], [2.3013886378125172, 1.078082707895146, 47.01195234230498], [2.4486913306873306, 1.2834496083520488, 48.795955495040346], [2.550627245430401, 1.5016552800697793, 50.57995864777572], [2.607196382041727, 1.7326997230483374, 52.36396180051109], [2.6183987405213105, 1.9765829372877237, 54.14796495324647], [2.5842343208691503, 2.233304922787937, 55.93196810598184], [2.5047031230852457, 2.502865679548978, 57.715971258717204]], "radius": [2.668393589239047, 2.651635882522487, 2.634878175805927, 2.618120469089367, 2.6013627623728075, 2.5846050556562474, 2.5678473489396874, 2.5510896422231277, 2.5343319355065677, 2.517574228790008, 2.500816522073448, 2.484058815356888, 2.4673011086403283, 2.450543401923768], "ref_radius": [2.668393589239047, 2.651635882522487, 2.634878175805927, 2.618120469089367, 2.6013627623728075, 2.5846050556562474, 2.5678473489396874, 2.5510896422231277, 2.5343319355065677, 2.517574228790008, 2.500816522073448, 2.484058815356888, 2.4673011086403283, 2.450543401923768], "length": 23.46078940318385, "seg_id": 2, "type": "Main", "parent": 0, "children": [3, 4]}, {"pos": [[2.5047031230852457, 2.502865679548978, 57.715971258717204], [3.8233515975105954, 2.865088193600232, 59.21619805496098], [5.142919008908115, 3.1956870181226975, 60.71642485120476], [6.463405357277807, 3.4946621531163746, 62.216651647448536], [7.784810642619669, 3.7620135985812637, 63.716878443692316], [9.107134864933702, 3.9977413545173643, 65.2171052399361], [10.430378024219907, 4.201845420924677, 66.71733203617987], [11.754540120478282, 4.3743257978032, 68.21755883242365], [13.079621153708828, 4.515182485152936, 69.71778562866743]], "radius": [1.8670990644834968, 1.8670990644834968, 1.8670990644834968, 1.8670990644834968, 1.8670990644834968, 1.8670990644834968, 1.8670990644834968, 1.8670990644834968, 1.8670990644834968], "ref_radius": [1.8670990644834968, 1.8670990644834968, 1.8670990644834968, 1.8670990644834968, 1.8670990644834968, 1.8670990644834968, 1.8670990644834968, 1.8670990644834968, 1.8670990644834968], "length": 16.122092247945602, "seg_id": 3, "type": "Side", "parent": 2, "children": []}, {"pos": [[2.5047031230852457, 2.502865679548978, 57.715971258717204], [2.71790688848244, 2.8160315399833467, 59.49430873070948], [2.9295855784444975, 3.124603893012077, 61.27264620270176], [3.139739192971417, 3.4285827386351717, 63.050983674694045], [3.3483677320631973, 3.727968076852627, 64.82932114668633], [3.55547119571984, 4.0227599076644465, 66.6076586186786], [3.761049583941344, 4.312958231070627, 68.38599609067087], [3.9651028967277107, 4.598563047071171, 70.16433356266315], [4.167631134078939, 4.879574355666078, 71.94267103465542], [4.3686342959950295, 5.155992156855347, 73.72100850664769], [4.568112382475983, 5.4278164506389786, 75.49934597863998], [4.766065393521797, 5.695047237016972, 77.27768345063225], [4.9624933291324735, 5.95768451598933, 79.05602092262455], [5.157396189308012, 6.21572828755605, 80.83435839461683], [5.350773974048412, 6.469178551717132, 82.61269586660909], [5.542626683353674, 6.718035308472576, 84.39103333860137], [5.542626683353674, 6.718035308472576, 84.39103333860137], [5.806629487126608, 6.80988653578028, 86.17567554589293], [6.058480982183767, 6.93976903308041, 87.96031775318447], [6.298181168525146, 7.107682800372967, 89.74495996047604], [6.525730046150748, 7.313627837657949, 91.5296021677676], [6.741127615060572, 7.557604144935356, 93.31424437505916], [6.944373875254619, 7.8396117222051895, 95.09888658235072], [7.135468826732886, 8.15965056946745, 96.88352878964227], [7.314412469495377, 8.517720686722134, 98.66817099693381], [7.48120480354209, 8.913822073969245, 100.45281320422538], [7.635845828873025, 9.347954731208782, 102.23745541151693], [7.778335545488182, 9.820118658440744, 104.02209761880849]],