{"case_id": "LCX_3916", "artery_type": "LCX", "segments": [{"pos": [[0.0, 0.0, 0.0], [-0.021957856867440242, 0.12389873177919775, 1.8712106468293468], [-0.04077887703953188, 0.23009764473279584, 3.7424212936586936], [-0.05646306051627492, 0.31859673886079426, 5.613631940488042], [-0.06901040729766933, 0.3893960141631929, 7.484842587317387], [-0.07842091738371515, 0.442495470639992, 9.356053234146733], [-0.08469459077441235, 0.4778951082911913, 11.227263880976082], [-0.08783142746976097, 0.495594927116791, 13.098474527805429], [-0.08783142746976097, 0.495594927116791, 14.969685174634774], [-0.08469459077441235, 0.4778951082911913, 16.840895821464123], [-0.07842091738371515, 0.442495470639992, 18.712106468293467], [-0.06901040729766934, 0.38939601416319297, 20.583317115122814], [-0.0564630605162749, 0.31859673886079415, 22.454527761952164], [-0.04077887703953187, 0.2300976447327958, 24.325738408781508], [-0.021957856867440236, 0.12389873177919772, 26.196949055610858], [0.0, 0.0, 28.0681597024402]], "radius": [1.9136940275306489, 1.9087553735150058, 1.7281737962072692, 1.3537698714777746, 0.9309426212686231, 0.6238961699764722, 0.5518713982649723, 0.7428389834447877, 1.12263704238969, 1.543771751828475, 1.8426962822173272, 1.9136940275306489, 1.9136940275306489, 1.9136940275306489, 1.9136940275306489, 1.9136940275306489], "ref_radius": [1.9136940275306489, 1.9136940275306489, 1.9136940275306489, 1.9136940275306489, 1.9136940275306489, 1.9136940275306489, 1.9136940275306489, 1.9136940275306489, 1.9136940275306489, 1.9136940275306489, 1.9136940275306489, 1.9136940275306489, 1.9136940275306489, 1.9136940275306489, 1.9136940275306489, 1.9136940275306489], "length": 28.0681597024402, "seg_id": 0, "type": "Root", "parent": null, "children": [1, 2]}, {"pos": [[0.0, 0.0, 28.0681597024402], [1.2287810247790159, -0.2056628522636864, 29.564870963648335], [2.518586118946983, -0.36989237030565103, 31.061582224856465], [3.8694152825039025, -0.4926885541258938, 32.55829348606459], [5.281268515449773, -0.5740514037244149, 34.055004747272726], [6.754145817784597, -0.613980919101214, 35.55171600848085], [8.28804718950837, -0.6124771002562914, 37.048427269688986], [9.882972630621097, -0.5695399471896471, 38.54513853089711], [11.538922141122775, -0.4851694599012809, 40.041849792105246]], "radius": [1.2853765028067037, 1.2853765028067037, 1.2853765028067037, 1.2853765028067037, 1.2853765028067037, 1.2853765028067037, 1.2853765028067037, 1.2853765028067037, 1.2853765028067037], "ref_radius": [1.2853765028067037, 1.2853765028067037, 1.2853765028067037, 1.2853765028067037, 1.2853765028067037, 1.2853765028067037, 1.2853765028067037, 1.2853765028067037, 1.2853765028067037], "length": 16.63584587410743, "seg_id": 1, "type": "Side", "parent": 0, "children": []}, {"pos": [[0.0, 0.0, 28.0681597024402], [0.0892975429608785, 0.2938493471323907, 29.911516713158747], [0.17076213226641068, 0.5588340332847488, 31.754873723877292], [0.24439376791659656, 0.7949540584570746, 33.598230734595845], [0.3101924499114361, 1.0022094226493674, 35.44158774531438], [0.3681581782509293, 1.1806001258616279, 37.28494475603292], [0.4182909529350761, 1.3301261680938554, 39.12830176675146], [0.4605907739638767, 1.450787549346051, 40.97165877747001], [0.495057641337331, 1.5425842696182135, 42.815015788188546], [0.5216915550554388, 1.6055163289103436, 44.658372798907095], [0.5404925151182005, 1.6395837272224412, 46.50172980962564], [0.5514605215256159, 1.644786464554506, 48.34508682034418], [0.5545955742776848, 1.6211245409065387, 50.188443831062735], [0.5498976733744074, 1.5685979562785382, 52.031800841781276], [0.5373668188157837, 1.4872067106705054, 53.87515785249982], [0.5170030106018138, 1.37695080408244, 55.71851486321836]], "radius": [1.9136940275306489, 1.8963881237088696, 1.8790822198870902, 1.7758850963159811, 1.5051593870050963, 1.1360849717958537, 0.7619850609751935, 0.47571734342112215, 0.3459723372378507, 0.4001927493158155, 0.618356240024331, 0.9390045245860283, 1.2757421355675174, 1.5397836034085728, 1.6626660719124213, 1.65410547020396], "ref_radius": [1.9136940275306489, 1.8963881237088696, 1.8790822198870902, 1.8617763160653111, 1.8444704122435318, 1.8271645084217525, 1.8098586045999734, 1.792552700778194, 1.7752467969564147, 1.7579408931346354, 1.740634989312856, 1.723329085491077, 1.7060231816692977, 1.6887172778475183, 1.671411374025739, 1.65410547020396], "length": 27.689446114846827, "seg_id": 2, "type": "Main", "parent": 0, "children": [3, 4]}, {"pos": [[0.5170030106018138, 1.37695080408244, 55.71851486321836], [1.7212959686660463, 1.3974357451876436, 57.15782088762564], [2.9412810750151364, 1.4411487783712742, 58.59712691203292], [4.176958329649082, 1.508089903633332, 60.03643293644022], [5.428327732567887, 1.598259120973817, 61.47573896084751], [6.695389283771547, 1.711656430392729, 62.915044985254795], [7.978142983260064, 1.848281831890068, 64.35435100966208], [9.276588831033438, 2.0081353254658345, 65.79365703406937], [10.59072682709167, 2.1912169111200277, 67.23296305847666], [11.92055697143476, 2.3975265888526485, 68.67226908288394], [13.266079264062704, 2.627064358663696, 70.11157510729123], [14.627293704975505, 2.8798302205531705, 71.55088113169852]], "radius": [0.9085312216248868, 0.9085312216248868, 0.9085312216248868, 0.9085312216248868, 0.9085312216248868, 0.9085312216248868, 0.9085312216248868, 0.9085312216248868, 0.9085312216248868, 0.9085312216248868, 0.9085312216248868, 0.9085312216248868], "ref_radius": [0.9085312216248868, 0.9085312216248868, 0.9085312216248868, 0.9085312216248868, 0.9085312216248868, 0.9085312216248868, 0.9085312216248868, 0.9085312216248868, 0.9085312216248868, 0.9085312216248868, 0.9085312216248868, 0.9085312216248868], "length": 21.260827163576884, "seg_id": 3, "type": "Side", "parent": 2, "children": []}, {"pos": [[0.5170030106018138, 1.37695080408244, 55.71851486321836], [0.4903103409229369, 1.584634542105952, 57.52875181209201], [0.47838264085375953, 1.7727920278727942, 59.338988760965655], [0.48121991039428186, 1.9414232613829663, 61.149225709839314], [0.49882214954450366, 2.090528242636469, 62.959462658712965], [0.5311893583044252, 2.2201069716333013, 64.7696996075866], [0.5783215366740462, 2.330159448373464, 66.57993655646025], [0.6402186846533668, 2.4206856728569566, 68.3901735053339], [0.7168808022423869, 2.491685645083779, 70.20041045420756], [0.8083078894411068, 2.543159365053932, 72.01064740308121], [0.9144999462495262, 2.5751068327674154, 73.82088435195486], [1.035456972667645, 2.587528048224228, 75.63112130082851], [1.1711789686954637, 2.5804230114243714, 77.44135824970216], [1.321665934332982, 2.553791722367845, 79.25159519857581], [1.4869178695801997, 2.507634181054648, 81.06183214744945], [1.6669347744371168, 2.441950387484782, 82.8720690963231], [1.8617166489037338, 2.3567403416582455, 84.68230604519675]], "radius": [1.6367995663821806, 1.6197339547313379, 1.602668343080495, 1.5856027314296524, 1.5685371197788096, 1.5514715081279669, 1.534405896477124, 1.5173402848262814, 1.5002746731754386, 1.4832090615245959, 1.4661434498737531, 1.4490778382229104, 1.4320122265720676, 1.4149466149212249, 1.3978810032703821, 1.3808153916195394, 1.3637497799686966], "ref_radius": [1.6367995663821806, 1.6197339547313379, 1.602668343080495, 1.5856027314296524, 1.5685371197788096, 1.5514715081279669, 1.534405896477124, 1.5173402848262814, 1.5002746731754386, 1.4832090615245959, 1.4661434498737531, 1.4490778382229104, 1.4320122265720676, 1.4149466149212249, 1.3978810032703821, 1.3808153916195394, 1.3637497799686966], "length": 29.011539806432666, "seg_id": 4, "type": "Main", "parent": 2,